seed,name,month,tau,mae_obs,rmse_obs,wasserstein,accuracy,f1
1,2025_may_01_07,may,0.05,0.27630527818175177,0.7995808292223406,0.1457078327264646,0.6588921282798834,0.35359116022099446
1,2025_may_01_07,may,0.1,0.26198079023537485,0.8154694525973163,0.11491791217989242,0.7842565597667639,0.4558823529411765
1,2025_may_01_07,may,0.15,0.2443425172134401,0.8370360469540671,0.08732014794756258,0.8483965014577259,0.5272727272727273
1,2025_may_01_07,may,0.2,0.23671775745609114,0.8593924057333899,0.0577454205109075,0.9008746355685131,0.5952380952380953
1,2025_may_01_07,may,0.25,0.24387712608840104,0.8888841346320041,0.036116296663620095,0.9037900874635568,0.547945205479452
1,2025_may_01_07,may,0.3,0.23633454648804375,0.881208487801477,0.04444826593431696,0.9125364431486881,0.5454545454545454
1,2025_may_01_07,may,0.35,0.24664332253578058,0.9678002402484505,0.07758540645846025,0.9183673469387755,0.5
1,2025_may_01_07,may,0.4,0.23608681663191894,0.9259726862744807,0.08087229501620971,0.9154518950437318,0.45283018867924524
1,2025_may_01_07,may,0.45,0.24772205471769634,0.9793211247280197,0.09229838930679776,0.9067055393586005,0.36
1,2025_may_01_07,may,0.5,0.2517337188231187,0.991576815778391,0.11179925573847262,0.9037900874635568,0.29787234042553196
1,2025_may_01_07,may,0.6,0.30102851897989574,1.2482487645782707,0.1522987497396766,0.8892128279883382,0.09523809523809525
1,2025_may_01_07,may,0.7,0.24532997198553227,1.114278712164374,0.1870209340846577,0.892128279883382,0.0
1,2025_may_08_14,may,0.05,0.39209035761532235,1.0794070677905883,0.23742195359990176,0.7142857142857143,0.5148514851485148
1,2025_may_08_14,may,0.1,0.38112364128193277,1.0884200293776194,0.19209455988198143,0.8075801749271136,0.5657894736842105
1,2025_may_08_14,may,0.15,0.35759784648900195,1.067967030814151,0.17334215210398815,0.8658892128279884,0.6461538461538462
1,2025_may_08_14,may,0.2,0.3466877910780966,1.0697391345249516,0.15209005630370978,0.8979591836734694,0.6956521739130435
1,2025_may_08_14,may,0.25,0.3391804593502478,1.0749680798655183,0.16064157610215846,0.9154518950437318,0.7289719626168225
1,2025_may_08_14,may,0.3,0.3326791407911725,1.0922590559019731,0.16926976541082844,0.9300291545189504,0.7551020408163265
1,2025_may_08_14,may,0.35,0.33585282161233965,1.0930364071903858,0.1754380288499124,0.924198250728863,0.7234042553191489
1,2025_may_08_14,may,0.4,0.3395794018653452,1.1009955187386486,0.18239106673188432,0.9183673469387755,0.688888888888889
1,2025_may_08_14,may,0.45,0.3510637027091765,1.1491082188804709,0.18918891021360434,0.9037900874635568,0.6024096385542169
1,2025_may_08_14,may,0.5,0.37045344076718484,1.1876966576326502,0.2040745863556622,0.8950437317784257,0.5499999999999999
1,2025_may_08_14,may,0.6,0.4104139059987088,1.3197180917628497,0.24115362910540358,0.8775510204081632,0.4166666666666667
1,2025_may_08_14,may,0.7,0.4532700699815372,1.534318765643248,0.29657901912729184,0.8688046647230321,0.34782608695652173
1,2025_may_15_21,may,0.05,0.33501075376609885,0.7608919500746865,0.21196886761638065,0.6297376093294461,0.31351351351351353
1,2025_may_15_21,may,0.1,0.3208773363826108,0.7565362143001128,0.19575683558970494,0.7084548104956269,0.358974358974359
1,2025_may_15_21,may,0.15,0.28205549096330457,0.7481364366048717,0.146061527902834,0.8425655976676385,0.509090909090909
1,2025_may_15_21,may,0.2,0.2726107181373788,0.7412798130477437,0.13150752501489982,0.8658892128279884,0.5208333333333333
1,2025_may_15_21,may,0.25,0.2715798476669777,0.7628039280788818,0.1203286275246744,0.8833819241982507,0.5454545454545455
1,2025_may_15_21,may,0.3,0.25498106139568394,0.7739800069569357,0.09524258253138479,0.9125364431486881,0.605263157894737
1,2025_may_15_21,may,0.35,0.24315653705385168,0.7850039903474694,0.07179124606107858,0.9271137026239067,0.6376811594202899
1,2025_may_15_21,may,0.4,0.24313144397937578,0.7892931591294119,0.07435352039729358,0.9271137026239067,0.6268656716417911
1,2025_may_15_21,may,0.45,0.24299920544543602,0.797689461438611,0.08099585815762944,0.9271137026239067,0.6153846153846154
1,2025_may_15_21,may,0.5,0.2908154405017735,0.9674247064478027,0.08936117800765955,0.9183673469387755,0.5333333333333333
1,2025_may_15_21,may,0.6,0.2580269064407559,0.9261334945946448,0.11792327375383052,0.924198250728863,0.48
1,2025_may_15_21,may,0.7,0.26000097314282644,1.0134695069528667,0.16950411934610846,0.924198250728863,0.4347826086956522
1,2025_may_22_28,may,0.05,0.3630512335903729,1.0319749935277196,0.17368026431135355,0.6880466472303207,0.48803827751196177
1,2025_may_22_28,may,0.1,0.34852907062201033,1.0711887188282936,0.13747897212669705,0.8250728862973761,0.6052631578947368
1,2025_may_22_28,may,0.15,0.33808065401439086,1.083481296113808,0.11414372496420272,0.8688046647230321,0.6564885496183206
1,2025_may_22_28,may,0.2,0.3239530027410429,1.0661721759376355,0.08836242160392307,0.892128279883382,0.6605504587155964
1,2025_may_22_28,may,0.25,0.3267579955002459,1.0833090194247859,0.09143569127275572,0.8979591836734694,0.6601941747572816
1,2025_may_22_28,may,0.3,0.32307510458790806,1.0732226932171227,0.09519487154734921,0.9008746355685131,0.6666666666666666
1,2025_may_22_28,may,0.35,0.31990780993389706,1.0696442609750536,0.09876248927817052,0.9067055393586005,0.68
1,2025_may_22_28,may,0.4,0.31892656959935783,1.0964721760724223,0.09765751873448737,0.9125364431486881,0.6875
1,2025_may_22_28,may,0.45,0.3207794190664245,1.1366584743065447,0.1245992335026323,0.9125364431486881,0.6428571428571428
1,2025_may_22_28,may,0.5,0.3206868993333857,1.1617952400811355,0.12801843692195283,0.9125364431486881,0.6341463414634146
1,2025_may_22_28,may,0.6,0.3529908696363814,1.2353886959029194,0.19963021510638115,0.8862973760932945,0.4657534246575342
1,2025_may_22_28,may,0.7,0.37428237409298837,1.3171652928482522,0.21956366582295642,0.880466472303207,0.4057971014492754
1,2025_november_01_07,november,0.05,0.287492649363583,0.6376368151797571,0.18245556891363016,0.6967930029154519,0.45263157894736844
1,2025_november_01_07,november,0.1,0.2772745036378622,0.6359330106014474,0.1692837211587312,0.7580174927113703,0.5029940119760479
1,2025_november_01_07,november,0.15,0.24991496825334014,0.6243344391134997,0.12794617970321687,0.8571428571428571,0.6201550387596899
1,2025_november_01_07,november,0.2,0.23566065769278433,0.6213247021617881,0.1035828176128815,0.8950437317784257,0.6785714285714286
1,2025_november_01_07,november,0.25,0.22985722737683503,0.6192290093695139,0.10072586426465198,0.9037900874635568,0.6972477064220184
1,2025_november_01_07,november,0.3,0.231432520761516,0.6246683648826339,0.10154341944729209,0.9008746355685131,0.6851851851851852
1,2025_november_01_07,november,0.35,0.2307482614960518,0.6247134268718154,0.09093458130014767,0.9037900874635568,0.6666666666666667
1,2025_november_01_07,november,0.4,0.22904051086856558,0.6670444553123304,0.08821371175083807,0.9037900874635568,0.6117647058823529
1,2025_november_01_07,november,0.45,0.23088443583033386,0.6799334389987833,0.11907315260396592,0.8979591836734694,0.5569620253164557
1,2025_november_01_07,november,0.5,0.22845306930826978,0.6779644848425879,0.13447230130579246,0.8950437317784257,0.5135135135135135
1,2025_november_01_07,november,0.6,0.2822796126808541,0.8404128581728615,0.2115020060516887,0.8717201166180758,0.2903225806451613
1,2025_november_01_07,november,0.7,0.3359395065756298,1.174932967461026,0.31844679520536695,0.8658892128279884,0.17857142857142855
1,2025_november_08_14,november,0.05,0.3248333953100702,0.6913687585013855,0.1687620558685695,0.6676384839650146,0.36666666666666664
1,2025_november_08_14,november,0.1,0.31584870704800067,0.6901864532642937,0.15751325900140856,0.7113702623906706,0.39263803680981596
1,2025_november_08_14,november,0.15,0.2904525017611839,0.6949551214397269,0.09847280009826596,0.8338192419825073,0.4864864864864865
1,2025_november_08_14,november,0.2,0.2872240204365913,0.7085306789404046,0.08277615831445652,0.8396501457725948,0.4444444444444445
1,2025_november_08_14,november,0.25,0.28265147367549076,0.7095128412960768,0.07972911673022225,0.8483965014577259,0.4583333333333333
1,2025_november_08_14,november,0.3,0.2761294830699176,0.7176920504902985,0.06754311300231815,0.8658892128279884,0.4523809523809524
1,2025_november_08_14,november,0.35,0.2804289237417021,0.7683186232838924,0.07319086888317661,0.8688046647230321,0.4
1,2025_november_08_14,november,0.4,0.27611297215118175,0.783078515539754,0.07913318890762626,0.880466472303207,0.4057971014492754
1,2025_november_08_14,november,0.45,0.27681177581885474,0.829919737142495,0.09509992881067994,0.8862973760932945,0.4000000000000001
1,2025_november_08_14,november,0.5,0.26806636443048987,0.8141297364012686,0.11152820638469242,0.892128279883382,0.41269841269841273
1,2025_november_08_14,november,0.6,0.30389658178121004,1.0322124673964383,0.20477121734972303,0.8833819241982507,0.23076923076923075
1,2025_november_08_14,november,0.7,0.2972244318451313,1.025263380548573,0.2564081053145191,0.8833819241982507,0.16666666666666669
1,2025_november_15_21,november,0.05,0.31177092733490847,0.8549827710339255,0.18869645965656645,0.7026239067055393,0.3625
1,2025_november_15_21,november,0.1,0.2868036708982397,0.8388322353646033,0.1543886512076246,0.8134110787172012,0.45762711864406774
1,2025_november_15_21,november,0.15,0.2730551593082021,0.8426927168860429,0.1249582096560348,0.8833819241982507,0.5348837209302325
1,2025_november_15_21,november,0.2,0.2643126590227511,0.8346182128194359,0.11916676612570175,0.8950437317784257,0.5609756097560975
1,2025_november_15_21,november,0.25,0.26392072537448164,0.8441701314411243,0.11821388240180553,0.8979591836734694,0.5679012345679013
1,2025_november_15_21,november,0.3,0.2620265559689538,0.8433356310248267,0.11373399235319064,0.8979591836734694,0.5569620253164557
1,2025_november_15_21,november,0.35,0.2538754520551147,0.8555309837773325,0.07999932552720931,0.9183673469387755,0.6
1,2025_november_15_21,november,0.4,0.2446324472215454,0.8440459835530347,0.06625794612377708,0.9183673469387755,0.5483870967741935
1,2025_november_15_21,november,0.45,0.24453638605352296,0.8605221602438161,0.09660007838476892,0.9212827988338192,0.509090909090909
1,2025_november_15_21,november,0.5,0.25056731677992644,0.8683489985149977,0.11287370963931928,0.9183673469387755,0.46153846153846156
1,2025_november_15_21,november,0.6,0.25957704235353296,0.934033400133325,0.12995442198977042,0.9154518950437318,0.3829787234042553
1,2025_november_15_21,november,0.7,0.2702674397810285,1.1073190934066734,0.18280388292971675,0.9125364431486881,0.21052631578947367
1,2025_november_22_28,november,0.05,0.4010174089527866,1.270779709693862,0.16365362948543705,0.749271137026239,0.4556962025316456
1,2025_november_22_28,november,0.1,0.3907069982401967,1.2888429221543038,0.13555336569819795,0.8250728862973761,0.5161290322580645
1,2025_november_22_28,november,0.15,0.3730454494047599,1.3137746515064737,0.09091421007097937,0.924198250728863,0.6829268292682926
1,2025_november_22_28,november,0.2,0.37629025750835204,1.3345478046360393,0.08969763533960787,0.9183673469387755,0.6410256410256411
1,2025_november_22_28,november,0.25,0.37417778874956803,1.3255747399689863,0.09368757287634569,0.9183673469387755,0.6410256410256411
1,2025_november_22_28,november,0.3,0.3679118348294262,1.3237822715276233,0.08970589578675926,0.9271137026239067,0.6666666666666667
1,2025_november_22_28,november,0.35,0.37168051879021324,1.369459120518549,0.09251946126097028,0.924198250728863,0.6388888888888888
1,2025_november_22_28,november,0.4,0.3992590099765681,1.438050550322497,0.10260133045003651,0.9154518950437318,0.5671641791044776
1,2025_november_22_28,november,0.45,0.4067645687213667,1.4734787738523498,0.11456980301703171,0.9125364431486881,0.5161290322580646
1,2025_november_22_28,november,0.5,0.40700994815566127,1.4632486062246484,0.13220814065434966,0.9037900874635568,0.44067796610169496
1,2025_november_22_28,november,0.6,0.4034258918548424,1.486613979288352,0.1432358783748647,0.9125364431486881,0.44444444444444436
1,2025_november_22_28,november,0.7,0.44009946377835973,1.587197257373691,0.21852511975503608,0.9067055393586005,0.3333333333333333
10,2025_may_01_07,may,0.05,0.2729110159096638,0.7853241349782624,0.14819219377294723,0.685131195335277,0.3793103448275862
10,2025_may_01_07,may,0.1,0.25805436258683945,0.7878641068922249,0.1261861335053737,0.7813411078717201,0.460431654676259
10,2025_may_01_07,may,0.15,0.24328545131264173,0.8116131992406149,0.09019141528239648,0.8483965014577259,0.5185185185185185
10,2025_may_01_07,may,0.2,0.2387606474290056,0.8523296081623721,0.0540717948161016,0.8979591836734694,0.5783132530120482
10,2025_may_01_07,may,0.25,0.22881210348235695,0.8376318439209115,0.051127343084337605,0.9067055393586005,0.5897435897435898
10,2025_may_01_07,may,0.3,0.23436601465595264,0.8835008557028402,0.035967771727572304,0.9154518950437318,0.5797101449275361
10,2025_may_01_07,may,0.35,0.23630581386771726,0.9053924377006958,0.05655220720871842,0.9154518950437318,0.5396825396825397
10,2025_may_01_07,may,0.4,0.23418773294405482,0.9507431926245414,0.08691926349315321,0.9154518950437318,0.45283018867924524
10,2025_may_01_07,may,0.45,0.2414694913926508,0.9727946860825814,0.09717799033927085,0.9125364431486881,0.4
10,2025_may_01_07,may,0.5,0.2523936325920985,0.9852233367116557,0.11823546680870042,0.9037900874635568,0.29787234042553196
10,2025_may_01_07,may,0.6,0.28164936835151444,1.0721213026062397,0.12565734028467276,0.8950437317784257,0.1818181818181818
10,2025_may_01_07,may,0.7,0.28394335159163053,1.1951515893887061,0.15603332073103462,0.8833819241982507,0.0
10,2025_may_08_14,may,0.05,0.39191086049033086,1.0891955706854768,0.25140961985831217,0.7142857142857143,0.5148514851485148
10,2025_may_08_14,may,0.1,0.3807334337512279,1.0917103593346666,0.21247230631841904,0.7988338192419825,0.5605095541401274
10,2025_may_08_14,may,0.15,0.35782848739939227,1.0714100633923267,0.18898452118589135,0.8571428571428571,0.6370370370370372
10,2025_may_08_14,may,0.2,0.34323211418217736,1.0627197126932606,0.1556839499975642,0.8950437317784257,0.6842105263157895
10,2025_may_08_14,may,0.25,0.33606881984840953,1.0744520455296829,0.16433065590277116,0.9125364431486881,0.7169811320754716
10,2025_may_08_14,may,0.3,0.33692767665241546,1.096080842585106,0.17453996225307175,0.9154518950437318,0.7184466019417476
10,2025_may_08_14,may,0.35,0.33675994248935687,1.1099639984826675,0.1826237432890652,0.9183673469387755,0.7142857142857142
10,2025_may_08_14,may,0.4,0.3323613491128596,1.0908191208300213,0.18719213294300288,0.9212827988338192,0.7032967032967032
10,2025_may_08_14,may,0.45,0.33532485524128014,1.0807957320973884,0.19566990210048985,0.9096209912536443,0.6352941176470588
10,2025_may_08_14,may,0.5,0.3438025645393149,1.0870567360319212,0.20211913057547676,0.8950437317784257,0.5499999999999999
10,2025_may_08_14,may,0.6,0.3727250652812122,1.179815970255309,0.21700962918729802,0.8833819241982507,0.45945945945945943
10,2025_may_08_14,may,0.7,0.4382671738668472,1.4003000243451886,0.26276495028205327,0.8717201166180758,0.3714285714285714
10,2025_may_15_21,may,0.05,0.31957298385135463,0.7268468426849457,0.19777190908450068,0.6355685131195336,0.31693989071038253
10,2025_may_15_21,may,0.1,0.3007258713207142,0.7222779479611625,0.17677036270497754,0.7288629737609329,0.3758389261744967
10,2025_may_15_21,may,0.15,0.2702958785725714,0.7216110110086787,0.1378660255971107,0.8425655976676385,0.509090909090909
10,2025_may_15_21,may,0.2,0.2540586648848754,0.7155832951897515,0.11157960992849185,0.8775510204081632,0.5333333333333333
10,2025_may_15_21,may,0.25,0.24770913234345893,0.7360567430591926,0.09590673129878664,0.8979591836734694,0.5679012345679013
10,2025_may_15_21,may,0.3,0.24139634904114998,0.7656862433292444,0.07256302397657363,0.9125364431486881,0.5833333333333334
10,2025_may_15_21,may,0.35,0.23897521817338252,0.7894849538517987,0.0712427181526026,0.924198250728863,0.6060606060606061
10,2025_may_15_21,may,0.4,0.23387398227628553,0.7784968176291203,0.0743237433507306,0.9271137026239067,0.6153846153846154
10,2025_may_15_21,may,0.45,0.24513340286464663,0.8125327015958922,0.08502464826527102,0.9300291545189504,0.6129032258064516
10,2025_may_15_21,may,0.5,0.28928256891564313,1.085698867424527,0.10057431376685565,0.9183673469387755,0.5
10,2025_may_15_21,may,0.6,0.26152807849019266,1.025328164413181,0.1552737829224162,0.9271137026239067,0.46808510638297873
10,2025_may_15_21,may,0.7,0.24840137976103452,0.9974057935515488,0.19592324565024763,0.924198250728863,0.40909090909090906
10,2025_may_22_28,may,0.05,0.3478933011950022,0.9833761036309154,0.1596716306093206,0.7230320699708455,0.5177664974619289
10,2025_may_22_28,may,0.1,0.3381113271148234,1.0176823371635229,0.12463207726825527,0.8367346938775511,0.6164383561643836
10,2025_may_22_28,may,0.15,0.3246864584753995,1.0276859271572665,0.10557573859520533,0.8746355685131195,0.6504065040650406
10,2025_may_22_28,may,0.2,0.31451645452347327,1.0184890604725594,0.08893463567565478,0.8950437317784257,0.6727272727272728
10,2025_may_22_28,may,0.25,0.31070171904508576,1.010573580341981,0.09151072071558382,0.9008746355685131,0.6730769230769231
10,2025_may_22_28,may,0.3,0.3081057279869719,1.0070069931521122,0.09441326068275085,0.9067055393586005,0.6862745098039216
10,2025_may_22_28,may,0.35,0.308161565745498,1.0167111024580726,0.09958305747407563,0.9096209912536443,0.6868686868686867
10,2025_may_22_28,may,0.4,0.3048698400874024,1.0306957326267256,0.1040441307169262,0.9125364431486881,0.6808510638297872
10,2025_may_22_28,may,0.45,0.32328752425772117,1.1104225016345375,0.12775730472445743,0.9008746355685131,0.5952380952380953
10,2025_may_22_28,may,0.5,0.31740205624985646,1.1515183009287118,0.1403013362344876,0.9096209912536443,0.617283950617284
10,2025_may_22_28,may,0.6,0.35366455392717594,1.1941643717387223,0.20993010244021149,0.8862973760932945,0.4657534246575342
10,2025_may_22_28,may,0.7,0.3811337802828288,1.3551397398254457,0.2301816475405207,0.8775510204081632,0.3823529411764706
10,2025_november_01_07,november,0.05,0.2838337300719935,0.6291080469266558,0.1858083460950542,0.685131195335277,0.4432989690721649
10,2025_november_01_07,november,0.1,0.2723353299717969,0.6293919123785483,0.1666032632648052,0.7638483965014577,0.5030674846625767
10,2025_november_01_07,november,0.15,0.23914166244162272,0.6097930500639098,0.11646217053030468,0.880466472303207,0.6554621848739496
10,2025_november_01_07,november,0.2,0.2292522475884656,0.6070065824774501,0.1040576041233686,0.9008746355685131,0.6909090909090908
10,2025_november_01_07,november,0.25,0.22745097813973994,0.6124766190300547,0.09764431930917634,0.9008746355685131,0.679245283018868
10,2025_november_01_07,november,0.3,0.22382471073808077,0.6136678169851427,0.09115427861378815,0.9067055393586005,0.6799999999999999
10,2025_november_01_07,november,0.35,0.23422750928183267,0.6357099658173992,0.10043406191249044,0.9008746355685131,0.6304347826086957
10,2025_november_01_07,november,0.4,0.22702893041049768,0.6318249303102089,0.10524984150400009,0.9067055393586005,0.627906976744186
10,2025_november_01_07,november,0.45,0.22067344961701205,0.6498141619091744,0.13086504445130046,0.9008746355685131,0.5526315789473684
10,2025_november_01_07,november,0.5,0.24718833719517724,0.7095597616044598,0.1502754038597732,0.8862973760932945,0.4347826086956522
10,2025_november_01_07,november,0.6,0.2981725483155185,0.9229849597360037,0.2414631490339549,0.8658892128279884,0.23333333333333334
10,2025_november_01_07,november,0.7,0.31016559769987856,1.0170290107287907,0.29214965101878004,0.8600583090379009,0.1111111111111111
10,2025_november_08_14,november,0.05,0.3223091942939686,0.6993234804581336,0.16450153725805622,0.6559766763848397,0.35869565217391297
10,2025_november_08_14,november,0.1,0.30187503760816403,0.6941033178699967,0.13237095033906368,0.760932944606414,0.4305555555555555
10,2025_november_08_14,november,0.15,0.2838483255476837,0.7128070629257981,0.0852822054041216,0.8396501457725948,0.4554455445544554
10,2025_november_08_14,november,0.2,0.2821643928678116,0.7131432555989898,0.08445705313774962,0.8425655976676385,0.44897959183673464
10,2025_november_08_14,november,0.25,0.2816547693333108,0.7170381637798359,0.0797359137231337,0.8483965014577259,0.4468085106382979
10,2025_november_08_14,november,0.3,0.27777507631993,0.7310536399955578,0.07243139833236409,0.8600583090379009,0.41463414634146345
10,2025_november_08_14,november,0.35,0.27551762467146973,0.7635280454289546,0.08063631581355898,0.8746355685131195,0.410958904109589
10,2025_november_08_14,november,0.4,0.26553761949987276,0.7642264375860299,0.08036418499967823,0.8833819241982507,0.4117647058823529
10,2025_november_08_14,november,0.45,0.2612238300484964,0.7593434688277119,0.08654572529891734,0.8862973760932945,0.41791044776119407
10,2025_november_08_14,november,0.5,0.25237000466929554,0.7798326475085557,0.12178385232620909,0.8950437317784257,0.39999999999999997
10,2025_november_08_14,november,0.6,0.29880230307398237,0.9556751877889045,0.18218422727223302,0.880466472303207,0.22641509433962262
10,2025_november_08_14,november,0.7,0.28401947015537427,0.9601154156616458,0.24903404741484955,0.8775510204081632,0.08695652173913045
10,2025_november_15_21,november,0.05,0.2863114608994151,0.7828775137941866,0.16750894920012857,0.6967930029154519,0.3734939759036145
10,2025_november_15_21,november,0.1,0.2711850678809965,0.7893579567673195,0.1380436192032929,0.7900874635568513,0.4375
10,2025_november_15_21,november,0.15,0.24377829730499384,0.7706013698781673,0.0939932172123686,0.8950437317784257,0.5714285714285713
10,2025_november_15_21,november,0.2,0.24411378695053676,0.775970458066477,0.09535978755686711,0.8950437317784257,0.5609756097560975
10,2025_november_15_21,november,0.25,0.24053677410590396,0.7840008322839418,0.09071639650734424,0.9037900874635568,0.5822784810126582
10,2025_november_15_21,november,0.3,0.24438108683984333,0.8006167843847148,0.06433993965637864,0.9096209912536443,0.5633802816901409
10,2025_november_15_21,november,0.35,0.25247751689086956,0.8768097921020644,0.062985640842781,0.9212827988338192,0.5573770491803278
10,2025_november_15_21,november,0.4,0.24723457195792337,0.9152979539775692,0.0636770881823954,0.924198250728863,0.5357142857142857
10,2025_november_15_21,november,0.45,0.2478880273591612,0.8945512100733801,0.11440736688051471,0.9183673469387755,0.44000000000000006
10,2025_november_15_21,november,0.5,0.25544285996310456,1.0282726722998337,0.11616413298657602,0.9212827988338192,0.4255319148936171
10,2025_november_15_21,november,0.6,0.25473985874506644,1.031295911022904,0.15791507808673888,0.9125364431486881,0.2857142857142857
10,2025_november_15_21,november,0.7,0.27800603650372924,1.2484875874132613,0.21969699860285463,0.9096209912536443,0.1621621621621622
10,2025_november_22_28,november,0.05,0.40420011127889516,1.2561707845926984,0.1673002189098833,0.7376093294460642,0.4375
10,2025_november_22_28,november,0.1,0.3886276833785674,1.2650716138974145,0.13063090332258348,0.8483965014577259,0.5593220338983051
10,2025_november_22_28,november,0.15,0.37576461687893825,1.286758923342895,0.09580701441316897,0.9212827988338192,0.6823529411764706
10,2025_november_22_28,november,0.2,0.3784158686965524,1.3072297551681196,0.0915935328989237,0.9154518950437318,0.6329113924050632
10,2025_november_22_28,november,0.25,0.37138497553584693,1.2970888363712036,0.08821508365052846,0.924198250728863,0.6578947368421053
10,2025_november_22_28,november,0.3,0.3994711306372512,1.3969468192742136,0.09344577784330392,0.9125364431486881,0.5714285714285714
10,2025_november_22_28,november,0.35,0.399044735322639,1.3967247004646222,0.09933705261714956,0.9125364431486881,0.5588235294117647
10,2025_november_22_28,november,0.4,0.3999341976873886,1.4094452516253178,0.10397249701002773,0.9125364431486881,0.5454545454545454
10,2025_november_22_28,november,0.45,0.4037651497758008,1.4213200884833572,0.10978494917221313,0.9096209912536443,0.5079365079365079
10,2025_november_22_28,november,0.5,0.40245683797370463,1.4180447812038233,0.11688581872774477,0.9096209912536443,0.49180327868852464
10,2025_november_22_28,november,0.6,0.4053207738335551,1.4422011673749207,0.14259545345535568,0.9096209912536443,0.43636363636363634
10,2025_november_22_28,november,0.7,0.4395976300245682,1.560876716533817,0.18280102037576867,0.9067055393586005,0.36
2,2025_may_01_07,may,0.05,0.2728035125512308,0.7912866204995298,0.14892625187583547,0.6880466472303207,0.37426900584795325
2,2025_may_01_07,may,0.1,0.2579454477109476,0.8027713811585796,0.11996712138604701,0.8046647230320699,0.4806201550387597
2,2025_may_01_07,may,0.15,0.24093298021681608,0.807081960801607,0.1009761077237819,0.8571428571428571,0.5504587155963302
2,2025_may_01_07,may,0.2,0.22895329616468932,0.8324263174702164,0.06486817843127224,0.9096209912536443,0.6265060240963856
2,2025_may_01_07,may,0.25,0.23644030136125746,0.8801593827992997,0.04531464133531297,0.9125364431486881,0.5714285714285715
2,2025_may_01_07,may,0.3,0.24713616036138975,0.9083337223704782,0.057294507747074785,0.9096209912536443,0.5079365079365079
2,2025_may_01_07,may,0.35,0.24704676385417548,0.9163569863084774,0.08313309121921075,0.9125364431486881,0.4642857142857143
2,2025_may_01_07,may,0.4,0.2521604914933925,0.9757947366795101,0.08967589413692648,0.9096209912536443,0.41509433962264153
2,2025_may_01_07,may,0.45,0.2571552081569824,0.9791042699911564,0.09812612009334361,0.9037900874635568,0.35294117647058826
2,2025_may_01_07,may,0.5,0.2427610632154252,0.9443369063276373,0.11450172912796436,0.9037900874635568,0.29787234042553196
2,2025_may_01_07,may,0.6,0.2912634671455293,1.2139557491544999,0.14013630352672077,0.8892128279883382,0.09523809523809525
2,2025_may_01_07,may,0.7,0.27307427973520093,1.127379547478922,0.15645620393345194,0.8862973760932945,0.0
2,2025_may_08_14,may,0.05,0.3891361351999296,1.082322832720169,0.22308729600990357,0.7317784256559767,0.5306122448979591
2,2025_may_08_14,may,0.1,0.3774003369210456,1.0929960080302137,0.1876151227842158,0.8046647230320699,0.5620915032679739
2,2025_may_08_14,may,0.15,0.35898247964249064,1.0684834679984718,0.16667351226348592,0.8513119533527697,0.6222222222222222
2,2025_may_08_14,may,0.2,0.34479568009114303,1.075883412365845,0.1378092360803523,0.9008746355685131,0.706896551724138
2,2025_may_08_14,may,0.25,0.3360711418574509,1.0778661296581626,0.1425369195455505,0.9183673469387755,0.7407407407407408
2,2025_may_08_14,may,0.3,0.33671918821453245,1.0868924683607843,0.14909706831411912,0.9183673469387755,0.7307692307692306
2,2025_may_08_14,may,0.35,0.3373722043522678,1.09107992537095,0.15798764429931506,0.9183673469387755,0.7142857142857142
2,2025_may_08_14,may,0.4,0.33995987768603925,1.117824647450077,0.1686192170289943,0.9183673469387755,0.688888888888889
2,2025_may_08_14,may,0.45,0.3460959543086534,1.12701453847866,0.17256861489843978,0.9125364431486881,0.6590909090909092
2,2025_may_08_14,may,0.5,0.362461524346285,1.18325203576969,0.18319051356669322,0.9008746355685131,0.5853658536585366
2,2025_may_08_14,may,0.6,0.39798207864663665,1.3021209409056083,0.22834684568606742,0.880466472303207,0.4383561643835616
2,2025_may_08_14,may,0.7,0.45081895940095534,1.586452044680627,0.30105737864692483,0.8688046647230321,0.34782608695652173
2,2025_may_15_21,may,0.05,0.3486451835057342,0.8237642181794763,0.2086318182855515,0.597667638483965,0.29591836734693877
2,2025_may_15_21,may,0.1,0.3271617665374073,0.8212782387131947,0.1812733343814817,0.7288629737609329,0.3758389261744967
2,2025_may_15_21,may,0.15,0.2999054821355927,0.8134657928506838,0.14708665919081215,0.8163265306122449,0.4615384615384615
2,2025_may_15_21,may,0.2,0.2797406096327235,0.8129489533488657,0.12190429025244273,0.8833819241982507,0.574468085106383
2,2025_may_15_21,may,0.25,0.27753452008483,0.827791400692096,0.11644613880481518,0.892128279883382,0.5842696629213483
2,2025_may_15_21,may,0.3,0.2727328539096692,0.8408356171823167,0.1012187245546161,0.9067055393586005,0.6097560975609756
2,2025_may_15_21,may,0.35,0.2578974410370363,0.8269651906686224,0.07643831969376882,0.9183673469387755,0.6216216216216216
2,2025_may_15_21,may,0.4,0.2574439108256223,0.8482826280333869,0.06764794116240455,0.9271137026239067,0.6376811594202899
2,2025_may_15_21,may,0.45,0.261484646216253,0.8776720642834229,0.07433547815891282,0.9271137026239067,0.6153846153846154
2,2025_may_15_21,may,0.5,0.2609050993935116,0.890266293281572,0.08163672634002773,0.9271137026239067,0.5901639344262295
2,2025_may_15_21,may,0.6,0.284375941894811,1.0274717004026126,0.09636011416313356,0.9300291545189504,0.5555555555555556
2,2025_may_15_21,may,0.7,0.27018628478540635,0.93762687655147,0.12603230576639998,0.9212827988338192,0.4489795918367347
2,2025_may_22_28,may,0.05,0.3625958619920563,0.9744037282218387,0.16829340742304583,0.7026239067055393,0.5
2,2025_may_22_28,may,0.1,0.34909172755582285,0.9948740518079594,0.1415405173775496,0.8163265306122449,0.6037735849056604
2,2025_may_22_28,may,0.15,0.3446790241701968,1.0297977323649596,0.11324544122565444,0.8629737609329446,0.6466165413533834
2,2025_may_22_28,may,0.2,0.3263276739609307,1.0027853091835135,0.08627467950828968,0.8833819241982507,0.6491228070175438
2,2025_may_22_28,may,0.25,0.31853169334422676,1.0014350755313026,0.07627800998673584,0.9008746355685131,0.6792452830188679
2,2025_may_22_28,may,0.3,0.317259866847921,0.9951450056706497,0.08463551521099438,0.9008746355685131,0.6730769230769231
2,2025_may_22_28,may,0.35,0.319120147608821,1.0100815797405946,0.089379511711626,0.9037900874635568,0.6732673267326733
2,2025_may_22_28,may,0.4,0.32688653956214303,1.0367452642949258,0.10184415795112636,0.8950437317784257,0.6086956521739131
2,2025_may_22_28,may,0.45,0.32659737839499037,1.0987319566144509,0.11270865397377533,0.9037900874635568,0.6024096385542169
2,2025_may_22_28,may,0.5,0.33179306980119505,1.117797579083524,0.13498506366347124,0.9008746355685131,0.5641025641025641
2,2025_may_22_28,may,0.6,0.348596889971393,1.161421281225272,0.18472807222404053,0.8862973760932945,0.4657534246575342
2,2025_may_22_28,may,0.7,0.4001438003471225,1.421785429772097,0.22869579248933108,0.8746355685131195,0.3582089552238806
2,2025_november_01_07,november,0.05,0.28135323904046095,0.6359088309080875,0.1773568861276274,0.7230320699708455,0.47513812154696133
2,2025_november_01_07,november,0.1,0.2749053820097409,0.6384228984726993,0.1681100746381204,0.760932944606414,0.5
2,2025_november_01_07,november,0.15,0.23405704839741953,0.6168536580471812,0.10398632482569901,0.8950437317784257,0.6842105263157895
2,2025_november_01_07,november,0.2,0.22908654679710855,0.6174643566361441,0.10100276429016342,0.9037900874635568,0.6972477064220184
2,2025_november_01_07,november,0.25,0.23071312017944737,0.6240203678487447,0.09753146843953796,0.9008746355685131,0.679245283018868
2,2025_november_01_07,november,0.3,0.23284767288670577,0.6311520193675085,0.09127342362310008,0.9008746355685131,0.6666666666666666
2,2025_november_01_07,november,0.35,0.23284843133019698,0.6266380535684823,0.10091142539306329,0.8979591836734694,0.631578947368421
2,2025_november_01_07,november,0.4,0.26116957429688786,0.8959634178272488,0.1341524334163703,0.8950437317784257,0.5609756097560976
2,2025_november_01_07,november,0.45,0.23193977172306415,0.6767876292471965,0.13633444583351942,0.8892128279883382,0.48648648648648657
2,2025_november_01_07,november,0.5,0.2535938992062733,0.7489672677573564,0.16376495908574157,0.8833819241982507,0.4117647058823529
2,2025_november_01_07,november,0.6,0.279942085082496,0.963357053311436,0.2612447170093821,0.8746355685131195,0.2711864406779661
2,2025_november_01_07,november,0.7,0.32215475117572134,1.083983721223224,0.3070600219410383,0.8658892128279884,0.17857142857142855
2,2025_november_08_14,november,0.05,0.31864868790459366,0.6920122044901141,0.1723705635704341,0.6676384839650146,0.36666666666666664
2,2025_november_08_14,november,0.1,0.3019571065436492,0.6878559888616934,0.1482725439614092,0.7434402332361516,0.4133333333333333
2,2025_november_08_14,november,0.15,0.2860150446945353,0.7168615595805974,0.08768323243868875,0.8425655976676385,0.47058823529411764
2,2025_november_08_14,november,0.2,0.27962534627916913,0.7131468434912377,0.08290757010162958,0.8483965014577259,0.4583333333333333
2,2025_november_08_14,november,0.25,0.27744910122438265,0.7096900817075373,0.08788162556722853,0.8483965014577259,0.4583333333333333
2,2025_november_08_14,november,0.3,0.26928420288777855,0.7194932598526156,0.0755510681750042,0.8717201166180758,0.45
2,2025_november_08_14,november,0.35,0.2754664272260616,0.7802587013615145,0.0798143138248696,0.8775510204081632,0.41666666666666663
2,2025_november_08_14,november,0.4,0.2670122606330166,0.765727733166429,0.08558841803928624,0.880466472303207,0.4225352112676057
2,2025_november_08_14,november,0.45,0.28531686147662133,0.8297729528716092,0.09579831116028606,0.880466472303207,0.3880597014925373
2,2025_november_08_14,november,0.5,0.2854049056112567,0.8521172480112763,0.10975222918644545,0.8862973760932945,0.38095238095238093
2,2025_november_08_14,november,0.6,0.30103485555331777,0.9191990288235554,0.16795075275394364,0.8775510204081632,0.22222222222222218
2,2025_november_08_14,november,0.7,0.29029669737468433,0.9931755315441226,0.2553112746341596,0.880466472303207,0.1276595744680851
2,2025_november_15_21,november,0.05,0.3022795629077052,0.8660540643984709,0.17777443528661382,0.7201166180758017,0.37662337662337664
2,2025_november_15_21,november,0.1,0.27641855521901987,0.8529650122844836,0.14388769011160407,0.8396501457725948,0.49541284403669716
2,2025_november_15_21,november,0.15,0.2660768100586122,0.8511883880775243,0.12120505438787244,0.8862973760932945,0.5411764705882354
2,2025_november_15_21,november,0.2,0.26141029611444755,0.8572161371896607,0.11726318240326075,0.8979591836734694,0.5679012345679013
2,2025_november_15_21,november,0.25,0.2582127510310447,0.8601720582385253,0.11347552590515032,0.9037900874635568,0.5822784810126582
2,2025_november_15_21,november,0.3,0.2587571504917326,0.8828958294667109,0.09555944866861803,0.9096209912536443,0.5753424657534247
2,2025_november_15_21,november,0.35,0.2637646512079418,0.9152720087510026,0.0718617996916712,0.9183673469387755,0.5625
2,2025_november_15_21,november,0.4,0.24553528104430736,0.87566452221171,0.10358938241256045,0.9212827988338192,0.49056603773584906
2,2025_november_15_21,november,0.45,0.26032772493503914,0.9128684303756693,0.12038073355954913,0.9154518950437318,0.4313725490196078
2,2025_november_15_21,november,0.5,0.2664500616655977,0.9286057604688259,0.12239674421832482,0.9125364431486881,0.4
2,2025_november_15_21,november,0.6,0.257982185510798,0.9893756506675526,0.12952567933716735,0.9125364431486881,0.3478260869565218
2,2025_november_15_21,november,0.7,0.26546220394974046,1.100082842381307,0.17374306462131325,0.9154518950437318,0.25641025641025644
2,2025_november_22_28,november,0.05,0.4151355895748389,1.3378771744102735,0.1487890785470297,0.7376093294460642,0.4375
2,2025_november_22_28,november,0.1,0.39710795349872685,1.3720777381540743,0.09690733591517155,0.8862973760932945,0.6060606060606061
2,2025_november_22_28,november,0.15,0.38773160165913595,1.3706135935333763,0.08058231194554688,0.9183673469387755,0.6585365853658537
2,2025_november_22_28,november,0.2,0.38939506864871876,1.3947843602079055,0.08016448539554327,0.9183673469387755,0.6410256410256411
2,2025_november_22_28,november,0.25,0.3870006590576304,1.385421917900939,0.0836692340647292,0.9183673469387755,0.6410256410256411
2,2025_november_22_28,november,0.3,0.38780045479406144,1.3792793929702316,0.08034122548363565,0.9212827988338192,0.6301369863013698
2,2025_november_22_28,november,0.35,0.40550942708937504,1.460200170721157,0.08497170257554956,0.9154518950437318,0.5915492957746479
2,2025_november_22_28,november,0.4,0.40490967670551803,1.4712414671196838,0.09222442850395812,0.9183673469387755,0.5882352941176471
2,2025_november_22_28,november,0.45,0.4115087048903205,1.507694780965703,0.10090136105284842,0.9183673469387755,0.5625
2,2025_november_22_28,november,0.5,0.4167936187289644,1.5255603129446975,0.10915350602907431,0.9125364431486881,0.5161290322580646
2,2025_november_22_28,november,0.6,0.43449941107025203,1.5522120766823797,0.13619011420772945,0.9037900874635568,0.42105263157894735
2,2025_november_22_28,november,0.7,0.44089900453009595,1.6445377742382261,0.2193246605067723,0.9096209912536443,0.3673469387755102
3,2025_may_01_07,may,0.05,0.26380163792542866,0.7678361354444171,0.14710210034207627,0.6967930029154519,0.38095238095238093
3,2025_may_01_07,may,0.1,0.249734620120281,0.7855934900509685,0.11672881418463961,0.8075801749271136,0.47619047619047616
3,2025_may_01_07,may,0.15,0.22529209396885946,0.7916380297615079,0.08307801384719364,0.892128279883382,0.6105263157894737
3,2025_may_01_07,may,0.2,0.22591326573797987,0.8113933373871041,0.060861780624756355,0.9037900874635568,0.5822784810126581
3,2025_may_01_07,may,0.25,0.22700493697735402,0.8234186542349818,0.049054595707044575,0.9096209912536443,0.5633802816901409
3,2025_may_01_07,may,0.3,0.2413295137120463,0.8758712791955416,0.06299601594042857,0.9067055393586005,0.5
3,2025_may_01_07,may,0.35,0.2353875668696939,0.905125341961154,0.07836145604977139,0.9183673469387755,0.5
3,2025_may_01_07,may,0.4,0.2420270310812535,0.8990541468356185,0.08645943255155737,0.9096209912536443,0.41509433962264153
3,2025_may_01_07,may,0.45,0.2456350957883059,0.9293738850392212,0.09612336639417497,0.9037900874635568,0.35294117647058826
3,2025_may_01_07,may,0.5,0.2410614302308134,0.9363659705990403,0.1228347006058155,0.9008746355685131,0.2608695652173913
3,2025_may_01_07,may,0.6,0.27238151003608274,1.028591461708463,0.12928127582378626,0.8950437317784257,0.1818181818181818
3,2025_may_01_07,may,0.7,0.20699708454810495,0.8588418535714618,0.20699708454810495,0.8950437317784257,0.0
3,2025_may_08_14,may,0.05,0.38490536913666074,1.0623578408969836,0.2656729960810311,0.7230320699708455,0.527363184079602
3,2025_may_08_14,may,0.1,0.3783887863798146,1.0690032205686562,0.23463368746687227,0.7784256559766763,0.5365853658536585
3,2025_may_08_14,may,0.15,0.3471965298606922,1.0381706994655757,0.19406802957711577,0.8688046647230321,0.6511627906976745
3,2025_may_08_14,may,0.2,0.336870198561571,1.0306633306686352,0.18051883121786982,0.8979591836734694,0.7008547008547009
3,2025_may_08_14,may,0.25,0.32731228357834347,1.027973515783197,0.18055597513460225,0.9183673469387755,0.7407407407407408
3,2025_may_08_14,may,0.3,0.3252852328843693,1.032813462100236,0.18673546366686278,0.924198250728863,0.7547169811320754
3,2025_may_08_14,may,0.35,0.3219820659994892,1.0306606230312085,0.19263730221267014,0.9271137026239067,0.7474747474747475
3,2025_may_08_14,may,0.4,0.3253098445045354,1.053909883095389,0.19863881238964187,0.924198250728863,0.7234042553191489
3,2025_may_08_14,may,0.45,0.3312503294702913,1.0582284661233505,0.20428248895095844,0.9183673469387755,0.6818181818181819
3,2025_may_08_14,may,0.5,0.3624140495806429,1.1394671683361126,0.2106047185615826,0.8950437317784257,0.5499999999999999
3,2025_may_08_14,may,0.6,0.39148323301909926,1.2143505168400988,0.2501490028755306,0.8775510204081632,0.4324324324324324
3,2025_may_08_14,may,0.7,0.4357324378891847,1.390926713913091,0.27240085725184404,0.8717201166180758,0.3714285714285714
3,2025_may_15_21,may,0.05,0.321564913251937,0.768937285890524,0.18144952170770157,0.6355685131195336,0.31693989071038253
3,2025_may_15_21,may,0.1,0.29995712256007795,0.7651624779106326,0.15397628700823207,0.7580174927113703,0.40287769784172667
3,2025_may_15_21,may,0.15,0.27737123807704955,0.7668184542672942,0.1265993246685641,0.8483965014577259,0.509433962264151
3,2025_may_15_21,may,0.2,0.2655351577219034,0.7717364995332072,0.11151386983347215,0.892128279883382,0.5934065934065933
3,2025_may_15_21,may,0.25,0.26149843609265033,0.7955074717728025,0.0891060708641708,0.9037900874635568,0.5822784810126582
3,2025_may_15_21,may,0.3,0.24859053782436827,0.8048949724553948,0.07082172528477071,0.924198250728863,0.6285714285714287
3,2025_may_15_21,may,0.35,0.24368894393997595,0.7973113209786152,0.06697971439205483,0.9300291545189504,0.6470588235294118
3,2025_may_15_21,may,0.4,0.2443127650794765,0.814395312984986,0.07213519543682874,0.9300291545189504,0.6363636363636364
3,2025_may_15_21,may,0.45,0.2495020975869481,0.8265526297393052,0.07709733836067006,0.924198250728863,0.59375
3,2025_may_15_21,may,0.5,0.2782895727789801,0.8993076928700061,0.0878747553191291,0.9183673469387755,0.5333333333333333
3,2025_may_15_21,may,0.6,0.2589185842756528,0.8739546255061891,0.09857715095722816,0.924198250728863,0.5185185185185185
3,2025_may_15_21,may,0.7,0.26796992101991673,0.9230805386536994,0.1190939913265339,0.924198250728863,0.48
3,2025_may_22_28,may,0.05,0.3565644321227946,1.020708898180348,0.16372388902791915,0.7055393586005831,0.5024630541871921
3,2025_may_22_28,may,0.1,0.3435702347916965,1.0375313616996285,0.14382216691156474,0.8017492711370262,0.5903614457831325
3,2025_may_22_28,may,0.15,0.3357760033789719,1.0814957683892736,0.10729650428351421,0.8688046647230321,0.6511627906976745
3,2025_may_22_28,may,0.2,0.32152445420200665,1.067528369189628,0.08826810265240917,0.8892128279883382,0.6666666666666666
3,2025_may_22_28,may,0.25,0.3158463430987351,1.064419177081786,0.0856137916951478,0.9008746355685131,0.6730769230769231
3,2025_may_22_28,may,0.3,0.31624481824251366,1.066543548582194,0.08895123417340313,0.9008746355685131,0.6666666666666666
3,2025_may_22_28,may,0.35,0.31697146311429475,1.0644426386222894,0.09337925048880046,0.9008746355685131,0.66
3,2025_may_22_28,may,0.4,0.324688913631777,1.1391870765261094,0.12399683533465564,0.9096209912536443,0.6436781609195401
3,2025_may_22_28,may,0.45,0.32487083902393693,1.1565472006210054,0.13103326294844136,0.9096209912536443,0.6265060240963856
3,2025_may_22_28,may,0.5,0.3296964482396516,1.1932670924921216,0.1445475017185501,0.9067055393586005,0.6
3,2025_may_22_28,may,0.6,0.3527252488623305,1.2278295496593095,0.19927749660335914,0.892128279883382,0.5066666666666666
3,2025_may_22_28,may,0.7,0.35843789437813045,1.2748121701319777,0.22412522371485544,0.8862973760932945,0.45070422535211263
3,2025_november_01_07,november,0.05,0.28793561541854806,0.6287139679857247,0.18264015201925898,0.6938775510204082,0.4444444444444444
3,2025_november_01_07,november,0.1,0.2732574053643811,0.6245559691283129,0.16415491377708227,0.760932944606414,0.5
3,2025_november_01_07,november,0.15,0.24502048827986905,0.61222108650816,0.11401866982143413,0.8688046647230321,0.6341463414634146
3,2025_november_01_07,november,0.2,0.22793389770086542,0.6042003704673665,0.09275686058538977,0.9008746355685131,0.6909090909090908
3,2025_november_01_07,november,0.25,0.22448843956582637,0.6091738096751393,0.08060365421917279,0.9067055393586005,0.6923076923076923
3,2025_november_01_07,november,0.3,0.22797520768492585,0.6169460764774405,0.0839093599399032,0.9037900874635568,0.6666666666666667
3,2025_november_01_07,november,0.35,0.23643821962210237,0.639294220980108,0.093523182521746,0.9008746355685131,0.6222222222222223
3,2025_november_01_07,november,0.4,0.23313362691777348,0.653354853124951,0.09520545633144978,0.9037900874635568,0.6024096385542168
3,2025_november_01_07,november,0.45,0.2346130969257041,0.6860005749874301,0.1279717974485443,0.8950437317784257,0.5135135135135135
3,2025_november_01_07,november,0.5,0.25165529187601904,0.7262605316295856,0.1469411092982571,0.8862973760932945,0.4347826086956522
3,2025_november_01_07,november,0.6,0.29323847048089813,1.0031617013872878,0.2535686109958426,0.8717201166180758,0.26666666666666666
3,2025_november_01_07,november,0.7,0.3320957732207917,1.1356240544406526,0.3146030618505289,0.8658892128279884,0.17857142857142855
3,2025_november_08_14,november,0.05,0.3137525409534969,0.6839330403260848,0.15978731663009652,0.6763848396501457,0.37288135593220334
3,2025_november_08_14,november,0.1,0.29949412043420026,0.682858777950872,0.13503354980303353,0.7580174927113703,0.4275862068965517
3,2025_november_08_14,november,0.15,0.2822460688151492,0.7004128373450716,0.08415839288076828,0.8425655976676385,0.48076923076923084
3,2025_november_08_14,november,0.2,0.27693670347838995,0.7085644395172166,0.0724215472252579,0.8513119533527697,0.4631578947368421
3,2025_november_08_14,november,0.25,0.2720925616430942,0.7103261258167218,0.06042116215386429,0.8629737609329446,0.45977011494252873
3,2025_november_08_14,november,0.3,0.26978126546484077,0.71214013034262,0.0696825679844088,0.8688046647230321,0.44444444444444453
3,2025_november_08_14,november,0.35,0.2721451874498515,0.762546816684239,0.07713344448636288,0.8746355685131195,0.410958904109589
3,2025_november_08_14,november,0.4,0.2712441907202983,0.7649156725172017,0.08085358729580579,0.8775510204081632,0.39999999999999997
3,2025_november_08_14,november,0.45,0.2808197347779991,0.8114481329845938,0.09191964739444353,0.880466472303207,0.3880597014925373
3,2025_november_08_14,november,0.5,0.27485863169966196,0.8127943358795584,0.10472078430647445,0.8892128279883382,0.40625
3,2025_november_08_14,november,0.6,0.3047197419007265,0.9673345660110314,0.1881016660989772,0.880466472303207,0.22641509433962262
3,2025_november_08_14,november,0.7,0.29209842547772874,1.0042435880395133,0.25711300273720394,0.880466472303207,0.1276595744680851
3,2025_november_15_21,november,0.05,0.30654209210712385,0.8408457948859812,0.17903140085481428,0.6822157434402333,0.3625730994152047
3,2025_november_15_21,november,0.1,0.2895352752556735,0.8401884275763719,0.15546884626959917,0.760932944606414,0.4057971014492754
3,2025_november_15_21,november,0.15,0.26533147777426497,0.8328641683655824,0.11392101373676597,0.8629737609329446,0.5052631578947367
3,2025_november_15_21,november,0.2,0.25949795739933446,0.8467835998388857,0.10108523523396604,0.8892128279883382,0.5476190476190477
3,2025_november_15_21,november,0.25,0.2527298037429582,0.83796591051668,0.09613860050889761,0.8979591836734694,0.5679012345679013
3,2025_november_15_21,november,0.3,0.24907348615175073,0.8334963893934085,0.08013746948300637,0.9008746355685131,0.5526315789473685
3,2025_november_15_21,november,0.35,0.27163768802460764,0.9033738027933506,0.04984950707671005,0.9037900874635568,0.5074626865671642
3,2025_november_15_21,november,0.4,0.29030634470860506,0.9971665327228401,0.06359710875088417,0.9037900874635568,0.4406779661016949
3,2025_november_15_21,november,0.45,0.2553534968305362,0.9672889349353911,0.08755637609488816,0.9212827988338192,0.49056603773584906
3,2025_november_15_21,november,0.5,0.22941877525032062,0.935184700990668,0.12580224069639412,0.9212827988338192,0.4255319148936171
3,2025_november_15_21,november,0.6,0.25628263859572586,1.0676128342239093,0.1476331205805404,0.9154518950437318,0.3255813953488372
3,2025_november_15_21,november,0.7,0.2845119956001579,1.1392981476483925,0.1844386748401867,0.9096209912536443,0.20512820512820512
3,2025_november_22_28,november,0.05,0.391371097405657,1.2067457962476333,0.1899941840894805,0.7521865889212828,0.45161290322580644
3,2025_november_22_28,november,0.1,0.3774157897743849,1.2119881930899765,0.16282765528469062,0.8367346938775511,0.5409836065573771
3,2025_november_22_28,november,0.15,0.36366868988641116,1.2345116185604146,0.11433953744381692,0.9212827988338192,0.6666666666666666
3,2025_november_22_28,november,0.2,0.3651389544586771,1.246313012232678,0.1174228466432508,0.9154518950437318,0.6329113924050632
3,2025_november_22_28,november,0.25,0.3582901065416344,1.245135611712971,0.11515096162394611,0.9271137026239067,0.6666666666666667
3,2025_november_22_28,november,0.3,0.37841299176631743,1.3164887492548973,0.12049525049244368,0.9154518950437318,0.5915492957746479
3,2025_november_22_28,november,0.35,0.3866903527505076,1.3465091950960908,0.12571307210057542,0.9096209912536443,0.5373134328358208
3,2025_november_22_28,november,0.4,0.3844850659013136,1.3409376034527785,0.1302263460538819,0.9096209912536443,0.5230769230769231
3,2025_november_22_28,november,0.45,0.39165983371267143,1.358296704714886,0.13474086103416874,0.9067055393586005,0.48387096774193544
3,2025_november_22_28,november,0.5,0.3909468107031187,1.3558199992065885,0.14170097680411922,0.9067055393586005,0.4666666666666667
3,2025_november_22_28,november,0.6,0.4118195677331037,1.4568285676300992,0.16909580267625227,0.9067055393586005,0.3846153846153846
3,2025_november_22_28,november,0.7,0.42968299103319685,1.5606682006703703,0.2236576203838917,0.9037900874635568,0.2978723404255319
4,2025_may_01_07,may,0.05,0.2802923813992874,0.7939494669781378,0.1526764550907662,0.6647230320699709,0.3575418994413408
4,2025_may_01_07,may,0.1,0.2632484148174465,0.7977791900323727,0.129845634317733,0.7813411078717201,0.460431654676259
4,2025_may_01_07,may,0.15,0.24154425326221166,0.8137817707631322,0.09611470684484681,0.8513119533527697,0.5405405405405406
4,2025_may_01_07,may,0.2,0.23684857627764047,0.8608309681400657,0.05962821486181866,0.9037900874635568,0.6024096385542169
4,2025_may_01_07,may,0.25,0.24387991931533134,0.9017057081082592,0.03945084289447054,0.9125364431486881,0.5833333333333334
4,2025_may_01_07,may,0.3,0.24312591331630745,0.9116279818620181,0.04362503326272048,0.9154518950437318,0.5797101449275361
4,2025_may_01_07,may,0.35,0.24466466214303204,0.9045384527253602,0.06291642860813695,0.9096209912536443,0.5079365079365079
4,2025_may_01_07,may,0.4,0.2492026899800448,0.9621064758561634,0.08277622488264681,0.9154518950437318,0.49122807017543857
4,2025_may_01_07,may,0.45,0.2686922373535779,1.023803734068425,0.10987054910779114,0.9008746355685131,0.32
4,2025_may_01_07,may,0.5,0.25251599270428604,0.9894614665875539,0.12788388291382893,0.9008746355685131,0.2608695652173913
4,2025_may_01_07,may,0.6,0.30871930517349105,1.3762874924185216,0.19210122937174187,0.8892128279883382,0.049999999999999996
4,2025_may_01_07,may,0.7,0.24567311692611923,1.118338454699359,0.18736407902524466,0.892128279883382,0.0
4,2025_may_08_14,may,0.05,0.3867241090274824,1.068806762346909,0.2668061599892859,0.7055393586005831,0.5073170731707317
4,2025_may_08_14,may,0.1,0.3751461131937801,1.0652194704617695,0.22554954439087488,0.7988338192419825,0.5660377358490566
4,2025_may_08_14,may,0.15,0.3540356903656729,1.0479661533096651,0.20244581220922547,0.8454810495626822,0.6131386861313869
4,2025_may_08_14,may,0.2,0.33461411733491403,1.0377848683924231,0.1665337486732315,0.9008746355685131,0.7017543859649122
4,2025_may_08_14,may,0.25,0.33460890537277505,1.0479268814150446,0.1740513286117149,0.9037900874635568,0.7079646017699114
4,2025_may_08_14,may,0.3,0.3260115178051932,1.0482452908694493,0.18049494905175353,0.9183673469387755,0.7307692307692306
4,2025_may_08_14,may,0.35,0.3207690477617255,1.0398025067538936,0.18685034146805812,0.924198250728863,0.74
4,2025_may_08_14,may,0.4,0.3219265174156037,1.0576106719186535,0.19456404330239646,0.924198250728863,0.7173913043478262
4,2025_may_08_14,may,0.45,0.3218092251306171,1.0609245875477595,0.19876858778400955,0.924198250728863,0.711111111111111
4,2025_may_08_14,may,0.5,0.3510412526246809,1.1521299976597412,0.2075130455487753,0.9067055393586005,0.6190476190476191
4,2025_may_08_14,may,0.6,0.38287761568046913,1.2228276760777452,0.24634999196403667,0.880466472303207,0.4383561643835616
4,2025_may_08_14,may,0.7,0.4446018497043436,1.5171700427068622,0.3094743344111976,0.8658892128279884,0.3235294117647059
4,2025_may_15_21,may,0.05,0.3432089592775777,0.793885318611248,0.20361270800825235,0.6355685131195336,0.31693989071038253
4,2025_may_15_21,may,0.1,0.3313770126241378,0.7905964533842844,0.1907857715078829,0.7026239067055393,0.35443037974683544
4,2025_may_15_21,may,0.15,0.2961187999549033,0.7927149303485599,0.14544976707027604,0.8221574344023324,0.47863247863247865
4,2025_may_15_21,may,0.2,0.27790017683781454,0.7849453909547307,0.12483259608954116,0.8775510204081632,0.5625
4,2025_may_15_21,may,0.25,0.27235538085682165,0.7823841667108605,0.11879208403634381,0.892128279883382,0.5934065934065933
4,2025_may_15_21,may,0.3,0.26807191339586145,0.812709432461441,0.09418750116474615,0.9037900874635568,0.5925925925925926
4,2025_may_15_21,may,0.35,0.2560016925628031,0.8263663855467361,0.0672274724478876,0.924198250728863,0.6285714285714287
4,2025_may_15_21,may,0.4,0.25345455846023507,0.8312127961952371,0.06517661523609843,0.9271137026239067,0.6268656716417911
4,2025_may_15_21,may,0.45,0.25677444089149054,0.8536497591007242,0.07232502180794324,0.9271137026239067,0.6153846153846154
4,2025_may_15_21,may,0.5,0.24949288403174644,0.8372140585221931,0.07177959703668631,0.9271137026239067,0.6031746031746031
4,2025_may_15_21,may,0.6,0.3090776955507459,1.1591950911299853,0.11034717672921103,0.9271137026239067,0.5283018867924528
4,2025_may_15_21,may,0.7,0.2651651554698441,1.062763601469877,0.15295034246188888,0.9271137026239067,0.46808510638297873
4,2025_may_22_28,may,0.05,0.3542673748990174,0.9171729087831233,0.16806096922047928,0.6938775510204082,0.49275362318840576
4,2025_may_22_28,may,0.1,0.34160291887750993,0.9290969336254646,0.14355080264333195,0.7988338192419825,0.5818181818181818
4,2025_may_22_28,may,0.15,0.3346385317565685,0.9695261525380595,0.10564106690594172,0.8688046647230321,0.6456692913385828
4,2025_may_22_28,may,0.2,0.316003823550588,0.942868039014213,0.08342247083043779,0.8892128279883382,0.6607142857142857
4,2025_may_22_28,may,0.25,0.31033414781999924,0.9389876709616073,0.07855393583994712,0.9008746355685131,0.6792452830188679
4,2025_may_22_28,may,0.3,0.3093578353738293,0.9373443322605103,0.08676529693895306,0.9037900874635568,0.6796116504854369
4,2025_may_22_28,may,0.35,0.3109727447633915,0.9474485675175215,0.09105085617424388,0.9037900874635568,0.6732673267326733
4,2025_may_22_28,may,0.4,0.3201076182399197,0.9899033575204674,0.10348987096642552,0.892128279883382,0.5934065934065935
4,2025_may_22_28,may,0.45,0.31307534217983557,1.038751027970828,0.11303172018381853,0.9067055393586005,0.6190476190476191
4,2025_may_22_28,may,0.5,0.31349637704040184,1.0354356533988396,0.12036370931715845,0.9037900874635568,0.5925925925925926
4,2025_may_22_28,may,0.6,0.3394458410785943,1.0787964361274365,0.18828530955620565,0.8862973760932945,0.4657534246575342
4,2025_may_22_28,may,0.7,0.3849840648606,1.347165894001708,0.2358787919586337,0.8717201166180758,0.33333333333333337
4,2025_november_01_07,november,0.05,0.28725049758824694,0.6257533610573373,0.18892000923409816,0.6822157434402333,0.441025641025641
4,2025_november_01_07,november,0.1,0.27308107394444425,0.6228051799888583,0.1669204192065721,0.760932944606414,0.5
4,2025_november_01_07,november,0.15,0.24509331522681077,0.6070439066478804,0.12035828921149339,0.8600583090379009,0.6249999999999999
4,2025_november_01_07,november,0.2,0.22773247995856954,0.6011731328366569,0.096003217123658,0.9008746355685131,0.6909090909090908
4,2025_november_01_07,november,0.25,0.22148403945367137,0.6033804711330099,0.08969595177313387,0.9067055393586005,0.6981132075471698
4,2025_november_01_07,november,0.3,0.22475228395356212,0.6136078185135074,0.0864966120720581,0.9037900874635568,0.6796116504854369
4,2025_november_01_07,november,0.35,0.2305413117762762,0.6265964565536367,0.0952455157734713,0.9008746355685131,0.6382978723404256
4,2025_november_01_07,november,0.4,0.25549453944179257,0.8609638013176174,0.12337812595110212,0.8979591836734694,0.5783132530120481
4,2025_november_01_07,november,0.45,0.2240610139591566,0.6531794027320361,0.12340298856037596,0.9008746355685131,0.5526315789473684
4,2025_november_01_07,november,0.5,0.2355659328609865,0.7011836520759989,0.13618830244768051,0.892128279883382,0.4788732394366197
4,2025_november_01_07,november,0.6,0.2738333786625318,0.8319997657898286,0.2164368927474209,0.8775510204081632,0.3225806451612903
4,2025_november_01_07,november,0.7,0.31651165114224405,1.088855939398973,0.29318803598189397,0.8688046647230321,0.21052631578947367
4,2025_november_08_14,november,0.05,0.3258746536844205,0.6876611110554698,0.17005569097564896,0.6384839650145773,0.3541666666666667
4,2025_november_08_14,november,0.1,0.31402743933805627,0.6902575285310998,0.1513536048697214,0.7055393586005831,0.3878787878787879
4,2025_november_08_14,november,0.15,0.2909096750150581,0.7185101687917289,0.0771122377084543,0.8367346938775511,0.4615384615384615
4,2025_november_08_14,november,0.2,0.2882286436812899,0.7263924457705196,0.06740604118741228,0.8425655976676385,0.44897959183673464
4,2025_november_08_14,november,0.25,0.27375268989647467,0.7129480781403054,0.06145429095226046,0.8600583090379009,0.4782608695652174
4,2025_november_08_14,november,0.3,0.27881298301402835,0.718528981027082,0.0586101304194288,0.8571428571428571,0.42352941176470593
4,2025_november_08_14,november,0.35,0.2845136289270894,0.7874942178154164,0.06723412970917914,0.8717201166180758,0.40540540540540543
4,2025_november_08_14,november,0.4,0.2752654372006285,0.7903634517589466,0.07588990975739893,0.8833819241982507,0.42857142857142855
4,2025_november_08_14,november,0.45,0.2707897341606818,0.7878911761278843,0.07860765055513318,0.8862973760932945,0.41791044776119407
4,2025_november_08_14,november,0.5,0.28679796126664114,0.8724421649595638,0.11620131740196014,0.8892128279883382,0.3870967741935484
4,2025_november_08_14,november,0.6,0.31179173702076474,0.9943066074101932,0.1951736612190154,0.880466472303207,0.22641509433962262
4,2025_november_08_14,november,0.7,0.33917463110318824,1.1961356465313724,0.26337288183205115,0.880466472303207,0.163265306122449
4,2025_november_15_21,november,0.05,0.31330384090547453,0.858726385266543,0.1927000558115681,0.6647230320699709,0.3352601156069364
4,2025_november_15_21,november,0.1,0.29227262540428967,0.8594445468540575,0.1628012754882971,0.7784256559766763,0.4153846153846154
4,2025_november_15_21,november,0.15,0.26983991202828705,0.8473951826444533,0.12609119211439423,0.8775510204081632,0.5333333333333333
4,2025_november_15_21,november,0.2,0.260268364497761,0.8430326786717367,0.1153906501624479,0.8950437317784257,0.5609756097560975
4,2025_november_15_21,november,0.25,0.2596781064802099,0.8503333337892047,0.11542515619349662,0.8979591836734694,0.5679012345679013
4,2025_november_15_21,november,0.3,0.258037987322045,0.8579013546491603,0.10000369655275655,0.9037900874635568,0.56
4,2025_november_15_21,november,0.35,0.2584919466617776,0.8696409630042715,0.08631621764833047,0.9096209912536443,0.5633802816901409
4,2025_november_15_21,november,0.4,0.26335518826945764,1.0109551944684532,0.07090117789821267,0.924198250728863,0.5517241379310345
4,2025_november_15_21,november,0.45,0.25939480125709025,0.933929542320106,0.11375883335462919,0.9154518950437318,0.4313725490196078
4,2025_november_15_21,november,0.5,0.2612560239860476,0.9389901001980007,0.11931443531112404,0.9154518950437318,0.40816326530612246
4,2025_november_15_21,november,0.6,0.2510928370373449,1.0276103794461127,0.16774937969856696,0.9154518950437318,0.3255813953488372
4,2025_november_15_21,november,0.7,0.270956711471644,1.1372460333928704,0.18940140083054938,0.9067055393586005,0.15789473684210525
4,2025_november_22_28,november,0.05,0.3855427169014022,1.2048870750429095,0.17913690653459566,0.7405247813411079,0.440251572327044
4,2025_november_22_28,november,0.1,0.36539226720997614,1.2271977631385362,0.12786502464576288,0.8833819241982507,0.6153846153846154
4,2025_november_22_28,november,0.15,0.35867703346067437,1.2383859524338419,0.10498208182092415,0.9183673469387755,0.6585365853658537
4,2025_november_22_28,november,0.2,0.35826757974613305,1.249993181356867,0.10345949342072816,0.9183673469387755,0.6410256410256411
4,2025_november_22_28,november,0.25,0.35612882206698643,1.270543267097265,0.10310462356116794,0.9212827988338192,0.64
4,2025_november_22_28,november,0.3,0.3758068461110066,1.3269630169721975,0.10851383067897935,0.9154518950437318,0.5797101449275363
4,2025_november_22_28,november,0.35,0.3874080762041736,1.3527967334871718,0.1138661999650976,0.9067055393586005,0.5151515151515151
4,2025_november_22_28,november,0.4,0.3853439809593382,1.3629122933017952,0.12050599403051472,0.9125364431486881,0.5161290322580646
4,2025_november_22_28,november,0.45,0.3819672218245718,1.3528858419714325,0.12419195372493791,0.9125364431486881,0.5161290322580646
4,2025_november_22_28,november,0.5,0.38201921414381096,1.3518639483535597,0.1405376671211567,0.9067055393586005,0.4482758620689655
4,2025_november_22_28,november,0.6,0.3997151149776306,1.4214505837543068,0.1775261474727677,0.9096209912536443,0.392156862745098
4,2025_november_22_28,november,0.7,0.439663029811424,1.6070867350950278,0.22864411022462705,0.9037900874635568,0.2978723404255319
5,2025_may_01_07,may,0.05,0.27693104393538037,0.7946027173021676,0.14429757186621517,0.6647230320699709,0.3575418994413408
5,2025_may_01_07,may,0.1,0.2624065345680116,0.7997529038849531,0.1249576265532135,0.7755102040816326,0.4539007092198582
5,2025_may_01_07,may,0.15,0.24465006223636848,0.8369737681384363,0.08471554940309727,0.8717201166180758,0.576923076923077
5,2025_may_01_07,may,0.2,0.2325494691765369,0.8424348594957664,0.060643403645296114,0.9008746355685131,0.6046511627906976
5,2025_may_01_07,may,0.25,0.2290963627317368,0.8404033998622372,0.05502625726742919,0.9096209912536443,0.6172839506172839
5,2025_may_01_07,may,0.3,0.23230006849368984,0.8844652237703061,0.04430485941732562,0.924198250728863,0.6176470588235293
5,2025_may_01_07,may,0.35,0.24916976048584213,0.924876784738699,0.06395365806358035,0.9125364431486881,0.5161290322580646
5,2025_may_01_07,may,0.4,0.2506066678260511,0.9557933767349517,0.0821061572620919,0.9125364431486881,0.4642857142857143
5,2025_may_01_07,may,0.45,0.24384571433811034,0.9228393174570544,0.09742059868854744,0.9067055393586005,0.36
5,2025_may_01_07,may,0.5,0.25326314834093794,0.9954118215793734,0.11629117057061723,0.9037900874635568,0.29787234042553196
5,2025_may_01_07,may,0.6,0.2839473693785738,1.0898001145314868,0.12651296704621218,0.8950437317784257,0.1818181818181818
5,2025_may_01_07,may,0.7,0.30270747377908414,1.3296310526463186,0.1860893979773349,0.8892128279883382,0.049999999999999996
5,2025_may_08_14,may,0.05,0.38261454805925815,1.0578580381286085,0.2683396225597633,0.7026239067055393,0.5048543689320388
5,2025_may_08_14,may,0.1,0.3722198810735411,1.0506444683703198,0.22556801299544418,0.7871720116618076,0.5408805031446542
5,2025_may_08_14,may,0.15,0.3398179946099639,1.022605555271313,0.18826818798202316,0.8833819241982507,0.6825396825396826
5,2025_may_08_14,may,0.2,0.33441105436135476,1.0233244998533044,0.1798514259005593,0.8979591836734694,0.7008547008547009
5,2025_may_08_14,may,0.25,0.33048561363018547,1.0234207471876415,0.17889749078610503,0.9067055393586005,0.7142857142857142
5,2025_may_08_14,may,0.3,0.320222854866423,1.0125565879327225,0.1846213554720167,0.924198250728863,0.7547169811320754
5,2025_may_08_14,may,0.35,0.31777839046806916,1.018303564323104,0.19068547177606338,0.9300291545189504,0.7551020408163265
5,2025_may_08_14,may,0.4,0.3303348366257735,1.0409598368539192,0.1968057163618352,0.9183673469387755,0.6956521739130436
5,2025_may_08_14,may,0.45,0.3313089098390779,1.0435186794948517,0.20275577669034073,0.9183673469387755,0.6818181818181819
5,2025_may_08_14,may,0.5,0.3459922214712083,1.0780527527888208,0.2087171240033837,0.9037900874635568,0.6024096385542169
5,2025_may_08_14,may,0.6,0.38375773714879313,1.2042140527923115,0.2501524837173641,0.880466472303207,0.4383561643835616
5,2025_may_08_14,may,0.7,0.41305657263548584,1.29821453267466,0.2675464851048125,0.8746355685131195,0.3943661971830986
5,2025_may_15_21,may,0.05,0.33334774154073754,0.7746609634935537,0.19863757575352042,0.6239067055393586,0.31016042780748665
5,2025_may_15_21,may,0.1,0.31831206820393854,0.7749804836800428,0.18115045859038953,0.7201166180758017,0.368421052631579
5,2025_may_15_21,may,0.15,0.285226021568319,0.7740339906487386,0.13972074940133955,0.8454810495626822,0.5046728971962616
5,2025_may_15_21,may,0.2,0.2691717800795955,0.7711436989844128,0.12044354615275855,0.8833819241982507,0.5652173913043479
5,2025_may_15_21,may,0.25,0.26749705967594184,0.786992309397602,0.1126096884378482,0.8950437317784257,0.5909090909090909
5,2025_may_15_21,may,0.3,0.25136939988829493,0.7939915319263391,0.08771520665399234,0.9271137026239067,0.6666666666666666
5,2025_may_15_21,may,0.35,0.2509909896453239,0.7991513935020945,0.07623765833015392,0.924198250728863,0.6285714285714287
5,2025_may_15_21,may,0.4,0.2543150326763005,0.8228510074366644,0.07522031838348853,0.9212827988338192,0.5970149253731343
5,2025_may_15_21,may,0.45,0.2523862139099478,0.840535452270606,0.08127198416733605,0.9271137026239067,0.6153846153846154
5,2025_may_15_21,may,0.5,0.27569878483800225,0.8885401981895362,0.08848787843450516,0.924198250728863,0.5806451612903226
5,2025_may_15_21,may,0.6,0.2625461066187063,0.9127647637835997,0.10541335206932412,0.9271137026239067,0.5283018867924528
5,2025_may_15_21,may,0.7,0.2706770553926858,0.9842978429396206,0.1471278153841866,0.9300291545189504,0.5
5,2025_may_22_28,may,0.05,0.36786013083805014,1.0572474489920958,0.16818459190476542,0.7055393586005831,0.5024630541871921
5,2025_may_22_28,may,0.1,0.3568546249008771,1.082160544494775,0.1418002160553114,0.8104956268221575,0.5962732919254657
5,2025_may_22_28,may,0.15,0.3485479665874528,1.1115665262748178,0.11051243243861034,0.8688046647230321,0.6511627906976745
5,2025_may_22_28,may,0.2,0.3315486774775024,1.1038955346897066,0.08718659296966697,0.8979591836734694,0.6788990825688073
5,2025_may_22_28,may,0.25,0.33074355222100293,1.114043644104294,0.09053172770955549,0.9037900874635568,0.6796116504854369
5,2025_may_22_28,may,0.3,0.328656074663299,1.1027033970966464,0.09463517865818852,0.9008746355685131,0.6666666666666666
5,2025_may_22_28,may,0.35,0.32584196340012617,1.101329696905569,0.09862709488074634,0.9067055393586005,0.68
5,2025_may_22_28,may,0.4,0.3314885766999315,1.1302515934565893,0.10829166534896366,0.9008746355685131,0.6382978723404255
5,2025_may_22_28,may,0.45,0.3475849121836025,1.1909640406388424,0.1290839972699593,0.8950437317784257,0.5813953488372093
5,2025_may_22_28,may,0.5,0.35413757185343664,1.20873588857455,0.15183922299332744,0.892128279883382,0.54320987654321
5,2025_may_22_28,may,0.6,0.37358384105812853,1.2927404744377315,0.21856392826028603,0.8862973760932945,0.4657534246575342
5,2025_may_22_28,may,0.7,0.40126754468868486,1.439401208789215,0.237189816211063,0.8746355685131195,0.37681159420289856
5,2025_november_01_07,november,0.05,0.2755805190622972,0.6261978404779937,0.17030983801035252,0.7230320699708455,0.4692737430167598
5,2025_november_01_07,november,0.1,0.2657954890537155,0.6246787153771182,0.15723554675388046,0.7755102040816326,0.5157232704402517
5,2025_november_01_07,november,0.15,0.23138640284772383,0.6061043402554189,0.09917197697820052,0.8950437317784257,0.6785714285714286
5,2025_november_01_07,november,0.2,0.22591681057503846,0.6058433537605509,0.09658386217341369,0.9067055393586005,0.7037037037037038
5,2025_november_01_07,november,0.25,0.22926482280490207,0.6134962208066649,0.09632598697250776,0.9008746355685131,0.679245283018868
5,2025_november_01_07,november,0.3,0.22416547281096882,0.6095823848205707,0.09111668316860021,0.9067055393586005,0.6799999999999999
5,2025_november_01_07,november,0.35,0.2253534142292488,0.6188367131645343,0.10009402750709245,0.9037900874635568,0.6373626373626374
5,2025_november_01_07,november,0.4,0.23409377869893763,0.6515024980430749,0.10501417168822928,0.8979591836734694,0.588235294117647
5,2025_november_01_07,november,0.45,0.22349660361087403,0.6520153750975078,0.1312745928440958,0.8979591836734694,0.5454545454545454
5,2025_november_01_07,november,0.5,0.2636254543334804,0.7666252328930415,0.1604379036158796,0.880466472303207,0.38805970149253727
5,2025_november_01_07,november,0.6,0.3192322447967783,1.1227425315674828,0.2959086296364281,0.8688046647230321,0.21052631578947367
5,2025_november_01_07,november,0.7,0.338198344275293,1.1284559989420564,0.32070563290503057,0.8600583090379009,0.1111111111111111
5,2025_november_08_14,november,0.05,0.3168093130792701,0.6819099862846132,0.17052998267822705,0.6472303206997084,0.34594594594594597
5,2025_november_08_14,november,0.1,0.29693182855905764,0.6771187861990939,0.14066980520858047,0.7463556851311953,0.4081632653061224
5,2025_november_08_14,november,0.15,0.28293262675965625,0.7008835094371515,0.0888360280544019,0.8309037900874635,0.44230769230769235
5,2025_november_08_14,november,0.2,0.2732872140420297,0.6972658776755105,0.0853549788535172,0.8454810495626822,0.4536082474226804
5,2025_november_08_14,november,0.25,0.27094849410630695,0.7041776932983427,0.06996506322178538,0.8571428571428571,0.44943820224719094
5,2025_november_08_14,november,0.3,0.26458752951399195,0.7159570362557198,0.07738275151715937,0.8717201166180758,0.45
5,2025_november_08_14,november,0.35,0.26618633891826815,0.7584976828550298,0.0798072096501512,0.880466472303207,0.4225352112676057
5,2025_november_08_14,november,0.4,0.2797936412903811,0.8143150824617734,0.0956834000654844,0.880466472303207,0.3880597014925373
5,2025_november_08_14,november,0.45,0.2702400814881809,0.8048290371699062,0.10643011596914277,0.8892128279883382,0.40625
5,2025_november_08_14,november,0.5,0.27291101647707333,0.8210166479028645,0.11165418753212296,0.8892128279883382,0.3870967741935484
5,2025_november_08_14,november,0.6,0.2950408367365243,0.955232610914251,0.18106659251758286,0.880466472303207,0.22641509433962262
5,2025_november_08_14,november,0.7,0.281880098880922,0.9459087346741483,0.24689467614039726,0.8775510204081632,0.08695652173913045
5,2025_november_15_21,november,0.05,0.2884467236105016,0.79541203319425,0.14639002600350023,0.7142857142857143,0.37179487179487175
5,2025_november_15_21,november,0.1,0.26359243896500817,0.7912635995968663,0.10664076763174513,0.8396501457725948,0.4859813084112149
5,2025_november_15_21,november,0.15,0.2558026255894632,0.800163231599387,0.09106248462042317,0.8833819241982507,0.5348837209302325
5,2025_november_15_21,november,0.2,0.25072863883281216,0.7958246894950598,0.08735026251903381,0.8950437317784257,0.5609756097560975
5,2025_november_15_21,november,0.25,0.24923177266242896,0.8025482102214746,0.08237023250181093,0.8979591836734694,0.5569620253164557
5,2025_november_15_21,november,0.3,0.24228239737421978,0.804655198928663,0.07058014421354446,0.9096209912536443,0.5866666666666668
5,2025_november_15_21,november,0.35,0.28120622870880607,0.9465993322984265,0.05026893406011965,0.9125364431486881,0.5161290322580646
5,2025_november_15_21,november,0.4,0.2560455032902888,0.9414306437295865,0.0922790016711084,0.9212827988338192,0.49056603773584906
5,2025_november_15_21,november,0.45,0.26105244697603414,0.9394523254396542,0.11049656366777015,0.9125364431486881,0.4
5,2025_november_15_21,november,0.5,0.25474659278081263,0.9240305774422891,0.11120409046097027,0.9125364431486881,0.37499999999999994
5,2025_november_15_21,november,0.6,0.27429056296299714,0.9766564220812725,0.13720618478559118,0.9096209912536443,0.3111111111111111
5,2025_november_15_21,november,0.7,0.290356909468807,1.334817987430258,0.23204787156793238,0.9096209912536443,0.1621621621621622
5,2025_november_22_28,november,0.05,0.3984750823570138,1.2571008746673584,0.15321163334366159,0.7521865889212828,0.45859872611464964
5,2025_november_22_28,november,0.1,0.3858360114651232,1.2851552885633981,0.10838047292847292,0.8542274052478134,0.5454545454545454
5,2025_november_22_28,november,0.15,0.37427456061351067,1.2933546752782028,0.07942465295302484,0.9212827988338192,0.6666666666666666
5,2025_november_22_28,november,0.2,0.3741441312258352,1.3059603795329873,0.07932078862861201,0.9183673469387755,0.6410256410256411
5,2025_november_22_28,november,0.25,0.36891126885471226,1.302724958308384,0.07815418662422076,0.9271137026239067,0.6666666666666667
5,2025_november_22_28,november,0.3,0.37235704117860985,1.2928334496796714,0.08290517956864944,0.9212827988338192,0.6301369863013698
5,2025_november_22_28,november,0.35,0.3756503757220682,1.3050826187416096,0.08685096363217794,0.9183673469387755,0.6111111111111113
5,2025_november_22_28,november,0.4,0.38727823405079403,1.3897135963753173,0.09412023839613023,0.9212827988338192,0.5970149253731344
5,2025_november_22_28,november,0.45,0.4062848838359699,1.4550727795845622,0.10519745701154401,0.9125364431486881,0.5161290322580646
5,2025_november_22_28,november,0.5,0.40584117718845325,1.4458903994058852,0.11043324982804632,0.9096209912536443,0.49180327868852464
5,2025_november_22_28,november,0.6,0.43145242660238153,1.5191301685145036,0.14754966859680785,0.9067055393586005,0.4074074074074074
5,2025_november_22_28,november,0.7,0.4211885284363261,1.5448112883117582,0.20261747996854593,0.9096209912536443,0.3673469387755102
6,2025_may_01_07,may,0.05,0.26368479031215203,0.7792728212129647,0.1403471832868109,0.685131195335277,0.3720930232558139
6,2025_may_01_07,may,0.1,0.23942479528775937,0.7842966261307405,0.10740571776783196,0.8163265306122449,0.496
6,2025_may_01_07,may,0.15,0.22855913401193537,0.8173504429028025,0.061091228941750106,0.9008746355685131,0.5853658536585366
6,2025_may_01_07,may,0.2,0.22899699440004315,0.8191761595005809,0.058465732206657205,0.9008746355685131,0.5641025641025642
6,2025_may_01_07,may,0.25,0.23035066793259157,0.8304902415528548,0.05119440472565112,0.9037900874635568,0.547945205479452
6,2025_may_01_07,may,0.3,0.23567198796839947,0.8705400553869621,0.06210985599856146,0.9125364431486881,0.5161290322580646
6,2025_may_01_07,may,0.35,0.2305643147982168,0.897310550900439,0.08208578158894692,0.9212827988338192,0.5263157894736842
6,2025_may_01_07,may,0.4,0.2419432047047664,0.8862543291334304,0.09520952293840589,0.9067055393586005,0.3846153846153846
6,2025_may_01_07,may,0.45,0.24187529538878041,0.919499893264996,0.11426051892406097,0.9008746355685131,0.2916666666666667
6,2025_may_01_07,may,0.5,0.2407636406520077,0.924880111914463,0.1229587944653909,0.9008746355685131,0.2608695652173913
6,2025_may_01_07,may,0.6,0.27662640032613556,1.1622025503300957,0.1600083245243865,0.8862973760932945,0.0
6,2025_may_01_07,may,0.7,0.20699708454810495,0.8588418535714618,0.20699708454810495,0.8950437317784257,0.0
6,2025_may_08_14,may,0.05,0.3936181147366898,1.1057347874104202,0.2446351464106928,0.7317784256559767,0.5208333333333334
6,2025_may_08_14,may,0.1,0.38047377302466595,1.1048738646871976,0.21432686759824543,0.8017492711370262,0.5584415584415585
6,2025_may_08_14,may,0.15,0.3526497625193668,1.073140974630627,0.18166096831936815,0.8775510204081632,0.6612903225806452
6,2025_may_08_14,may,0.2,0.3431623961802114,1.083687261994299,0.1698166439218506,0.9096209912536443,0.7207207207207207
6,2025_may_08_14,may,0.25,0.3407527613637407,1.0841374749032227,0.17720562294782088,0.9154518950437318,0.7289719626168225
6,2025_may_08_14,may,0.3,0.33894997370675606,1.082045761857632,0.18350361081027178,0.9183673469387755,0.7254901960784313
6,2025_may_08_14,may,0.35,0.33561172496736336,1.085916525445437,0.18923042517533356,0.924198250728863,0.7346938775510203
6,2025_may_08_14,may,0.4,0.33919881281306696,1.0981983290409958,0.19507265778562877,0.9212827988338192,0.6966292134831461
6,2025_may_08_14,may,0.45,0.3493928051809225,1.1308033471868968,0.20095657483652057,0.9125364431486881,0.6511627906976745
6,2025_may_08_14,may,0.5,0.35509667342826484,1.1401543932677733,0.2068930338259626,0.9008746355685131,0.5853658536585366
6,2025_may_08_14,may,0.6,0.412949752708394,1.31700515363998,0.2437027807514068,0.8775510204081632,0.4166666666666667
6,2025_may_08_14,may,0.7,0.4652089993385736,1.6471730024475038,0.31124109938868433,0.8629737609329446,0.29850746268656714
6,2025_may_15_21,may,0.05,0.33397470712514865,0.7720584424631644,0.20451058859778223,0.6355685131195336,0.31693989071038253
6,2025_may_15_21,may,0.1,0.3174679649507493,0.7666415910934414,0.18533320893504301,0.7142857142857143,0.3636363636363636
6,2025_may_15_21,may,0.15,0.2803321851721394,0.7601932739031583,0.14128537906956448,0.8571428571428571,0.5333333333333333
6,2025_may_15_21,may,0.2,0.272129179457868,0.7572282023774748,0.1321660423570785,0.8833819241982507,0.574468085106383
6,2025_may_15_21,may,0.25,0.266546771971124,0.7678071816637443,0.11947473115470608,0.9037900874635568,0.6117647058823529
6,2025_may_15_21,may,0.3,0.25918719674785,0.7866460593858399,0.10087299971311388,0.9212827988338192,0.64
6,2025_may_15_21,may,0.35,0.25681534005829304,0.79173623222208,0.08678793595560871,0.9212827988338192,0.619718309859155
6,2025_may_15_21,may,0.4,0.2525230044044313,0.8073943770299468,0.07786660026649106,0.9271137026239067,0.6268656716417911
6,2025_may_15_21,may,0.45,0.252276850001791,0.8086617099251392,0.081439363434248,0.9271137026239067,0.6153846153846154
6,2025_may_15_21,may,0.5,0.2584960027732303,0.8311346894358193,0.08602524585264656,0.9212827988338192,0.5714285714285715
6,2025_may_15_21,may,0.6,0.27035028950939693,0.9149444865063905,0.10279781049753534,0.9183673469387755,0.46153846153846156
6,2025_may_15_21,may,0.7,0.28892085725353384,1.1000750333231093,0.19040322381628014,0.9183673469387755,0.3636363636363636
6,2025_may_22_28,may,0.05,0.33084546757311184,0.911372495245439,0.13986920409441697,0.7667638483965015,0.5604395604395604
6,2025_may_22_28,may,0.1,0.3225284419374138,0.9533780713704937,0.1095439089189036,0.8746355685131195,0.6766917293233082
6,2025_may_22_28,may,0.15,0.3083705129948484,0.9348666174889991,0.09530053949698743,0.8979591836734694,0.7008547008547009
6,2025_may_22_28,may,0.2,0.3054661481915294,0.9267965800985097,0.08351701441927148,0.8950437317784257,0.6666666666666666
6,2025_may_22_28,may,0.25,0.30470802939511016,0.9333342444905635,0.08555253090911741,0.9008746355685131,0.6730769230769231
6,2025_may_22_28,may,0.3,0.30629180083350416,0.9375036484800336,0.09208113832204706,0.9037900874635568,0.6732673267326733
6,2025_may_22_28,may,0.35,0.30622430957138275,0.9459488765818479,0.09678267702050007,0.9037900874635568,0.6666666666666666
6,2025_may_22_28,may,0.4,0.31046628562738954,0.9782056740400137,0.10722545518868373,0.9008746355685131,0.6304347826086957
6,2025_may_22_28,may,0.45,0.30750253195312444,1.0080969103972277,0.11717737924734738,0.9037900874635568,0.611764705882353
6,2025_may_22_28,may,0.5,0.30821113647437837,1.0403950842072038,0.13149466426586812,0.9037900874635568,0.5925925925925926
6,2025_may_22_28,may,0.6,0.3383141367958244,1.144661903129308,0.20308324964197316,0.8892128279883382,0.47222222222222215
6,2025_may_22_28,may,0.7,0.3466072628287049,1.1841498707274878,0.2103173851853276,0.8833819241982507,0.4285714285714286
6,2025_november_01_07,november,0.05,0.28938181234146965,0.6342255760438066,0.16989203493735908,0.7055393586005831,0.454054054054054
6,2025_november_01_07,november,0.1,0.27852146486094775,0.6315712800828156,0.15404299612124797,0.7638483965014577,0.5030674846625767
6,2025_november_01_07,november,0.15,0.24942584502594742,0.622886111321576,0.09523508112776298,0.8746355685131195,0.638655462184874
6,2025_november_01_07,november,0.2,0.2382258269267611,0.6210947393527527,0.08159232659997177,0.9008746355685131,0.6851851851851852
6,2025_november_01_07,november,0.25,0.23562229984250369,0.6234400862555822,0.07964980068075843,0.9037900874635568,0.6857142857142857
6,2025_november_01_07,november,0.3,0.2349488611933024,0.6275925349094276,0.07830802386922131,0.9067055393586005,0.6799999999999999
6,2025_november_01_07,november,0.35,0.2416836126586601,0.6460438845113596,0.08885112175145425,0.8979591836734694,0.6153846153846154
6,2025_november_01_07,november,0.4,0.2398517714149827,0.6662263896891657,0.0898000251998661,0.9037900874635568,0.6117647058823529
6,2025_november_01_07,november,0.45,0.24171219042204678,0.7005078614910167,0.12474121935192821,0.8979591836734694,0.5333333333333333
6,2025_november_01_07,november,0.5,0.2655745802919163,0.7782778803736026,0.15212963004848803,0.8833819241982507,0.4117647058823529
6,2025_november_01_07,november,0.6,0.293071190041005,1.022784126345643,0.27024712207210877,0.8746355685131195,0.2711864406779661
6,2025_november_01_07,november,0.7,0.33180664654608516,1.1325503158066643,0.30848303138573535,0.8629737609329446,0.14545454545454545
6,2025_november_08_14,november,0.05,0.3207421696732238,0.6865284275379925,0.16850975699144585,0.6355685131195336,0.34554973821989526
6,2025_november_08_14,november,0.1,0.3000106797479388,0.6831822810258698,0.14068837888058291,0.7317784256559767,0.4102564102564102
6,2025_november_08_14,november,0.15,0.283447164865746,0.7154311716267829,0.07647449902087076,0.8454810495626822,0.4854368932038835
6,2025_november_08_14,november,0.2,0.27635779436151553,0.712304101931721,0.0676656946988092,0.8513119533527697,0.4631578947368421
6,2025_november_08_14,november,0.25,0.2737821527917145,0.7075551046127758,0.07252435442994581,0.8513119533527697,0.4631578947368421
6,2025_november_08_14,november,0.3,0.2755389516017645,0.7273796060436108,0.06500196723376843,0.8658892128279884,0.425
6,2025_november_08_14,november,0.35,0.27707472760006835,0.7754053591641422,0.06888431596504695,0.8717201166180758,0.40540540540540543
6,2025_november_08_14,november,0.4,0.2696986793282018,0.7761809841244315,0.07472078827499147,0.8833819241982507,0.42857142857142855
6,2025_november_08_14,november,0.45,0.2811056012447456,0.8254136052386501,0.08952347001653593,0.8833819241982507,0.4117647058823529
6,2025_november_08_14,november,0.5,0.27772942511584975,0.8197737940860774,0.09485151487090329,0.8862973760932945,0.4000000000000001
6,2025_november_08_14,november,0.6,0.2981959306853342,0.9538542141833597,0.1784858525172406,0.8833819241982507,0.25925925925925924
6,2025_november_08_14,november,0.7,0.3059029012702799,1.0781885326316965,0.2650865747396676,0.8833819241982507,0.16666666666666669
6,2025_november_15_21,november,0.05,0.2915951727819822,0.8224523474172447,0.1706333723088395,0.6967930029154519,0.3734939759036145
6,2025_november_15_21,november,0.1,0.268169351044015,0.8129922602919429,0.13229194281403955,0.8163265306122449,0.4521739130434782
6,2025_november_15_21,november,0.15,0.2516228645525545,0.8089121784504412,0.10450929211640704,0.8862973760932945,0.5411764705882354
6,2025_november_15_21,november,0.2,0.24850127081123824,0.809580611585793,0.10552786028340415,0.892128279883382,0.5542168674698795
6,2025_november_15_21,november,0.25,0.24569767030877412,0.8158465041177655,0.10371909001515008,0.8979591836734694,0.5679012345679013
6,2025_november_15_21,november,0.3,0.24274649719183947,0.8303575766484533,0.08157588354066038,0.9067055393586005,0.5675675675675677
6,2025_november_15_21,november,0.35,0.24695774275489787,0.8798646972292679,0.06367119741981009,0.9212827988338192,0.5714285714285715
6,2025_november_15_21,november,0.4,0.24485912942724128,0.9071806704724708,0.0777625440532155,0.9271137026239067,0.5454545454545455
6,2025_november_15_21,november,0.45,0.22618719209239985,0.8247497240114985,0.08942189147733594,0.924198250728863,0.5185185185185185
6,2025_november_15_21,november,0.5,0.25386298902488935,0.9244881229986888,0.11869195454318411,0.9154518950437318,0.4313725490196078
6,2025_november_15_21,november,0.6,0.2320815863744471,0.8517519517266149,0.13270892660938907,0.9183673469387755,0.3636363636363636
6,2025_november_15_21,november,0.7,0.26448499940989334,1.1068896959052184,0.1679808394450864,0.9154518950437318,0.25641025641025644
6,2025_november_22_28,november,0.05,0.38641867479529945,1.2095215670469444,0.17386498145565027,0.7551020408163265,0.45454545454545453
6,2025_november_22_28,november,0.1,0.3639244784075941,1.2306947161260686,0.11265160843530386,0.9154518950437318,0.6741573033707866
6,2025_november_22_28,november,0.15,0.3626941828154421,1.2450476315494805,0.10898343845580044,0.9183673469387755,0.6500000000000001
6,2025_november_22_28,november,0.2,0.3606642998233799,1.2422751267702192,0.11231088184623506,0.9183673469387755,0.6410256410256411
6,2025_november_22_28,november,0.25,0.36268280353558685,1.239458110334029,0.11134900656627918,0.9154518950437318,0.6133333333333333
6,2025_november_22_28,november,0.3,0.37918684878459646,1.3262666788938762,0.11565378875464473,0.9096209912536443,0.5633802816901409
6,2025_november_22_28,november,0.35,0.37255753627596855,1.318444590959436,0.12005127676876319,0.9154518950437318,0.5797101449275363
6,2025_november_22_28,november,0.4,0.37436039976694285,1.3276988534534284,0.12382876468633444,0.9154518950437318,0.5671641791044776
6,2025_november_22_28,november,0.45,0.3837474974965642,1.3512414675931488,0.12749506276383443,0.9096209912536443,0.5079365079365079
6,2025_november_22_28,november,0.5,0.3797196543498563,1.346606670349327,0.13136566014998083,0.9125364431486881,0.5161290322580646
6,2025_november_22_28,november,0.6,0.3921703561571523,1.3971832247605487,0.1511805475675962,0.9096209912536443,0.43636363636363634
6,2025_november_22_28,november,0.7,0.4198565379432945,1.5319286975193447,0.20579820337770896,0.9096209912536443,0.3673469387755102
7,2025_may_01_07,may,0.05,0.28559958760838816,0.8285715071073682,0.13372860051725838,0.6909620991253644,0.3764705882352941
7,2025_may_01_07,may,0.1,0.26519149066251535,0.8313415806441221,0.10986897102864009,0.7900874635568513,0.4626865671641791
7,2025_may_01_07,may,0.15,0.25471221474941813,0.8542712505483636,0.08705308679750517,0.8483965014577259,0.5272727272727273
7,2025_may_01_07,may,0.2,0.24509869678273982,0.8876963799369632,0.05548653697475145,0.9008746355685131,0.6046511627906976
7,2025_may_01_07,may,0.25,0.244285166555125,0.8847880649720209,0.04882314619702678,0.9037900874635568,0.5925925925925926
7,2025_may_01_07,may,0.3,0.24235780795621573,0.8814019804094505,0.0448358013598836,0.9067055393586005,0.5897435897435898
7,2025_may_01_07,may,0.35,0.2603247812772799,0.9723852461050302,0.05347496481499174,0.9125364431486881,0.5454545454545454
7,2025_may_01_07,may,0.4,0.2793267988699455,1.050301886282335,0.10222043678894603,0.9037900874635568,0.3773584905660377
7,2025_may_01_07,may,0.45,0.2667618705323328,1.0454585214081054,0.10040736901151848,0.9037900874635568,0.35294117647058826
7,2025_may_01_07,may,0.5,0.26831413211087535,1.0526035122008959,0.11679675116711692,0.9008746355685131,0.2916666666666667
7,2025_may_01_07,may,0.6,0.3115158890722719,1.3027540937869975,0.1482505829498228,0.892128279883382,0.13953488372093023
7,2025_may_01_07,may,0.7,0.2955363111344589,1.3201936329093462,0.17891823533270973,0.8862973760932945,0.0
7,2025_may_08_14,may,0.05,0.39898757661942674,1.0731411341706394,0.23398846269333512,0.7026239067055393,0.4950495049504951
7,2025_may_08_14,may,0.1,0.37876623380477614,1.065125394033327,0.20521357773505708,0.7988338192419825,0.5766871165644172
7,2025_may_08_14,may,0.15,0.35513927180940424,1.0524472083958185,0.15296627822493442,0.880466472303207,0.6666666666666667
7,2025_may_08_14,may,0.2,0.3518117562153699,1.055169699993696,0.1517735496953632,0.8892128279883382,0.6779661016949152
7,2025_may_08_14,may,0.25,0.3467372061326487,1.0586904310578427,0.14924736330450972,0.9037900874635568,0.7079646017699114
7,2025_may_08_14,may,0.3,0.3406902815324495,1.0645076637746824,0.15523643709118018,0.9154518950437318,0.7289719626168225
7,2025_may_08_14,may,0.35,0.3386529973460923,1.0661339297606793,0.16197341071236154,0.9183673469387755,0.7254901960784313
7,2025_may_08_14,may,0.4,0.33519347865580285,1.0722127504981263,0.17153185441144722,0.9212827988338192,0.7096774193548387
7,2025_may_08_14,may,0.45,0.34826046389438003,1.1269095142965524,0.17947446395579983,0.9125364431486881,0.6511627906976745
7,2025_may_08_14,may,0.5,0.37079187602036295,1.1765095519768196,0.19052020758019114,0.8979591836734694,0.5679012345679012
7,2025_may_08_14,may,0.6,0.39883340690929764,1.2749184192168208,0.23073315337888464,0.8833819241982507,0.45945945945945943
7,2025_may_08_14,may,0.7,0.45457445439983374,1.5518453136336983,0.2935296005608438,0.8688046647230321,0.34782608695652173
7,2025_may_15_21,may,0.05,0.3269014557209525,0.7593611109487853,0.19611014544616998,0.641399416909621,0.3204419889502762
7,2025_may_15_21,may,0.1,0.30685264342463947,0.7551095324724671,0.17365333921032391,0.7288629737609329,0.3758389261744967
7,2025_may_15_21,may,0.15,0.28039912315361354,0.7548059430935102,0.1363078051283029,0.8367346938775511,0.4909090909090909
7,2025_may_15_21,may,0.2,0.266974357451037,0.7478371811022437,0.12394300934315473,0.8717201166180758,0.5510204081632654
7,2025_may_15_21,may,0.25,0.26230898205088343,0.7658516200282032,0.11286837608218163,0.8979591836734694,0.5977011494252874
7,2025_may_15_21,may,0.3,0.2577231312194807,0.7978766991325723,0.08926991740073659,0.9125364431486881,0.605263157894737
7,2025_may_15_21,may,0.35,0.24423316296258957,0.7983268928048124,0.0618500513437753,0.924198250728863,0.6176470588235294
7,2025_may_15_21,may,0.4,0.24244458976058286,0.7905289724610826,0.06395604957297943,0.924198250728863,0.6176470588235294
7,2025_may_15_21,may,0.45,0.24494502614956448,0.8125587668462981,0.06856470449765988,0.924198250728863,0.6060606060606061
7,2025_may_15_21,may,0.5,0.24132948085161895,0.8118446996122354,0.07545572502040257,0.9271137026239067,0.6031746031746031
7,2025_may_15_21,may,0.6,0.24484840463451638,0.8355889864962797,0.08388789517750571,0.9300291545189504,0.5714285714285714
7,2025_may_15_21,may,0.7,0.2609797460506021,0.9255898430041067,0.1432837519423114,0.9212827988338192,0.4255319148936171
7,2025_may_22_28,may,0.05,0.35142775763733514,0.959104496631826,0.1682737912473561,0.6967930029154519,0.49514563106796117
7,2025_may_22_28,may,0.1,0.336403657308075,0.9860797016486845,0.13850393898376914,0.8221574344023324,0.6064516129032258
7,2025_may_22_28,may,0.15,0.31984858465888005,1.0060714516486637,0.09913041056196074,0.8862973760932945,0.6722689075630252
7,2025_may_22_28,may,0.2,0.31661503361735877,1.0005639499497265,0.0867618699366608,0.8950437317784257,0.660377358490566
7,2025_may_22_28,may,0.25,0.31404312720756367,0.9935345430757573,0.09055303510634514,0.9008746355685131,0.6730769230769231
7,2025_may_22_28,may,0.3,0.3098671265409312,0.9950288309870556,0.09830444497260568,0.9037900874635568,0.6732673267326733
7,2025_may_22_28,may,0.35,0.3070876952118663,0.9896892237285111,0.1015715207126304,0.9067055393586005,0.68
7,2025_may_22_28,may,0.4,0.31321006988508826,1.009584322866434,0.10489870075746223,0.9037900874635568,0.6526315789473685
7,2025_may_22_28,may,0.45,0.3058996293173324,1.0325479386441134,0.12188295065365742,0.9125364431486881,0.6511627906976744
7,2025_may_22_28,may,0.5,0.31658757633506146,1.0901021374361544,0.14157262079204477,0.9067055393586005,0.6
7,2025_may_22_28,may,0.6,0.3464875263490082,1.2076460090271006,0.1806553592007555,0.8862973760932945,0.4657534246575342
7,2025_may_22_28,may,0.7,0.36406898054257586,1.329316852939657,0.2374432481939669,0.880466472303207,0.3880597014925373
7,2025_november_01_07,november,0.05,0.28695506481069316,0.6393484686118175,0.19003772632293833,0.7084548104956269,0.4623655913978495
7,2025_november_01_07,november,0.1,0.27894914809512295,0.6402322148189263,0.1778204272998256,0.7580174927113703,0.49696969696969695
7,2025_november_01_07,november,0.15,0.2485980171073162,0.6212528921959204,0.13876914494825796,0.8542274052478134,0.6153846153846154
7,2025_november_01_07,november,0.2,0.22927055124101428,0.6121755050129617,0.1076716143880451,0.9008746355685131,0.6909090909090908
7,2025_november_01_07,november,0.25,0.2291923361032671,0.6170511483880594,0.10685370248013927,0.9008746355685131,0.6851851851851852
7,2025_november_01_07,november,0.3,0.224936359059945,0.6131097837780742,0.09749555099254573,0.9096209912536443,0.6990291262135924
7,2025_november_01_07,november,0.35,0.22425301230021524,0.6153529700387801,0.10291752583200679,0.9067055393586005,0.6666666666666666
7,2025_november_01_07,november,0.4,0.24694523599483903,0.7347081657629719,0.10156057577405027,0.8979591836734694,0.5783132530120481
7,2025_november_01_07,november,0.45,0.22421193206149545,0.663648860763489,0.1360522497875451,0.8950437317784257,0.5135135135135135
7,2025_november_01_07,november,0.5,0.22903995430525326,0.679606920903459,0.15069152936048855,0.8892128279883382,0.45714285714285713
7,2025_november_01_07,november,0.6,0.26325605759080284,0.8108435541978788,0.2312483386874783,0.8775510204081632,0.3
7,2025_november_01_07,november,0.7,0.3202700837289402,1.0763274705028656,0.29801090302208993,0.8629737609329446,0.14545454545454545
7,2025_november_08_14,november,0.05,0.3173719721585299,0.6909934565422373,0.1681969819155523,0.6559766763848397,0.35869565217391297
7,2025_november_08_14,november,0.1,0.2987009014331965,0.6867183934697979,0.13998141771097095,0.760932944606414,0.4383561643835617
7,2025_november_08_14,november,0.15,0.2816713625546828,0.7044421459427838,0.08764898949693159,0.8396501457725948,0.4554455445544554
7,2025_november_08_14,november,0.2,0.2786540360125043,0.7057356820705369,0.0867629122278132,0.8454810495626822,0.4536082474226804
7,2025_november_08_14,november,0.25,0.2792283830431783,0.7082437593854237,0.0804507697942961,0.8454810495626822,0.4301075268817204
7,2025_november_08_14,november,0.3,0.282143970436219,0.7597903985725551,0.07373125168534629,0.8600583090379009,0.38461538461538464
7,2025_november_08_14,november,0.35,0.26794457465375165,0.7518724131919241,0.08233998482248371,0.8746355685131195,0.410958904109589
7,2025_november_08_14,november,0.4,0.26208640495199337,0.7589444114157939,0.08452083323036806,0.8833819241982507,0.4117647058823529
7,2025_november_08_14,november,0.45,0.27457650623885743,0.798433594097642,0.09704191246701233,0.8833819241982507,0.393939393939394
7,2025_november_08_14,november,0.5,0.27070171316325164,0.817834570177334,0.11169828158364317,0.8892128279883382,0.3870967741935484
7,2025_november_08_14,november,0.6,0.29587447002617967,0.9354809093816184,0.1804817013085654,0.880466472303207,0.22641509433962262
7,2025_november_08_14,november,0.7,0.30809898262360025,1.047929469685309,0.2497899447227256,0.8775510204081632,0.125
7,2025_november_15_21,november,0.05,0.29697374227317724,0.8375200968842631,0.17294595073241079,0.7113702623906706,0.3694267515923567
7,2025_november_15_21,november,0.1,0.2737904603260502,0.8275929927876495,0.14187596412752118,0.8279883381924198,0.4778761061946903
7,2025_november_15_21,november,0.15,0.25825767870473637,0.8213595672739191,0.11125117932193743,0.892128279883382,0.5542168674698795
7,2025_november_15_21,november,0.2,0.25750968736060303,0.8251138391223399,0.1145386230499449,0.892128279883382,0.5542168674698795
7,2025_november_15_21,november,0.25,0.25516472462886325,0.8336075682988658,0.11104277376670771,0.9008746355685131,0.5750000000000001
7,2025_november_15_21,november,0.3,0.24857849494606218,0.8357367616347926,0.10075090690981517,0.9125364431486881,0.605263157894737
7,2025_november_15_21,november,0.35,0.2517138821494949,0.8463880431166337,0.07792183225440844,0.9154518950437318,0.5915492957746479
7,2025_november_15_21,november,0.4,0.2602609865388739,0.9548046169003905,0.06519923797589675,0.9154518950437318,0.5084745762711865
7,2025_november_15_21,november,0.45,0.24231840795734044,0.8664762244594152,0.09722354921319552,0.9212827988338192,0.49056603773584906
7,2025_november_15_21,november,0.5,0.2348367828175002,0.8679250460792943,0.10594492916988531,0.924198250728863,0.48
7,2025_november_15_21,november,0.6,0.2619281587718149,0.9902114626956884,0.130276153593959,0.9154518950437318,0.3555555555555555
7,2025_november_15_21,november,0.7,0.2683542257781124,1.2169162207135646,0.20994522733623522,0.9096209912536443,0.1621621621621622
7,2025_november_22_28,november,0.05,0.39401121754669005,1.2800445257083426,0.1463020235803989,0.7667638483965015,0.4666666666666666
7,2025_november_22_28,november,0.1,0.38054113228977743,1.3032914081961504,0.10861967733696397,0.8775510204081632,0.5961538461538461
7,2025_november_22_28,november,0.15,0.3762860946072872,1.3299125576016182,0.08705496854387772,0.9154518950437318,0.6329113924050632
7,2025_november_22_28,november,0.2,0.3707954811125949,1.3213944515456562,0.08458613399585659,0.924198250728863,0.6578947368421053
7,2025_november_22_28,november,0.25,0.37362346464488416,1.315443931755754,0.08845045051112153,0.9212827988338192,0.6301369863013698
7,2025_november_22_28,november,0.3,0.38553487359728245,1.38368272625939,0.09253374580299266,0.9183673469387755,0.6
7,2025_november_22_28,november,0.35,0.3869369542521926,1.3910042229006592,0.09806714290732509,0.9183673469387755,0.5882352941176471
7,2025_november_22_28,november,0.4,0.39728077816936247,1.4253772431662979,0.1051960034087383,0.9125364431486881,0.53125
7,2025_november_22_28,november,0.45,0.3976951029186632,1.4417842749917527,0.1127618473500927,0.9154518950437318,0.5245901639344263
7,2025_november_22_28,november,0.5,0.3941121887012853,1.4390787719173828,0.11964707453258401,0.9154518950437318,0.5084745762711864
7,2025_november_22_28,november,0.6,0.41699368539451814,1.4951796552791459,0.1537629796406377,0.9096209912536443,0.4150943396226416
7,2025_november_22_28,november,0.7,0.41993981353839804,1.5236235298061114,0.18633199448335544,0.9125364431486881,0.39999999999999997
8,2025_may_01_07,may,0.05,0.2578994199639848,0.778886255947474,0.13088412425616794,0.717201166180758,0.39751552795031053
8,2025_may_01_07,may,0.1,0.24113047706118526,0.78195318108168,0.10530707625949969,0.8134110787172012,0.4838709677419354
8,2025_may_01_07,may,0.15,0.23233567670274483,0.8178398158340495,0.07211531177043795,0.880466472303207,0.5591397849462365
8,2025_may_01_07,may,0.2,0.22767340662896923,0.8416884023303668,0.04476661235980046,0.9125364431486881,0.6052631578947367
8,2025_may_01_07,may,0.25,0.22505862699395296,0.8644082095601757,0.045328636356003926,0.9183673469387755,0.5882352941176471
8,2025_may_01_07,may,0.3,0.2254323134810381,0.8730024175406326,0.05492321156780977,0.9183673469387755,0.5625000000000001
8,2025_may_01_07,may,0.35,0.23703185626624554,0.9208669174109637,0.08022516801469955,0.9183673469387755,0.5
8,2025_may_01_07,may,0.4,0.24190459023250077,0.9335379077644946,0.08365204844429057,0.9125364431486881,0.4444444444444444
8,2025_may_01_07,may,0.45,0.24096248834000977,0.9469510930718036,0.09672157046223938,0.9067055393586005,0.36
8,2025_may_01_07,may,0.5,0.24879588677036849,0.965180315269113,0.11608641079847758,0.9037900874635568,0.29787234042553196
8,2025_may_01_07,may,0.6,0.288288961818396,1.1970433777403195,0.15121990334561788,0.8892128279883382,0.09523809523809525
8,2025_may_01_07,may,0.7,0.27763043064781784,1.1829593063042492,0.16652463864905453,0.8862973760932945,0.0
8,2025_may_08_14,may,0.05,0.3866920619909988,1.1006033382357592,0.24038789292209545,0.749271137026239,0.5520833333333334
8,2025_may_08_14,may,0.1,0.37357365013833316,1.1041650620029535,0.21078383484346536,0.8192419825072886,0.5974025974025974
8,2025_may_08_14,may,0.15,0.35292530926863436,1.0837634663458502,0.1701104725573157,0.8892128279883382,0.6833333333333335
8,2025_may_08_14,may,0.2,0.3495403753104515,1.0885661441312287,0.1659415247937089,0.9008746355685131,0.7017543859649122
8,2025_may_08_14,may,0.25,0.3465899801395312,1.0959904143819277,0.1729753034558738,0.9096209912536443,0.7207207207207207
8,2025_may_08_14,may,0.3,0.3393761918085727,1.0961888409228955,0.1782030226659694,0.924198250728863,0.7547169811320754
8,2025_may_08_14,may,0.35,0.34022788414437843,1.1140719615899104,0.1897266454173309,0.924198250728863,0.7346938775510203
8,2025_may_08_14,may,0.4,0.3413456952145803,1.1142556888701076,0.1961041562073017,0.9212827988338192,0.7032967032967032
8,2025_may_08_14,may,0.45,0.34453673533063744,1.1182879110301316,0.20315786608365197,0.9154518950437318,0.6666666666666667
8,2025_may_08_14,may,0.5,0.3760270756585484,1.2012071846388217,0.20827290563579492,0.8950437317784257,0.5499999999999999
8,2025_may_08_14,may,0.6,0.41291736810111485,1.3139864834652253,0.24523141078741093,0.8775510204081632,0.4166666666666667
8,2025_may_08_14,may,0.7,0.4517807542507661,1.5066095003634532,0.2929404232121689,0.8688046647230321,0.34782608695652173
8,2025_may_15_21,may,0.05,0.3218087079277504,0.7502705731932552,0.18767749666816352,0.6268221574344023,0.3118279569892473
8,2025_may_15_21,may,0.1,0.3103795503027601,0.7511075720412906,0.17597113302188147,0.717201166180758,0.3660130718954248
8,2025_may_15_21,may,0.15,0.26457635865698886,0.7429171297142113,0.11693328843365315,0.8746355685131195,0.5567010309278351
8,2025_may_15_21,may,0.2,0.25764771948066756,0.7384130071449724,0.11071099270096146,0.8833819241982507,0.5652173913043479
8,2025_may_15_21,may,0.25,0.2517109635556227,0.7474031907749371,0.10052387457939005,0.9037900874635568,0.6117647058823529
8,2025_may_15_21,may,0.3,0.24726995055587161,0.7662519841747805,0.08163380256012451,0.9125364431486881,0.605263157894737
8,2025_may_15_21,may,0.35,0.23715035972270707,0.7775063192988065,0.06376803426028854,0.9300291545189504,0.6470588235294118
8,2025_may_15_21,may,0.4,0.23807168553994665,0.7829272671780885,0.06743634446275552,0.9271137026239067,0.6268656716417911
8,2025_may_15_21,may,0.45,0.24145300768741834,0.8065395843168408,0.07302481348084741,0.9271137026239067,0.6153846153846154
8,2025_may_15_21,may,0.5,0.24210071921623158,0.827700357854285,0.08622215289695453,0.9300291545189504,0.5999999999999999
8,2025_may_15_21,may,0.6,0.2484358965054648,0.8403317847001132,0.09481410626079151,0.9271137026239067,0.5454545454545455
8,2025_may_15_21,may,0.7,0.2517916648151131,1.0119312469132757,0.16109420419337586,0.9300291545189504,0.4782608695652174
8,2025_may_22_28,may,0.05,0.3618647983040643,1.0175935112426588,0.16604199323804253,0.717201166180758,0.5125628140703518
8,2025_may_22_28,may,0.1,0.35052306139985634,1.0577132335093806,0.1317617192651693,0.8483965014577259,0.638888888888889
8,2025_may_22_28,may,0.15,0.33587230618464337,1.0506188384509147,0.1042132685930403,0.8833819241982507,0.6610169491525424
8,2025_may_22_28,may,0.2,0.33171340006963046,1.0422949676036337,0.09547030999095221,0.892128279883382,0.6542056074766356
8,2025_may_22_28,may,0.25,0.3300536409401216,1.0437623268903442,0.0963634404785275,0.8950437317784257,0.660377358490566
8,2025_may_22_28,may,0.3,0.32902721468369023,1.0384744613687005,0.0975062718361058,0.8950437317784257,0.660377358490566
8,2025_may_22_28,may,0.35,0.3285204083987745,1.054533058809367,0.10443996041643719,0.9037900874635568,0.6732673267326733
8,2025_may_22_28,may,0.4,0.3312213888089351,1.0594999121012894,0.10740361319023196,0.8979591836734694,0.6464646464646465
8,2025_may_22_28,may,0.45,0.3347888142032959,1.1110539348018176,0.12363388698676232,0.8979591836734694,0.5977011494252874
8,2025_may_22_28,may,0.5,0.32933943346748923,1.1642375731358487,0.1474986358222818,0.9067055393586005,0.6
8,2025_may_22_28,may,0.6,0.3502476424208658,1.1886876553590733,0.2017260821872627,0.8862973760932945,0.4657534246575342
8,2025_may_22_28,may,0.7,0.36299542595810463,1.3186034282076993,0.24381728111988576,0.880466472303207,0.3880597014925373
8,2025_november_01_07,november,0.05,0.28672733822956975,0.6346351205561818,0.18720542213198174,0.6880466472303207,0.45128205128205134
8,2025_november_01_07,november,0.1,0.2763601921343975,0.6345693265153736,0.16884798505892684,0.7580174927113703,0.49696969696969695
8,2025_november_01_07,november,0.15,0.25096525495235067,0.6208245586356927,0.12566377855735036,0.8629737609329446,0.6299212598425197
8,2025_november_01_07,november,0.2,0.23384566084794284,0.6158989825214589,0.0992442706094595,0.9008746355685131,0.6909090909090908
8,2025_november_01_07,november,0.25,0.23173118812500243,0.6178481395305461,0.0959849066283406,0.9037900874635568,0.6915887850467289
8,2025_november_01_07,november,0.3,0.23408954075811864,0.626329213030668,0.09073771418191223,0.9008746355685131,0.6730769230769231
8,2025_november_01_07,november,0.35,0.24493337573369772,0.6474018885221943,0.09204615343166198,0.892128279883382,0.6185567010309279
8,2025_november_01_07,november,0.4,0.24304530228345886,0.7295280739214858,0.12054342836156517,0.9008746355685131,0.5750000000000001
8,2025_november_01_07,november,0.45,0.24599746434029604,0.7030804996043163,0.12306874609299678,0.8892128279883382,0.5
8,2025_november_01_07,november,0.5,0.2762593637688896,0.7950466804152411,0.1522686892077526,0.880466472303207,0.4057971014492754
8,2025_november_01_07,november,0.6,0.3463352396084243,1.1557970066995602,0.3055189130778118,0.8629737609329446,0.17543859649122806
8,2025_november_01_07,november,0.7,0.3284301172184218,1.1215376936171415,0.30547941485155833,0.8629737609329446,0.14545454545454545
8,2025_november_08_14,november,0.05,0.3155116981509757,0.6875443489863123,0.16963682163685206,0.6588921282798834,0.36065573770491804
8,2025_november_08_14,november,0.1,0.30450217985510136,0.6871515774291999,0.15441883535740095,0.717201166180758,0.389937106918239
8,2025_november_08_14,november,0.15,0.2751351340641108,0.7025460701832905,0.08091867147461042,0.8425655976676385,0.46
8,2025_november_08_14,november,0.2,0.2718548232798059,0.6995144707640911,0.08664555082566806,0.8454810495626822,0.4646464646464646
8,2025_november_08_14,november,0.25,0.2652086082470691,0.7122167289567064,0.06676425867280664,0.8600583090379009,0.45454545454545453
8,2025_november_08_14,november,0.3,0.2727170953361107,0.7297402144978816,0.07602912299417142,0.8629737609329446,0.4050632911392405
8,2025_november_08_14,november,0.35,0.2714065167975895,0.7629415065711623,0.08010114768206243,0.8775510204081632,0.41666666666666663
8,2025_november_08_14,november,0.4,0.2668521302167621,0.7621854679928484,0.08652698119625543,0.8833819241982507,0.4117647058823529
8,2025_november_08_14,november,0.45,0.2739789989468044,0.7993043855627057,0.10825062914477351,0.8862973760932945,0.4000000000000001
8,2025_november_08_14,november,0.5,0.26586436279954634,0.7814666438069549,0.10971933567683774,0.8892128279883382,0.40625
8,2025_november_08_14,november,0.6,0.30255466283876997,0.9666908671366711,0.19817248325517356,0.8775510204081632,0.1923076923076923
8,2025_november_08_14,november,0.7,0.28156296395502806,0.9432136388392749,0.24657754121450332,0.8775510204081632,0.08695652173913045
8,2025_november_15_21,november,0.05,0.29632008369045154,0.8119664683027861,0.169620074954261,0.6997084548104956,0.3757575757575758
8,2025_november_15_21,november,0.1,0.2806323139354788,0.8153338308320542,0.13897976103086412,0.7784256559766763,0.4153846153846154
8,2025_november_15_21,november,0.15,0.2512946893723808,0.7916198438280355,0.09319610919007149,0.8950437317784257,0.5714285714285713
8,2025_november_15_21,november,0.2,0.2514361808999097,0.7984862795600908,0.0959396404886506,0.8950437317784257,0.5609756097560975
8,2025_november_15_21,november,0.25,0.2499434505357072,0.8110816437610923,0.0936812903715887,0.9008746355685131,0.5750000000000001
8,2025_november_15_21,november,0.3,0.247276062985974,0.8255784395794347,0.0687211442317335,0.9125364431486881,0.5833333333333334
8,2025_november_15_21,november,0.35,0.24059221889515175,0.8346187944397027,0.056540105176282635,0.9212827988338192,0.5970149253731343
8,2025_november_15_21,november,0.4,0.23891128727712527,0.8443220114973192,0.067790792639111,0.9212827988338192,0.5423728813559322
8,2025_november_15_21,november,0.45,0.2529449586985552,0.9223483984554497,0.07617364176792565,0.9212827988338192,0.509090909090909
8,2025_november_15_21,november,0.5,0.26168718823323933,0.9303649414976144,0.11858945467017945,0.9125364431486881,0.4
8,2025_november_15_21,november,0.6,0.2545262824092931,0.9185891406132113,0.12284533750008761,0.9154518950437318,0.3829787234042553
8,2025_november_15_21,november,0.7,0.2748105442001128,1.1383078361621235,0.19254073489315338,0.9125364431486881,0.21052631578947367
8,2025_november_22_28,november,0.05,0.40484643129633585,1.2914027673379636,0.13512764021612325,0.7638483965014577,0.4635761589403973
8,2025_november_22_28,november,0.1,0.3945166349369089,1.3014458227628074,0.11495371357728135,0.8250728862973761,0.5238095238095238
8,2025_november_22_28,november,0.15,0.379508660529198,1.3321869515114546,0.07334770494985819,0.9212827988338192,0.6746987951807228
8,2025_november_22_28,november,0.2,0.38041238243965886,1.3454979123803055,0.07018266091907317,0.9183673469387755,0.6410256410256411
8,2025_november_22_28,november,0.25,0.37780117600614416,1.3365039170152824,0.07364156339040881,0.9183673469387755,0.6410256410256411
8,2025_november_22_28,november,0.3,0.3772997934173359,1.3667367033475781,0.0677833888861545,0.9212827988338192,0.64
8,2025_november_22_28,november,0.35,0.37802065331319146,1.3816738435933826,0.07210096943718729,0.924198250728863,0.6388888888888888
8,2025_november_22_28,november,0.4,0.3762895749795936,1.3759183647648423,0.07392202190326506,0.924198250728863,0.6388888888888888
8,2025_november_22_28,november,0.45,0.40110462352177095,1.4451522930990996,0.08520998979327468,0.9183673469387755,0.5757575757575758
8,2025_november_22_28,november,0.5,0.3959064481194236,1.4347240154045018,0.08984676521846949,0.9212827988338192,0.5846153846153846
8,2025_november_22_28,november,0.6,0.41690379352578927,1.4849991268541591,0.11930187892442258,0.9067055393586005,0.4482758620689655
8,2025_november_22_28,november,0.7,0.4429871619695499,1.5751181593721117,0.18935743812953867,0.9096209912536443,0.392156862745098
9,2025_may_01_07,may,0.05,0.27277864100957294,0.7806003837135579,0.15461540908929483,0.673469387755102,0.3636363636363636
9,2025_may_01_07,may,0.1,0.2558281489837319,0.7895310299994868,0.12665140954151843,0.7959183673469388,0.47761194029850745
9,2025_may_01_07,may,0.15,0.23988379548376482,0.8052132648141173,0.097230503392121,0.8571428571428571,0.5420560747663551
9,2025_may_01_07,may,0.2,0.22986625853571527,0.8299587096261012,0.06633586844402956,0.9037900874635568,0.611764705882353
9,2025_may_01_07,may,0.25,0.24089453967672317,0.850107446236728,0.05040486982132755,0.8950437317784257,0.5384615384615384
9,2025_may_01_07,may,0.3,0.23927229366435612,0.8576857656179191,0.04071778057293565,0.9037900874635568,0.547945205479452
9,2025_may_01_07,may,0.35,0.24737465911281503,0.9328662461805993,0.07103333306310411,0.9183673469387755,0.5333333333333333
9,2025_may_01_07,may,0.4,0.2385431878952848,0.9397147635957034,0.08651965414108652,0.9154518950437318,0.45283018867924524
9,2025_may_01_07,may,0.45,0.2444929718737498,0.9482804267739249,0.09503825769129909,0.9067055393586005,0.36
9,2025_may_01_07,may,0.5,0.24391012820286728,0.9548823911190987,0.10393735366471689,0.9067055393586005,0.3333333333333333
9,2025_may_01_07,may,0.6,0.26782379127037315,1.0258650908222229,0.1346698793353062,0.8950437317784257,0.1818181818181818
9,2025_may_01_07,may,0.7,0.24233120160828692,1.0797429187519731,0.18402216370741237,0.892128279883382,0.0
9,2025_may_08_14,may,0.05,0.39084372716802185,1.0898238101744195,0.26471070306277905,0.7201166180758017,0.5247524752475248
9,2025_may_08_14,may,0.1,0.3798759215759174,1.0901586944597634,0.2249142677067646,0.8046647230320699,0.5732484076433121
9,2025_may_08_14,may,0.15,0.35771433055139024,1.074894656449496,0.20053215742131722,0.8542274052478134,0.626865671641791
9,2025_may_08_14,may,0.2,0.3421793892172649,1.0709454768951843,0.17238036973110052,0.8979591836734694,0.6956521739130435
9,2025_may_08_14,may,0.25,0.34050918303596045,1.0759644427459254,0.1767779771638634,0.9037900874635568,0.7079646017699114
9,2025_may_08_14,may,0.3,0.33037564685303256,1.076994432566708,0.1861461697142937,0.9212827988338192,0.742857142857143
9,2025_may_08_14,may,0.35,0.3332559404841969,1.086458250034374,0.19434710739574942,0.9183673469387755,0.7142857142857142
9,2025_may_08_14,may,0.4,0.3289965245985211,1.0822104598902227,0.20151842963267866,0.9212827988338192,0.7096774193548387
9,2025_may_08_14,may,0.45,0.3576627787182253,1.1782300208968983,0.21489309619523342,0.9067055393586005,0.6190476190476191
9,2025_may_08_14,may,0.5,0.38086085324772195,1.2276266796305138,0.24448109333616114,0.892128279883382,0.5316455696202531
9,2025_may_08_14,may,0.6,0.40658117289480034,1.2712668106557887,0.25243404391182445,0.8746355685131195,0.4109589041095891
9,2025_may_08_14,may,0.7,0.4424041191453858,1.4792453930162475,0.30197625141464307,0.8658892128279884,0.3235294117647059
9,2025_may_15_21,may,0.05,0.32472627495202727,0.7477221919495856,0.19324471638041055,0.6355685131195336,0.31693989071038253
9,2025_may_15_21,may,0.1,0.2953375770701758,0.7434411968648896,0.15956016947319096,0.7725947521865889,0.417910447761194
9,2025_may_15_21,may,0.15,0.28197220861319994,0.7424829295290132,0.142699964807026,0.8163265306122449,0.4615384615384615
9,2025_may_15_21,may,0.2,0.2649428418805931,0.752966351382819,0.12151494164451174,0.880466472303207,0.5684210526315789
9,2025_may_15_21,may,0.25,0.2599867315533788,0.7565131266839369,0.11182358584494384,0.8979591836734694,0.5977011494252874
9,2025_may_15_21,may,0.3,0.24882814695679709,0.7725612685986499,0.09295011445364763,0.9125364431486881,0.625
9,2025_may_15_21,may,0.35,0.23795537029024422,0.7931451895658699,0.07056210404236732,0.9329446064139941,0.6567164179104478
9,2025_may_15_21,may,0.4,0.24082921362077192,0.798179054754689,0.07431294552276173,0.9300291545189504,0.6363636363636364
9,2025_may_15_21,may,0.45,0.24193125892527279,0.8102494735468483,0.08062962211868953,0.9300291545189504,0.625
9,2025_may_15_21,may,0.5,0.2435089970766432,0.8184731805315882,0.08064490301556823,0.924198250728863,0.5806451612903226
9,2025_may_15_21,may,0.6,0.256707809247506,0.8921793712873689,0.0978082102763278,0.9212827988338192,0.49056603773584906
9,2025_may_15_21,may,0.7,0.2628520320758078,1.0796198233766816,0.18980849107025227,0.9271137026239067,0.4444444444444445
9,2025_may_22_28,may,0.05,0.3657121541267663,1.0039791605657749,0.17336875078927624,0.6938775510204082,0.49275362318840576
9,2025_may_22_28,may,0.1,0.35033888426683385,1.0388898382435927,0.14239950062044998,0.8279883381924198,0.6193548387096774
9,2025_may_22_28,may,0.15,0.3382844007638288,1.065898683524953,0.11826050845300524,0.8717201166180758,0.6666666666666666
9,2025_may_22_28,may,0.2,0.32448327544423666,1.0424227771855128,0.08934975228780652,0.8892128279883382,0.6607142857142857
9,2025_may_22_28,may,0.25,0.3214992869025734,1.0451632090507756,0.08636983988333348,0.9008746355685131,0.6730769230769231
9,2025_may_22_28,may,0.3,0.3257303658027336,1.0430971480047555,0.0917733872610645,0.8979591836734694,0.6601941747572816
9,2025_may_22_28,may,0.35,0.322485812859892,1.0404048750455952,0.09477455100363319,0.9037900874635568,0.6732673267326733
9,2025_may_22_28,may,0.4,0.3160160682820883,1.0638852036625468,0.09513247574049621,0.9096209912536443,0.6736842105263159
9,2025_may_22_28,may,0.45,0.3127341592330857,1.091854238969914,0.10396969819623869,0.9125364431486881,0.6666666666666667
9,2025_may_22_28,may,0.5,0.31892057792889766,1.1241322475914535,0.11678275107854762,0.9096209912536443,0.6265060240963856
9,2025_may_22_28,may,0.6,0.33613488689897336,1.1786212899617259,0.1497952862068233,0.8950437317784257,0.5263157894736843
9,2025_may_22_28,may,0.7,0.3621939083977132,1.301454739511953,0.22985271916260602,0.880466472303207,0.3880597014925373
9,2025_november_01_07,november,0.05,0.2821261906424226,0.6371458785828801,0.1752714871068383,0.7346938775510204,0.48000000000000004
9,2025_november_01_07,november,0.1,0.2764530382569297,0.6380123425085278,0.1677552126084457,0.7667638483965015,0.5061728395061729
9,2025_november_01_07,november,0.15,0.24487519901420174,0.6197795582223986,0.11992276561768214,0.8717201166180758,0.6451612903225806
9,2025_november_01_07,november,0.2,0.22977754589626773,0.6179843905751978,0.09561684173878346,0.9037900874635568,0.6972477064220184
9,2025_november_01_07,november,0.25,0.22846430529386552,0.6186341419270248,0.09498912298948219,0.9037900874635568,0.6915887850467289
9,2025_november_01_07,november,0.3,0.22212995026225366,0.6172027291566539,0.08383792529707866,0.9125364431486881,0.7058823529411765
9,2025_november_01_07,november,0.35,0.22790408328464087,0.6308394921728198,0.09319719777756172,0.9096209912536443,0.6736842105263158
9,2025_november_01_07,november,0.4,0.24472463921050872,0.6755457853987809,0.09971284802038707,0.9008746355685131,0.6046511627906976
9,2025_november_01_07,november,0.45,0.26919311959514064,0.9294371032549468,0.13168221802726854,0.8892128279883382,0.5128205128205128
9,2025_november_01_07,november,0.5,0.24017672025383918,0.6971145937483373,0.13915355992861805,0.8892128279883382,0.4722222222222222
9,2025_november_01_07,november,0.6,0.2884673429816712,0.8884005966612811,0.23986892731681234,0.8717201166180758,0.26666666666666666
9,2025_november_01_07,november,0.7,0.3293277130974744,1.1365731913875008,0.3119308357103638,0.8658892128279884,0.17857142857142855
9,2025_november_08_14,november,0.05,0.31105368683280066,0.6876676463048991,0.1519685288570953,0.6793002915451894,0.375
9,2025_november_08_14,november,0.1,0.29975644835473053,0.6932398340831603,0.12807959141842296,0.749271137026239,0.4189189189189189
9,2025_november_08_14,november,0.15,0.2819774840498673,0.7129398242652238,0.07887383193504349,0.8454810495626822,0.49523809523809526
9,2025_november_08_14,november,0.2,0.27715955465805975,0.7135257589817708,0.07078111435137101,0.8454810495626822,0.4536082474226804
9,2025_november_08_14,november,0.25,0.27105133058721964,0.727149996128565,0.05551950418741619,0.8658892128279884,0.4772727272727273
9,2025_november_08_14,november,0.3,0.277437921526754,0.744012203773311,0.06510628157730912,0.8658892128279884,0.41025641025641024
9,2025_november_08_14,november,0.35,0.2754295214405175,0.7652613564871739,0.07208367492063174,0.8717201166180758,0.40540540540540543
9,2025_november_08_14,november,0.4,0.270286343934565,0.7771006823573801,0.07446527606077076,0.8833819241982507,0.42857142857142855
9,2025_november_08_14,november,0.45,0.2856191129254011,0.8226589717977861,0.08795325430677345,0.880466472303207,0.3880597014925373
9,2025_november_08_14,november,0.5,0.27658048855807116,0.811327419814619,0.09339336691301,0.8862973760932945,0.4000000000000001
9,2025_november_08_14,november,0.6,0.29349751437362026,0.9274486297177668,0.16131671316477156,0.8862973760932945,0.2909090909090909
9,2025_november_08_14,november,0.7,0.2740612663154363,0.941518496929156,0.23907584357491157,0.8833819241982507,0.16666666666666669
9,2025_november_15_21,november,0.05,0.29704543762655733,0.799710454651645,0.16052632048670817,0.6997084548104956,0.36024844720496896
9,2025_november_15_21,november,0.1,0.27921475840066834,0.8017261416212025,0.1346916305110726,0.7900874635568513,0.42857142857142855
9,2025_november_15_21,november,0.15,0.2548302828121826,0.7858694320894668,0.09605980928688854,0.8892128279883382,0.558139534883721
9,2025_november_15_21,november,0.2,0.2525319233057625,0.7923952035843731,0.09446659979295695,0.8950437317784257,0.5609756097560975
9,2025_november_15_21,november,0.25,0.2509414199299352,0.8050122745591362,0.09106720671399147,0.9008746355685131,0.5750000000000001
9,2025_november_15_21,november,0.3,0.25070868322256523,0.8173556093750265,0.07088356369399744,0.9096209912536443,0.5753424657534247
9,2025_november_15_21,november,0.35,0.25962522245605457,0.8851441501492497,0.04879061134114232,0.9154518950437318,0.5671641791044776
9,2025_november_15_21,november,0.4,0.25303993312504336,0.9265022216193078,0.05757182725173962,0.9212827988338192,0.5423728813559322
9,2025_november_15_21,november,0.45,0.25879673666246267,0.9290080587219501,0.11017209283569625,0.9154518950437318,0.4313725490196078
9,2025_november_15_21,november,0.5,0.2633452988186941,0.9403635964702831,0.1155661678738939,0.9154518950437318,0.40816326530612246
9,2025_november_15_21,november,0.6,0.2450640118867962,0.9714875420479823,0.14174547031166937,0.9154518950437318,0.3255813953488372
9,2025_november_15_21,november,0.7,0.28537904253755825,1.1820751794694497,0.19944691321675603,0.9125364431486881,0.21052631578947367
9,2025_november_22_28,november,0.05,0.39605094344512193,1.2361492193799446,0.15938546933950626,0.7667638483965015,0.4666666666666666
9,2025_november_22_28,november,0.1,0.38174187643003,1.2502378380802885,0.1275064716613829,0.8542274052478134,0.5689655172413792
9,2025_november_22_28,november,0.15,0.3703739134485033,1.2694719405710773,0.08930486208385256,0.9183673469387755,0.6666666666666666
9,2025_november_22_28,november,0.2,0.36741313026368516,1.2742869524687128,0.08561884610745024,0.9212827988338192,0.6582278481012659
9,2025_november_22_28,november,0.25,0.36702892046776336,1.2849846222574008,0.08238227351563877,0.924198250728863,0.6578947368421053
9,2025_november_22_28,november,0.3,0.37169335366767364,1.318139936800643,0.08621592463916705,0.9212827988338192,0.6301369863013698
9,2025_november_22_28,november,0.35,0.38796035410737634,1.362099173962018,0.09065896496590883,0.9154518950437318,0.5915492957746479
9,2025_november_22_28,november,0.4,0.3941479372273722,1.3925463526481108,0.0961969350894254,0.9154518950437318,0.5671641791044776
9,2025_november_22_28,november,0.45,0.39521557287433584,1.400665065446577,0.10042733171952241,0.9154518950437318,0.5538461538461538
9,2025_november_22_28,november,0.5,0.39788592558567976,1.4110092336781055,0.10590808119085361,0.9125364431486881,0.5161290322580646
9,2025_november_22_28,november,0.6,0.40854833435635507,1.4467847249527261,0.13606430804486072,0.9096209912536443,0.43636363636363634
9,2025_november_22_28,november,0.7,0.4419812392401762,1.6120257424502584,0.19436255294936594,0.9067055393586005,0.36
