seed,window,month,longitude,latitude,f_static
1,2025_may_01_07,may,13.166666984558105,45.47916793823242,-0.20761393540728423
1,2025_may_01_07,may,13.208333015441895,45.47916793823242,-0.19371124161932535
1,2025_may_01_07,may,13.166666984558105,45.52083206176758,-0.023858617636808015
1,2025_may_01_07,may,13.208333015441895,45.52083206176758,-0.05827902206183598
1,2025_may_01_07,may,13.25,45.52083206176758,-0.08513709344723813
1,2025_may_01_07,may,13.166666984558105,45.5625,-0.3326231757412553
1,2025_may_01_07,may,13.208333015441895,45.5625,-0.3755400870733048
1,2025_may_01_07,may,13.25,45.5625,-0.19408258535228123
1,2025_may_01_07,may,13.291666984558105,45.5625,-0.0619740016550251
1,2025_may_01_07,may,13.333333015441895,45.5625,-0.019465171887178938
1,2025_may_01_07,may,13.166666984558105,45.60416793823242,-0.08851072918771696
1,2025_may_01_07,may,13.208333015441895,45.60416793823242,-0.123611616019472
1,2025_may_01_07,may,13.25,45.60416793823242,-0.46061244481307434
1,2025_may_01_07,may,13.291666984558105,45.60416793823242,-0.5749834803197905
1,2025_may_01_07,may,13.333333015441895,45.60416793823242,-0.42810183157644494
1,2025_may_01_07,may,13.375,45.60416793823242,-0.1602416341215016
1,2025_may_01_07,may,13.416666984558105,45.60416793823242,0.04299769070749405
1,2025_may_01_07,may,13.458333015441895,45.60416793823242,0.018045488882940608
1,2025_may_01_07,may,13.5,45.60416793823242,0.4120455259372851
1,2025_may_01_07,may,13.708333015441895,45.60416793823242,-0.006874070017826973
1,2025_may_01_07,may,13.166666984558105,45.64583206176758,0.04596345196947619
1,2025_may_01_07,may,13.208333015441895,45.64583206176758,0.5713872081748769
1,2025_may_01_07,may,13.25,45.64583206176758,0.6146098225120455
1,2025_may_01_07,may,13.291666984558105,45.64583206176758,0.553347703079111
1,2025_may_01_07,may,13.333333015441895,45.64583206176758,0.4056984386800498
1,2025_may_01_07,may,13.375,45.64583206176758,-0.24425625218222224
1,2025_may_01_07,may,13.416666984558105,45.64583206176758,-0.7035914007354298
1,2025_may_01_07,may,13.458333015441895,45.64583206176758,-0.4254257316727437
1,2025_may_01_07,may,13.5,45.64583206176758,0.21534426569163936
1,2025_may_01_07,may,13.541666984558105,45.64583206176758,0.3468182752076746
1,2025_may_01_07,may,13.583333015441895,45.64583206176758,0.55328528521317
1,2025_may_01_07,may,13.625,45.64583206176758,0.40449218320357344
1,2025_may_01_07,may,13.666666984558105,45.64583206176758,-0.16767173264223129
1,2025_may_01_07,may,13.708333015441895,45.64583206176758,-0.47617171474029174
1,2025_may_01_07,may,13.166666984558105,45.6875,-0.47044188078745286
1,2025_may_01_07,may,13.208333015441895,45.6875,-0.4544626961411569
1,2025_may_01_07,may,13.25,45.6875,-0.26014537886533745
1,2025_may_01_07,may,13.291666984558105,45.6875,-0.09790527505729554
1,2025_may_01_07,may,13.458333015441895,45.6875,0.05313793958781434
1,2025_may_01_07,may,13.5,45.6875,0.15259718459143892
1,2025_may_01_07,may,13.541666984558105,45.6875,0.07589260187731751
1,2025_may_01_07,may,13.583333015441895,45.6875,-0.12428721554403975
1,2025_may_01_07,may,13.625,45.6875,-0.13367411584227717
1,2025_may_01_07,may,13.666666984558105,45.6875,-0.19621218380958938
1,2025_may_01_07,may,13.708333015441895,45.6875,-0.16121685889969709
1,2025_may_01_07,may,13.541666984558105,45.72916793823242,0.20581523006065688
1,2025_may_01_07,may,13.583333015441895,45.72916793823242,0.3891185463321118
1,2025_may_01_07,may,13.625,45.72916793823242,0.2623068647711011
1,2025_may_01_07,may,13.666666984558105,45.72916793823242,0.07960166582100982
1,2025_may_08_14,may,13.166666984558105,45.47916793823242,-0.21316186125937267
1,2025_may_08_14,may,13.208333015441895,45.47916793823242,-0.21628824867927718
1,2025_may_08_14,may,13.166666984558105,45.52083206176758,-0.028793902625798413
1,2025_may_08_14,may,13.208333015441895,45.52083206176758,-0.06577658367353444
1,2025_may_08_14,may,13.25,45.52083206176758,-0.07351981803185759
1,2025_may_08_14,may,13.166666984558105,45.5625,-0.4161194273700032
1,2025_may_08_14,may,13.208333015441895,45.5625,-0.4066725422064958
1,2025_may_08_14,may,13.25,45.5625,-0.17340406961819135
1,2025_may_08_14,may,13.291666984558105,45.5625,-0.051817315792372955
1,2025_may_08_14,may,13.333333015441895,45.5625,-0.010985394339072535
1,2025_may_08_14,may,13.166666984558105,45.60416793823242,0.014502733002998694
1,2025_may_08_14,may,13.208333015441895,45.60416793823242,-0.06701292326327778
1,2025_may_08_14,may,13.25,45.60416793823242,-0.47884253153320355
1,2025_may_08_14,may,13.291666984558105,45.60416793823242,-0.6430608521053507
1,2025_may_08_14,may,13.333333015441895,45.60416793823242,-0.336721980032823
1,2025_may_08_14,may,13.375,45.60416793823242,-0.16411630417728554
1,2025_may_08_14,may,13.416666984558105,45.60416793823242,0.036268685081736717
1,2025_may_08_14,may,13.458333015441895,45.60416793823242,0.0850154762725034
1,2025_may_08_14,may,13.5,45.60416793823242,0.445434021609822
1,2025_may_08_14,may,13.708333015441895,45.60416793823242,-0.013454121171472929
1,2025_may_08_14,may,13.166666984558105,45.64583206176758,0.019634707241358438
1,2025_may_08_14,may,13.208333015441895,45.64583206176758,0.6190114369926378
1,2025_may_08_14,may,13.25,45.64583206176758,0.6889854602973157
1,2025_may_08_14,may,13.291666984558105,45.64583206176758,0.6055953093782903
1,2025_may_08_14,may,13.333333015441895,45.64583206176758,0.3861331309751626
1,2025_may_08_14,may,13.375,45.64583206176758,-0.290833910018701
1,2025_may_08_14,may,13.416666984558105,45.64583206176758,-0.6764462296550195
1,2025_may_08_14,may,13.458333015441895,45.64583206176758,-0.299197610143743
1,2025_may_08_14,may,13.5,45.64583206176758,0.2674143197762522
1,2025_may_08_14,may,13.541666984558105,45.64583206176758,0.36309119623106045
1,2025_may_08_14,may,13.583333015441895,45.64583206176758,0.5540378009909258
1,2025_may_08_14,may,13.625,45.64583206176758,0.38165258561335264
1,2025_may_08_14,may,13.666666984558105,45.64583206176758,-0.24396390287212982
1,2025_may_08_14,may,13.708333015441895,45.64583206176758,-0.5553099954106672
1,2025_may_08_14,may,13.166666984558105,45.6875,-0.4299000317996213
1,2025_may_08_14,may,13.208333015441895,45.6875,-0.5192085146579292
1,2025_may_08_14,may,13.25,45.6875,-0.25489066362589474
1,2025_may_08_14,may,13.291666984558105,45.6875,-0.12026616504261571
1,2025_may_08_14,may,13.458333015441895,45.6875,0.02011521359553106
1,2025_may_08_14,may,13.5,45.6875,0.11015602074817739
1,2025_may_08_14,may,13.541666984558105,45.6875,0.09474199669010988
1,2025_may_08_14,may,13.583333015441895,45.6875,-0.029579606482961204
1,2025_may_08_14,may,13.625,45.6875,-0.12026568181761511
1,2025_may_08_14,may,13.666666984558105,45.6875,-0.2409734148627359
1,2025_may_08_14,may,13.708333015441895,45.6875,-0.18959222898346323
1,2025_may_08_14,may,13.541666984558105,45.72916793823242,0.24174046886425674
1,2025_may_08_14,may,13.583333015441895,45.72916793823242,0.4189659128953584
1,2025_may_08_14,may,13.625,45.72916793823242,0.2679935395281636
1,2025_may_08_14,may,13.666666984558105,45.72916793823242,0.05725860561818498
1,2025_may_15_21,may,13.166666984558105,45.47916793823242,-0.22877899267715943
1,2025_may_15_21,may,13.208333015441895,45.47916793823242,-0.2193092733166289
1,2025_may_15_21,may,13.166666984558105,45.52083206176758,-0.029749696728811
1,2025_may_15_21,may,13.208333015441895,45.52083206176758,-0.08727790741822801
1,2025_may_15_21,may,13.25,45.52083206176758,-0.137946872329115
1,2025_may_15_21,may,13.166666984558105,45.5625,-0.5151302898702895
1,2025_may_15_21,may,13.208333015441895,45.5625,-0.4851865418804647
1,2025_may_15_21,may,13.25,45.5625,-0.20387825246636385
1,2025_may_15_21,may,13.291666984558105,45.5625,-0.05640265780188426
1,2025_may_15_21,may,13.333333015441895,45.5625,-0.01279685497610933
1,2025_may_15_21,may,13.166666984558105,45.60416793823242,0.05725580258378561
1,2025_may_15_21,may,13.208333015441895,45.60416793823242,-0.06086609538834719
1,2025_may_15_21,may,13.25,45.60416793823242,-0.38611578279846126
1,2025_may_15_21,may,13.291666984558105,45.60416793823242,-0.6282053681119273
1,2025_may_15_21,may,13.333333015441895,45.60416793823242,-0.4971252403045036
1,2025_may_15_21,may,13.375,45.60416793823242,-0.1918361096252244
1,2025_may_15_21,may,13.416666984558105,45.60416793823242,0.09394533010337762
1,2025_may_15_21,may,13.458333015441895,45.60416793823242,0.13877974233647739
1,2025_may_15_21,may,13.5,45.60416793823242,0.49488806279452663
1,2025_may_15_21,may,13.708333015441895,45.60416793823242,-0.02396104028846417
1,2025_may_15_21,may,13.166666984558105,45.64583206176758,-0.05608791012439629
1,2025_may_15_21,may,13.208333015441895,45.64583206176758,0.5841848541106096
1,2025_may_15_21,may,13.25,45.64583206176758,0.6456880620994367
1,2025_may_15_21,may,13.291666984558105,45.64583206176758,0.5751749925866566
1,2025_may_15_21,may,13.333333015441895,45.64583206176758,0.42917364896050353
1,2025_may_15_21,may,13.375,45.64583206176758,-0.3054011501588137
1,2025_may_15_21,may,13.416666984558105,45.64583206176758,-0.7422900556567225
1,2025_may_15_21,may,13.458333015441895,45.64583206176758,-0.30948143547666845
1,2025_may_15_21,may,13.5,45.64583206176758,0.2734204789687932
1,2025_may_15_21,may,13.541666984558105,45.64583206176758,0.39828168599966585
1,2025_may_15_21,may,13.583333015441895,45.64583206176758,0.6144459044493165
1,2025_may_15_21,may,13.625,45.64583206176758,0.4427077959468942
1,2025_may_15_21,may,13.666666984558105,45.64583206176758,-0.22264834800510744
1,2025_may_15_21,may,13.708333015441895,45.64583206176758,-0.5083827547947407
1,2025_may_15_21,may,13.166666984558105,45.6875,-0.45067755329322445
1,2025_may_15_21,may,13.208333015441895,45.6875,-0.5069269721245565
1,2025_may_15_21,may,13.25,45.6875,-0.19258464230615474
1,2025_may_15_21,may,13.291666984558105,45.6875,0.00635005758754001
1,2025_may_15_21,may,13.458333015441895,45.6875,-0.015633117046524068
1,2025_may_15_21,may,13.5,45.6875,0.07303738849376207
1,2025_may_15_21,may,13.541666984558105,45.6875,0.044775595151430224
1,2025_may_15_21,may,13.583333015441895,45.6875,-0.10480422424277706
1,2025_may_15_21,may,13.625,45.6875,-0.1056887717608397
1,2025_may_15_21,may,13.666666984558105,45.6875,-0.22938305660042482
1,2025_may_15_21,may,13.708333015441895,45.6875,-0.1566646901411025
1,2025_may_15_21,may,13.541666984558105,45.72916793823242,0.2319262054158363
1,2025_may_15_21,may,13.583333015441895,45.72916793823242,0.4343758878093231
1,2025_may_15_21,may,13.625,45.72916793823242,0.2820449134645024
1,2025_may_15_21,may,13.666666984558105,45.72916793823242,0.09449289354797526
1,2025_may_22_28,may,13.166666984558105,45.47916793823242,-0.19889670379624833
1,2025_may_22_28,may,13.208333015441895,45.47916793823242,-0.17483693103734016
1,2025_may_22_28,may,13.166666984558105,45.52083206176758,-0.053778755659800045
1,2025_may_22_28,may,13.208333015441895,45.52083206176758,-0.11958696149003177
1,2025_may_22_28,may,13.25,45.52083206176758,-0.16605952297506593
1,2025_may_22_28,may,13.166666984558105,45.5625,-0.4810665229533759
1,2025_may_22_28,may,13.208333015441895,45.5625,-0.4676407317900351
1,2025_may_22_28,may,13.25,45.5625,-0.22126072702914426
1,2025_may_22_28,may,13.291666984558105,45.5625,-0.06801788235174304
1,2025_may_22_28,may,13.333333015441895,45.5625,-0.020848231924277445
1,2025_may_22_28,may,13.166666984558105,45.60416793823242,0.0526893253838014
1,2025_may_22_28,may,13.208333015441895,45.60416793823242,-0.06876718374714466
1,2025_may_22_28,may,13.25,45.60416793823242,-0.5380936083615977
1,2025_may_22_28,may,13.291666984558105,45.60416793823242,-0.6685618490716216
1,2025_may_22_28,may,13.333333015441895,45.60416793823242,-0.500262288916164
1,2025_may_22_28,may,13.375,45.60416793823242,-0.1923662945615306
1,2025_may_22_28,may,13.416666984558105,45.60416793823242,0.026458968884150384
1,2025_may_22_28,may,13.458333015441895,45.60416793823242,0.07692654534426951
1,2025_may_22_28,may,13.5,45.60416793823242,0.39675128983949615
1,2025_may_22_28,may,13.708333015441895,45.60416793823242,-0.014593964736501179
1,2025_may_22_28,may,13.166666984558105,45.64583206176758,-0.03163763123377716
1,2025_may_22_28,may,13.208333015441895,45.64583206176758,0.6505723454756082
1,2025_may_22_28,may,13.25,45.64583206176758,0.6748349799744415
1,2025_may_22_28,may,13.291666984558105,45.64583206176758,0.6095453489644296
1,2025_may_22_28,may,13.333333015441895,45.64583206176758,0.43190385337428683
1,2025_may_22_28,may,13.375,45.64583206176758,-0.2652695178610042
1,2025_may_22_28,may,13.416666984558105,45.64583206176758,-0.6208785564860617
1,2025_may_22_28,may,13.458333015441895,45.64583206176758,-0.24497697872412555
1,2025_may_22_28,may,13.5,45.64583206176758,0.24300424118059374
1,2025_may_22_28,may,13.541666984558105,45.64583206176758,0.3084535301032519
1,2025_may_22_28,may,13.583333015441895,45.64583206176758,0.5219882881524873
1,2025_may_22_28,may,13.625,45.64583206176758,0.39143163342311565
1,2025_may_22_28,may,13.666666984558105,45.64583206176758,-0.21701532506710597
1,2025_may_22_28,may,13.708333015441895,45.64583206176758,-0.5494610801403493
1,2025_may_22_28,may,13.166666984558105,45.6875,-0.4711692822293873
1,2025_may_22_28,may,13.208333015441895,45.6875,-0.5850493226630266
1,2025_may_22_28,may,13.25,45.6875,-0.3192237673923263
1,2025_may_22_28,may,13.291666984558105,45.6875,-0.10796095858242333
1,2025_may_22_28,may,13.458333015441895,45.6875,0.033295214096133965
1,2025_may_22_28,may,13.5,45.6875,0.10878199688671517
1,2025_may_22_28,may,13.541666984558105,45.6875,0.05576112766918518
1,2025_may_22_28,may,13.583333015441895,45.6875,-0.10220016748547088
1,2025_may_22_28,may,13.625,45.6875,-0.21192402244443806
1,2025_may_22_28,may,13.666666984558105,45.6875,-0.27122627968189567
1,2025_may_22_28,may,13.708333015441895,45.6875,-0.19563163584312832
1,2025_may_22_28,may,13.541666984558105,45.72916793823242,0.1452374569607892
1,2025_may_22_28,may,13.583333015441895,45.72916793823242,0.30667635117378605
1,2025_may_22_28,may,13.625,45.72916793823242,0.20384938849166853
1,2025_may_22_28,may,13.666666984558105,45.72916793823242,0.03231897763388085
1,2025_november_01_07,november,13.166666984558105,45.47916793823242,-0.16485023543213426
1,2025_november_01_07,november,13.208333015441895,45.47916793823242,-0.16507450652931885
1,2025_november_01_07,november,13.166666984558105,45.52083206176758,-0.0685213424932786
1,2025_november_01_07,november,13.208333015441895,45.52083206176758,-0.08943308375745385
1,2025_november_01_07,november,13.25,45.52083206176758,-0.058957163777694624
1,2025_november_01_07,november,13.166666984558105,45.5625,-0.5962796895216073
1,2025_november_01_07,november,13.208333015441895,45.5625,-0.5052930124529534
1,2025_november_01_07,november,13.25,45.5625,-0.253596912099983
1,2025_november_01_07,november,13.291666984558105,45.5625,-0.23723330462502662
1,2025_november_01_07,november,13.333333015441895,45.5625,-0.31516533924967677
1,2025_november_01_07,november,13.166666984558105,45.60416793823242,0.18754535409948622
1,2025_november_01_07,november,13.208333015441895,45.60416793823242,0.1541916970418548
1,2025_november_01_07,november,13.25,45.60416793823242,-0.43367030765473663
1,2025_november_01_07,november,13.291666984558105,45.60416793823242,-0.8900263866593681
1,2025_november_01_07,november,13.333333015441895,45.60416793823242,-0.4843280652074409
1,2025_november_01_07,november,13.375,45.60416793823242,-0.14790531673804977
1,2025_november_01_07,november,13.416666984558105,45.60416793823242,0.08187306874781539
1,2025_november_01_07,november,13.458333015441895,45.60416793823242,0.17835019415729184
1,2025_november_01_07,november,13.5,45.60416793823242,0.4262293708670683
1,2025_november_01_07,november,13.708333015441895,45.60416793823242,-0.061322906366510506
1,2025_november_01_07,november,13.166666984558105,45.64583206176758,0.131010194531117
1,2025_november_01_07,november,13.208333015441895,45.64583206176758,0.5479519811174622
1,2025_november_01_07,november,13.25,45.64583206176758,0.6373192881302162
1,2025_november_01_07,november,13.291666984558105,45.64583206176758,0.5678789173398766
1,2025_november_01_07,november,13.333333015441895,45.64583206176758,0.3910712044210362
1,2025_november_01_07,november,13.375,45.64583206176758,-0.3262171512194064
1,2025_november_01_07,november,13.416666984558105,45.64583206176758,-0.8268745054057671
1,2025_november_01_07,november,13.458333015441895,45.64583206176758,-0.32096510808571577
1,2025_november_01_07,november,13.5,45.64583206176758,0.31519970241840395
1,2025_november_01_07,november,13.541666984558105,45.64583206176758,0.3118862191198932
1,2025_november_01_07,november,13.583333015441895,45.64583206176758,0.44756513235176276
1,2025_november_01_07,november,13.625,45.64583206176758,0.3662358648271399
1,2025_november_01_07,november,13.666666984558105,45.64583206176758,-0.3101957532485871
1,2025_november_01_07,november,13.708333015441895,45.64583206176758,-0.42350518494344275
1,2025_november_01_07,november,13.166666984558105,45.6875,-0.5708898985813925
1,2025_november_01_07,november,13.208333015441895,45.6875,-0.7569443064450906
1,2025_november_01_07,november,13.25,45.6875,-0.39891273577142405
1,2025_november_01_07,november,13.291666984558105,45.6875,-0.1046831425793912
1,2025_november_01_07,november,13.458333015441895,45.6875,0.03725096164946013
1,2025_november_01_07,november,13.5,45.6875,0.05669884858648582
1,2025_november_01_07,november,13.541666984558105,45.6875,-0.06131393673743914
1,2025_november_01_07,november,13.583333015441895,45.6875,-0.21922342628878183
1,2025_november_01_07,november,13.625,45.6875,-0.21341856299761466
1,2025_november_01_07,november,13.666666984558105,45.6875,-0.04875840376192841
1,2025_november_01_07,november,13.708333015441895,45.6875,0.10546443396301906
1,2025_november_01_07,november,13.541666984558105,45.72916793823242,0.17168899354633968
1,2025_november_01_07,november,13.583333015441895,45.72916793823242,0.3269162356751428
1,2025_november_01_07,november,13.625,45.72916793823242,0.1694489207011455
1,2025_november_01_07,november,13.666666984558105,45.72916793823242,0.054786810041107845
1,2025_november_08_14,november,13.166666984558105,45.47916793823242,-0.16265837846425704
1,2025_november_08_14,november,13.208333015441895,45.47916793823242,-0.1626090632412136
1,2025_november_08_14,november,13.166666984558105,45.52083206176758,0.0011629049159232443
1,2025_november_08_14,november,13.208333015441895,45.52083206176758,-0.04842393096962339
1,2025_november_08_14,november,13.25,45.52083206176758,-0.09301676644153391
1,2025_november_08_14,november,13.166666984558105,45.5625,-0.4868829922196877
1,2025_november_08_14,november,13.208333015441895,45.5625,-0.516743876786835
1,2025_november_08_14,november,13.25,45.5625,-0.2846314337315139
1,2025_november_08_14,november,13.291666984558105,45.5625,-0.2562523140723076
1,2025_november_08_14,november,13.333333015441895,45.5625,-0.33256521015874424
1,2025_november_08_14,november,13.166666984558105,45.60416793823242,0.14475755829747955
1,2025_november_08_14,november,13.208333015441895,45.60416793823242,0.10225254469765667
1,2025_november_08_14,november,13.25,45.60416793823242,-0.41169952889241396
1,2025_november_08_14,november,13.291666984558105,45.60416793823242,-0.8421356803676697
1,2025_november_08_14,november,13.333333015441895,45.60416793823242,-0.4955230227777197
1,2025_november_08_14,november,13.375,45.60416793823242,-0.16362294268279534
1,2025_november_08_14,november,13.416666984558105,45.60416793823242,0.06466809910694693
1,2025_november_08_14,november,13.458333015441895,45.60416793823242,0.162427657058017
1,2025_november_08_14,november,13.5,45.60416793823242,0.4319544731052934
1,2025_november_08_14,november,13.708333015441895,45.60416793823242,-0.05643093178058846
1,2025_november_08_14,november,13.166666984558105,45.64583206176758,0.0842662327060347
1,2025_november_08_14,november,13.208333015441895,45.64583206176758,0.5406933279885527
1,2025_november_08_14,november,13.25,45.64583206176758,0.6251670069164906
1,2025_november_08_14,november,13.291666984558105,45.64583206176758,0.5485344419668373
1,2025_november_08_14,november,13.333333015441895,45.64583206176758,0.3209721486785986
1,2025_november_08_14,november,13.375,45.64583206176758,-0.46991345867227896
1,2025_november_08_14,november,13.416666984558105,45.64583206176758,-0.7794940425219165
1,2025_november_08_14,november,13.458333015441895,45.64583206176758,-0.2787816475080723
1,2025_november_08_14,november,13.5,45.64583206176758,0.3042695069134917
1,2025_november_08_14,november,13.541666984558105,45.64583206176758,0.31226900142152514
1,2025_november_08_14,november,13.583333015441895,45.64583206176758,0.45307037446509485
1,2025_november_08_14,november,13.625,45.64583206176758,0.3669646200582579
1,2025_november_08_14,november,13.666666984558105,45.64583206176758,-0.1787889388286418
1,2025_november_08_14,november,13.708333015441895,45.64583206176758,-0.4280652460662592
1,2025_november_08_14,november,13.166666984558105,45.6875,-0.6543641477173052
1,2025_november_08_14,november,13.208333015441895,45.6875,-0.6987801434026839
1,2025_november_08_14,november,13.25,45.6875,-0.3406633845549943
1,2025_november_08_14,november,13.291666984558105,45.6875,-0.08764016189342096
1,2025_november_08_14,november,13.458333015441895,45.6875,0.04631944185909762
1,2025_november_08_14,november,13.5,45.6875,0.09231604456698318
1,2025_november_08_14,november,13.541666984558105,45.6875,-0.01792093896534309
1,2025_november_08_14,november,13.583333015441895,45.6875,-0.20644331836299962
1,2025_november_08_14,november,13.625,45.6875,-0.18874724339959556
1,2025_november_08_14,november,13.666666984558105,45.6875,-0.04969381506817538
1,2025_november_08_14,november,13.708333015441895,45.6875,0.1007112608829759
1,2025_november_08_14,november,13.541666984558105,45.72916793823242,0.1269542323257888
1,2025_november_08_14,november,13.583333015441895,45.72916793823242,0.2860291133801303
1,2025_november_08_14,november,13.625,45.72916793823242,0.1627586718952909
1,2025_november_08_14,november,13.666666984558105,45.72916793823242,0.04864436410226786
1,2025_november_15_21,november,13.166666984558105,45.47916793823242,-0.22568874991570095
1,2025_november_15_21,november,13.208333015441895,45.47916793823242,-0.2172802824414819
1,2025_november_15_21,november,13.166666984558105,45.52083206176758,-0.027254250644013774
1,2025_november_15_21,november,13.208333015441895,45.52083206176758,-0.09504410219927663
1,2025_november_15_21,november,13.25,45.52083206176758,-0.09443626372048618
1,2025_november_15_21,november,13.166666984558105,45.5625,-0.4501182308539408
1,2025_november_15_21,november,13.208333015441895,45.5625,-0.5313711192543717
1,2025_november_15_21,november,13.25,45.5625,-0.3331475471617118
1,2025_november_15_21,november,13.291666984558105,45.5625,-0.29663870576136747
1,2025_november_15_21,november,13.333333015441895,45.5625,-0.36395812327599486
1,2025_november_15_21,november,13.166666984558105,45.60416793823242,0.1712049253633066
1,2025_november_15_21,november,13.208333015441895,45.60416793823242,0.17594857671264566
1,2025_november_15_21,november,13.25,45.60416793823242,-0.42140906699567454
1,2025_november_15_21,november,13.291666984558105,45.60416793823242,-0.7514101561955312
1,2025_november_15_21,november,13.333333015441895,45.60416793823242,-0.43468642035835453
1,2025_november_15_21,november,13.375,45.60416793823242,-0.08900457868253167
1,2025_november_15_21,november,13.416666984558105,45.60416793823242,0.1203116940636002
1,2025_november_15_21,november,13.458333015441895,45.60416793823242,0.1939524535575601
1,2025_november_15_21,november,13.5,45.60416793823242,0.43856511211599525
1,2025_november_15_21,november,13.708333015441895,45.60416793823242,-0.09902430091201206
1,2025_november_15_21,november,13.166666984558105,45.64583206176758,0.09842975147110125
1,2025_november_15_21,november,13.208333015441895,45.64583206176758,0.5838187815192011
1,2025_november_15_21,november,13.25,45.64583206176758,0.6419888648889792
1,2025_november_15_21,november,13.291666984558105,45.64583206176758,0.6063087070406733
1,2025_november_15_21,november,13.333333015441895,45.64583206176758,0.42186942235948066
1,2025_november_15_21,november,13.375,45.64583206176758,-0.31474864530015073
1,2025_november_15_21,november,13.416666984558105,45.64583206176758,-0.8187625698210026
1,2025_november_15_21,november,13.458333015441895,45.64583206176758,-0.29265117274592695
1,2025_november_15_21,november,13.5,45.64583206176758,0.3531100835012873
1,2025_november_15_21,november,13.541666984558105,45.64583206176758,0.3582900938761578
1,2025_november_15_21,november,13.583333015441895,45.64583206176758,0.4250008266547814
1,2025_november_15_21,november,13.625,45.64583206176758,0.22444371952278902
1,2025_november_15_21,november,13.666666984558105,45.64583206176758,-0.4013123099935899
1,2025_november_15_21,november,13.708333015441895,45.64583206176758,-0.5152351035209543
1,2025_november_15_21,november,13.166666984558105,45.6875,-0.7149147925354012
1,2025_november_15_21,november,13.208333015441895,45.6875,-0.6753303780277534
1,2025_november_15_21,november,13.25,45.6875,-0.34762293840176856
1,2025_november_15_21,november,13.291666984558105,45.6875,-0.11274753456724794
1,2025_november_15_21,november,13.458333015441895,45.6875,-0.012598358102728135
1,2025_november_15_21,november,13.5,45.6875,0.08105528402697815
1,2025_november_15_21,november,13.541666984558105,45.6875,0.05455297406833028
1,2025_november_15_21,november,13.583333015441895,45.6875,-0.17053218465774853
1,2025_november_15_21,november,13.625,45.6875,-0.28495708599448516
1,2025_november_15_21,november,13.666666984558105,45.6875,-0.052826432808124366
1,2025_november_15_21,november,13.708333015441895,45.6875,0.13522265558283023
1,2025_november_15_21,november,13.541666984558105,45.72916793823242,0.14022064802951464
1,2025_november_15_21,november,13.583333015441895,45.72916793823242,0.25089716099176373
1,2025_november_15_21,november,13.625,45.72916793823242,0.15710416251337714
1,2025_november_15_21,november,13.666666984558105,45.72916793823242,0.044934359664768345
1,2025_november_22_28,november,13.166666984558105,45.47916793823242,-0.22037369594976206
1,2025_november_22_28,november,13.208333015441895,45.47916793823242,-0.20691873905233657
1,2025_november_22_28,november,13.166666984558105,45.52083206176758,-0.02315340643448004
1,2025_november_22_28,november,13.208333015441895,45.52083206176758,-0.040596058192773905
1,2025_november_22_28,november,13.25,45.52083206176758,-0.03151384038018906
1,2025_november_22_28,november,13.166666984558105,45.5625,-0.468697990326502
1,2025_november_22_28,november,13.208333015441895,45.5625,-0.5555102183424641
1,2025_november_22_28,november,13.25,45.5625,-0.34187050105230116
1,2025_november_22_28,november,13.291666984558105,45.5625,-0.3277743409974208
1,2025_november_22_28,november,13.333333015441895,45.5625,-0.3956250617446218
1,2025_november_22_28,november,13.166666984558105,45.60416793823242,0.15425497071006503
1,2025_november_22_28,november,13.208333015441895,45.60416793823242,0.1902000470745326
1,2025_november_22_28,november,13.25,45.60416793823242,-0.3585207374804718
1,2025_november_22_28,november,13.291666984558105,45.60416793823242,-0.7313343302150518
1,2025_november_22_28,november,13.333333015441895,45.60416793823242,-0.42695986765117766
1,2025_november_22_28,november,13.375,45.60416793823242,-0.08479948146062843
1,2025_november_22_28,november,13.416666984558105,45.60416793823242,0.139815472991649
1,2025_november_22_28,november,13.458333015441895,45.60416793823242,0.17385561678899134
1,2025_november_22_28,november,13.5,45.60416793823242,0.40331013617792577
1,2025_november_22_28,november,13.708333015441895,45.60416793823242,-0.04292729538349004
1,2025_november_22_28,november,13.166666984558105,45.64583206176758,0.08064242869472416
1,2025_november_22_28,november,13.208333015441895,45.64583206176758,0.534316853717198
1,2025_november_22_28,november,13.25,45.64583206176758,0.6409426561070377
1,2025_november_22_28,november,13.291666984558105,45.64583206176758,0.545197822215308
1,2025_november_22_28,november,13.333333015441895,45.64583206176758,0.40227764350769724
1,2025_november_22_28,november,13.375,45.64583206176758,-0.22830211422743527
1,2025_november_22_28,november,13.416666984558105,45.64583206176758,-0.7480958382629396
1,2025_november_22_28,november,13.458333015441895,45.64583206176758,-0.367195917319925
1,2025_november_22_28,november,13.5,45.64583206176758,0.32883637300454266
1,2025_november_22_28,november,13.541666984558105,45.64583206176758,0.34744533699708713
1,2025_november_22_28,november,13.583333015441895,45.64583206176758,0.4799195880223609
1,2025_november_22_28,november,13.625,45.64583206176758,0.35957049948553355
1,2025_november_22_28,november,13.666666984558105,45.64583206176758,-0.27707463836301427
1,2025_november_22_28,november,13.708333015441895,45.64583206176758,-0.5414341563685838
1,2025_november_22_28,november,13.166666984558105,45.6875,-0.7417877592501404
1,2025_november_22_28,november,13.208333015441895,45.6875,-0.7616354594682341
1,2025_november_22_28,november,13.25,45.6875,-0.37544973165442014
1,2025_november_22_28,november,13.291666984558105,45.6875,-0.09097946776756395
1,2025_november_22_28,november,13.458333015441895,45.6875,0.021369033481435293
1,2025_november_22_28,november,13.5,45.6875,0.0406732504511228
1,2025_november_22_28,november,13.541666984558105,45.6875,-0.03017011629827948
1,2025_november_22_28,november,13.583333015441895,45.6875,-0.18609546490188494
1,2025_november_22_28,november,13.625,45.6875,-0.20900543599427565
1,2025_november_22_28,november,13.666666984558105,45.6875,-0.044458578505980915
1,2025_november_22_28,november,13.708333015441895,45.6875,0.09873279374044276
1,2025_november_22_28,november,13.541666984558105,45.72916793823242,0.12422250207685635
1,2025_november_22_28,november,13.583333015441895,45.72916793823242,0.2625044956939063
1,2025_november_22_28,november,13.625,45.72916793823242,0.1563678920622105
1,2025_november_22_28,november,13.666666984558105,45.72916793823242,0.06327076871516835
10,2025_may_01_07,may,13.166666984558105,45.47916793823242,-0.2143124041503336
10,2025_may_01_07,may,13.208333015441895,45.47916793823242,-0.20437654815501416
10,2025_may_01_07,may,13.166666984558105,45.52083206176758,-0.03529722262534697
10,2025_may_01_07,may,13.208333015441895,45.52083206176758,-0.08234601967916796
10,2025_may_01_07,may,13.25,45.52083206176758,-0.10001767764951519
10,2025_may_01_07,may,13.166666984558105,45.5625,-0.31482190272960475
10,2025_may_01_07,may,13.208333015441895,45.5625,-0.35005590032500233
10,2025_may_01_07,may,13.25,45.5625,-0.16015054913722349
10,2025_may_01_07,may,13.291666984558105,45.5625,-0.04480376569762704
10,2025_may_01_07,may,13.333333015441895,45.5625,-0.008972335247586036
10,2025_may_01_07,may,13.166666984558105,45.60416793823242,-0.038244471966073154
10,2025_may_01_07,may,13.208333015441895,45.60416793823242,-0.0835709009150609
10,2025_may_01_07,may,13.25,45.60416793823242,-0.44020777884111073
10,2025_may_01_07,may,13.291666984558105,45.60416793823242,-0.6209625897543808
10,2025_may_01_07,may,13.333333015441895,45.60416793823242,-0.4666620831260433
10,2025_may_01_07,may,13.375,45.60416793823242,-0.21032229171537375
10,2025_may_01_07,may,13.416666984558105,45.60416793823242,0.05615702058315941
10,2025_may_01_07,may,13.458333015441895,45.60416793823242,0.04988922052902558
10,2025_may_01_07,may,13.5,45.60416793823242,0.38656826271965533
10,2025_may_01_07,may,13.708333015441895,45.60416793823242,-0.02691446577847184
10,2025_may_01_07,may,13.166666984558105,45.64583206176758,-0.028728859563957477
10,2025_may_01_07,may,13.208333015441895,45.64583206176758,0.5813474657471129
10,2025_may_01_07,may,13.25,45.64583206176758,0.5908632173800933
10,2025_may_01_07,may,13.291666984558105,45.64583206176758,0.552429036856103
10,2025_may_01_07,may,13.333333015441895,45.64583206176758,0.3554574188761625
10,2025_may_01_07,may,13.375,45.64583206176758,-0.3484628029501667
10,2025_may_01_07,may,13.416666984558105,45.64583206176758,-0.7123079115270948
10,2025_may_01_07,may,13.458333015441895,45.64583206176758,-0.24691362854331678
10,2025_may_01_07,may,13.5,45.64583206176758,0.25477048919507744
10,2025_may_01_07,may,13.541666984558105,45.64583206176758,0.3245272844307236
10,2025_may_01_07,may,13.583333015441895,45.64583206176758,0.5575719417465967
10,2025_may_01_07,may,13.625,45.64583206176758,0.4165410506677397
10,2025_may_01_07,may,13.666666984558105,45.64583206176758,-0.22424944684339831
10,2025_may_01_07,may,13.708333015441895,45.64583206176758,-0.5754033730308519
10,2025_may_01_07,may,13.166666984558105,45.6875,-0.5363428146781225
10,2025_may_01_07,may,13.208333015441895,45.6875,-0.4759448717905013
10,2025_may_01_07,may,13.25,45.6875,-0.2269613214041972
10,2025_may_01_07,may,13.291666984558105,45.6875,-0.05547463573763759
10,2025_may_01_07,may,13.458333015441895,45.6875,-0.0331815131199128
10,2025_may_01_07,may,13.5,45.6875,-0.03417847187481916
10,2025_may_01_07,may,13.541666984558105,45.6875,-0.02548294764017689
10,2025_may_01_07,may,13.583333015441895,45.6875,-0.08963564549141141
10,2025_may_01_07,may,13.625,45.6875,-0.10774959112483827
10,2025_may_01_07,may,13.666666984558105,45.6875,-0.24298944167837305
10,2025_may_01_07,may,13.708333015441895,45.6875,-0.2240700969290361
10,2025_may_01_07,may,13.541666984558105,45.72916793823242,0.15777720973015982
10,2025_may_01_07,may,13.583333015441895,45.72916793823242,0.3277913313758037
10,2025_may_01_07,may,13.625,45.72916793823242,0.231864243246323
10,2025_may_01_07,may,13.666666984558105,45.72916793823242,0.06890422303637543
10,2025_may_08_14,may,13.166666984558105,45.47916793823242,-0.1754220689095539
10,2025_may_08_14,may,13.208333015441895,45.47916793823242,-0.1696836253882839
10,2025_may_08_14,may,13.166666984558105,45.52083206176758,-0.046245703526869957
10,2025_may_08_14,may,13.208333015441895,45.52083206176758,-0.09909239861376898
10,2025_may_08_14,may,13.25,45.52083206176758,-0.12898307648933843
10,2025_may_08_14,may,13.166666984558105,45.5625,-0.3823593771073678
10,2025_may_08_14,may,13.208333015441895,45.5625,-0.4215054418796518
10,2025_may_08_14,may,13.25,45.5625,-0.2079752151455986
10,2025_may_08_14,may,13.291666984558105,45.5625,-0.05568298267278294
10,2025_may_08_14,may,13.333333015441895,45.5625,-0.01354290922903755
10,2025_may_08_14,may,13.166666984558105,45.60416793823242,-0.10069236149527898
10,2025_may_08_14,may,13.208333015441895,45.60416793823242,-0.11032374726878166
10,2025_may_08_14,may,13.25,45.60416793823242,-0.47843430552897276
10,2025_may_08_14,may,13.291666984558105,45.60416793823242,-0.6264536541271156
10,2025_may_08_14,may,13.333333015441895,45.60416793823242,-0.43953096624603855
10,2025_may_08_14,may,13.375,45.60416793823242,-0.1872511209004584
10,2025_may_08_14,may,13.416666984558105,45.60416793823242,0.06534859878806812
10,2025_may_08_14,may,13.458333015441895,45.60416793823242,0.028873593883876506
10,2025_may_08_14,may,13.5,45.60416793823242,0.46003894792531785
10,2025_may_08_14,may,13.708333015441895,45.60416793823242,-0.007979213234367646
10,2025_may_08_14,may,13.166666984558105,45.64583206176758,0.07336119342901361
10,2025_may_08_14,may,13.208333015441895,45.64583206176758,0.6480526064182779
10,2025_may_08_14,may,13.25,45.64583206176758,0.6261118928062837
10,2025_may_08_14,may,13.291666984558105,45.64583206176758,0.5314989807368207
10,2025_may_08_14,may,13.333333015441895,45.64583206176758,0.37170209738390236
10,2025_may_08_14,may,13.375,45.64583206176758,-0.1469926131309545
10,2025_may_08_14,may,13.416666984558105,45.64583206176758,-0.6170681530537774
10,2025_may_08_14,may,13.458333015441895,45.64583206176758,-0.2675288579315763
10,2025_may_08_14,may,13.5,45.64583206176758,0.3013976963666823
10,2025_may_08_14,may,13.541666984558105,45.64583206176758,0.33504431824174136
10,2025_may_08_14,may,13.583333015441895,45.64583206176758,0.5124650648127452
10,2025_may_08_14,may,13.625,45.64583206176758,0.3685800445117916
10,2025_may_08_14,may,13.666666984558105,45.64583206176758,-0.21265864533128584
10,2025_may_08_14,may,13.708333015441895,45.64583206176758,-0.539063745574073
10,2025_may_08_14,may,13.166666984558105,45.6875,-0.44962401854891243
10,2025_may_08_14,may,13.208333015441895,45.6875,-0.474401398252122
10,2025_may_08_14,may,13.25,45.6875,-0.21330749396501728
10,2025_may_08_14,may,13.291666984558105,45.6875,-0.0814021554598022
10,2025_may_08_14,may,13.458333015441895,45.6875,0.031075130077794597
10,2025_may_08_14,may,13.5,45.6875,0.1340690455572542
10,2025_may_08_14,may,13.541666984558105,45.6875,0.08414234502335095
10,2025_may_08_14,may,13.583333015441895,45.6875,-0.06604278488713056
10,2025_may_08_14,may,13.625,45.6875,-0.12207380249616812
10,2025_may_08_14,may,13.666666984558105,45.6875,-0.17623367412569063
10,2025_may_08_14,may,13.708333015441895,45.6875,-0.1501820676177197
10,2025_may_08_14,may,13.541666984558105,45.72916793823242,0.20043210654583407
10,2025_may_08_14,may,13.583333015441895,45.72916793823242,0.38274904466862514
10,2025_may_08_14,may,13.625,45.72916793823242,0.2480029693966298
10,2025_may_08_14,may,13.666666984558105,45.72916793823242,0.07311944993433647
10,2025_may_15_21,may,13.166666984558105,45.47916793823242,-0.19051802850849098
10,2025_may_15_21,may,13.208333015441895,45.47916793823242,-0.17321788594853396
10,2025_may_15_21,may,13.166666984558105,45.52083206176758,-0.039343923772707075
10,2025_may_15_21,may,13.208333015441895,45.52083206176758,-0.0827199230773518
10,2025_may_15_21,may,13.25,45.52083206176758,-0.10057978615488027
10,2025_may_15_21,may,13.166666984558105,45.5625,-0.46372340083864366
10,2025_may_15_21,may,13.208333015441895,45.5625,-0.481925862566344
10,2025_may_15_21,may,13.25,45.5625,-0.1963324074133874
10,2025_may_15_21,may,13.291666984558105,45.5625,-0.04603831592511328
10,2025_may_15_21,may,13.333333015441895,45.5625,-0.014323777597690332
10,2025_may_15_21,may,13.166666984558105,45.60416793823242,-0.00842809396712552
10,2025_may_15_21,may,13.208333015441895,45.60416793823242,-0.06054778877845058
10,2025_may_15_21,may,13.25,45.60416793823242,-0.41495301763334164
10,2025_may_15_21,may,13.291666984558105,45.60416793823242,-0.5508368210831928
10,2025_may_15_21,may,13.333333015441895,45.60416793823242,-0.39799722867127235
10,2025_may_15_21,may,13.375,45.60416793823242,-0.23998971953457682
10,2025_may_15_21,may,13.416666984558105,45.60416793823242,0.030392634693317717
10,2025_may_15_21,may,13.458333015441895,45.60416793823242,0.016524878750205092
10,2025_may_15_21,may,13.5,45.60416793823242,0.3757750653027155
10,2025_may_15_21,may,13.708333015441895,45.60416793823242,-0.014964153625891206
10,2025_may_15_21,may,13.166666984558105,45.64583206176758,-0.021332749688791636
10,2025_may_15_21,may,13.208333015441895,45.64583206176758,0.6236550836655859
10,2025_may_15_21,may,13.25,45.64583206176758,0.6493826442599671
10,2025_may_15_21,may,13.291666984558105,45.64583206176758,0.5588909776253898
10,2025_may_15_21,may,13.333333015441895,45.64583206176758,0.3842569723959624
10,2025_may_15_21,may,13.375,45.64583206176758,-0.33633539249014943
10,2025_may_15_21,may,13.416666984558105,45.64583206176758,-0.7094525379313016
10,2025_may_15_21,may,13.458333015441895,45.64583206176758,-0.30949341900921945
10,2025_may_15_21,may,13.5,45.64583206176758,0.2964924439391253
10,2025_may_15_21,may,13.541666984558105,45.64583206176758,0.3625970867752397
10,2025_may_15_21,may,13.583333015441895,45.64583206176758,0.5662150045112323
10,2025_may_15_21,may,13.625,45.64583206176758,0.38214479432477194
10,2025_may_15_21,may,13.666666984558105,45.64583206176758,-0.30953928709581124
10,2025_may_15_21,may,13.708333015441895,45.64583206176758,-0.5274608403228325
10,2025_may_15_21,may,13.166666984558105,45.6875,-0.5316172925980751
10,2025_may_15_21,may,13.208333015441895,45.6875,-0.5015897702783549
10,2025_may_15_21,may,13.25,45.6875,-0.279594243751291
10,2025_may_15_21,may,13.291666984558105,45.6875,-0.029554062113169632
10,2025_may_15_21,may,13.458333015441895,45.6875,0.026391047412327444
10,2025_may_15_21,may,13.5,45.6875,0.08456969379492896
10,2025_may_15_21,may,13.541666984558105,45.6875,0.026034597809205855
10,2025_may_15_21,may,13.583333015441895,45.6875,-0.10617175595389791
10,2025_may_15_21,may,13.625,45.6875,-0.13657511111775103
10,2025_may_15_21,may,13.666666984558105,45.6875,-0.2135627690342067
10,2025_may_15_21,may,13.708333015441895,45.6875,-0.187020593589498
10,2025_may_15_21,may,13.541666984558105,45.72916793823242,0.20311996280329583
10,2025_may_15_21,may,13.583333015441895,45.72916793823242,0.35280370443046605
10,2025_may_15_21,may,13.625,45.72916793823242,0.21836031780557782
10,2025_may_15_21,may,13.666666984558105,45.72916793823242,0.06280026061516397
10,2025_may_22_28,may,13.166666984558105,45.47916793823242,-0.2676518474516722
10,2025_may_22_28,may,13.208333015441895,45.47916793823242,-0.24961758301608586
10,2025_may_22_28,may,13.166666984558105,45.52083206176758,-0.03565541411147537
10,2025_may_22_28,may,13.208333015441895,45.52083206176758,-0.06678794376647511
10,2025_may_22_28,may,13.25,45.52083206176758,-0.0512322056792834
10,2025_may_22_28,may,13.166666984558105,45.5625,-0.5030262753759286
10,2025_may_22_28,may,13.208333015441895,45.5625,-0.5273476291323375
10,2025_may_22_28,may,13.25,45.5625,-0.21138297461882513
10,2025_may_22_28,may,13.291666984558105,45.5625,-0.041108033756949554
10,2025_may_22_28,may,13.333333015441895,45.5625,-0.009570225831116306
10,2025_may_22_28,may,13.166666984558105,45.60416793823242,0.027930577646136275
10,2025_may_22_28,may,13.208333015441895,45.60416793823242,-0.05158721990441433
10,2025_may_22_28,may,13.25,45.60416793823242,-0.4367138461185763
10,2025_may_22_28,may,13.291666984558105,45.60416793823242,-0.6288126696271689
10,2025_may_22_28,may,13.333333015441895,45.60416793823242,-0.47453700143459004
10,2025_may_22_28,may,13.375,45.60416793823242,-0.17981521356833202
10,2025_may_22_28,may,13.416666984558105,45.60416793823242,0.012457070800143268
10,2025_may_22_28,may,13.458333015441895,45.60416793823242,0.018925964283734036
10,2025_may_22_28,may,13.5,45.60416793823242,0.41698621224687066
10,2025_may_22_28,may,13.708333015441895,45.60416793823242,-0.00797509728416636
10,2025_may_22_28,may,13.166666984558105,45.64583206176758,-0.002067668125741211
10,2025_may_22_28,may,13.208333015441895,45.64583206176758,0.7001858085306253
10,2025_may_22_28,may,13.25,45.64583206176758,0.7330235421234461
10,2025_may_22_28,may,13.291666984558105,45.64583206176758,0.6280219634796268
10,2025_may_22_28,may,13.333333015441895,45.64583206176758,0.4204271632664544
10,2025_may_22_28,may,13.375,45.64583206176758,-0.2921183025348319
10,2025_may_22_28,may,13.416666984558105,45.64583206176758,-0.7304423012149645
10,2025_may_22_28,may,13.458333015441895,45.64583206176758,-0.35663384807397197
10,2025_may_22_28,may,13.5,45.64583206176758,0.22495686515896407
10,2025_may_22_28,may,13.541666984558105,45.64583206176758,0.32855106957639857
10,2025_may_22_28,may,13.583333015441895,45.64583206176758,0.5482986166070108
10,2025_may_22_28,may,13.625,45.64583206176758,0.42390543144611864
10,2025_may_22_28,may,13.666666984558105,45.64583206176758,-0.1812456458932287
10,2025_may_22_28,may,13.708333015441895,45.64583206176758,-0.5298992410419777
10,2025_may_22_28,may,13.166666984558105,45.6875,-0.5340056929970256
10,2025_may_22_28,may,13.208333015441895,45.6875,-0.5795287921839875
10,2025_may_22_28,may,13.25,45.6875,-0.3108951943003519
10,2025_may_22_28,may,13.291666984558105,45.6875,-0.12317903368616318
10,2025_may_22_28,may,13.458333015441895,45.6875,0.045672845985108575
10,2025_may_22_28,may,13.5,45.6875,0.17326095424348734
10,2025_may_22_28,may,13.541666984558105,45.6875,0.09272184663637938
10,2025_may_22_28,may,13.583333015441895,45.6875,-0.09621020116562982
10,2025_may_22_28,may,13.625,45.6875,-0.15593222695990525
10,2025_may_22_28,may,13.666666984558105,45.6875,-0.22011143406994554
10,2025_may_22_28,may,13.708333015441895,45.6875,-0.18522270334431717
10,2025_may_22_28,may,13.541666984558105,45.72916793823242,0.21534816694488926
10,2025_may_22_28,may,13.583333015441895,45.72916793823242,0.4056954946356762
10,2025_may_22_28,may,13.625,45.72916793823242,0.2548165470796601
10,2025_may_22_28,may,13.666666984558105,45.72916793823242,0.06591414653726622
10,2025_november_01_07,november,13.166666984558105,45.47916793823242,-0.16690257261321506
10,2025_november_01_07,november,13.208333015441895,45.47916793823242,-0.17240329792554127
10,2025_november_01_07,november,13.166666984558105,45.52083206176758,-0.06791345475523003
10,2025_november_01_07,november,13.208333015441895,45.52083206176758,-0.1139174549357477
10,2025_november_01_07,november,13.25,45.52083206176758,-0.10893889774688767
10,2025_november_01_07,november,13.166666984558105,45.5625,-0.4935111685608843
10,2025_november_01_07,november,13.208333015441895,45.5625,-0.42307869007401727
10,2025_november_01_07,november,13.25,45.5625,-0.1833562589906629
10,2025_november_01_07,november,13.291666984558105,45.5625,-0.2014449605537521
10,2025_november_01_07,november,13.333333015441895,45.5625,-0.271659358097438
10,2025_november_01_07,november,13.166666984558105,45.60416793823242,0.1435798086941749
10,2025_november_01_07,november,13.208333015441895,45.60416793823242,0.1545820126259656
10,2025_november_01_07,november,13.25,45.60416793823242,-0.44688083894542135
10,2025_november_01_07,november,13.291666984558105,45.60416793823242,-0.7831238871753151
10,2025_november_01_07,november,13.333333015441895,45.60416793823242,-0.47477529631115895
10,2025_november_01_07,november,13.375,45.60416793823242,-0.12034726046342378
10,2025_november_01_07,november,13.416666984558105,45.60416793823242,0.07951268186701876
10,2025_november_01_07,november,13.458333015441895,45.60416793823242,0.17240517052788396
10,2025_november_01_07,november,13.5,45.60416793823242,0.4112880605511754
10,2025_november_01_07,november,13.708333015441895,45.60416793823242,-0.042457932544319
10,2025_november_01_07,november,13.166666984558105,45.64583206176758,0.07982191887959302
10,2025_november_01_07,november,13.208333015441895,45.64583206176758,0.5657615243231051
10,2025_november_01_07,november,13.25,45.64583206176758,0.6289473109744242
10,2025_november_01_07,november,13.291666984558105,45.64583206176758,0.5946295791183127
10,2025_november_01_07,november,13.333333015441895,45.64583206176758,0.41144346062456766
10,2025_november_01_07,november,13.375,45.64583206176758,-0.3934862665500357
10,2025_november_01_07,november,13.416666984558105,45.64583206176758,-0.7685515362493154
10,2025_november_01_07,november,13.458333015441895,45.64583206176758,-0.26916606486131667
10,2025_november_01_07,november,13.5,45.64583206176758,0.2953893110607031
10,2025_november_01_07,november,13.541666984558105,45.64583206176758,0.3056009939797509
10,2025_november_01_07,november,13.583333015441895,45.64583206176758,0.4661135727409046
10,2025_november_01_07,november,13.625,45.64583206176758,0.3468533768749033
10,2025_november_01_07,november,13.666666984558105,45.64583206176758,-0.19614367255645335
10,2025_november_01_07,november,13.708333015441895,45.64583206176758,-0.4344934445563547
10,2025_november_01_07,november,13.166666984558105,45.6875,-0.6479618531141789
10,2025_november_01_07,november,13.208333015441895,45.6875,-0.7278823420870616
10,2025_november_01_07,november,13.25,45.6875,-0.38983390803130696
10,2025_november_01_07,november,13.291666984558105,45.6875,-0.07935033355258951
10,2025_november_01_07,november,13.458333015441895,45.6875,0.04487762637686264
10,2025_november_01_07,november,13.5,45.6875,0.07898125822649395
10,2025_november_01_07,november,13.541666984558105,45.6875,0.02160929340218276
10,2025_november_01_07,november,13.583333015441895,45.6875,-0.09077583545705348
10,2025_november_01_07,november,13.625,45.6875,-0.20457736326030718
10,2025_november_01_07,november,13.666666984558105,45.6875,-0.05179869862716659
10,2025_november_01_07,november,13.708333015441895,45.6875,0.12349129115105684
10,2025_november_01_07,november,13.541666984558105,45.72916793823242,0.06451518457635315
10,2025_november_01_07,november,13.583333015441895,45.72916793823242,0.20840921091159698
10,2025_november_01_07,november,13.625,45.72916793823242,0.13143684829256339
10,2025_november_01_07,november,13.666666984558105,45.72916793823242,0.023590924262229133
10,2025_november_08_14,november,13.166666984558105,45.47916793823242,-0.1548828623201083
10,2025_november_08_14,november,13.208333015441895,45.47916793823242,-0.14371446280351538
10,2025_november_08_14,november,13.166666984558105,45.52083206176758,-0.006491369468481044
10,2025_november_08_14,november,13.208333015441895,45.52083206176758,-0.0366870620460667
10,2025_november_08_14,november,13.25,45.52083206176758,-0.07021845949600487
10,2025_november_08_14,november,13.166666984558105,45.5625,-0.3996272394901527
10,2025_november_08_14,november,13.208333015441895,45.5625,-0.4412988086633379
10,2025_november_08_14,november,13.25,45.5625,-0.24434700884515828
10,2025_november_08_14,november,13.291666984558105,45.5625,-0.22199369712560804
10,2025_november_08_14,november,13.333333015441895,45.5625,-0.2766837719184192
10,2025_november_08_14,november,13.166666984558105,45.60416793823242,0.17221007544907718
10,2025_november_08_14,november,13.208333015441895,45.60416793823242,0.17224553191789235
10,2025_november_08_14,november,13.25,45.60416793823242,-0.39582279881844146
10,2025_november_08_14,november,13.291666984558105,45.60416793823242,-0.8228102087006567
10,2025_november_08_14,november,13.333333015441895,45.60416793823242,-0.4322722086526162
10,2025_november_08_14,november,13.375,45.60416793823242,-0.1308777760060564
10,2025_november_08_14,november,13.416666984558105,45.60416793823242,0.09802487335235502
10,2025_november_08_14,november,13.458333015441895,45.60416793823242,0.1951997014009032
10,2025_november_08_14,november,13.5,45.60416793823242,0.4395092847875794
10,2025_november_08_14,november,13.708333015441895,45.60416793823242,-0.036343867442085336
10,2025_november_08_14,november,13.166666984558105,45.64583206176758,0.08674404915793409
10,2025_november_08_14,november,13.208333015441895,45.64583206176758,0.5786748270854661
10,2025_november_08_14,november,13.25,45.64583206176758,0.6409824349214375
10,2025_november_08_14,november,13.291666984558105,45.64583206176758,0.5721854767799028
10,2025_november_08_14,november,13.333333015441895,45.64583206176758,0.3624214764743972
10,2025_november_08_14,november,13.375,45.64583206176758,-0.18279270536858272
10,2025_november_08_14,november,13.416666984558105,45.64583206176758,-0.5689041573422325
10,2025_november_08_14,november,13.458333015441895,45.64583206176758,-0.24636012094307566
10,2025_november_08_14,november,13.5,45.64583206176758,0.31851332868314763
10,2025_november_08_14,november,13.541666984558105,45.64583206176758,0.3868270830568493
10,2025_november_08_14,november,13.583333015441895,45.64583206176758,0.5160321348655558
10,2025_november_08_14,november,13.625,45.64583206176758,0.34017015231442344
10,2025_november_08_14,november,13.666666984558105,45.64583206176758,-0.20005515878434027
10,2025_november_08_14,november,13.708333015441895,45.64583206176758,-0.4483016513238604
10,2025_november_08_14,november,13.166666984558105,45.6875,-0.6553233849714835
10,2025_november_08_14,november,13.208333015441895,45.6875,-0.6717261133079404
10,2025_november_08_14,november,13.25,45.6875,-0.3139585720201239
10,2025_november_08_14,november,13.291666984558105,45.6875,-0.043435475355965036
10,2025_november_08_14,november,13.458333015441895,45.6875,0.03923228807333936
10,2025_november_08_14,november,13.5,45.6875,0.10837439728185613
10,2025_november_08_14,november,13.541666984558105,45.6875,0.014414264940543282
10,2025_november_08_14,november,13.583333015441895,45.6875,-0.16259692811723747
10,2025_november_08_14,november,13.625,45.6875,-0.14468281870029448
10,2025_november_08_14,november,13.666666984558105,45.6875,-0.008085568616128606
10,2025_november_08_14,november,13.708333015441895,45.6875,0.07076653791578776
10,2025_november_08_14,november,13.541666984558105,45.72916793823242,0.1258327666741513
10,2025_november_08_14,november,13.583333015441895,45.72916793823242,0.2474225935858967
10,2025_november_08_14,november,13.625,45.72916793823242,0.122305185864967
10,2025_november_08_14,november,13.666666984558105,45.72916793823242,0.031471234162934195
10,2025_november_15_21,november,13.166666984558105,45.47916793823242,-0.20148269650858025
10,2025_november_15_21,november,13.208333015441895,45.47916793823242,-0.19963223808386196
10,2025_november_15_21,november,13.166666984558105,45.52083206176758,-0.01299883310712154
10,2025_november_15_21,november,13.208333015441895,45.52083206176758,-0.03712861363602571
10,2025_november_15_21,november,13.25,45.52083206176758,-0.06314131475271557
10,2025_november_15_21,november,13.166666984558105,45.5625,-0.4880028670113549
10,2025_november_15_21,november,13.208333015441895,45.5625,-0.5759338812733567
10,2025_november_15_21,november,13.25,45.5625,-0.3386704955239669
10,2025_november_15_21,november,13.291666984558105,45.5625,-0.34366582508031857
10,2025_november_15_21,november,13.333333015441895,45.5625,-0.42426836999489914
10,2025_november_15_21,november,13.166666984558105,45.60416793823242,0.16634959601583263
10,2025_november_15_21,november,13.208333015441895,45.60416793823242,0.12281557920153283
10,2025_november_15_21,november,13.25,45.60416793823242,-0.4707774375871768
10,2025_november_15_21,november,13.291666984558105,45.60416793823242,-0.890334403680127
10,2025_november_15_21,november,13.333333015441895,45.60416793823242,-0.5517125937132404
10,2025_november_15_21,november,13.375,45.60416793823242,-0.11634750635371392
10,2025_november_15_21,november,13.416666984558105,45.60416793823242,0.08609480086609735
10,2025_november_15_21,november,13.458333015441895,45.60416793823242,0.10380179577160584
10,2025_november_15_21,november,13.5,45.60416793823242,0.36056258346114367
10,2025_november_15_21,november,13.708333015441895,45.60416793823242,-0.034967098824882185
10,2025_november_15_21,november,13.166666984558105,45.64583206176758,0.1247810787725529
10,2025_november_15_21,november,13.208333015441895,45.64583206176758,0.6242240588011532
10,2025_november_15_21,november,13.25,45.64583206176758,0.7021805623398844
10,2025_november_15_21,november,13.291666984558105,45.64583206176758,0.6135907176115678
10,2025_november_15_21,november,13.333333015441895,45.64583206176758,0.4094314960844216
10,2025_november_15_21,november,13.375,45.64583206176758,-0.28619772903720964
10,2025_november_15_21,november,13.416666984558105,45.64583206176758,-0.7051151823633482
10,2025_november_15_21,november,13.458333015441895,45.64583206176758,-0.33552677200230174
10,2025_november_15_21,november,13.5,45.64583206176758,0.25679105342123376
10,2025_november_15_21,november,13.541666984558105,45.64583206176758,0.3214239164947092
10,2025_november_15_21,november,13.583333015441895,45.64583206176758,0.4383373349218545
10,2025_november_15_21,november,13.625,45.64583206176758,0.32538349128566074
10,2025_november_15_21,november,13.666666984558105,45.64583206176758,-0.22133061708203886
10,2025_november_15_21,november,13.708333015441895,45.64583206176758,-0.47577490924660926
10,2025_november_15_21,november,13.166666984558105,45.6875,-0.6482274531772445
10,2025_november_15_21,november,13.208333015441895,45.6875,-0.7947879027446464
10,2025_november_15_21,november,13.25,45.6875,-0.4253930925060266
10,2025_november_15_21,november,13.291666984558105,45.6875,-0.17946208433904248
10,2025_november_15_21,november,13.458333015441895,45.6875,0.014602119253661198
10,2025_november_15_21,november,13.5,45.6875,0.11974386194713003
10,2025_november_15_21,november,13.541666984558105,45.6875,0.08276468764356389
10,2025_november_15_21,november,13.583333015441895,45.6875,-0.15561190008815154
10,2025_november_15_21,november,13.625,45.6875,-0.21252225146457948
10,2025_november_15_21,november,13.666666984558105,45.6875,-0.06652239970040545
10,2025_november_15_21,november,13.708333015441895,45.6875,0.09687546666402702
10,2025_november_15_21,november,13.541666984558105,45.72916793823242,0.06231130218832188
10,2025_november_15_21,november,13.583333015441895,45.72916793823242,0.2183518223878584
10,2025_november_15_21,november,13.625,45.72916793823242,0.15950319441157726
10,2025_november_15_21,november,13.666666984558105,45.72916793823242,0.020670538225775612
10,2025_november_22_28,november,13.166666984558105,45.47916793823242,-0.20809180417611461
10,2025_november_22_28,november,13.208333015441895,45.47916793823242,-0.20266605597872453
10,2025_november_22_28,november,13.166666984558105,45.52083206176758,-0.0062960581857033765
10,2025_november_22_28,november,13.208333015441895,45.52083206176758,-0.011857890993914835
10,2025_november_22_28,november,13.25,45.52083206176758,-0.0191213429778008
10,2025_november_22_28,november,13.166666984558105,45.5625,-0.4735521554282168
10,2025_november_22_28,november,13.208333015441895,45.5625,-0.5131168703563592
10,2025_november_22_28,november,13.25,45.5625,-0.3004628534142856
10,2025_november_22_28,november,13.291666984558105,45.5625,-0.33182850051793283
10,2025_november_22_28,november,13.333333015441895,45.5625,-0.39961526690763366
10,2025_november_22_28,november,13.166666984558105,45.60416793823242,0.17879228283608387
10,2025_november_22_28,november,13.208333015441895,45.60416793823242,0.14795372985771607
10,2025_november_22_28,november,13.25,45.60416793823242,-0.4309311630722839
10,2025_november_22_28,november,13.291666984558105,45.60416793823242,-0.7265427710096795
10,2025_november_22_28,november,13.333333015441895,45.60416793823242,-0.39162768233195333
10,2025_november_22_28,november,13.375,45.60416793823242,-0.08429405574888392
10,2025_november_22_28,november,13.416666984558105,45.60416793823242,0.12573921117906495
10,2025_november_22_28,november,13.458333015441895,45.60416793823242,0.19722629007594522
10,2025_november_22_28,november,13.5,45.60416793823242,0.416480053194083
10,2025_november_22_28,november,13.708333015441895,45.60416793823242,-0.0065937425762483395
10,2025_november_22_28,november,13.166666984558105,45.64583206176758,0.07675942893226577
10,2025_november_22_28,november,13.208333015441895,45.64583206176758,0.6132092106480118
10,2025_november_22_28,november,13.25,45.64583206176758,0.6838967317895384
10,2025_november_22_28,november,13.291666984558105,45.64583206176758,0.5698348448766789
10,2025_november_22_28,november,13.333333015441895,45.64583206176758,0.34612979805039196
10,2025_november_22_28,november,13.375,45.64583206176758,-0.1993840059738665
10,2025_november_22_28,november,13.416666984558105,45.64583206176758,-0.5261238902374163
10,2025_november_22_28,november,13.458333015441895,45.64583206176758,-0.24242314099626905
10,2025_november_22_28,november,13.5,45.64583206176758,0.2694687550807943
10,2025_november_22_28,november,13.541666984558105,45.64583206176758,0.3116531373909265
10,2025_november_22_28,november,13.583333015441895,45.64583206176758,0.48683593256022645
10,2025_november_22_28,november,13.625,45.64583206176758,0.3184236617826447
10,2025_november_22_28,november,13.666666984558105,45.64583206176758,-0.25910414231478335
10,2025_november_22_28,november,13.708333015441895,45.64583206176758,-0.37017624479171174
10,2025_november_22_28,november,13.166666984558105,45.6875,-0.6311965815493877
10,2025_november_22_28,november,13.208333015441895,45.6875,-0.7390490016442078
10,2025_november_22_28,november,13.25,45.6875,-0.3698360369889661
10,2025_november_22_28,november,13.291666984558105,45.6875,-0.1576338790989256
10,2025_november_22_28,november,13.458333015441895,45.6875,0.029892664678604
10,2025_november_22_28,november,13.5,45.6875,0.11668989056016137
10,2025_november_22_28,november,13.541666984558105,45.6875,0.03594317202492237
10,2025_november_22_28,november,13.583333015441895,45.6875,-0.17516591684562188
10,2025_november_22_28,november,13.625,45.6875,-0.17844187600503877
10,2025_november_22_28,november,13.666666984558105,45.6875,-0.029406401621346907
10,2025_november_22_28,november,13.708333015441895,45.6875,0.11358622383160293
10,2025_november_22_28,november,13.541666984558105,45.72916793823242,0.13535831729498513
10,2025_november_22_28,november,13.583333015441895,45.72916793823242,0.2402156349261579
10,2025_november_22_28,november,13.625,45.72916793823242,0.14263515694194256
10,2025_november_22_28,november,13.666666984558105,45.72916793823242,0.014934502514852213
2,2025_may_01_07,may,13.166666984558105,45.47916793823242,-0.20324521490109904
2,2025_may_01_07,may,13.208333015441895,45.47916793823242,-0.20535631244967686
2,2025_may_01_07,may,13.166666984558105,45.52083206176758,-0.05682519620715309
2,2025_may_01_07,may,13.208333015441895,45.52083206176758,-0.11843950503458436
2,2025_may_01_07,may,13.25,45.52083206176758,-0.13096105637651445
2,2025_may_01_07,may,13.166666984558105,45.5625,-0.3576013230300739
2,2025_may_01_07,may,13.208333015441895,45.5625,-0.38282248502219834
2,2025_may_01_07,may,13.25,45.5625,-0.22163300627240132
2,2025_may_01_07,may,13.291666984558105,45.5625,-0.07055194362305305
2,2025_may_01_07,may,13.333333015441895,45.5625,-0.01274704898621021
2,2025_may_01_07,may,13.166666984558105,45.60416793823242,-0.041375056583620735
2,2025_may_01_07,may,13.208333015441895,45.60416793823242,-0.1453501652841962
2,2025_may_01_07,may,13.25,45.60416793823242,-0.6178554835831961
2,2025_may_01_07,may,13.291666984558105,45.60416793823242,-0.7004748101372654
2,2025_may_01_07,may,13.333333015441895,45.60416793823242,-0.5066184760747737
2,2025_may_01_07,may,13.375,45.60416793823242,-0.14615167442697166
2,2025_may_01_07,may,13.416666984558105,45.60416793823242,0.0993078628437218
2,2025_may_01_07,may,13.458333015441895,45.60416793823242,0.054442631423330355
2,2025_may_01_07,may,13.5,45.60416793823242,0.44084679070952304
2,2025_may_01_07,may,13.708333015441895,45.60416793823242,-0.01389810645246164
2,2025_may_01_07,may,13.166666984558105,45.64583206176758,0.07859798894180448
2,2025_may_01_07,may,13.208333015441895,45.64583206176758,0.6504645507846359
2,2025_may_01_07,may,13.25,45.64583206176758,0.6483329640295918
2,2025_may_01_07,may,13.291666984558105,45.64583206176758,0.5766829273814988
2,2025_may_01_07,may,13.333333015441895,45.64583206176758,0.4091541932643612
2,2025_may_01_07,may,13.375,45.64583206176758,-0.2586203128061344
2,2025_may_01_07,may,13.416666984558105,45.64583206176758,-0.687926541070175
2,2025_may_01_07,may,13.458333015441895,45.64583206176758,-0.41502350690697504
2,2025_may_01_07,may,13.5,45.64583206176758,0.27516006209704047
2,2025_may_01_07,may,13.541666984558105,45.64583206176758,0.3631239074069693
2,2025_may_01_07,may,13.583333015441895,45.64583206176758,0.5511371836737362
2,2025_may_01_07,may,13.625,45.64583206176758,0.387859277363738
2,2025_may_01_07,may,13.666666984558105,45.64583206176758,-0.24110150681980916
2,2025_may_01_07,may,13.708333015441895,45.64583206176758,-0.5854969953820667
2,2025_may_01_07,may,13.166666984558105,45.6875,-0.47782678955627644
2,2025_may_01_07,may,13.208333015441895,45.6875,-0.5056148649922745
2,2025_may_01_07,may,13.25,45.6875,-0.26644693419832294
2,2025_may_01_07,may,13.291666984558105,45.6875,-0.10984863528821147
2,2025_may_01_07,may,13.458333015441895,45.6875,-0.011219699562109709
2,2025_may_01_07,may,13.5,45.6875,0.05230128721785973
2,2025_may_01_07,may,13.541666984558105,45.6875,0.03497563342284448
2,2025_may_01_07,may,13.583333015441895,45.6875,-0.031073504773619753
2,2025_may_01_07,may,13.625,45.6875,-0.14889429113450028
2,2025_may_01_07,may,13.666666984558105,45.6875,-0.3019265837002978
2,2025_may_01_07,may,13.708333015441895,45.6875,-0.19786842936445262
2,2025_may_01_07,may,13.541666984558105,45.72916793823242,0.16247133128746707
2,2025_may_01_07,may,13.583333015441895,45.72916793823242,0.32292091027121794
2,2025_may_01_07,may,13.625,45.72916793823242,0.17092671206292712
2,2025_may_01_07,may,13.666666984558105,45.72916793823242,0.023532159115839262
2,2025_may_08_14,may,13.166666984558105,45.47916793823242,-0.2327308506629482
2,2025_may_08_14,may,13.208333015441895,45.47916793823242,-0.23803122379870478
2,2025_may_08_14,may,13.166666984558105,45.52083206176758,-0.03504158505325549
2,2025_may_08_14,may,13.208333015441895,45.52083206176758,-0.070072193527998
2,2025_may_08_14,may,13.25,45.52083206176758,-0.060970145693129064
2,2025_may_08_14,may,13.166666984558105,45.5625,-0.47769776938768777
2,2025_may_08_14,may,13.208333015441895,45.5625,-0.5046351964368275
2,2025_may_08_14,may,13.25,45.5625,-0.23441028782974052
2,2025_may_08_14,may,13.291666984558105,45.5625,-0.06872232636430763
2,2025_may_08_14,may,13.333333015441895,45.5625,-0.009242965086686069
2,2025_may_08_14,may,13.166666984558105,45.60416793823242,-0.12458746502540753
2,2025_may_08_14,may,13.208333015441895,45.60416793823242,-0.09604717825492394
2,2025_may_08_14,may,13.25,45.60416793823242,-0.46080785445978356
2,2025_may_08_14,may,13.291666984558105,45.60416793823242,-0.6732567282023716
2,2025_may_08_14,may,13.333333015441895,45.60416793823242,-0.4535259619831893
2,2025_may_08_14,may,13.375,45.60416793823242,-0.19416155806166563
2,2025_may_08_14,may,13.416666984558105,45.60416793823242,0.10119383914667239
2,2025_may_08_14,may,13.458333015441895,45.60416793823242,0.09264211198274008
2,2025_may_08_14,may,13.5,45.60416793823242,0.4347913637035775
2,2025_may_08_14,may,13.708333015441895,45.60416793823242,-0.008555783651801903
2,2025_may_08_14,may,13.166666984558105,45.64583206176758,0.027534789190018297
2,2025_may_08_14,may,13.208333015441895,45.64583206176758,0.6448877625313852
2,2025_may_08_14,may,13.25,45.64583206176758,0.6705523136817776
2,2025_may_08_14,may,13.291666984558105,45.64583206176758,0.5961278272942729
2,2025_may_08_14,may,13.333333015441895,45.64583206176758,0.4034800335535899
2,2025_may_08_14,may,13.375,45.64583206176758,-0.28672238650451465
2,2025_may_08_14,may,13.416666984558105,45.64583206176758,-0.7370966310042965
2,2025_may_08_14,may,13.458333015441895,45.64583206176758,-0.393591891133064
2,2025_may_08_14,may,13.5,45.64583206176758,0.18811046390146538
2,2025_may_08_14,may,13.541666984558105,45.64583206176758,0.31330085580475414
2,2025_may_08_14,may,13.583333015441895,45.64583206176758,0.5308815161562113
2,2025_may_08_14,may,13.625,45.64583206176758,0.3990531401885114
2,2025_may_08_14,may,13.666666984558105,45.64583206176758,-0.34635636082250004
2,2025_may_08_14,may,13.708333015441895,45.64583206176758,-0.5879974541249469
2,2025_may_08_14,may,13.166666984558105,45.6875,-0.46909211702749265
2,2025_may_08_14,may,13.208333015441895,45.6875,-0.5162286010675953
2,2025_may_08_14,may,13.25,45.6875,-0.2969782605557548
2,2025_may_08_14,may,13.291666984558105,45.6875,-0.07314613377030026
2,2025_may_08_14,may,13.458333015441895,45.6875,0.00960918325321522
2,2025_may_08_14,may,13.5,45.6875,0.1296383788801585
2,2025_may_08_14,may,13.541666984558105,45.6875,0.06307531236463082
2,2025_may_08_14,may,13.583333015441895,45.6875,-0.11764165825936691
2,2025_may_08_14,may,13.625,45.6875,-0.1404990976824259
2,2025_may_08_14,may,13.666666984558105,45.6875,-0.22169544892805518
2,2025_may_08_14,may,13.708333015441895,45.6875,-0.154922551974677
2,2025_may_08_14,may,13.541666984558105,45.72916793823242,0.18299006399488446
2,2025_may_08_14,may,13.583333015441895,45.72916793823242,0.36131473796795005
2,2025_may_08_14,may,13.625,45.72916793823242,0.25493951672837867
2,2025_may_08_14,may,13.666666984558105,45.72916793823242,0.08051324062752095
2,2025_may_15_21,may,13.166666984558105,45.47916793823242,-0.2178345941352008
2,2025_may_15_21,may,13.208333015441895,45.47916793823242,-0.19844386474793202
2,2025_may_15_21,may,13.166666984558105,45.52083206176758,-0.05594731261530491
2,2025_may_15_21,may,13.208333015441895,45.52083206176758,-0.0801498662499238
2,2025_may_15_21,may,13.25,45.52083206176758,-0.05733300279005359
2,2025_may_15_21,may,13.166666984558105,45.5625,-0.4739394426280183
2,2025_may_15_21,may,13.208333015441895,45.5625,-0.48127750639063854
2,2025_may_15_21,may,13.25,45.5625,-0.20902721009106398
2,2025_may_15_21,may,13.291666984558105,45.5625,-0.05373515309935872
2,2025_may_15_21,may,13.333333015441895,45.5625,-0.01190764582390844
2,2025_may_15_21,may,13.166666984558105,45.60416793823242,-0.034198476413727065
2,2025_may_15_21,may,13.208333015441895,45.60416793823242,-0.14301617851121604
2,2025_may_15_21,may,13.25,45.60416793823242,-0.5418369954874195
2,2025_may_15_21,may,13.291666984558105,45.60416793823242,-0.6865153587252582
2,2025_may_15_21,may,13.333333015441895,45.60416793823242,-0.4508399531686366
2,2025_may_15_21,may,13.375,45.60416793823242,-0.19314904729657406
2,2025_may_15_21,may,13.416666984558105,45.60416793823242,0.030871871451412795
2,2025_may_15_21,may,13.458333015441895,45.60416793823242,0.06204614269364194
2,2025_may_15_21,may,13.5,45.60416793823242,0.4080092112895315
2,2025_may_15_21,may,13.708333015441895,45.60416793823242,-0.017773865924971623
2,2025_may_15_21,may,13.166666984558105,45.64583206176758,0.13097212195585792
2,2025_may_15_21,may,13.208333015441895,45.64583206176758,0.6058793222253523
2,2025_may_15_21,may,13.25,45.64583206176758,0.6894351349615404
2,2025_may_15_21,may,13.291666984558105,45.64583206176758,0.5721240177444804
2,2025_may_15_21,may,13.333333015441895,45.64583206176758,0.3451835829663853
2,2025_may_15_21,may,13.375,45.64583206176758,-0.33660053083616515
2,2025_may_15_21,may,13.416666984558105,45.64583206176758,-0.633245846141293
2,2025_may_15_21,may,13.458333015441895,45.64583206176758,-0.21206063761932545
2,2025_may_15_21,may,13.5,45.64583206176758,0.2586734864964138
2,2025_may_15_21,may,13.541666984558105,45.64583206176758,0.3773364004557551
2,2025_may_15_21,may,13.583333015441895,45.64583206176758,0.589177077935512
2,2025_may_15_21,may,13.625,45.64583206176758,0.3592470640488041
2,2025_may_15_21,may,13.666666984558105,45.64583206176758,-0.27651253753634547
2,2025_may_15_21,may,13.708333015441895,45.64583206176758,-0.41719809702473304
2,2025_may_15_21,may,13.166666984558105,45.6875,-0.47388118521693934
2,2025_may_15_21,may,13.208333015441895,45.6875,-0.5193803398652498
2,2025_may_15_21,may,13.25,45.6875,-0.2686624159988707
2,2025_may_15_21,may,13.291666984558105,45.6875,-0.0737936283525327
2,2025_may_15_21,may,13.458333015441895,45.6875,0.04737055604304484
2,2025_may_15_21,may,13.5,45.6875,0.14911463189089494
2,2025_may_15_21,may,13.541666984558105,45.6875,0.04748553327315331
2,2025_may_15_21,may,13.583333015441895,45.6875,-0.11975597890543546
2,2025_may_15_21,may,13.625,45.6875,-0.16109267148479137
2,2025_may_15_21,may,13.666666984558105,45.6875,-0.2613926933811256
2,2025_may_15_21,may,13.708333015441895,45.6875,-0.14104872485575864
2,2025_may_15_21,may,13.541666984558105,45.72916793823242,0.2005928199497737
2,2025_may_15_21,may,13.583333015441895,45.72916793823242,0.40948575803619486
2,2025_may_15_21,may,13.625,45.72916793823242,0.25555763438482
2,2025_may_15_21,may,13.666666984558105,45.72916793823242,0.07405260197282224
2,2025_may_22_28,may,13.166666984558105,45.47916793823242,-0.2377301324222492
2,2025_may_22_28,may,13.208333015441895,45.47916793823242,-0.2241934676121669
2,2025_may_22_28,may,13.166666984558105,45.52083206176758,-0.06914445936758554
2,2025_may_22_28,may,13.208333015441895,45.52083206176758,-0.11021829621773864
2,2025_may_22_28,may,13.25,45.52083206176758,-0.1335443413673185
2,2025_may_22_28,may,13.166666984558105,45.5625,-0.4478138753616078
2,2025_may_22_28,may,13.208333015441895,45.5625,-0.4960257476200978
2,2025_may_22_28,may,13.25,45.5625,-0.23496601041585005
2,2025_may_22_28,may,13.291666984558105,45.5625,-0.05498122450077251
2,2025_may_22_28,may,13.333333015441895,45.5625,-0.008949323164311707
2,2025_may_22_28,may,13.166666984558105,45.60416793823242,0.04484209043726313
2,2025_may_22_28,may,13.208333015441895,45.60416793823242,-0.09587493884658745
2,2025_may_22_28,may,13.25,45.60416793823242,-0.5776621861009422
2,2025_may_22_28,may,13.291666984558105,45.60416793823242,-0.7454661696175754
2,2025_may_22_28,may,13.333333015441895,45.60416793823242,-0.5278938057224403
2,2025_may_22_28,may,13.375,45.60416793823242,-0.23849383857543272
2,2025_may_22_28,may,13.416666984558105,45.60416793823242,-0.047582700203335146
2,2025_may_22_28,may,13.458333015441895,45.60416793823242,0.06685122128405199
2,2025_may_22_28,may,13.5,45.60416793823242,0.36405229626302915
2,2025_may_22_28,may,13.708333015441895,45.60416793823242,-0.016524257052065665
2,2025_may_22_28,may,13.166666984558105,45.64583206176758,-0.06684078989301279
2,2025_may_22_28,may,13.208333015441895,45.64583206176758,0.5756549704582936
2,2025_may_22_28,may,13.25,45.64583206176758,0.642033120570518
2,2025_may_22_28,may,13.291666984558105,45.64583206176758,0.5786923104375915
2,2025_may_22_28,may,13.333333015441895,45.64583206176758,0.3944285441800891
2,2025_may_22_28,may,13.375,45.64583206176758,-0.336299190205383
2,2025_may_22_28,may,13.416666984558105,45.64583206176758,-0.7534909694565628
2,2025_may_22_28,may,13.458333015441895,45.64583206176758,-0.3911900204596695
2,2025_may_22_28,may,13.5,45.64583206176758,0.17358056254282653
2,2025_may_22_28,may,13.541666984558105,45.64583206176758,0.28106636805009966
2,2025_may_22_28,may,13.583333015441895,45.64583206176758,0.48372363912886335
2,2025_may_22_28,may,13.625,45.64583206176758,0.2528607067405771
2,2025_may_22_28,may,13.666666984558105,45.64583206176758,-0.36038817124037104
2,2025_may_22_28,may,13.708333015441895,45.64583206176758,-0.5409399553314075
2,2025_may_22_28,may,13.166666984558105,45.6875,-0.4878662927092205
2,2025_may_22_28,may,13.208333015441895,45.6875,-0.5914176580264757
2,2025_may_22_28,may,13.25,45.6875,-0.28085581563879775
2,2025_may_22_28,may,13.291666984558105,45.6875,-0.07353733089045708
2,2025_may_22_28,may,13.458333015441895,45.6875,0.0047210473419693364
2,2025_may_22_28,may,13.5,45.6875,0.08060699371993872
2,2025_may_22_28,may,13.541666984558105,45.6875,0.021054116663662078
2,2025_may_22_28,may,13.583333015441895,45.6875,-0.14684541630859146
2,2025_may_22_28,may,13.625,45.6875,-0.1964886816416556
2,2025_may_22_28,may,13.666666984558105,45.6875,-0.2652442655424742
2,2025_may_22_28,may,13.708333015441895,45.6875,-0.17112233873263213
2,2025_may_22_28,may,13.541666984558105,45.72916793823242,0.17834656986484823
2,2025_may_22_28,may,13.583333015441895,45.72916793823242,0.3927352571218395
2,2025_may_22_28,may,13.625,45.72916793823242,0.29796361455449355
2,2025_may_22_28,may,13.666666984558105,45.72916793823242,0.09898367001870347
2,2025_november_01_07,november,13.166666984558105,45.47916793823242,-0.18936703929452817
2,2025_november_01_07,november,13.208333015441895,45.47916793823242,-0.18869113437156537
2,2025_november_01_07,november,13.166666984558105,45.52083206176758,-0.033318368524000004
2,2025_november_01_07,november,13.208333015441895,45.52083206176758,-0.0828048757693771
2,2025_november_01_07,november,13.25,45.52083206176758,-0.09883490452592827
2,2025_november_01_07,november,13.166666984558105,45.5625,-0.5733658695420357
2,2025_november_01_07,november,13.208333015441895,45.5625,-0.5088079171978892
2,2025_november_01_07,november,13.25,45.5625,-0.24652094859926404
2,2025_november_01_07,november,13.291666984558105,45.5625,-0.2298399033390131
2,2025_november_01_07,november,13.333333015441895,45.5625,-0.31191725539103393
2,2025_november_01_07,november,13.166666984558105,45.60416793823242,0.16754434641463686
2,2025_november_01_07,november,13.208333015441895,45.60416793823242,0.15830331491147034
2,2025_november_01_07,november,13.25,45.60416793823242,-0.37283452609176715
2,2025_november_01_07,november,13.291666984558105,45.60416793823242,-0.7751329692789714
2,2025_november_01_07,november,13.333333015441895,45.60416793823242,-0.45743190037128484
2,2025_november_01_07,november,13.375,45.60416793823242,-0.17652912362048537
2,2025_november_01_07,november,13.416666984558105,45.60416793823242,0.018986942690296944
2,2025_november_01_07,november,13.458333015441895,45.60416793823242,0.11485802188155746
2,2025_november_01_07,november,13.5,45.60416793823242,0.4187151826155492
2,2025_november_01_07,november,13.708333015441895,45.60416793823242,-0.03366604305666822
2,2025_november_01_07,november,13.166666984558105,45.64583206176758,0.03216576057908571
2,2025_november_01_07,november,13.208333015441895,45.64583206176758,0.5855821548894166
2,2025_november_01_07,november,13.25,45.64583206176758,0.6629164158230171
2,2025_november_01_07,november,13.291666984558105,45.64583206176758,0.6383378820088798
2,2025_november_01_07,november,13.333333015441895,45.64583206176758,0.4002006504963079
2,2025_november_01_07,november,13.375,45.64583206176758,-0.2638109618322348
2,2025_november_01_07,november,13.416666984558105,45.64583206176758,-0.6876562006191173
2,2025_november_01_07,november,13.458333015441895,45.64583206176758,-0.2524545222966954
2,2025_november_01_07,november,13.5,45.64583206176758,0.2844209059971442
2,2025_november_01_07,november,13.541666984558105,45.64583206176758,0.33943269954652117
2,2025_november_01_07,november,13.583333015441895,45.64583206176758,0.4766932144060726
2,2025_november_01_07,november,13.625,45.64583206176758,0.41227025495470093
2,2025_november_01_07,november,13.666666984558105,45.64583206176758,-0.18416814239449386
2,2025_november_01_07,november,13.708333015441895,45.64583206176758,-0.42424619851295836
2,2025_november_01_07,november,13.166666984558105,45.6875,-0.7188460824642401
2,2025_november_01_07,november,13.208333015441895,45.6875,-0.7633518305192676
2,2025_november_01_07,november,13.25,45.6875,-0.43659542327136036
2,2025_november_01_07,november,13.291666984558105,45.6875,-0.11995780082112817
2,2025_november_01_07,november,13.458333015441895,45.6875,0.05802310749238289
2,2025_november_01_07,november,13.5,45.6875,0.10895223411875501
2,2025_november_01_07,november,13.541666984558105,45.6875,-0.04246714478492324
2,2025_november_01_07,november,13.583333015441895,45.6875,-0.2309768700161867
2,2025_november_01_07,november,13.625,45.6875,-0.2306598989090127
2,2025_november_01_07,november,13.666666984558105,45.6875,-0.14186911516474704
2,2025_november_01_07,november,13.708333015441895,45.6875,0.07858963439514773
2,2025_november_01_07,november,13.541666984558105,45.72916793823242,0.16593378278061596
2,2025_november_01_07,november,13.583333015441895,45.72916793823242,0.34306620626939727
2,2025_november_01_07,november,13.625,45.72916793823242,0.1869763712290784
2,2025_november_01_07,november,13.666666984558105,45.72916793823242,0.047335777629526926
2,2025_november_08_14,november,13.166666984558105,45.47916793823242,-0.19323549976653817
2,2025_november_08_14,november,13.208333015441895,45.47916793823242,-0.17595817450790943
2,2025_november_08_14,november,13.166666984558105,45.52083206176758,-0.03440912913376461
2,2025_november_08_14,november,13.208333015441895,45.52083206176758,-0.11871949583946136
2,2025_november_08_14,november,13.25,45.52083206176758,-0.12922456575737445
2,2025_november_08_14,november,13.166666984558105,45.5625,-0.5012623753303455
2,2025_november_08_14,november,13.208333015441895,45.5625,-0.5049983437257942
2,2025_november_08_14,november,13.25,45.5625,-0.28193979786546697
2,2025_november_08_14,november,13.291666984558105,45.5625,-0.2572854523877303
2,2025_november_08_14,november,13.333333015441895,45.5625,-0.3554568000901737
2,2025_november_08_14,november,13.166666984558105,45.60416793823242,0.1508097378234041
2,2025_november_08_14,november,13.208333015441895,45.60416793823242,0.15382555508486154
2,2025_november_08_14,november,13.25,45.60416793823242,-0.41906061406843254
2,2025_november_08_14,november,13.291666984558105,45.60416793823242,-0.7572245209428462
2,2025_november_08_14,november,13.333333015441895,45.60416793823242,-0.47449007586988634
2,2025_november_08_14,november,13.375,45.60416793823242,-0.135721802032152
2,2025_november_08_14,november,13.416666984558105,45.60416793823242,0.089846728522862
2,2025_november_08_14,november,13.458333015441895,45.60416793823242,0.16301260255316316
2,2025_november_08_14,november,13.5,45.60416793823242,0.4192311550743776
2,2025_november_08_14,november,13.708333015441895,45.60416793823242,-0.03137694557343197
2,2025_november_08_14,november,13.166666984558105,45.64583206176758,0.03773429669607942
2,2025_november_08_14,november,13.208333015441895,45.64583206176758,0.5887748206215385
2,2025_november_08_14,november,13.25,45.64583206176758,0.6485764716210768
2,2025_november_08_14,november,13.291666984558105,45.64583206176758,0.5728886677491626
2,2025_november_08_14,november,13.333333015441895,45.64583206176758,0.36612347033878573
2,2025_november_08_14,november,13.375,45.64583206176758,-0.35598591881586783
2,2025_november_08_14,november,13.416666984558105,45.64583206176758,-0.7900551337307171
2,2025_november_08_14,november,13.458333015441895,45.64583206176758,-0.2379393702473607
2,2025_november_08_14,november,13.5,45.64583206176758,0.3020878199617904
2,2025_november_08_14,november,13.541666984558105,45.64583206176758,0.33208194964658144
2,2025_november_08_14,november,13.583333015441895,45.64583206176758,0.4174627536059136
2,2025_november_08_14,november,13.625,45.64583206176758,0.294066756297727
2,2025_november_08_14,november,13.666666984558105,45.64583206176758,-0.2180344352010304
2,2025_november_08_14,november,13.708333015441895,45.64583206176758,-0.38851750029956683
2,2025_november_08_14,november,13.166666984558105,45.6875,-0.6775570218986289
2,2025_november_08_14,november,13.208333015441895,45.6875,-0.8003532703089873
2,2025_november_08_14,november,13.25,45.6875,-0.41118462473443784
2,2025_november_08_14,november,13.291666984558105,45.6875,-0.1385505628434465
2,2025_november_08_14,november,13.458333015441895,45.6875,-0.04553418620959242
2,2025_november_08_14,november,13.5,45.6875,-0.04002618908846684
2,2025_november_08_14,november,13.541666984558105,45.6875,-0.0382872132668022
2,2025_november_08_14,november,13.583333015441895,45.6875,-0.141135609620022
2,2025_november_08_14,november,13.625,45.6875,-0.1972608889194096
2,2025_november_08_14,november,13.666666984558105,45.6875,-0.10885246179817812
2,2025_november_08_14,november,13.708333015441895,45.6875,0.037764708634347936
2,2025_november_08_14,november,13.541666984558105,45.72916793823242,0.13736679790331568
2,2025_november_08_14,november,13.583333015441895,45.72916793823242,0.29192206926081826
2,2025_november_08_14,november,13.625,45.72916793823242,0.19169548049880125
2,2025_november_08_14,november,13.666666984558105,45.72916793823242,0.04654209300123839
2,2025_november_15_21,november,13.166666984558105,45.47916793823242,-0.2352443255034588
2,2025_november_15_21,november,13.208333015441895,45.47916793823242,-0.2160493801320986
2,2025_november_15_21,november,13.166666984558105,45.52083206176758,-0.05540047974481028
2,2025_november_15_21,november,13.208333015441895,45.52083206176758,-0.13258436443999488
2,2025_november_15_21,november,13.25,45.52083206176758,-0.10243903560523766
2,2025_november_15_21,november,13.166666984558105,45.5625,-0.48929555458154356
2,2025_november_15_21,november,13.208333015441895,45.5625,-0.5306605284704463
2,2025_november_15_21,november,13.25,45.5625,-0.30549905756410045
2,2025_november_15_21,november,13.291666984558105,45.5625,-0.3394020053249492
2,2025_november_15_21,november,13.333333015441895,45.5625,-0.43428675038884174
2,2025_november_15_21,november,13.166666984558105,45.60416793823242,0.15795491049235097
2,2025_november_15_21,november,13.208333015441895,45.60416793823242,0.13323796272430172
2,2025_november_15_21,november,13.25,45.60416793823242,-0.42636099490714313
2,2025_november_15_21,november,13.291666984558105,45.60416793823242,-0.697664566305054
2,2025_november_15_21,november,13.333333015441895,45.60416793823242,-0.40568043464765186
2,2025_november_15_21,november,13.375,45.60416793823242,-0.0698344456979144
2,2025_november_15_21,november,13.416666984558105,45.60416793823242,0.1335190787879656
2,2025_november_15_21,november,13.458333015441895,45.60416793823242,0.17463166844561778
2,2025_november_15_21,november,13.5,45.60416793823242,0.4426086619826191
2,2025_november_15_21,november,13.708333015441895,45.60416793823242,-0.08589726734125046
2,2025_november_15_21,november,13.166666984558105,45.64583206176758,0.048311483047958605
2,2025_november_15_21,november,13.208333015441895,45.64583206176758,0.5781090393343494
2,2025_november_15_21,november,13.25,45.64583206176758,0.6525154600959187
2,2025_november_15_21,november,13.291666984558105,45.64583206176758,0.5701116753570064
2,2025_november_15_21,november,13.333333015441895,45.64583206176758,0.3532685424830371
2,2025_november_15_21,november,13.375,45.64583206176758,-0.3632812224672599
2,2025_november_15_21,november,13.416666984558105,45.64583206176758,-0.8036508813074578
2,2025_november_15_21,november,13.458333015441895,45.64583206176758,-0.28742730290727103
2,2025_november_15_21,november,13.5,45.64583206176758,0.3010157253002514
2,2025_november_15_21,november,13.541666984558105,45.64583206176758,0.33817846433169746
2,2025_november_15_21,november,13.583333015441895,45.64583206176758,0.48103648205369137
2,2025_november_15_21,november,13.625,45.64583206176758,0.32957691438901193
2,2025_november_15_21,november,13.666666984558105,45.64583206176758,-0.1799566228068783
2,2025_november_15_21,november,13.708333015441895,45.64583206176758,-0.4120677720665768
2,2025_november_15_21,november,13.166666984558105,45.6875,-0.6039453828041194
2,2025_november_15_21,november,13.208333015441895,45.6875,-0.7026606002380583
2,2025_november_15_21,november,13.25,45.6875,-0.3630227552412814
2,2025_november_15_21,november,13.291666984558105,45.6875,-0.08602123855895404
2,2025_november_15_21,november,13.458333015441895,45.6875,-0.008069248890595375
2,2025_november_15_21,november,13.5,45.6875,0.05133876465792985
2,2025_november_15_21,november,13.541666984558105,45.6875,0.022929879840788505
2,2025_november_15_21,november,13.583333015441895,45.6875,-0.14277865274035947
2,2025_november_15_21,november,13.625,45.6875,-0.2406454352719751
2,2025_november_15_21,november,13.666666984558105,45.6875,-0.06642101645435239
2,2025_november_15_21,november,13.708333015441895,45.6875,0.11419362441387364
2,2025_november_15_21,november,13.541666984558105,45.72916793823242,0.10530126362337036
2,2025_november_15_21,november,13.583333015441895,45.72916793823242,0.21619652076749216
2,2025_november_15_21,november,13.625,45.72916793823242,0.13373234907484566
2,2025_november_15_21,november,13.666666984558105,45.72916793823242,0.019974115264180636
2,2025_november_22_28,november,13.166666984558105,45.47916793823242,-0.26425389925048565
2,2025_november_22_28,november,13.208333015441895,45.47916793823242,-0.25163963095784486
2,2025_november_22_28,november,13.166666984558105,45.52083206176758,-0.019121761127976748
2,2025_november_22_28,november,13.208333015441895,45.52083206176758,-0.03761134057168308
2,2025_november_22_28,november,13.25,45.52083206176758,-0.042199694189582575
2,2025_november_22_28,november,13.166666984558105,45.5625,-0.5596859860230442
2,2025_november_22_28,november,13.208333015441895,45.5625,-0.632705745733019
2,2025_november_22_28,november,13.25,45.5625,-0.38091942901055514
2,2025_november_22_28,november,13.291666984558105,45.5625,-0.33549011685435565
2,2025_november_22_28,november,13.333333015441895,45.5625,-0.3875144945727441
2,2025_november_22_28,november,13.166666984558105,45.60416793823242,0.1928433456289849
2,2025_november_22_28,november,13.208333015441895,45.60416793823242,0.19399746862270797
2,2025_november_22_28,november,13.25,45.60416793823242,-0.36158837792232257
2,2025_november_22_28,november,13.291666984558105,45.60416793823242,-0.7039202092422147
2,2025_november_22_28,november,13.333333015441895,45.60416793823242,-0.4481417178427016
2,2025_november_22_28,november,13.375,45.60416793823242,-0.13372502931271235
2,2025_november_22_28,november,13.416666984558105,45.60416793823242,0.1273414078340227
2,2025_november_22_28,november,13.458333015441895,45.60416793823242,0.19169077857573025
2,2025_november_22_28,november,13.5,45.60416793823242,0.41680738519896315
2,2025_november_22_28,november,13.708333015441895,45.60416793823242,-0.050569465809609825
2,2025_november_22_28,november,13.166666984558105,45.64583206176758,0.16157152079825576
2,2025_november_22_28,november,13.208333015441895,45.64583206176758,0.5879996997950431
2,2025_november_22_28,november,13.25,45.64583206176758,0.6820942142376821
2,2025_november_22_28,november,13.291666984558105,45.64583206176758,0.6003567777169605
2,2025_november_22_28,november,13.333333015441895,45.64583206176758,0.4270952632288057
2,2025_november_22_28,november,13.375,45.64583206176758,-0.18694139142048977
2,2025_november_22_28,november,13.416666984558105,45.64583206176758,-0.7488866814769588
2,2025_november_22_28,november,13.458333015441895,45.64583206176758,-0.2989453559846935
2,2025_november_22_28,november,13.5,45.64583206176758,0.3247679240273041
2,2025_november_22_28,november,13.541666984558105,45.64583206176758,0.3350680346305987
2,2025_november_22_28,november,13.583333015441895,45.64583206176758,0.47517188357241213
2,2025_november_22_28,november,13.625,45.64583206176758,0.35708839755878197
2,2025_november_22_28,november,13.666666984558105,45.64583206176758,-0.28356713387153576
2,2025_november_22_28,november,13.708333015441895,45.64583206176758,-0.512415293689456
2,2025_november_22_28,november,13.166666984558105,45.6875,-0.5435567285184585
2,2025_november_22_28,november,13.208333015441895,45.6875,-0.6579922752036024
2,2025_november_22_28,november,13.25,45.6875,-0.3877498252727333
2,2025_november_22_28,november,13.291666984558105,45.6875,-0.11365709095948143
2,2025_november_22_28,november,13.458333015441895,45.6875,0.019352511109520496
2,2025_november_22_28,november,13.5,45.6875,0.07680115992025137
2,2025_november_22_28,november,13.541666984558105,45.6875,-0.002870727959496889
2,2025_november_22_28,november,13.583333015441895,45.6875,-0.1559946829654677
2,2025_november_22_28,november,13.625,45.6875,-0.16597910826562812
2,2025_november_22_28,november,13.666666984558105,45.6875,-0.0260876461655187
2,2025_november_22_28,november,13.708333015441895,45.6875,0.11984508553897677
2,2025_november_22_28,november,13.541666984558105,45.72916793823242,0.11547242039481424
2,2025_november_22_28,november,13.583333015441895,45.72916793823242,0.2666882244945804
2,2025_november_22_28,november,13.625,45.72916793823242,0.13498562188193994
2,2025_november_22_28,november,13.666666984558105,45.72916793823242,0.01241697353967515
3,2025_may_01_07,may,13.166666984558105,45.47916793823242,-0.2548728613237956
3,2025_may_01_07,may,13.208333015441895,45.47916793823242,-0.229093187209195
3,2025_may_01_07,may,13.166666984558105,45.52083206176758,-0.022328342244172007
3,2025_may_01_07,may,13.208333015441895,45.52083206176758,-0.045226071397654624
3,2025_may_01_07,may,13.25,45.52083206176758,-0.08758606491762698
3,2025_may_01_07,may,13.166666984558105,45.5625,-0.3639042169881552
3,2025_may_01_07,may,13.208333015441895,45.5625,-0.41199189056349445
3,2025_may_01_07,may,13.25,45.5625,-0.16651438963033643
3,2025_may_01_07,may,13.291666984558105,45.5625,-0.030793391863511165
3,2025_may_01_07,may,13.333333015441895,45.5625,-0.0029368647188119444
3,2025_may_01_07,may,13.166666984558105,45.60416793823242,-0.08949805911332964
3,2025_may_01_07,may,13.208333015441895,45.60416793823242,-0.12085396151768601
3,2025_may_01_07,may,13.25,45.60416793823242,-0.545327232202845
3,2025_may_01_07,may,13.291666984558105,45.60416793823242,-0.6186777343221127
3,2025_may_01_07,may,13.333333015441895,45.60416793823242,-0.473753252252271
3,2025_may_01_07,may,13.375,45.60416793823242,-0.2070238755218726
3,2025_may_01_07,may,13.416666984558105,45.60416793823242,0.1233813550811389
3,2025_may_01_07,may,13.458333015441895,45.60416793823242,0.12455852933879297
3,2025_may_01_07,may,13.5,45.60416793823242,0.4174253766001608
3,2025_may_01_07,may,13.708333015441895,45.60416793823242,-0.014180302437399235
3,2025_may_01_07,may,13.166666984558105,45.64583206176758,0.08956316130862782
3,2025_may_01_07,may,13.208333015441895,45.64583206176758,0.5885228474389848
3,2025_may_01_07,may,13.25,45.64583206176758,0.6552235095116214
3,2025_may_01_07,may,13.291666984558105,45.64583206176758,0.5448879786964174
3,2025_may_01_07,may,13.333333015441895,45.64583206176758,0.39270727728176463
3,2025_may_01_07,may,13.375,45.64583206176758,-0.3471737414064756
3,2025_may_01_07,may,13.416666984558105,45.64583206176758,-0.7571892819835728
3,2025_may_01_07,may,13.458333015441895,45.64583206176758,-0.2711672285619135
3,2025_may_01_07,may,13.5,45.64583206176758,0.2633452781389715
3,2025_may_01_07,may,13.541666984558105,45.64583206176758,0.33753343711711753
3,2025_may_01_07,may,13.583333015441895,45.64583206176758,0.5664032250549644
3,2025_may_01_07,may,13.625,45.64583206176758,0.43131236726231204
3,2025_may_01_07,may,13.666666984558105,45.64583206176758,-0.21328550572469895
3,2025_may_01_07,may,13.708333015441895,45.64583206176758,-0.5633380324442411
3,2025_may_01_07,may,13.166666984558105,45.6875,-0.5490907455556098
3,2025_may_01_07,may,13.208333015441895,45.6875,-0.5141340620344736
3,2025_may_01_07,may,13.25,45.6875,-0.2386905622512153
3,2025_may_01_07,may,13.291666984558105,45.6875,-0.0734669664528975
3,2025_may_01_07,may,13.458333015441895,45.6875,-0.05892091331222069
3,2025_may_01_07,may,13.5,45.6875,0.010769283703812114
3,2025_may_01_07,may,13.541666984558105,45.6875,0.04281949182695977
3,2025_may_01_07,may,13.583333015441895,45.6875,-0.12429164449265301
3,2025_may_01_07,may,13.625,45.6875,-0.16108322289121005
3,2025_may_01_07,may,13.666666984558105,45.6875,-0.24953447149409153
3,2025_may_01_07,may,13.708333015441895,45.6875,-0.21726697977905302
3,2025_may_01_07,may,13.541666984558105,45.72916793823242,0.22523703965143538
3,2025_may_01_07,may,13.583333015441895,45.72916793823242,0.38318873897874683
3,2025_may_01_07,may,13.625,45.72916793823242,0.2180916285095647
3,2025_may_01_07,may,13.666666984558105,45.72916793823242,0.044471801589192526
3,2025_may_08_14,may,13.166666984558105,45.47916793823242,-0.21391152348012754
3,2025_may_08_14,may,13.208333015441895,45.47916793823242,-0.2161596715795591
3,2025_may_08_14,may,13.166666984558105,45.52083206176758,-0.03735562808854027
3,2025_may_08_14,may,13.208333015441895,45.52083206176758,-0.07401513562852403
3,2025_may_08_14,may,13.25,45.52083206176758,-0.1253033763563409
3,2025_may_08_14,may,13.166666984558105,45.5625,-0.5111177864384792
3,2025_may_08_14,may,13.208333015441895,45.5625,-0.5083890201937454
3,2025_may_08_14,may,13.25,45.5625,-0.24166368669201346
3,2025_may_08_14,may,13.291666984558105,45.5625,-0.06158551079761374
3,2025_may_08_14,may,13.333333015441895,45.5625,-0.005988608926569951
3,2025_may_08_14,may,13.166666984558105,45.60416793823242,-0.08213501088785334
3,2025_may_08_14,may,13.208333015441895,45.60416793823242,-0.07795305667978182
3,2025_may_08_14,may,13.25,45.60416793823242,-0.4482632136719461
3,2025_may_08_14,may,13.291666984558105,45.60416793823242,-0.6215446098954786
3,2025_may_08_14,may,13.333333015441895,45.60416793823242,-0.42395962526704906
3,2025_may_08_14,may,13.375,45.60416793823242,-0.2178295883417527
3,2025_may_08_14,may,13.416666984558105,45.60416793823242,0.049750441138886506
3,2025_may_08_14,may,13.458333015441895,45.60416793823242,0.1317058849248458
3,2025_may_08_14,may,13.5,45.60416793823242,0.47919172302629787
3,2025_may_08_14,may,13.708333015441895,45.60416793823242,-0.027605592663508555
3,2025_may_08_14,may,13.166666984558105,45.64583206176758,0.0374235764764366
3,2025_may_08_14,may,13.208333015441895,45.64583206176758,0.5687159528015416
3,2025_may_08_14,may,13.25,45.64583206176758,0.624351524752008
3,2025_may_08_14,may,13.291666984558105,45.64583206176758,0.5823118427586413
3,2025_may_08_14,may,13.333333015441895,45.64583206176758,0.3882859574639822
3,2025_may_08_14,may,13.375,45.64583206176758,-0.4372868649251348
3,2025_may_08_14,may,13.416666984558105,45.64583206176758,-0.787167198979608
3,2025_may_08_14,may,13.458333015441895,45.64583206176758,-0.2833547630126141
3,2025_may_08_14,may,13.5,45.64583206176758,0.2773118298189784
3,2025_may_08_14,may,13.541666984558105,45.64583206176758,0.3355500788378136
3,2025_may_08_14,may,13.583333015441895,45.64583206176758,0.5795672011750328
3,2025_may_08_14,may,13.625,45.64583206176758,0.47764940225953983
3,2025_may_08_14,may,13.666666984558105,45.64583206176758,-0.15839435676139607
3,2025_may_08_14,may,13.708333015441895,45.64583206176758,-0.5174553090170608
3,2025_may_08_14,may,13.166666984558105,45.6875,-0.4464302702468599
3,2025_may_08_14,may,13.208333015441895,45.6875,-0.4432536532120608
3,2025_may_08_14,may,13.25,45.6875,-0.2650852138236899
3,2025_may_08_14,may,13.291666984558105,45.6875,-0.07883984421198031
3,2025_may_08_14,may,13.458333015441895,45.6875,0.03982196278743873
3,2025_may_08_14,may,13.5,45.6875,0.15733258942598324
3,2025_may_08_14,may,13.541666984558105,45.6875,0.09044506177192878
3,2025_may_08_14,may,13.583333015441895,45.6875,-0.11752668123161716
3,2025_may_08_14,may,13.625,45.6875,-0.17464434704281695
3,2025_may_08_14,may,13.666666984558105,45.6875,-0.34626024663853366
3,2025_may_08_14,may,13.708333015441895,45.6875,-0.1709849837012975
3,2025_may_08_14,may,13.541666984558105,45.72916793823242,0.0916240079627191
3,2025_may_08_14,may,13.583333015441895,45.72916793823242,0.34931846559609553
3,2025_may_08_14,may,13.625,45.72916793823242,0.2493630032899969
3,2025_may_08_14,may,13.666666984558105,45.72916793823242,0.09945720600154016
3,2025_may_15_21,may,13.166666984558105,45.47916793823242,-0.17459409501812304
3,2025_may_15_21,may,13.208333015441895,45.47916793823242,-0.16880334583377293
3,2025_may_15_21,may,13.166666984558105,45.52083206176758,-0.020546329590598218
3,2025_may_15_21,may,13.208333015441895,45.52083206176758,-0.05537625451530985
3,2025_may_15_21,may,13.25,45.52083206176758,-0.10627573799396703
3,2025_may_15_21,may,13.166666984558105,45.5625,-0.4720434996044907
3,2025_may_15_21,may,13.208333015441895,45.5625,-0.4854554956293679
3,2025_may_15_21,may,13.25,45.5625,-0.16733304936522228
3,2025_may_15_21,may,13.291666984558105,45.5625,-0.028679267704793284
3,2025_may_15_21,may,13.333333015441895,45.5625,-0.006298885123871388
3,2025_may_15_21,may,13.166666984558105,45.60416793823242,0.04536313328920411
3,2025_may_15_21,may,13.208333015441895,45.60416793823242,-0.0601075300589516
3,2025_may_15_21,may,13.25,45.60416793823242,-0.47887541641444764
3,2025_may_15_21,may,13.291666984558105,45.60416793823242,-0.698073812637489
3,2025_may_15_21,may,13.333333015441895,45.60416793823242,-0.4351599866568481
3,2025_may_15_21,may,13.375,45.60416793823242,-0.12276375861058202
3,2025_may_15_21,may,13.416666984558105,45.60416793823242,0.08437762356590357
3,2025_may_15_21,may,13.458333015441895,45.60416793823242,0.14798282993933262
3,2025_may_15_21,may,13.5,45.60416793823242,0.4718204747550115
3,2025_may_15_21,may,13.708333015441895,45.60416793823242,-0.015514030153759524
3,2025_may_15_21,may,13.166666984558105,45.64583206176758,0.0003191711459816212
3,2025_may_15_21,may,13.208333015441895,45.64583206176758,0.6570814576117352
3,2025_may_15_21,may,13.25,45.64583206176758,0.6505807015112841
3,2025_may_15_21,may,13.291666984558105,45.64583206176758,0.5629998324253069
3,2025_may_15_21,may,13.333333015441895,45.64583206176758,0.43305232943471744
3,2025_may_15_21,may,13.375,45.64583206176758,-0.344381769591363
3,2025_may_15_21,may,13.416666984558105,45.64583206176758,-0.8211120482052147
3,2025_may_15_21,may,13.458333015441895,45.64583206176758,-0.30782888362056793
3,2025_may_15_21,may,13.5,45.64583206176758,0.25603309002572505
3,2025_may_15_21,may,13.541666984558105,45.64583206176758,0.3366816444782809
3,2025_may_15_21,may,13.583333015441895,45.64583206176758,0.53249354544542
3,2025_may_15_21,may,13.625,45.64583206176758,0.40184604016051956
3,2025_may_15_21,may,13.666666984558105,45.64583206176758,-0.21009496536314753
3,2025_may_15_21,may,13.708333015441895,45.64583206176758,-0.4726836942657255
3,2025_may_15_21,may,13.166666984558105,45.6875,-0.5076471199232258
3,2025_may_15_21,may,13.208333015441895,45.6875,-0.4883267147338461
3,2025_may_15_21,may,13.25,45.6875,-0.2657552376148277
3,2025_may_15_21,may,13.291666984558105,45.6875,-0.09921936677713326
3,2025_may_15_21,may,13.458333015441895,45.6875,0.07473787276812717
3,2025_may_15_21,may,13.5,45.6875,0.1477568133217156
3,2025_may_15_21,may,13.541666984558105,45.6875,0.08683223179911789
3,2025_may_15_21,may,13.583333015441895,45.6875,-0.08639712758330222
3,2025_may_15_21,may,13.625,45.6875,-0.15819429598589432
3,2025_may_15_21,may,13.666666984558105,45.6875,-0.2583563328073934
3,2025_may_15_21,may,13.708333015441895,45.6875,-0.1930159175755057
3,2025_may_15_21,may,13.541666984558105,45.72916793823242,0.11175369650043593
3,2025_may_15_21,may,13.583333015441895,45.72916793823242,0.354353177413938
3,2025_may_15_21,may,13.625,45.72916793823242,0.26087472367402303
3,2025_may_15_21,may,13.666666984558105,45.72916793823242,0.08085613881823357
3,2025_may_22_28,may,13.166666984558105,45.47916793823242,-0.21497571853903483
3,2025_may_22_28,may,13.208333015441895,45.47916793823242,-0.2045630483008946
3,2025_may_22_28,may,13.166666984558105,45.52083206176758,-0.033987028764422535
3,2025_may_22_28,may,13.208333015441895,45.52083206176758,-0.05957593183390794
3,2025_may_22_28,may,13.25,45.52083206176758,-0.04670399323687601
3,2025_may_22_28,may,13.166666984558105,45.5625,-0.4479812689898533
3,2025_may_22_28,may,13.208333015441895,45.5625,-0.4675364822075148
3,2025_may_22_28,may,13.25,45.5625,-0.21082653246419283
3,2025_may_22_28,may,13.291666984558105,45.5625,-0.05709865090445741
3,2025_may_22_28,may,13.333333015441895,45.5625,-0.013333336439591057
3,2025_may_22_28,may,13.166666984558105,45.60416793823242,0.09130535343964172
3,2025_may_22_28,may,13.208333015441895,45.60416793823242,-0.027974357068168018
3,2025_may_22_28,may,13.25,45.60416793823242,-0.5106953973251676
3,2025_may_22_28,may,13.291666984558105,45.60416793823242,-0.645550667469349
3,2025_may_22_28,may,13.333333015441895,45.60416793823242,-0.44070163844897436
3,2025_may_22_28,may,13.375,45.60416793823242,-0.20678912574630381
3,2025_may_22_28,may,13.416666984558105,45.60416793823242,0.0024532419178780384
3,2025_may_22_28,may,13.458333015441895,45.60416793823242,0.002668985436830105
3,2025_may_22_28,may,13.5,45.60416793823242,0.36546873520937884
3,2025_may_22_28,may,13.708333015441895,45.60416793823242,-0.021845812238561708
3,2025_may_22_28,may,13.166666984558105,45.64583206176758,-0.009725798775917418
3,2025_may_22_28,may,13.208333015441895,45.64583206176758,0.615923970520088
3,2025_may_22_28,may,13.25,45.64583206176758,0.6309333133837569
3,2025_may_22_28,may,13.291666984558105,45.64583206176758,0.5366591927980088
3,2025_may_22_28,may,13.333333015441895,45.64583206176758,0.36054461391202963
3,2025_may_22_28,may,13.375,45.64583206176758,-0.3670977036136526
3,2025_may_22_28,may,13.416666984558105,45.64583206176758,-0.8235801187671185
3,2025_may_22_28,may,13.458333015441895,45.64583206176758,-0.41042194189568615
3,2025_may_22_28,may,13.5,45.64583206176758,0.233159427095374
3,2025_may_22_28,may,13.541666984558105,45.64583206176758,0.3121777724833891
3,2025_may_22_28,may,13.583333015441895,45.64583206176758,0.49111494235845726
3,2025_may_22_28,may,13.625,45.64583206176758,0.34366529272923996
3,2025_may_22_28,may,13.666666984558105,45.64583206176758,-0.20029579079158374
3,2025_may_22_28,may,13.708333015441895,45.64583206176758,-0.5106593592583117
3,2025_may_22_28,may,13.166666984558105,45.6875,-0.528733639086013
3,2025_may_22_28,may,13.208333015441895,45.6875,-0.5191675155580304
3,2025_may_22_28,may,13.25,45.6875,-0.2913920322654687
3,2025_may_22_28,may,13.291666984558105,45.6875,-0.0934643198524381
3,2025_may_22_28,may,13.458333015441895,45.6875,0.012795849566177577
3,2025_may_22_28,may,13.5,45.6875,0.10313946282703189
3,2025_may_22_28,may,13.541666984558105,45.6875,-0.0020034045583307873
3,2025_may_22_28,may,13.583333015441895,45.6875,-0.16043066299761116
3,2025_may_22_28,may,13.625,45.6875,-0.1757067913771698
3,2025_may_22_28,may,13.666666984558105,45.6875,-0.279813192888362
3,2025_may_22_28,may,13.708333015441895,45.6875,-0.2307742967289082
3,2025_may_22_28,may,13.541666984558105,45.72916793823242,0.22363395492938876
3,2025_may_22_28,may,13.583333015441895,45.72916793823242,0.4068031270290613
3,2025_may_22_28,may,13.625,45.72916793823242,0.29426687630787063
3,2025_may_22_28,may,13.666666984558105,45.72916793823242,0.11614510572484173
3,2025_november_01_07,november,13.166666984558105,45.47916793823242,-0.15113194756860815
3,2025_november_01_07,november,13.208333015441895,45.47916793823242,-0.14875699138907766
3,2025_november_01_07,november,13.166666984558105,45.52083206176758,-0.022210111316807803
3,2025_november_01_07,november,13.208333015441895,45.52083206176758,-0.03867057629763281
3,2025_november_01_07,november,13.25,45.52083206176758,-0.07310732929727078
3,2025_november_01_07,november,13.166666984558105,45.5625,-0.3763041001737007
3,2025_november_01_07,november,13.208333015441895,45.5625,-0.3455955271969349
3,2025_november_01_07,november,13.25,45.5625,-0.17446907566475575
3,2025_november_01_07,november,13.291666984558105,45.5625,-0.20252589576306806
3,2025_november_01_07,november,13.333333015441895,45.5625,-0.29528511831081317
3,2025_november_01_07,november,13.166666984558105,45.60416793823242,0.1403610432496621
3,2025_november_01_07,november,13.208333015441895,45.60416793823242,0.1410445753289198
3,2025_november_01_07,november,13.25,45.60416793823242,-0.5184583959740628
3,2025_november_01_07,november,13.291666984558105,45.60416793823242,-0.7772052605775822
3,2025_november_01_07,november,13.333333015441895,45.60416793823242,-0.45747456829241256
3,2025_november_01_07,november,13.375,45.60416793823242,-0.13428663439886804
3,2025_november_01_07,november,13.416666984558105,45.60416793823242,0.06854167457454118
3,2025_november_01_07,november,13.458333015441895,45.60416793823242,0.13879485658062932
3,2025_november_01_07,november,13.5,45.60416793823242,0.41634512743493385
3,2025_november_01_07,november,13.708333015441895,45.60416793823242,-0.022842793144899235
3,2025_november_01_07,november,13.166666984558105,45.64583206176758,0.11818361906632677
3,2025_november_01_07,november,13.208333015441895,45.64583206176758,0.6316941869589101
3,2025_november_01_07,november,13.25,45.64583206176758,0.6725767613411097
3,2025_november_01_07,november,13.291666984558105,45.64583206176758,0.5925128085767916
3,2025_november_01_07,november,13.333333015441895,45.64583206176758,0.3935711220279277
3,2025_november_01_07,november,13.375,45.64583206176758,-0.3024335288546691
3,2025_november_01_07,november,13.416666984558105,45.64583206176758,-0.8082129798691658
3,2025_november_01_07,november,13.458333015441895,45.64583206176758,-0.36472010703247715
3,2025_november_01_07,november,13.5,45.64583206176758,0.23598583106181553
3,2025_november_01_07,november,13.541666984558105,45.64583206176758,0.2742690314384287
3,2025_november_01_07,november,13.583333015441895,45.64583206176758,0.41590445640268975
3,2025_november_01_07,november,13.625,45.64583206176758,0.24328123117231157
3,2025_november_01_07,november,13.666666984558105,45.64583206176758,-0.2687231429960106
3,2025_november_01_07,november,13.708333015441895,45.64583206176758,-0.413058869766863
3,2025_november_01_07,november,13.166666984558105,45.6875,-0.6446238724700403
3,2025_november_01_07,november,13.208333015441895,45.6875,-0.7774225397693436
3,2025_november_01_07,november,13.25,45.6875,-0.41910398857423925
3,2025_november_01_07,november,13.291666984558105,45.6875,-0.17021107922879744
3,2025_november_01_07,november,13.458333015441895,45.6875,0.005673210821159442
3,2025_november_01_07,november,13.5,45.6875,0.08217001205429374
3,2025_november_01_07,november,13.541666984558105,45.6875,0.024315713606988226
3,2025_november_01_07,november,13.583333015441895,45.6875,-0.13573870408549804
3,2025_november_01_07,november,13.625,45.6875,-0.1309513225560046
3,2025_november_01_07,november,13.666666984558105,45.6875,-0.048775375415758285
3,2025_november_01_07,november,13.708333015441895,45.6875,0.07882769447733216
3,2025_november_01_07,november,13.541666984558105,45.72916793823242,0.1366471288803065
3,2025_november_01_07,november,13.583333015441895,45.72916793823242,0.2567948110800916
3,2025_november_01_07,november,13.625,45.72916793823242,0.15767807827425595
3,2025_november_01_07,november,13.666666984558105,45.72916793823242,0.021937901459330656
3,2025_november_08_14,november,13.166666984558105,45.47916793823242,-0.17713821403824923
3,2025_november_08_14,november,13.208333015441895,45.47916793823242,-0.1863811058917371
3,2025_november_08_14,november,13.166666984558105,45.52083206176758,-0.012683740066989026
3,2025_november_08_14,november,13.208333015441895,45.52083206176758,-0.04622366956873847
3,2025_november_08_14,november,13.25,45.52083206176758,-0.09048027152966708
3,2025_november_08_14,november,13.166666984558105,45.5625,-0.5046907348949291
3,2025_november_08_14,november,13.208333015441895,45.5625,-0.49280397284747457
3,2025_november_08_14,november,13.25,45.5625,-0.26656421101940264
3,2025_november_08_14,november,13.291666984558105,45.5625,-0.2593052936573235
3,2025_november_08_14,november,13.333333015441895,45.5625,-0.2844034878453971
3,2025_november_08_14,november,13.166666984558105,45.60416793823242,0.16556307663400063
3,2025_november_08_14,november,13.208333015441895,45.60416793823242,0.1566728867555617
3,2025_november_08_14,november,13.25,45.60416793823242,-0.33424051150854267
3,2025_november_08_14,november,13.291666984558105,45.60416793823242,-0.715119896030901
3,2025_november_08_14,november,13.333333015441895,45.60416793823242,-0.4199976420429331
3,2025_november_08_14,november,13.375,45.60416793823242,-0.12841616554061067
3,2025_november_08_14,november,13.416666984558105,45.60416793823242,0.08804901668986088
3,2025_november_08_14,november,13.458333015441895,45.60416793823242,0.15701776930486533
3,2025_november_08_14,november,13.5,45.60416793823242,0.4448430996995757
3,2025_november_08_14,november,13.708333015441895,45.60416793823242,-0.03659684283565385
3,2025_november_08_14,november,13.166666984558105,45.64583206176758,0.13620638105609315
3,2025_november_08_14,november,13.208333015441895,45.64583206176758,0.5393076209699498
3,2025_november_08_14,november,13.25,45.64583206176758,0.6423771600012175
3,2025_november_08_14,november,13.291666984558105,45.64583206176758,0.5747748588609847
3,2025_november_08_14,november,13.333333015441895,45.64583206176758,0.36900972819872896
3,2025_november_08_14,november,13.375,45.64583206176758,-0.300791715759857
3,2025_november_08_14,november,13.416666984558105,45.64583206176758,-0.766321995613236
3,2025_november_08_14,november,13.458333015441895,45.64583206176758,-0.33455533444516083
3,2025_november_08_14,november,13.5,45.64583206176758,0.27797510194535224
3,2025_november_08_14,november,13.541666984558105,45.64583206176758,0.3328728156749405
3,2025_november_08_14,november,13.583333015441895,45.64583206176758,0.45460800493312686
3,2025_november_08_14,november,13.625,45.64583206176758,0.28751459240874805
3,2025_november_08_14,november,13.666666984558105,45.64583206176758,-0.30716345136633016
3,2025_november_08_14,november,13.708333015441895,45.64583206176758,-0.508553776105197
3,2025_november_08_14,november,13.166666984558105,45.6875,-0.5873302066512667
3,2025_november_08_14,november,13.208333015441895,45.6875,-0.6751485807253986
3,2025_november_08_14,november,13.25,45.6875,-0.3389483082034191
3,2025_november_08_14,november,13.291666984558105,45.6875,-0.0770173646733479
3,2025_november_08_14,november,13.458333015441895,45.6875,0.02267340933400461
3,2025_november_08_14,november,13.5,45.6875,0.05629683268114414
3,2025_november_08_14,november,13.541666984558105,45.6875,-0.03668386373698881
3,2025_november_08_14,november,13.583333015441895,45.6875,-0.190520411004987
3,2025_november_08_14,november,13.625,45.6875,-0.19058733414530177
3,2025_november_08_14,november,13.666666984558105,45.6875,-0.09005595127271833
3,2025_november_08_14,november,13.708333015441895,45.6875,0.08732261242100427
3,2025_november_08_14,november,13.541666984558105,45.72916793823242,0.1281914085696476
3,2025_november_08_14,november,13.583333015441895,45.72916793823242,0.23035502689296236
3,2025_november_08_14,november,13.625,45.72916793823242,0.13408299798656478
3,2025_november_08_14,november,13.666666984558105,45.72916793823242,0.05260172363922884
3,2025_november_15_21,november,13.166666984558105,45.47916793823242,-0.17901254849358916
3,2025_november_15_21,november,13.208333015441895,45.47916793823242,-0.18081069682032672
3,2025_november_15_21,november,13.166666984558105,45.52083206176758,-0.008751768669018929
3,2025_november_15_21,november,13.208333015441895,45.52083206176758,-0.05035951824100156
3,2025_november_15_21,november,13.25,45.52083206176758,-0.06272502214969365
3,2025_november_15_21,november,13.166666984558105,45.5625,-0.44491271900424867
3,2025_november_15_21,november,13.208333015441895,45.5625,-0.5490956450045134
3,2025_november_15_21,november,13.25,45.5625,-0.3454991624471081
3,2025_november_15_21,november,13.291666984558105,45.5625,-0.33241076397469355
3,2025_november_15_21,november,13.333333015441895,45.5625,-0.3844914783112619
3,2025_november_15_21,november,13.166666984558105,45.60416793823242,0.186674113363529
3,2025_november_15_21,november,13.208333015441895,45.60416793823242,0.1752486570048099
3,2025_november_15_21,november,13.25,45.60416793823242,-0.37560466104912793
3,2025_november_15_21,november,13.291666984558105,45.60416793823242,-0.7406987313477934
3,2025_november_15_21,november,13.333333015441895,45.60416793823242,-0.4183661484105707
3,2025_november_15_21,november,13.375,45.60416793823242,-0.14382305491164082
3,2025_november_15_21,november,13.416666984558105,45.60416793823242,0.06601998281358182
3,2025_november_15_21,november,13.458333015441895,45.60416793823242,0.13830251066400434
3,2025_november_15_21,november,13.5,45.60416793823242,0.4167751912116496
3,2025_november_15_21,november,13.708333015441895,45.60416793823242,-0.04204274138871239
3,2025_november_15_21,november,13.166666984558105,45.64583206176758,0.06085003586838376
3,2025_november_15_21,november,13.208333015441895,45.64583206176758,0.5612890789592253
3,2025_november_15_21,november,13.25,45.64583206176758,0.6676794370563996
3,2025_november_15_21,november,13.291666984558105,45.64583206176758,0.6134321976333859
3,2025_november_15_21,november,13.333333015441895,45.64583206176758,0.4198645650030858
3,2025_november_15_21,november,13.375,45.64583206176758,-0.22491289403904255
3,2025_november_15_21,november,13.416666984558105,45.64583206176758,-0.7501825546475818
3,2025_november_15_21,november,13.458333015441895,45.64583206176758,-0.22725434710806433
3,2025_november_15_21,november,13.5,45.64583206176758,0.3026256648974201
3,2025_november_15_21,november,13.541666984558105,45.64583206176758,0.3207615303922688
3,2025_november_15_21,november,13.583333015441895,45.64583206176758,0.4887221598750823
3,2025_november_15_21,november,13.625,45.64583206176758,0.34985028087462183
3,2025_november_15_21,november,13.666666984558105,45.64583206176758,-0.2625085032179815
3,2025_november_15_21,november,13.708333015441895,45.64583206176758,-0.46235513592880834
3,2025_november_15_21,november,13.166666984558105,45.6875,-0.6377503021165767
3,2025_november_15_21,november,13.208333015441895,45.6875,-0.7195559298469582
3,2025_november_15_21,november,13.25,45.6875,-0.3582285321178995
3,2025_november_15_21,november,13.291666984558105,45.6875,-0.10883413021768036
3,2025_november_15_21,november,13.458333015441895,45.6875,0.042851406082042735
3,2025_november_15_21,november,13.5,45.6875,0.07725268329860563
3,2025_november_15_21,november,13.541666984558105,45.6875,-0.014630220505883288
3,2025_november_15_21,november,13.583333015441895,45.6875,-0.1848442920644441
3,2025_november_15_21,november,13.625,45.6875,-0.1913517127404247
3,2025_november_15_21,november,13.666666984558105,45.6875,-0.06273337938052292
3,2025_november_15_21,november,13.708333015441895,45.6875,0.07882838493911877
3,2025_november_15_21,november,13.541666984558105,45.72916793823242,0.24147848801378996
3,2025_november_15_21,november,13.583333015441895,45.72916793823242,0.35550203344320613
3,2025_november_15_21,november,13.625,45.72916793823242,0.1777912714027963
3,2025_november_15_21,november,13.666666984558105,45.72916793823242,0.05151859503587216
3,2025_november_22_28,november,13.166666984558105,45.47916793823242,-0.18089173306492887
3,2025_november_22_28,november,13.208333015441895,45.47916793823242,-0.22608361057886023
3,2025_november_22_28,november,13.166666984558105,45.52083206176758,-0.0511962251097567
3,2025_november_22_28,november,13.208333015441895,45.52083206176758,-0.11238729118403874
3,2025_november_22_28,november,13.25,45.52083206176758,-0.10540871697020673
3,2025_november_22_28,november,13.166666984558105,45.5625,-0.4158807663605675
3,2025_november_22_28,november,13.208333015441895,45.5625,-0.5372665171747418
3,2025_november_22_28,november,13.25,45.5625,-0.35622811554956796
3,2025_november_22_28,november,13.291666984558105,45.5625,-0.31877815429107287
3,2025_november_22_28,november,13.333333015441895,45.5625,-0.3822114607381199
3,2025_november_22_28,november,13.166666984558105,45.60416793823242,0.12404579076898307
3,2025_november_22_28,november,13.208333015441895,45.60416793823242,0.11886025429418075
3,2025_november_22_28,november,13.25,45.60416793823242,-0.4468380203617809
3,2025_november_22_28,november,13.291666984558105,45.60416793823242,-0.7982817504064038
3,2025_november_22_28,november,13.333333015441895,45.60416793823242,-0.4737721783770973
3,2025_november_22_28,november,13.375,45.60416793823242,-0.10602222376203521
3,2025_november_22_28,november,13.416666984558105,45.60416793823242,0.12135143922846234
3,2025_november_22_28,november,13.458333015441895,45.60416793823242,0.17730922122072032
3,2025_november_22_28,november,13.5,45.60416793823242,0.44048628168490056
3,2025_november_22_28,november,13.708333015441895,45.60416793823242,-0.03431448659111552
3,2025_november_22_28,november,13.166666984558105,45.64583206176758,0.10931880041887213
3,2025_november_22_28,november,13.208333015441895,45.64583206176758,0.5741239895940337
3,2025_november_22_28,november,13.25,45.64583206176758,0.6501712973291603
3,2025_november_22_28,november,13.291666984558105,45.64583206176758,0.5591077469514277
3,2025_november_22_28,november,13.333333015441895,45.64583206176758,0.3827959992403526
3,2025_november_22_28,november,13.375,45.64583206176758,-0.3040824176888462
3,2025_november_22_28,november,13.416666984558105,45.64583206176758,-0.8308755879011303
3,2025_november_22_28,november,13.458333015441895,45.64583206176758,-0.3297558812622663
3,2025_november_22_28,november,13.5,45.64583206176758,0.2765502004595044
3,2025_november_22_28,november,13.541666984558105,45.64583206176758,0.3273784518713557
3,2025_november_22_28,november,13.583333015441895,45.64583206176758,0.4514254616342489
3,2025_november_22_28,november,13.625,45.64583206176758,0.30825339435960253
3,2025_november_22_28,november,13.666666984558105,45.64583206176758,-0.23184181947826316
3,2025_november_22_28,november,13.708333015441895,45.64583206176758,-0.49050810444280335
3,2025_november_22_28,november,13.166666984558105,45.6875,-0.6357871646058236
3,2025_november_22_28,november,13.208333015441895,45.6875,-0.7151526713042334
3,2025_november_22_28,november,13.25,45.6875,-0.354398428156799
3,2025_november_22_28,november,13.291666984558105,45.6875,-0.13747155886191606
3,2025_november_22_28,november,13.458333015441895,45.6875,-0.026663119937264952
3,2025_november_22_28,november,13.5,45.6875,0.007989444520238777
3,2025_november_22_28,november,13.541666984558105,45.6875,0.022167929696636564
3,2025_november_22_28,november,13.583333015441895,45.6875,-0.14326485969929806
3,2025_november_22_28,november,13.625,45.6875,-0.2399838530192016
3,2025_november_22_28,november,13.666666984558105,45.6875,-0.11367830298909169
3,2025_november_22_28,november,13.708333015441895,45.6875,0.07760189387783947
3,2025_november_22_28,november,13.541666984558105,45.72916793823242,0.09359271121806557
3,2025_november_22_28,november,13.583333015441895,45.72916793823242,0.198278731837251
3,2025_november_22_28,november,13.625,45.72916793823242,0.1436297688604862
3,2025_november_22_28,november,13.666666984558105,45.72916793823242,0.031109762198854328
4,2025_may_01_07,may,13.166666984558105,45.47916793823242,-0.2056734012271669
4,2025_may_01_07,may,13.208333015441895,45.47916793823242,-0.20382261689820289
4,2025_may_01_07,may,13.166666984558105,45.52083206176758,-0.018724529860659866
4,2025_may_01_07,may,13.208333015441895,45.52083206176758,-0.057691605788005994
4,2025_may_01_07,may,13.25,45.52083206176758,-0.11607625680438181
4,2025_may_01_07,may,13.166666984558105,45.5625,-0.33570467007431665
4,2025_may_01_07,may,13.208333015441895,45.5625,-0.42632272810566624
4,2025_may_01_07,may,13.25,45.5625,-0.20803156978841117
4,2025_may_01_07,may,13.291666984558105,45.5625,-0.05891896016083577
4,2025_may_01_07,may,13.333333015441895,45.5625,-0.014632945254766463
4,2025_may_01_07,may,13.166666984558105,45.60416793823242,-0.05939053325893185
4,2025_may_01_07,may,13.208333015441895,45.60416793823242,-0.07968700019143363
4,2025_may_01_07,may,13.25,45.60416793823242,-0.504427236333629
4,2025_may_01_07,may,13.291666984558105,45.60416793823242,-0.7090870394815658
4,2025_may_01_07,may,13.333333015441895,45.60416793823242,-0.4432303821589996
4,2025_may_01_07,may,13.375,45.60416793823242,-0.19865738376383907
4,2025_may_01_07,may,13.416666984558105,45.60416793823242,0.0586137539001531
4,2025_may_01_07,may,13.458333015441895,45.60416793823242,0.16737909631430994
4,2025_may_01_07,may,13.5,45.60416793823242,0.465018625086068
4,2025_may_01_07,may,13.708333015441895,45.60416793823242,-0.0094548425174915
4,2025_may_01_07,may,13.166666984558105,45.64583206176758,0.1798503499877639
4,2025_may_01_07,may,13.208333015441895,45.64583206176758,0.6568733504516053
4,2025_may_01_07,may,13.25,45.64583206176758,0.7238255599493886
4,2025_may_01_07,may,13.291666984558105,45.64583206176758,0.5894399098059073
4,2025_may_01_07,may,13.333333015441895,45.64583206176758,0.3653039635533406
4,2025_may_01_07,may,13.375,45.64583206176758,-0.3828741407337019
4,2025_may_01_07,may,13.416666984558105,45.64583206176758,-0.6891599566606368
4,2025_may_01_07,may,13.458333015441895,45.64583206176758,-0.21843867590730295
4,2025_may_01_07,may,13.5,45.64583206176758,0.2655269214914617
4,2025_may_01_07,may,13.541666984558105,45.64583206176758,0.3368658446369702
4,2025_may_01_07,may,13.583333015441895,45.64583206176758,0.5742221984976094
4,2025_may_01_07,may,13.625,45.64583206176758,0.41071801462209756
4,2025_may_01_07,may,13.666666984558105,45.64583206176758,-0.2721744747062816
4,2025_may_01_07,may,13.708333015441895,45.64583206176758,-0.5420014815832072
4,2025_may_01_07,may,13.166666984558105,45.6875,-0.5409228371620111
4,2025_may_01_07,may,13.208333015441895,45.6875,-0.46464709181381075
4,2025_may_01_07,may,13.25,45.6875,-0.26364903587668875
4,2025_may_01_07,may,13.291666984558105,45.6875,-0.0476122328620299
4,2025_may_01_07,may,13.458333015441895,45.6875,0.03566838229078128
4,2025_may_01_07,may,13.5,45.6875,0.14177262681963707
4,2025_may_01_07,may,13.541666984558105,45.6875,0.06807268678994005
4,2025_may_01_07,may,13.583333015441895,45.6875,-0.1250747956874025
4,2025_may_01_07,may,13.625,45.6875,-0.1613688586055608
4,2025_may_01_07,may,13.666666984558105,45.6875,-0.1797870590413179
4,2025_may_01_07,may,13.708333015441895,45.6875,-0.16793397867192866
4,2025_may_01_07,may,13.541666984558105,45.72916793823242,0.13697170145269946
4,2025_may_01_07,may,13.583333015441895,45.72916793823242,0.3842383878649152
4,2025_may_01_07,may,13.625,45.72916793823242,0.31069180687787884
4,2025_may_01_07,may,13.666666984558105,45.72916793823242,0.09504575100734587
4,2025_may_08_14,may,13.166666984558105,45.47916793823242,-0.21978192589181278
4,2025_may_08_14,may,13.208333015441895,45.47916793823242,-0.199814449947608
4,2025_may_08_14,may,13.166666984558105,45.52083206176758,-0.012558250481714698
4,2025_may_08_14,may,13.208333015441895,45.52083206176758,-0.02372991734642255
4,2025_may_08_14,may,13.25,45.52083206176758,-0.040392328590244345
4,2025_may_08_14,may,13.166666984558105,45.5625,-0.45930692763325975
4,2025_may_08_14,may,13.208333015441895,45.5625,-0.5014691776976284
4,2025_may_08_14,may,13.25,45.5625,-0.1945036929503295
4,2025_may_08_14,may,13.291666984558105,45.5625,-0.039344036115916754
4,2025_may_08_14,may,13.333333015441895,45.5625,-0.007599840297820815
4,2025_may_08_14,may,13.166666984558105,45.60416793823242,-0.07206984642143113
4,2025_may_08_14,may,13.208333015441895,45.60416793823242,-0.05702893959240073
4,2025_may_08_14,may,13.25,45.60416793823242,-0.4778737423207644
4,2025_may_08_14,may,13.291666984558105,45.60416793823242,-0.6396277604271173
4,2025_may_08_14,may,13.333333015441895,45.60416793823242,-0.4252557253758918
4,2025_may_08_14,may,13.375,45.60416793823242,-0.15941154012203837
4,2025_may_08_14,may,13.416666984558105,45.60416793823242,0.055537029662198305
4,2025_may_08_14,may,13.458333015441895,45.60416793823242,0.11832599327876586
4,2025_may_08_14,may,13.5,45.60416793823242,0.4703428558983464
4,2025_may_08_14,may,13.708333015441895,45.60416793823242,-0.03772171687964437
4,2025_may_08_14,may,13.166666984558105,45.64583206176758,0.09532194262263911
4,2025_may_08_14,may,13.208333015441895,45.64583206176758,0.6445208821836792
4,2025_may_08_14,may,13.25,45.64583206176758,0.63000008688692
4,2025_may_08_14,may,13.291666984558105,45.64583206176758,0.5209364214169145
4,2025_may_08_14,may,13.333333015441895,45.64583206176758,0.3628681254469672
4,2025_may_08_14,may,13.375,45.64583206176758,-0.34174426806830166
4,2025_may_08_14,may,13.416666984558105,45.64583206176758,-0.7229166228590665
4,2025_may_08_14,may,13.458333015441895,45.64583206176758,-0.2455838498140201
4,2025_may_08_14,may,13.5,45.64583206176758,0.2883050028750159
4,2025_may_08_14,may,13.541666984558105,45.64583206176758,0.3734735245333746
4,2025_may_08_14,may,13.583333015441895,45.64583206176758,0.6031730052100472
4,2025_may_08_14,may,13.625,45.64583206176758,0.4450350799797462
4,2025_may_08_14,may,13.666666984558105,45.64583206176758,-0.20636080634083728
4,2025_may_08_14,may,13.708333015441895,45.64583206176758,-0.4799943756901612
4,2025_may_08_14,may,13.166666984558105,45.6875,-0.49358761802587464
4,2025_may_08_14,may,13.208333015441895,45.6875,-0.5115686299329375
4,2025_may_08_14,may,13.25,45.6875,-0.25010476687116195
4,2025_may_08_14,may,13.291666984558105,45.6875,-0.05882148918780462
4,2025_may_08_14,may,13.458333015441895,45.6875,0.05103959648884692
4,2025_may_08_14,may,13.5,45.6875,0.10110180666672398
4,2025_may_08_14,may,13.541666984558105,45.6875,0.0152251076594708
4,2025_may_08_14,may,13.583333015441895,45.6875,-0.07542361507141251
4,2025_may_08_14,may,13.625,45.6875,-0.07296718951356032
4,2025_may_08_14,may,13.666666984558105,45.6875,-0.22510850670963553
4,2025_may_08_14,may,13.708333015441895,45.6875,-0.20948701035610554
4,2025_may_08_14,may,13.541666984558105,45.72916793823242,0.22849430994906772
4,2025_may_08_14,may,13.583333015441895,45.72916793823242,0.4392217525985087
4,2025_may_08_14,may,13.625,45.72916793823242,0.299961857020901
4,2025_may_08_14,may,13.666666984558105,45.72916793823242,0.10816604975615386
4,2025_may_15_21,may,13.166666984558105,45.47916793823242,-0.19696416359553395
4,2025_may_15_21,may,13.208333015441895,45.47916793823242,-0.18255683163581557
4,2025_may_15_21,may,13.166666984558105,45.52083206176758,-0.03088763009112949
4,2025_may_15_21,may,13.208333015441895,45.52083206176758,-0.09470124801893258
4,2025_may_15_21,may,13.25,45.52083206176758,-0.15907512328234583
4,2025_may_15_21,may,13.166666984558105,45.5625,-0.48428163257256585
4,2025_may_15_21,may,13.208333015441895,45.5625,-0.4712282666277546
4,2025_may_15_21,may,13.25,45.5625,-0.20909137167736805
4,2025_may_15_21,may,13.291666984558105,45.5625,-0.05284094524282112
4,2025_may_15_21,may,13.333333015441895,45.5625,-0.01583941993742798
4,2025_may_15_21,may,13.166666984558105,45.60416793823242,-0.08327517681969346
4,2025_may_15_21,may,13.208333015441895,45.60416793823242,-0.15991152858740781
4,2025_may_15_21,may,13.25,45.60416793823242,-0.5435081605073331
4,2025_may_15_21,may,13.291666984558105,45.60416793823242,-0.6812725393720387
4,2025_may_15_21,may,13.333333015441895,45.60416793823242,-0.47893212241693056
4,2025_may_15_21,may,13.375,45.60416793823242,-0.18023813171680064
4,2025_may_15_21,may,13.416666984558105,45.60416793823242,-0.01287084260512869
4,2025_may_15_21,may,13.458333015441895,45.60416793823242,0.04149403404268977
4,2025_may_15_21,may,13.5,45.60416793823242,0.3918839873878426
4,2025_may_15_21,may,13.708333015441895,45.60416793823242,-0.008802918754623001
4,2025_may_15_21,may,13.166666984558105,45.64583206176758,-0.08789871260018037
4,2025_may_15_21,may,13.208333015441895,45.64583206176758,0.5484735451641711
4,2025_may_15_21,may,13.25,45.64583206176758,0.6519151757457234
4,2025_may_15_21,may,13.291666984558105,45.64583206176758,0.5741448346827113
4,2025_may_15_21,may,13.333333015441895,45.64583206176758,0.42393880158988934
4,2025_may_15_21,may,13.375,45.64583206176758,-0.35406275958674255
4,2025_may_15_21,may,13.416666984558105,45.64583206176758,-0.8484836047208267
4,2025_may_15_21,may,13.458333015441895,45.64583206176758,-0.34203787323449486
4,2025_may_15_21,may,13.5,45.64583206176758,0.24944879832276773
4,2025_may_15_21,may,13.541666984558105,45.64583206176758,0.31988746945204877
4,2025_may_15_21,may,13.583333015441895,45.64583206176758,0.5178465237522724
4,2025_may_15_21,may,13.625,45.64583206176758,0.3274029896521285
4,2025_may_15_21,may,13.666666984558105,45.64583206176758,-0.299070669221858
4,2025_may_15_21,may,13.708333015441895,45.64583206176758,-0.5339660971248081
4,2025_may_15_21,may,13.166666984558105,45.6875,-0.5074259483174347
4,2025_may_15_21,may,13.208333015441895,45.6875,-0.48723724335334484
4,2025_may_15_21,may,13.25,45.6875,-0.23484671183632586
4,2025_may_15_21,may,13.291666984558105,45.6875,-0.11171522876213252
4,2025_may_15_21,may,13.458333015441895,45.6875,0.03475157366835626
4,2025_may_15_21,may,13.5,45.6875,0.11899793017314184
4,2025_may_15_21,may,13.541666984558105,45.6875,0.012659464859692632
4,2025_may_15_21,may,13.583333015441895,45.6875,-0.1635154808142378
4,2025_may_15_21,may,13.625,45.6875,-0.16397495310459084
4,2025_may_15_21,may,13.666666984558105,45.6875,-0.28997047765197514
4,2025_may_15_21,may,13.708333015441895,45.6875,-0.19492392077807957
4,2025_may_15_21,may,13.541666984558105,45.72916793823242,0.1955362365892138
4,2025_may_15_21,may,13.583333015441895,45.72916793823242,0.39169093833695073
4,2025_may_15_21,may,13.625,45.72916793823242,0.2461746257781066
4,2025_may_15_21,may,13.666666984558105,45.72916793823242,0.0751685084085856
4,2025_may_22_28,may,13.166666984558105,45.47916793823242,-0.2386730686442955
4,2025_may_22_28,may,13.208333015441895,45.47916793823242,-0.2362802915299387
4,2025_may_22_28,may,13.166666984558105,45.52083206176758,-0.02232215886462102
4,2025_may_22_28,may,13.208333015441895,45.52083206176758,-0.06626158308688715
4,2025_may_22_28,may,13.25,45.52083206176758,-0.12707928123760276
4,2025_may_22_28,may,13.166666984558105,45.5625,-0.5162525053074828
4,2025_may_22_28,may,13.208333015441895,45.5625,-0.5118381797523839
4,2025_may_22_28,may,13.25,45.5625,-0.2079034490564194
4,2025_may_22_28,may,13.291666984558105,45.5625,-0.044678962716680856
4,2025_may_22_28,may,13.333333015441895,45.5625,-0.017431303202741284
4,2025_may_22_28,may,13.166666984558105,45.60416793823242,0.1056612143082112
4,2025_may_22_28,may,13.208333015441895,45.60416793823242,-0.013641109848819812
4,2025_may_22_28,may,13.25,45.60416793823242,-0.4949917653241316
4,2025_may_22_28,may,13.291666984558105,45.60416793823242,-0.6567423762918239
4,2025_may_22_28,may,13.333333015441895,45.60416793823242,-0.4581195966505725
4,2025_may_22_28,may,13.375,45.60416793823242,-0.20402916590223233
4,2025_may_22_28,may,13.416666984558105,45.60416793823242,0.056060008359851594
4,2025_may_22_28,may,13.458333015441895,45.60416793823242,0.1272350518150201
4,2025_may_22_28,may,13.5,45.60416793823242,0.45079524316027625
4,2025_may_22_28,may,13.708333015441895,45.60416793823242,-0.01689781539129237
4,2025_may_22_28,may,13.166666984558105,45.64583206176758,0.046632868635970826
4,2025_may_22_28,may,13.208333015441895,45.64583206176758,0.6412744996424672
4,2025_may_22_28,may,13.25,45.64583206176758,0.6624251319720375
4,2025_may_22_28,may,13.291666984558105,45.64583206176758,0.569916807061891
4,2025_may_22_28,may,13.333333015441895,45.64583206176758,0.3813208289439463
4,2025_may_22_28,may,13.375,45.64583206176758,-0.4037831926906277
4,2025_may_22_28,may,13.416666984558105,45.64583206176758,-0.8424942752025999
4,2025_may_22_28,may,13.458333015441895,45.64583206176758,-0.33846234663398267
4,2025_may_22_28,may,13.5,45.64583206176758,0.22589244516811924
4,2025_may_22_28,may,13.541666984558105,45.64583206176758,0.32930079209319746
4,2025_may_22_28,may,13.583333015441895,45.64583206176758,0.5778141638774736
4,2025_may_22_28,may,13.625,45.64583206176758,0.4028346749407899
4,2025_may_22_28,may,13.666666984558105,45.64583206176758,-0.20968091663940788
4,2025_may_22_28,may,13.708333015441895,45.64583206176758,-0.5453259947482838
4,2025_may_22_28,may,13.166666984558105,45.6875,-0.49197785865162313
4,2025_may_22_28,may,13.208333015441895,45.6875,-0.5792990465663979
4,2025_may_22_28,may,13.25,45.6875,-0.3344627884544679
4,2025_may_22_28,may,13.291666984558105,45.6875,-0.1485428606634361
4,2025_may_22_28,may,13.458333015441895,45.6875,0.05657273483274927
4,2025_may_22_28,may,13.5,45.6875,0.15186439255488682
4,2025_may_22_28,may,13.541666984558105,45.6875,0.05237595840925717
4,2025_may_22_28,may,13.583333015441895,45.6875,-0.12126937739690787
4,2025_may_22_28,may,13.625,45.6875,-0.15050216938763736
4,2025_may_22_28,may,13.666666984558105,45.6875,-0.2820415898318655
4,2025_may_22_28,may,13.708333015441895,45.6875,-0.1869546411331111
4,2025_may_22_28,may,13.541666984558105,45.72916793823242,0.22177559998484228
4,2025_may_22_28,may,13.583333015441895,45.72916793823242,0.42849820853628623
4,2025_may_22_28,may,13.625,45.72916793823242,0.2714309682780788
4,2025_may_22_28,may,13.666666984558105,45.72916793823242,0.09128610882315376
4,2025_november_01_07,november,13.166666984558105,45.47916793823242,-0.18704012060546263
4,2025_november_01_07,november,13.208333015441895,45.47916793823242,-0.18257361660777296
4,2025_november_01_07,november,13.166666984558105,45.52083206176758,-0.04292233848025268
4,2025_november_01_07,november,13.208333015441895,45.52083206176758,-0.1016703359645262
4,2025_november_01_07,november,13.25,45.52083206176758,-0.11197355126994145
4,2025_november_01_07,november,13.166666984558105,45.5625,-0.4948600444531163
4,2025_november_01_07,november,13.208333015441895,45.5625,-0.4641251861490824
4,2025_november_01_07,november,13.25,45.5625,-0.24570530184636355
4,2025_november_01_07,november,13.291666984558105,45.5625,-0.2516312691049184
4,2025_november_01_07,november,13.333333015441895,45.5625,-0.3358233921771277
4,2025_november_01_07,november,13.166666984558105,45.60416793823242,0.1683068292434318
4,2025_november_01_07,november,13.208333015441895,45.60416793823242,0.17739155967587597
4,2025_november_01_07,november,13.25,45.60416793823242,-0.49484585328219693
4,2025_november_01_07,november,13.291666984558105,45.60416793823242,-0.7514344645599119
4,2025_november_01_07,november,13.333333015441895,45.60416793823242,-0.4756919906225966
4,2025_november_01_07,november,13.375,45.60416793823242,-0.18392408332500224
4,2025_november_01_07,november,13.416666984558105,45.60416793823242,0.07738317811041018
4,2025_november_01_07,november,13.458333015441895,45.60416793823242,0.15569821375023873
4,2025_november_01_07,november,13.5,45.60416793823242,0.4318348091381697
4,2025_november_01_07,november,13.708333015441895,45.60416793823242,-0.1065274744374253
4,2025_november_01_07,november,13.166666984558105,45.64583206176758,0.05709232128927334
4,2025_november_01_07,november,13.208333015441895,45.64583206176758,0.5856475721395628
4,2025_november_01_07,november,13.25,45.64583206176758,0.6948294217034993
4,2025_november_01_07,november,13.291666984558105,45.64583206176758,0.6290382482535769
4,2025_november_01_07,november,13.333333015441895,45.64583206176758,0.4191667005443033
4,2025_november_01_07,november,13.375,45.64583206176758,-0.3608216114194223
4,2025_november_01_07,november,13.416666984558105,45.64583206176758,-0.8103251321543755
4,2025_november_01_07,november,13.458333015441895,45.64583206176758,-0.2406857583431393
4,2025_november_01_07,november,13.5,45.64583206176758,0.3192561351404935
4,2025_november_01_07,november,13.541666984558105,45.64583206176758,0.3429118160087689
4,2025_november_01_07,november,13.583333015441895,45.64583206176758,0.48494202841737466
4,2025_november_01_07,november,13.625,45.64583206176758,0.32932907312425636
4,2025_november_01_07,november,13.666666984558105,45.64583206176758,-0.21710735128953254
4,2025_november_01_07,november,13.708333015441895,45.64583206176758,-0.47207981133250093
4,2025_november_01_07,november,13.166666984558105,45.6875,-0.7033615416883778
4,2025_november_01_07,november,13.208333015441895,45.6875,-0.7988051919010419
4,2025_november_01_07,november,13.25,45.6875,-0.3429000171728782
4,2025_november_01_07,november,13.291666984558105,45.6875,-0.0958188149619674
4,2025_november_01_07,november,13.458333015441895,45.6875,0.0571517922421949
4,2025_november_01_07,november,13.5,45.6875,0.05104144527188674
4,2025_november_01_07,november,13.541666984558105,45.6875,-0.004509101541126313
4,2025_november_01_07,november,13.583333015441895,45.6875,-0.10571225339805576
4,2025_november_01_07,november,13.625,45.6875,-0.19722550892657914
4,2025_november_01_07,november,13.666666984558105,45.6875,-0.06025266269169105
4,2025_november_01_07,november,13.708333015441895,45.6875,0.08554517343866634
4,2025_november_01_07,november,13.541666984558105,45.72916793823242,0.12130743565204641
4,2025_november_01_07,november,13.583333015441895,45.72916793823242,0.23802415333362598
4,2025_november_01_07,november,13.625,45.72916793823242,0.1089538357945514
4,2025_november_01_07,november,13.666666984558105,45.72916793823242,-0.01775215563573215
4,2025_november_08_14,november,13.166666984558105,45.47916793823242,-0.1952968230675313
4,2025_november_08_14,november,13.208333015441895,45.47916793823242,-0.1923822823125852
4,2025_november_08_14,november,13.166666984558105,45.52083206176758,-0.05507275272885697
4,2025_november_08_14,november,13.208333015441895,45.52083206176758,-0.11716971711338046
4,2025_november_08_14,november,13.25,45.52083206176758,-0.1095302286939228
4,2025_november_08_14,november,13.166666984558105,45.5625,-0.4767617279314299
4,2025_november_08_14,november,13.208333015441895,45.5625,-0.5252529648699611
4,2025_november_08_14,november,13.25,45.5625,-0.29239518797299796
4,2025_november_08_14,november,13.291666984558105,45.5625,-0.27831065827782014
4,2025_november_08_14,november,13.333333015441895,45.5625,-0.34355226679832646
4,2025_november_08_14,november,13.166666984558105,45.60416793823242,0.17318059649743595
4,2025_november_08_14,november,13.208333015441895,45.60416793823242,0.13560561648043912
4,2025_november_08_14,november,13.25,45.60416793823242,-0.4587052932604061
4,2025_november_08_14,november,13.291666984558105,45.60416793823242,-0.8076094007836491
4,2025_november_08_14,november,13.333333015441895,45.60416793823242,-0.44561009016209735
4,2025_november_08_14,november,13.375,45.60416793823242,-0.0909588261476737
4,2025_november_08_14,november,13.416666984558105,45.60416793823242,0.07791884078473686
4,2025_november_08_14,november,13.458333015441895,45.60416793823242,0.1464701255849981
4,2025_november_08_14,november,13.5,45.60416793823242,0.3923841431169076
4,2025_november_08_14,november,13.708333015441895,45.60416793823242,-0.04299566643478119
4,2025_november_08_14,november,13.166666984558105,45.64583206176758,0.06954680245236596
4,2025_november_08_14,november,13.208333015441895,45.64583206176758,0.5931247657682581
4,2025_november_08_14,november,13.25,45.64583206176758,0.6608876316071666
4,2025_november_08_14,november,13.291666984558105,45.64583206176758,0.5639118690669757
4,2025_november_08_14,november,13.333333015441895,45.64583206176758,0.4322171480869318
4,2025_november_08_14,november,13.375,45.64583206176758,-0.16745934471149712
4,2025_november_08_14,november,13.416666984558105,45.64583206176758,-0.683976504857485
4,2025_november_08_14,november,13.458333015441895,45.64583206176758,-0.3561131317983998
4,2025_november_08_14,november,13.5,45.64583206176758,0.28785717200339633
4,2025_november_08_14,november,13.541666984558105,45.64583206176758,0.33598860709555206
4,2025_november_08_14,november,13.583333015441895,45.64583206176758,0.45823369366567807
4,2025_november_08_14,november,13.625,45.64583206176758,0.34131201327040944
4,2025_november_08_14,november,13.666666984558105,45.64583206176758,-0.22535976945595396
4,2025_november_08_14,november,13.708333015441895,45.64583206176758,-0.4954669498412709
4,2025_november_08_14,november,13.166666984558105,45.6875,-0.5794222882758636
4,2025_november_08_14,november,13.208333015441895,45.6875,-0.7279753705981439
4,2025_november_08_14,november,13.25,45.6875,-0.41916003991945516
4,2025_november_08_14,november,13.291666984558105,45.6875,-0.12451584043702266
4,2025_november_08_14,november,13.458333015441895,45.6875,0.03766057781884268
4,2025_november_08_14,november,13.5,45.6875,0.1117453857843435
4,2025_november_08_14,november,13.541666984558105,45.6875,0.054338963350779035
4,2025_november_08_14,november,13.583333015441895,45.6875,-0.11459369867099593
4,2025_november_08_14,november,13.625,45.6875,-0.20898573017330496
4,2025_november_08_14,november,13.666666984558105,45.6875,-0.06473400127827335
4,2025_november_08_14,november,13.708333015441895,45.6875,0.11283748441074501
4,2025_november_08_14,november,13.541666984558105,45.72916793823242,0.19188804371483778
4,2025_november_08_14,november,13.583333015441895,45.72916793823242,0.3180468927880091
4,2025_november_08_14,november,13.625,45.72916793823242,0.17911735200621529
4,2025_november_08_14,november,13.666666984558105,45.72916793823242,0.024139425199215116
4,2025_november_15_21,november,13.166666984558105,45.47916793823242,-0.20191470274445253
4,2025_november_15_21,november,13.208333015441895,45.47916793823242,-0.18506372444067165
4,2025_november_15_21,november,13.166666984558105,45.52083206176758,-0.01104974585552113
4,2025_november_15_21,november,13.208333015441895,45.52083206176758,-0.044960682547290694
4,2025_november_15_21,november,13.25,45.52083206176758,-0.06901663220151198
4,2025_november_15_21,november,13.166666984558105,45.5625,-0.4401778959374371
4,2025_november_15_21,november,13.208333015441895,45.5625,-0.5438463805934354
4,2025_november_15_21,november,13.25,45.5625,-0.3350182295778459
4,2025_november_15_21,november,13.291666984558105,45.5625,-0.29631862501316997
4,2025_november_15_21,november,13.333333015441895,45.5625,-0.34373072278410405
4,2025_november_15_21,november,13.166666984558105,45.60416793823242,0.1660587904079171
4,2025_november_15_21,november,13.208333015441895,45.60416793823242,0.16295847036199132
4,2025_november_15_21,november,13.25,45.60416793823242,-0.3538420498342084
4,2025_november_15_21,november,13.291666984558105,45.60416793823242,-0.7489558105740317
4,2025_november_15_21,november,13.333333015441895,45.60416793823242,-0.4547161255689333
4,2025_november_15_21,november,13.375,45.60416793823242,-0.14132159472597755
4,2025_november_15_21,november,13.416666984558105,45.60416793823242,0.15606263329708445
4,2025_november_15_21,november,13.458333015441895,45.60416793823242,0.16429070120077505
4,2025_november_15_21,november,13.5,45.60416793823242,0.3950282253251133
4,2025_november_15_21,november,13.708333015441895,45.60416793823242,-0.013081175216842275
4,2025_november_15_21,november,13.166666984558105,45.64583206176758,0.0017024564088670637
4,2025_november_15_21,november,13.208333015441895,45.64583206176758,0.5322250880375945
4,2025_november_15_21,november,13.25,45.64583206176758,0.6545192251802349
4,2025_november_15_21,november,13.291666984558105,45.64583206176758,0.5727853712288631
4,2025_november_15_21,november,13.333333015441895,45.64583206176758,0.38414063966412165
4,2025_november_15_21,november,13.375,45.64583206176758,-0.29073055682168103
4,2025_november_15_21,november,13.416666984558105,45.64583206176758,-0.7802715058893542
4,2025_november_15_21,november,13.458333015441895,45.64583206176758,-0.30002997093200445
4,2025_november_15_21,november,13.5,45.64583206176758,0.31876549885853533
4,2025_november_15_21,november,13.541666984558105,45.64583206176758,0.33706470083887785
4,2025_november_15_21,november,13.583333015441895,45.64583206176758,0.4842239329717684
4,2025_november_15_21,november,13.625,45.64583206176758,0.36401931328145853
4,2025_november_15_21,november,13.666666984558105,45.64583206176758,-0.21852893366866427
4,2025_november_15_21,november,13.708333015441895,45.64583206176758,-0.4841871709853493
4,2025_november_15_21,november,13.166666984558105,45.6875,-0.6448377080482991
4,2025_november_15_21,november,13.208333015441895,45.6875,-0.760152569523782
4,2025_november_15_21,november,13.25,45.6875,-0.3893893023491897
4,2025_november_15_21,november,13.291666984558105,45.6875,-0.08403052595837526
4,2025_november_15_21,november,13.458333015441895,45.6875,0.03186401142327957
4,2025_november_15_21,november,13.5,45.6875,0.06457471981889952
4,2025_november_15_21,november,13.541666984558105,45.6875,-0.04013681166003831
4,2025_november_15_21,november,13.583333015441895,45.6875,-0.2382618639211116
4,2025_november_15_21,november,13.625,45.6875,-0.2510581272262378
4,2025_november_15_21,november,13.666666984558105,45.6875,-0.11868557557697992
4,2025_november_15_21,november,13.708333015441895,45.6875,0.06006616114399311
4,2025_november_15_21,november,13.541666984558105,45.72916793823242,0.14345297804044196
4,2025_november_15_21,november,13.583333015441895,45.72916793823242,0.25521435037250956
4,2025_november_15_21,november,13.625,45.72916793823242,0.1521785603287045
4,2025_november_15_21,november,13.666666984558105,45.72916793823242,0.03852130768497641
4,2025_november_22_28,november,13.166666984558105,45.47916793823242,-0.20254165120329629
4,2025_november_22_28,november,13.208333015441895,45.47916793823242,-0.21156151071295476
4,2025_november_22_28,november,13.166666984558105,45.52083206176758,-0.04628645645493133
4,2025_november_22_28,november,13.208333015441895,45.52083206176758,-0.10965419584875513
4,2025_november_22_28,november,13.25,45.52083206176758,-0.08580659754219953
4,2025_november_22_28,november,13.166666984558105,45.5625,-0.46442293692844255
4,2025_november_22_28,november,13.208333015441895,45.5625,-0.5446291328171844
4,2025_november_22_28,november,13.25,45.5625,-0.38937375921613876
4,2025_november_22_28,november,13.291666984558105,45.5625,-0.36089945953260255
4,2025_november_22_28,november,13.333333015441895,45.5625,-0.3698942405682781
4,2025_november_22_28,november,13.166666984558105,45.60416793823242,0.1710835268064473
4,2025_november_22_28,november,13.208333015441895,45.60416793823242,0.13466713175666103
4,2025_november_22_28,november,13.25,45.60416793823242,-0.44060140745380405
4,2025_november_22_28,november,13.291666984558105,45.60416793823242,-0.7249471559848749
4,2025_november_22_28,november,13.333333015441895,45.60416793823242,-0.42676961322357426
4,2025_november_22_28,november,13.375,45.60416793823242,-0.07161669365427344
4,2025_november_22_28,november,13.416666984558105,45.60416793823242,0.14417783508186102
4,2025_november_22_28,november,13.458333015441895,45.60416793823242,0.17689538884193032
4,2025_november_22_28,november,13.5,45.60416793823242,0.40367486887446713
4,2025_november_22_28,november,13.708333015441895,45.60416793823242,-0.011760401014873386
4,2025_november_22_28,november,13.166666984558105,45.64583206176758,0.0544934884229219
4,2025_november_22_28,november,13.208333015441895,45.64583206176758,0.5877520642273977
4,2025_november_22_28,november,13.25,45.64583206176758,0.6517302325403096
4,2025_november_22_28,november,13.291666984558105,45.64583206176758,0.551256336892431
4,2025_november_22_28,november,13.333333015441895,45.64583206176758,0.4072194503584598
4,2025_november_22_28,november,13.375,45.64583206176758,-0.24133550135352597
4,2025_november_22_28,november,13.416666984558105,45.64583206176758,-0.7210990729209721
4,2025_november_22_28,november,13.458333015441895,45.64583206176758,-0.2999223319241704
4,2025_november_22_28,november,13.5,45.64583206176758,0.2640347125377613
4,2025_november_22_28,november,13.541666984558105,45.64583206176758,0.32503346970207003
4,2025_november_22_28,november,13.583333015441895,45.64583206176758,0.3791967559226213
4,2025_november_22_28,november,13.625,45.64583206176758,0.23119319084476464
4,2025_november_22_28,november,13.666666984558105,45.64583206176758,-0.3286011362836949
4,2025_november_22_28,november,13.708333015441895,45.64583206176758,-0.4897446716088707
4,2025_november_22_28,november,13.166666984558105,45.6875,-0.6984514090835594
4,2025_november_22_28,november,13.208333015441895,45.6875,-0.7056720181915367
4,2025_november_22_28,november,13.25,45.6875,-0.35048630969258937
4,2025_november_22_28,november,13.291666984558105,45.6875,-0.11154271225826061
4,2025_november_22_28,november,13.458333015441895,45.6875,0.04641499978921558
4,2025_november_22_28,november,13.5,45.6875,0.09983866862686964
4,2025_november_22_28,november,13.541666984558105,45.6875,0.029169994463538334
4,2025_november_22_28,november,13.583333015441895,45.6875,-0.13635969666259187
4,2025_november_22_28,november,13.625,45.6875,-0.20361102141309886
4,2025_november_22_28,november,13.666666984558105,45.6875,-0.039977044275617254
4,2025_november_22_28,november,13.708333015441895,45.6875,0.08715400702461672
4,2025_november_22_28,november,13.541666984558105,45.72916793823242,0.13923962239808674
4,2025_november_22_28,november,13.583333015441895,45.72916793823242,0.28892858660272236
4,2025_november_22_28,november,13.625,45.72916793823242,0.18012695921081764
4,2025_november_22_28,november,13.666666984558105,45.72916793823242,0.029807998328777615
5,2025_may_01_07,may,13.166666984558105,45.47916793823242,-0.2184369013991356
5,2025_may_01_07,may,13.208333015441895,45.47916793823242,-0.2233340428263445
5,2025_may_01_07,may,13.166666984558105,45.52083206176758,-0.03651878541770463
5,2025_may_01_07,may,13.208333015441895,45.52083206176758,-0.062247444378707134
5,2025_may_01_07,may,13.25,45.52083206176758,-0.05035230791091128
5,2025_may_01_07,may,13.166666984558105,45.5625,-0.30829859967896706
5,2025_may_01_07,may,13.208333015441895,45.5625,-0.3686739430599939
5,2025_may_01_07,may,13.25,45.5625,-0.18941268672562253
5,2025_may_01_07,may,13.291666984558105,45.5625,-0.0528995430035695
5,2025_may_01_07,may,13.333333015441895,45.5625,-0.013578771159927368
5,2025_may_01_07,may,13.166666984558105,45.60416793823242,-0.08812524390604091
5,2025_may_01_07,may,13.208333015441895,45.60416793823242,-0.16685390300604966
5,2025_may_01_07,may,13.25,45.60416793823242,-0.5575393689921383
5,2025_may_01_07,may,13.291666984558105,45.60416793823242,-0.6532652360718688
5,2025_may_01_07,may,13.333333015441895,45.60416793823242,-0.4653240946769365
5,2025_may_01_07,may,13.375,45.60416793823242,-0.21709515915328392
5,2025_may_01_07,may,13.416666984558105,45.60416793823242,-0.025028463830271856
5,2025_may_01_07,may,13.458333015441895,45.60416793823242,-0.04869068965756264
5,2025_may_01_07,may,13.5,45.60416793823242,0.4003154139597056
5,2025_may_01_07,may,13.708333015441895,45.60416793823242,-0.017709590412233744
5,2025_may_01_07,may,13.166666984558105,45.64583206176758,0.05383239815193174
5,2025_may_01_07,may,13.208333015441895,45.64583206176758,0.5498486189401869
5,2025_may_01_07,may,13.25,45.64583206176758,0.5672433548474389
5,2025_may_01_07,may,13.291666984558105,45.64583206176758,0.541163996774625
5,2025_may_01_07,may,13.333333015441895,45.64583206176758,0.37199274161594553
5,2025_may_01_07,may,13.375,45.64583206176758,-0.3042140600430478
5,2025_may_01_07,may,13.416666984558105,45.64583206176758,-0.7671158757372665
5,2025_may_01_07,may,13.458333015441895,45.64583206176758,-0.26216837058533177
5,2025_may_01_07,may,13.5,45.64583206176758,0.2553367797469712
5,2025_may_01_07,may,13.541666984558105,45.64583206176758,0.3083155146935423
5,2025_may_01_07,may,13.583333015441895,45.64583206176758,0.5347773504831793
5,2025_may_01_07,may,13.625,45.64583206176758,0.40907561674096843
5,2025_may_01_07,may,13.666666984558105,45.64583206176758,-0.17239649073677313
5,2025_may_01_07,may,13.708333015441895,45.64583206176758,-0.46437061520460515
5,2025_may_01_07,may,13.166666984558105,45.6875,-0.5181846047177192
5,2025_may_01_07,may,13.208333015441895,45.6875,-0.5420865823135134
5,2025_may_01_07,may,13.25,45.6875,-0.23810965143825735
5,2025_may_01_07,may,13.291666984558105,45.6875,-0.0787633996267767
5,2025_may_01_07,may,13.458333015441895,45.6875,0.024087103732464386
5,2025_may_01_07,may,13.5,45.6875,0.15264772253127473
5,2025_may_01_07,may,13.541666984558105,45.6875,0.09119607659785216
5,2025_may_01_07,may,13.583333015441895,45.6875,-0.10248733154052042
5,2025_may_01_07,may,13.625,45.6875,-0.19087341765868035
5,2025_may_01_07,may,13.666666984558105,45.6875,-0.3015741995907654
5,2025_may_01_07,may,13.708333015441895,45.6875,-0.19090465757062247
5,2025_may_01_07,may,13.541666984558105,45.72916793823242,0.23580835761741303
5,2025_may_01_07,may,13.583333015441895,45.72916793823242,0.3934413345435039
5,2025_may_01_07,may,13.625,45.72916793823242,0.25903816506432
5,2025_may_01_07,may,13.666666984558105,45.72916793823242,0.08996833383602063
5,2025_may_08_14,may,13.166666984558105,45.47916793823242,-0.22365636467743422
5,2025_may_08_14,may,13.208333015441895,45.47916793823242,-0.23052626428975861
5,2025_may_08_14,may,13.166666984558105,45.52083206176758,-0.03786152796628505
5,2025_may_08_14,may,13.208333015441895,45.52083206176758,-0.09472278441934145
5,2025_may_08_14,may,13.25,45.52083206176758,-0.13601123610989194
5,2025_may_08_14,may,13.166666984558105,45.5625,-0.4158275236084788
5,2025_may_08_14,may,13.208333015441895,45.5625,-0.44002685229829025
5,2025_may_08_14,may,13.25,45.5625,-0.188857328884605
5,2025_may_08_14,may,13.291666984558105,45.5625,-0.03718236275175733
5,2025_may_08_14,may,13.333333015441895,45.5625,-0.007279124443516553
5,2025_may_08_14,may,13.166666984558105,45.60416793823242,-0.08894107829477335
5,2025_may_08_14,may,13.208333015441895,45.60416793823242,-0.07522748767733609
5,2025_may_08_14,may,13.25,45.60416793823242,-0.44973166741836645
5,2025_may_08_14,may,13.291666984558105,45.60416793823242,-0.658750433607338
5,2025_may_08_14,may,13.333333015441895,45.60416793823242,-0.4735271217719125
5,2025_may_08_14,may,13.375,45.60416793823242,-0.22515131854586376
5,2025_may_08_14,may,13.416666984558105,45.60416793823242,0.023283485426020448
5,2025_may_08_14,may,13.458333015441895,45.60416793823242,0.103866769671336
5,2025_may_08_14,may,13.5,45.60416793823242,0.4437872192864851
5,2025_may_08_14,may,13.708333015441895,45.60416793823242,-0.02156981222471827
5,2025_may_08_14,may,13.166666984558105,45.64583206176758,0.0036386375129147173
5,2025_may_08_14,may,13.208333015441895,45.64583206176758,0.5929197869773414
5,2025_may_08_14,may,13.25,45.64583206176758,0.5945019640095058
5,2025_may_08_14,may,13.291666984558105,45.64583206176758,0.6196418229719268
5,2025_may_08_14,may,13.333333015441895,45.64583206176758,0.45198112465139767
5,2025_may_08_14,may,13.375,45.64583206176758,-0.37580564079209017
5,2025_may_08_14,may,13.416666984558105,45.64583206176758,-0.7732332422336184
5,2025_may_08_14,may,13.458333015441895,45.64583206176758,-0.3278135733967202
5,2025_may_08_14,may,13.5,45.64583206176758,0.2637209615030215
5,2025_may_08_14,may,13.541666984558105,45.64583206176758,0.35674004924422326
5,2025_may_08_14,may,13.583333015441895,45.64583206176758,0.5288939818073268
5,2025_may_08_14,may,13.625,45.64583206176758,0.28674314853513116
5,2025_may_08_14,may,13.666666984558105,45.64583206176758,-0.3569905226990464
5,2025_may_08_14,may,13.708333015441895,45.64583206176758,-0.559951474515125
5,2025_may_08_14,may,13.166666984558105,45.6875,-0.3831838824484232
5,2025_may_08_14,may,13.208333015441895,45.6875,-0.4706359886142452
5,2025_may_08_14,may,13.25,45.6875,-0.260454861758805
5,2025_may_08_14,may,13.291666984558105,45.6875,-0.09463827667758042
5,2025_may_08_14,may,13.458333015441895,45.6875,-0.05814381493102118
5,2025_may_08_14,may,13.5,45.6875,-0.04224362926324275
5,2025_may_08_14,may,13.541666984558105,45.6875,-0.009938444264680683
5,2025_may_08_14,may,13.583333015441895,45.6875,-0.11359762043377362
5,2025_may_08_14,may,13.625,45.6875,-0.08198603443591261
5,2025_may_08_14,may,13.666666984558105,45.6875,-0.25365971438615803
5,2025_may_08_14,may,13.708333015441895,45.6875,-0.19781078992272486
5,2025_may_08_14,may,13.541666984558105,45.72916793823242,0.22158897600448657
5,2025_may_08_14,may,13.583333015441895,45.72916793823242,0.4198716405632093
5,2025_may_08_14,may,13.625,45.72916793823242,0.28675091995469126
5,2025_may_08_14,may,13.666666984558105,45.72916793823242,0.07506089890093978
5,2025_may_15_21,may,13.166666984558105,45.47916793823242,-0.19443284777065079
5,2025_may_15_21,may,13.208333015441895,45.47916793823242,-0.2079673483331725
5,2025_may_15_21,may,13.166666984558105,45.52083206176758,-0.0263274866439517
5,2025_may_15_21,may,13.208333015441895,45.52083206176758,-0.06821825794989253
5,2025_may_15_21,may,13.25,45.52083206176758,-0.12583282103550902
5,2025_may_15_21,may,13.166666984558105,45.5625,-0.38669231121795544
5,2025_may_15_21,may,13.208333015441895,45.5625,-0.41689547462523363
5,2025_may_15_21,may,13.25,45.5625,-0.1944178980708438
5,2025_may_15_21,may,13.291666984558105,45.5625,-0.04584074076080406
5,2025_may_15_21,may,13.333333015441895,45.5625,-0.016085924135202483
5,2025_may_15_21,may,13.166666984558105,45.60416793823242,0.01043105174276134
5,2025_may_15_21,may,13.208333015441895,45.60416793823242,-0.06991259982804787
5,2025_may_15_21,may,13.25,45.60416793823242,-0.47278268763451986
5,2025_may_15_21,may,13.291666984558105,45.60416793823242,-0.587937027667647
5,2025_may_15_21,may,13.333333015441895,45.60416793823242,-0.4147420589327453
5,2025_may_15_21,may,13.375,45.60416793823242,-0.19167650047229862
5,2025_may_15_21,may,13.416666984558105,45.60416793823242,0.03174756547758818
5,2025_may_15_21,may,13.458333015441895,45.60416793823242,0.12317742899311955
5,2025_may_15_21,may,13.5,45.60416793823242,0.39827748541555796
5,2025_may_15_21,may,13.708333015441895,45.60416793823242,-0.005700312010689318
5,2025_may_15_21,may,13.166666984558105,45.64583206176758,-0.00279009544922616
5,2025_may_15_21,may,13.208333015441895,45.64583206176758,0.6249538311626918
5,2025_may_15_21,may,13.25,45.64583206176758,0.6794038603498633
5,2025_may_15_21,may,13.291666984558105,45.64583206176758,0.5697203401237649
5,2025_may_15_21,may,13.333333015441895,45.64583206176758,0.3774791425941854
5,2025_may_15_21,may,13.375,45.64583206176758,-0.3609626057663967
5,2025_may_15_21,may,13.416666984558105,45.64583206176758,-0.7105072353352744
5,2025_may_15_21,may,13.458333015441895,45.64583206176758,-0.3313162289902617
5,2025_may_15_21,may,13.5,45.64583206176758,0.2215447719287981
5,2025_may_15_21,may,13.541666984558105,45.64583206176758,0.3279279242878938
5,2025_may_15_21,may,13.583333015441895,45.64583206176758,0.5409672056789729
5,2025_may_15_21,may,13.625,45.64583206176758,0.33379254891544
5,2025_may_15_21,may,13.666666984558105,45.64583206176758,-0.31672212610497924
5,2025_may_15_21,may,13.708333015441895,45.64583206176758,-0.45867752473661155
5,2025_may_15_21,may,13.166666984558105,45.6875,-0.475678223809738
5,2025_may_15_21,may,13.208333015441895,45.6875,-0.4812840332892779
5,2025_may_15_21,may,13.25,45.6875,-0.22490016971196405
5,2025_may_15_21,may,13.291666984558105,45.6875,-0.0808292606385026
5,2025_may_15_21,may,13.458333015441895,45.6875,0.054533497419378525
5,2025_may_15_21,may,13.5,45.6875,0.15730866612532765
5,2025_may_15_21,may,13.541666984558105,45.6875,0.047523422118880644
5,2025_may_15_21,may,13.583333015441895,45.6875,-0.10407509725691645
5,2025_may_15_21,may,13.625,45.6875,-0.15645338549781299
5,2025_may_15_21,may,13.666666984558105,45.6875,-0.3207996798350471
5,2025_may_15_21,may,13.708333015441895,45.6875,-0.19281628517194965
5,2025_may_15_21,may,13.541666984558105,45.72916793823242,0.20262298317707161
5,2025_may_15_21,may,13.583333015441895,45.72916793823242,0.37520001038122613
5,2025_may_15_21,may,13.625,45.72916793823242,0.2342920891569384
5,2025_may_15_21,may,13.666666984558105,45.72916793823242,0.07787540824404905
5,2025_may_22_28,may,13.166666984558105,45.47916793823242,-0.2125661401958463
5,2025_may_22_28,may,13.208333015441895,45.47916793823242,-0.2164039923092212
5,2025_may_22_28,may,13.166666984558105,45.52083206176758,-0.026321719851577
5,2025_may_22_28,may,13.208333015441895,45.52083206176758,-0.0790302980081528
5,2025_may_22_28,may,13.25,45.52083206176758,-0.07936889197140014
5,2025_may_22_28,may,13.166666984558105,45.5625,-0.4747058430847832
5,2025_may_22_28,may,13.208333015441895,45.5625,-0.4895144771373164
5,2025_may_22_28,may,13.25,45.5625,-0.21529759248460284
5,2025_may_22_28,may,13.291666984558105,45.5625,-0.05514592885324387
5,2025_may_22_28,may,13.333333015441895,45.5625,-0.014160918364192815
5,2025_may_22_28,may,13.166666984558105,45.60416793823242,0.015703571237117797
5,2025_may_22_28,may,13.208333015441895,45.60416793823242,-0.0504613351254095
5,2025_may_22_28,may,13.25,45.60416793823242,-0.44776843018668877
5,2025_may_22_28,may,13.291666984558105,45.60416793823242,-0.700575768784565
5,2025_may_22_28,may,13.333333015441895,45.60416793823242,-0.4130511179806696
5,2025_may_22_28,may,13.375,45.60416793823242,-0.2124718389094315
5,2025_may_22_28,may,13.416666984558105,45.60416793823242,0.05201387184543859
5,2025_may_22_28,may,13.458333015441895,45.60416793823242,0.14636080066276988
5,2025_may_22_28,may,13.5,45.60416793823242,0.3910963575042387
5,2025_may_22_28,may,13.708333015441895,45.60416793823242,-0.015405670860934898
5,2025_may_22_28,may,13.166666984558105,45.64583206176758,-0.02104720475867055
5,2025_may_22_28,may,13.208333015441895,45.64583206176758,0.6914264755702183
5,2025_may_22_28,may,13.25,45.64583206176758,0.6676414167707995
5,2025_may_22_28,may,13.291666984558105,45.64583206176758,0.5606022785624718
5,2025_may_22_28,may,13.333333015441895,45.64583206176758,0.3820370013607964
5,2025_may_22_28,may,13.375,45.64583206176758,-0.2851971755971793
5,2025_may_22_28,may,13.416666984558105,45.64583206176758,-0.7347242839339975
5,2025_may_22_28,may,13.458333015441895,45.64583206176758,-0.3162847161397169
5,2025_may_22_28,may,13.5,45.64583206176758,0.22461513390212748
5,2025_may_22_28,may,13.541666984558105,45.64583206176758,0.3002424798505237
5,2025_may_22_28,may,13.583333015441895,45.64583206176758,0.5411120428570475
5,2025_may_22_28,may,13.625,45.64583206176758,0.42733568786031834
5,2025_may_22_28,may,13.666666984558105,45.64583206176758,-0.20636269144239736
5,2025_may_22_28,may,13.708333015441895,45.64583206176758,-0.5950630759205697
5,2025_may_22_28,may,13.166666984558105,45.6875,-0.4937944557705392
5,2025_may_22_28,may,13.208333015441895,45.6875,-0.5532469994566203
5,2025_may_22_28,may,13.25,45.6875,-0.2835214566837906
5,2025_may_22_28,may,13.291666984558105,45.6875,-0.11412507942219204
5,2025_may_22_28,may,13.458333015441895,45.6875,0.04005877422823397
5,2025_may_22_28,may,13.5,45.6875,0.1248612660179626
5,2025_may_22_28,may,13.541666984558105,45.6875,0.029085028472651157
5,2025_may_22_28,may,13.583333015441895,45.6875,-0.09811852207007245
5,2025_may_22_28,may,13.625,45.6875,-0.14046276963354629
5,2025_may_22_28,may,13.666666984558105,45.6875,-0.24346949171259602
5,2025_may_22_28,may,13.708333015441895,45.6875,-0.14255122769330345
5,2025_may_22_28,may,13.541666984558105,45.72916793823242,0.13937229834399242
5,2025_may_22_28,may,13.583333015441895,45.72916793823242,0.3325433421245726
5,2025_may_22_28,may,13.625,45.72916793823242,0.23825868151714508
5,2025_may_22_28,may,13.666666984558105,45.72916793823242,0.0771214044913526
5,2025_november_01_07,november,13.166666984558105,45.47916793823242,-0.18207270711477674
5,2025_november_01_07,november,13.208333015441895,45.47916793823242,-0.19127645411908634
5,2025_november_01_07,november,13.166666984558105,45.52083206176758,-0.02403524079186634
5,2025_november_01_07,november,13.208333015441895,45.52083206176758,-0.05545687184874881
5,2025_november_01_07,november,13.25,45.52083206176758,-0.03946279357915656
5,2025_november_01_07,november,13.166666984558105,45.5625,-0.3758176856275231
5,2025_november_01_07,november,13.208333015441895,45.5625,-0.30848057175811056
5,2025_november_01_07,november,13.25,45.5625,-0.14291521442537586
5,2025_november_01_07,november,13.291666984558105,45.5625,-0.16906994544124168
5,2025_november_01_07,november,13.333333015441895,45.5625,-0.2480913748591664
5,2025_november_01_07,november,13.166666984558105,45.60416793823242,0.145061267276275
5,2025_november_01_07,november,13.208333015441895,45.60416793823242,0.12064416881520665
5,2025_november_01_07,november,13.25,45.60416793823242,-0.39855661006999804
5,2025_november_01_07,november,13.291666984558105,45.60416793823242,-0.8256792146258237
5,2025_november_01_07,november,13.333333015441895,45.60416793823242,-0.46330004455893864
5,2025_november_01_07,november,13.375,45.60416793823242,-0.1199579467149294
5,2025_november_01_07,november,13.416666984558105,45.60416793823242,0.1249196487007329
5,2025_november_01_07,november,13.458333015441895,45.60416793823242,0.18913033851515568
5,2025_november_01_07,november,13.5,45.60416793823242,0.44989406126889614
5,2025_november_01_07,november,13.708333015441895,45.60416793823242,-0.03292050061168211
5,2025_november_01_07,november,13.166666984558105,45.64583206176758,0.06151350260531459
5,2025_november_01_07,november,13.208333015441895,45.64583206176758,0.6292520306882796
5,2025_november_01_07,november,13.25,45.64583206176758,0.636482556323176
5,2025_november_01_07,november,13.291666984558105,45.64583206176758,0.5700449702293019
5,2025_november_01_07,november,13.333333015441895,45.64583206176758,0.4207107715155956
5,2025_november_01_07,november,13.375,45.64583206176758,-0.2763422938718874
5,2025_november_01_07,november,13.416666984558105,45.64583206176758,-0.7480388667832263
5,2025_november_01_07,november,13.458333015441895,45.64583206176758,-0.22789379992104503
5,2025_november_01_07,november,13.5,45.64583206176758,0.2780577770126281
5,2025_november_01_07,november,13.541666984558105,45.64583206176758,0.33925932626774313
5,2025_november_01_07,november,13.583333015441895,45.64583206176758,0.5205304107533832
5,2025_november_01_07,november,13.625,45.64583206176758,0.36622481236548
5,2025_november_01_07,november,13.666666984558105,45.64583206176758,-0.20900557204472756
5,2025_november_01_07,november,13.708333015441895,45.64583206176758,-0.4175264950118955
5,2025_november_01_07,november,13.166666984558105,45.6875,-0.6784929329852785
5,2025_november_01_07,november,13.208333015441895,45.6875,-0.6902773577614036
5,2025_november_01_07,november,13.25,45.6875,-0.3880914707239574
5,2025_november_01_07,november,13.291666984558105,45.6875,-0.1129379013003217
5,2025_november_01_07,november,13.458333015441895,45.6875,0.032112835934703376
5,2025_november_01_07,november,13.5,45.6875,0.09299608947657492
5,2025_november_01_07,november,13.541666984558105,45.6875,0.006320721954699118
5,2025_november_01_07,november,13.583333015441895,45.6875,-0.15195658825257607
5,2025_november_01_07,november,13.625,45.6875,-0.13329005813826209
5,2025_november_01_07,november,13.666666984558105,45.6875,0.00730745271663224
5,2025_november_01_07,november,13.708333015441895,45.6875,0.12041795495750689
5,2025_november_01_07,november,13.541666984558105,45.72916793823242,0.14112367401289627
5,2025_november_01_07,november,13.583333015441895,45.72916793823242,0.2669777507575542
5,2025_november_01_07,november,13.625,45.72916793823242,0.14254529102658808
5,2025_november_01_07,november,13.666666984558105,45.72916793823242,0.05127858488020788
5,2025_november_08_14,november,13.166666984558105,45.47916793823242,-0.20250403272082634
5,2025_november_08_14,november,13.208333015441895,45.47916793823242,-0.18728121908262368
5,2025_november_08_14,november,13.166666984558105,45.52083206176758,-0.015979188440859698
5,2025_november_08_14,november,13.208333015441895,45.52083206176758,-0.05720089146053075
5,2025_november_08_14,november,13.25,45.52083206176758,-0.08777699626708346
5,2025_november_08_14,november,13.166666984558105,45.5625,-0.46193213350952367
5,2025_november_08_14,november,13.208333015441895,45.5625,-0.4599226770716752
5,2025_november_08_14,november,13.25,45.5625,-0.2245605779349419
5,2025_november_08_14,november,13.291666984558105,45.5625,-0.22402236604289924
5,2025_november_08_14,november,13.333333015441895,45.5625,-0.2992357387646165
5,2025_november_08_14,november,13.166666984558105,45.60416793823242,0.16548462337532885
5,2025_november_08_14,november,13.208333015441895,45.60416793823242,0.12120057528036401
5,2025_november_08_14,november,13.25,45.60416793823242,-0.5070580421431764
5,2025_november_08_14,november,13.291666984558105,45.60416793823242,-0.815642016771162
5,2025_november_08_14,november,13.333333015441895,45.60416793823242,-0.5038478230583135
5,2025_november_08_14,november,13.375,45.60416793823242,-0.14029334869171675
5,2025_november_08_14,november,13.416666984558105,45.60416793823242,0.09925410027082336
5,2025_november_08_14,november,13.458333015441895,45.60416793823242,0.18732451126623162
5,2025_november_08_14,november,13.5,45.60416793823242,0.48573290265234975
5,2025_november_08_14,november,13.708333015441895,45.60416793823242,-0.029544343075356142
5,2025_november_08_14,november,13.166666984558105,45.64583206176758,0.05041056383397531
5,2025_november_08_14,november,13.208333015441895,45.64583206176758,0.624019936685695
5,2025_november_08_14,november,13.25,45.64583206176758,0.6702280402969655
5,2025_november_08_14,november,13.291666984558105,45.64583206176758,0.5969327143842541
5,2025_november_08_14,november,13.333333015441895,45.64583206176758,0.4199209667841277
5,2025_november_08_14,november,13.375,45.64583206176758,-0.25955693296833404
5,2025_november_08_14,november,13.416666984558105,45.64583206176758,-0.8264679081653298
5,2025_november_08_14,november,13.458333015441895,45.64583206176758,-0.3000342951989458
5,2025_november_08_14,november,13.5,45.64583206176758,0.34985385273575903
5,2025_november_08_14,november,13.541666984558105,45.64583206176758,0.33808402242032537
5,2025_november_08_14,november,13.583333015441895,45.64583206176758,0.43979897794967365
5,2025_november_08_14,november,13.625,45.64583206176758,0.3756939872432446
5,2025_november_08_14,november,13.666666984558105,45.64583206176758,-0.265088992485103
5,2025_november_08_14,november,13.708333015441895,45.64583206176758,-0.5163880002816718
5,2025_november_08_14,november,13.166666984558105,45.6875,-0.5392744196950863
5,2025_november_08_14,november,13.208333015441895,45.6875,-0.6555716565749986
5,2025_november_08_14,november,13.25,45.6875,-0.3925505674934646
5,2025_november_08_14,november,13.291666984558105,45.6875,-0.12587030854859257
5,2025_november_08_14,november,13.458333015441895,45.6875,0.022575137139865
5,2025_november_08_14,november,13.5,45.6875,0.1181400246491924
5,2025_november_08_14,november,13.541666984558105,45.6875,0.04042157849799325
5,2025_november_08_14,november,13.583333015441895,45.6875,-0.14573072374892007
5,2025_november_08_14,november,13.625,45.6875,-0.20950187005480703
5,2025_november_08_14,november,13.666666984558105,45.6875,-0.07372799391550955
5,2025_november_08_14,november,13.708333015441895,45.6875,0.11852751452442181
5,2025_november_08_14,november,13.541666984558105,45.72916793823242,0.12385604647974782
5,2025_november_08_14,november,13.583333015441895,45.72916793823242,0.252933067641721
5,2025_november_08_14,november,13.625,45.72916793823242,0.17892649944302996
5,2025_november_08_14,november,13.666666984558105,45.72916793823242,0.03184243189054802
5,2025_november_15_21,november,13.166666984558105,45.47916793823242,-0.2337987627386409
5,2025_november_15_21,november,13.208333015441895,45.47916793823242,-0.20989705257387087
5,2025_november_15_21,november,13.166666984558105,45.52083206176758,-0.016340964982803994
5,2025_november_15_21,november,13.208333015441895,45.52083206176758,-0.04053659304333924
5,2025_november_15_21,november,13.25,45.52083206176758,-0.06785307992638268
5,2025_november_15_21,november,13.166666984558105,45.5625,-0.5000567476914599
5,2025_november_15_21,november,13.208333015441895,45.5625,-0.5530071999456904
5,2025_november_15_21,november,13.25,45.5625,-0.3372964499930152
5,2025_november_15_21,november,13.291666984558105,45.5625,-0.33680808072834045
5,2025_november_15_21,november,13.333333015441895,45.5625,-0.3864800230197876
5,2025_november_15_21,november,13.166666984558105,45.60416793823242,0.12665547102169286
5,2025_november_15_21,november,13.208333015441895,45.60416793823242,0.14479809409082947
5,2025_november_15_21,november,13.25,45.60416793823242,-0.4694459096384816
5,2025_november_15_21,november,13.291666984558105,45.60416793823242,-0.868076199233767
5,2025_november_15_21,november,13.333333015441895,45.60416793823242,-0.4736168261384469
5,2025_november_15_21,november,13.375,45.60416793823242,-0.07633838470525305
5,2025_november_15_21,november,13.416666984558105,45.60416793823242,0.11746594719396433
5,2025_november_15_21,november,13.458333015441895,45.60416793823242,0.16499516873958414
5,2025_november_15_21,november,13.5,45.60416793823242,0.4179320917952546
5,2025_november_15_21,november,13.708333015441895,45.60416793823242,-0.06686144673387928
5,2025_november_15_21,november,13.166666984558105,45.64583206176758,0.05304346120006037
5,2025_november_15_21,november,13.208333015441895,45.64583206176758,0.5771042982062573
5,2025_november_15_21,november,13.25,45.64583206176758,0.6417194754156156
5,2025_november_15_21,november,13.291666984558105,45.64583206176758,0.5620000409644466
5,2025_november_15_21,november,13.333333015441895,45.64583206176758,0.3930410865887478
5,2025_november_15_21,november,13.375,45.64583206176758,-0.30214402295485243
5,2025_november_15_21,november,13.416666984558105,45.64583206176758,-0.7979144228930067
5,2025_november_15_21,november,13.458333015441895,45.64583206176758,-0.31071851456087335
5,2025_november_15_21,november,13.5,45.64583206176758,0.2807096568335657
5,2025_november_15_21,november,13.541666984558105,45.64583206176758,0.31161668170479484
5,2025_november_15_21,november,13.583333015441895,45.64583206176758,0.43106446265711373
5,2025_november_15_21,november,13.625,45.64583206176758,0.2796104703221011
5,2025_november_15_21,november,13.666666984558105,45.64583206176758,-0.3277860566478799
5,2025_november_15_21,november,13.708333015441895,45.64583206176758,-0.48045784317377294
5,2025_november_15_21,november,13.166666984558105,45.6875,-0.658066415519807
5,2025_november_15_21,november,13.208333015441895,45.6875,-0.7174128553530118
5,2025_november_15_21,november,13.25,45.6875,-0.31257078891951806
5,2025_november_15_21,november,13.291666984558105,45.6875,-0.09823934008422493
5,2025_november_15_21,november,13.458333015441895,45.6875,0.03620601699979303
5,2025_november_15_21,november,13.5,45.6875,0.09469415497373114
5,2025_november_15_21,november,13.541666984558105,45.6875,0.015876537448618836
5,2025_november_15_21,november,13.583333015441895,45.6875,-0.1517685304726828
5,2025_november_15_21,november,13.625,45.6875,-0.1974920633617646
5,2025_november_15_21,november,13.666666984558105,45.6875,-0.04252977139340607
5,2025_november_15_21,november,13.708333015441895,45.6875,0.13277933335521633
5,2025_november_15_21,november,13.541666984558105,45.72916793823242,0.1391840159489097
5,2025_november_15_21,november,13.583333015441895,45.72916793823242,0.2568894442599042
5,2025_november_15_21,november,13.625,45.72916793823242,0.16660978939162674
5,2025_november_15_21,november,13.666666984558105,45.72916793823242,0.04689725152026738
5,2025_november_22_28,november,13.166666984558105,45.47916793823242,-0.22541335273607907
5,2025_november_22_28,november,13.208333015441895,45.47916793823242,-0.2301147825898964
5,2025_november_22_28,november,13.166666984558105,45.52083206176758,-0.02853984436394696
5,2025_november_22_28,november,13.208333015441895,45.52083206176758,-0.08652165101658282
5,2025_november_22_28,november,13.25,45.52083206176758,-0.13159457201454147
5,2025_november_22_28,november,13.166666984558105,45.5625,-0.47941472660604934
5,2025_november_22_28,november,13.208333015441895,45.5625,-0.555055760225743
5,2025_november_22_28,november,13.25,45.5625,-0.39165271944484276
5,2025_november_22_28,november,13.291666984558105,45.5625,-0.3289746415287339
5,2025_november_22_28,november,13.333333015441895,45.5625,-0.3805539557763186
5,2025_november_22_28,november,13.166666984558105,45.60416793823242,0.16770965570395766
5,2025_november_22_28,november,13.208333015441895,45.60416793823242,0.19266329658125622
5,2025_november_22_28,november,13.25,45.60416793823242,-0.39480257982929107
5,2025_november_22_28,november,13.291666984558105,45.60416793823242,-0.7866166889664068
5,2025_november_22_28,november,13.333333015441895,45.60416793823242,-0.4505692413570144
5,2025_november_22_28,november,13.375,45.60416793823242,-0.07511071871705609
5,2025_november_22_28,november,13.416666984558105,45.60416793823242,0.13639553882306577
5,2025_november_22_28,november,13.458333015441895,45.60416793823242,0.1697709786288766
5,2025_november_22_28,november,13.5,45.60416793823242,0.4626793404709196
5,2025_november_22_28,november,13.708333015441895,45.60416793823242,-0.058739909618017325
5,2025_november_22_28,november,13.166666984558105,45.64583206176758,0.07433684835416611
5,2025_november_22_28,november,13.208333015441895,45.64583206176758,0.574796527037698
5,2025_november_22_28,november,13.25,45.64583206176758,0.6494690133541576
5,2025_november_22_28,november,13.291666984558105,45.64583206176758,0.5992673951833664
5,2025_november_22_28,november,13.333333015441895,45.64583206176758,0.3891609060544701
5,2025_november_22_28,november,13.375,45.64583206176758,-0.20560633869094866
5,2025_november_22_28,november,13.416666984558105,45.64583206176758,-0.7548509221023724
5,2025_november_22_28,november,13.458333015441895,45.64583206176758,-0.4279441521019867
5,2025_november_22_28,november,13.5,45.64583206176758,0.2784601846129453
5,2025_november_22_28,november,13.541666984558105,45.64583206176758,0.3524507818545585
5,2025_november_22_28,november,13.583333015441895,45.64583206176758,0.48061397937445083
5,2025_november_22_28,november,13.625,45.64583206176758,0.35100610906289603
5,2025_november_22_28,november,13.666666984558105,45.64583206176758,-0.19609366972049094
5,2025_november_22_28,november,13.708333015441895,45.64583206176758,-0.42260036967247716
5,2025_november_22_28,november,13.166666984558105,45.6875,-0.6767154591441888
5,2025_november_22_28,november,13.208333015441895,45.6875,-0.7290814640874571
5,2025_november_22_28,november,13.25,45.6875,-0.41633972332197594
5,2025_november_22_28,november,13.291666984558105,45.6875,-0.12957937951808107
5,2025_november_22_28,november,13.458333015441895,45.6875,-0.005791963483971917
5,2025_november_22_28,november,13.5,45.6875,0.05222025399784616
5,2025_november_22_28,november,13.541666984558105,45.6875,-0.04353622414929669
5,2025_november_22_28,november,13.583333015441895,45.6875,-0.23593998632738483
5,2025_november_22_28,november,13.625,45.6875,-0.20817949994505364
5,2025_november_22_28,november,13.666666984558105,45.6875,-0.046687003445664184
5,2025_november_22_28,november,13.708333015441895,45.6875,0.11576014870399357
5,2025_november_22_28,november,13.541666984558105,45.72916793823242,0.16555831256304457
5,2025_november_22_28,november,13.583333015441895,45.72916793823242,0.2851861058304723
5,2025_november_22_28,november,13.625,45.72916793823242,0.1646087399282281
5,2025_november_22_28,november,13.666666984558105,45.72916793823242,0.047264080295250484
6,2025_may_01_07,may,13.166666984558105,45.47916793823242,-0.20405621282429112
6,2025_may_01_07,may,13.208333015441895,45.47916793823242,-0.2021508767342133
6,2025_may_01_07,may,13.166666984558105,45.52083206176758,-0.04618004946036762
6,2025_may_01_07,may,13.208333015441895,45.52083206176758,-0.0906399061333558
6,2025_may_01_07,may,13.25,45.52083206176758,-0.08881442489800533
6,2025_may_01_07,may,13.166666984558105,45.5625,-0.3441568999791412
6,2025_may_01_07,may,13.208333015441895,45.5625,-0.3480607592592489
6,2025_may_01_07,may,13.25,45.5625,-0.19127050491367473
6,2025_may_01_07,may,13.291666984558105,45.5625,-0.05987262681398696
6,2025_may_01_07,may,13.333333015441895,45.5625,-0.012785755231182942
6,2025_may_01_07,may,13.166666984558105,45.60416793823242,0.011703370974345123
6,2025_may_01_07,may,13.208333015441895,45.60416793823242,-0.08324078412082538
6,2025_may_01_07,may,13.25,45.60416793823242,-0.5986302142767899
6,2025_may_01_07,may,13.291666984558105,45.60416793823242,-0.680358289630347
6,2025_may_01_07,may,13.333333015441895,45.60416793823242,-0.48289303532556704
6,2025_may_01_07,may,13.375,45.60416793823242,-0.11780398473237752
6,2025_may_01_07,may,13.416666984558105,45.60416793823242,0.1489089052535566
6,2025_may_01_07,may,13.458333015441895,45.60416793823242,0.018795931809227288
6,2025_may_01_07,may,13.5,45.60416793823242,0.42179945943326236
6,2025_may_01_07,may,13.708333015441895,45.60416793823242,-0.011716207958322003
6,2025_may_01_07,may,13.166666984558105,45.64583206176758,-0.027485669802904174
6,2025_may_01_07,may,13.208333015441895,45.64583206176758,0.6487785641473309
6,2025_may_01_07,may,13.25,45.64583206176758,0.6498961618846976
6,2025_may_01_07,may,13.291666984558105,45.64583206176758,0.5807999481498258
6,2025_may_01_07,may,13.333333015441895,45.64583206176758,0.3816675930322467
6,2025_may_01_07,may,13.375,45.64583206176758,-0.2730983120330145
6,2025_may_01_07,may,13.416666984558105,45.64583206176758,-0.7180886933291343
6,2025_may_01_07,may,13.458333015441895,45.64583206176758,-0.3267392846692324
6,2025_may_01_07,may,13.5,45.64583206176758,0.3096129823230368
6,2025_may_01_07,may,13.541666984558105,45.64583206176758,0.3558798216901661
6,2025_may_01_07,may,13.583333015441895,45.64583206176758,0.5268531528919665
6,2025_may_01_07,may,13.625,45.64583206176758,0.41550672457773147
6,2025_may_01_07,may,13.666666984558105,45.64583206176758,-0.16531250274305173
6,2025_may_01_07,may,13.708333015441895,45.64583206176758,-0.5583433554190569
6,2025_may_01_07,may,13.166666984558105,45.6875,-0.5402600219784739
6,2025_may_01_07,may,13.208333015441895,45.6875,-0.5632774701892095
6,2025_may_01_07,may,13.25,45.6875,-0.2788571931592516
6,2025_may_01_07,may,13.291666984558105,45.6875,-0.09346806979285951
6,2025_may_01_07,may,13.458333015441895,45.6875,0.01044759740807683
6,2025_may_01_07,may,13.5,45.6875,0.1314307312043517
6,2025_may_01_07,may,13.541666984558105,45.6875,0.09146425704551675
6,2025_may_01_07,may,13.583333015441895,45.6875,-0.052670838823817526
6,2025_may_01_07,may,13.625,45.6875,-0.18607902279497143
6,2025_may_01_07,may,13.666666984558105,45.6875,-0.2531919859018697
6,2025_may_01_07,may,13.708333015441895,45.6875,-0.18141018491427602
6,2025_may_01_07,may,13.541666984558105,45.72916793823242,0.22159409561451981
6,2025_may_01_07,may,13.583333015441895,45.72916793823242,0.4067723046748614
6,2025_may_01_07,may,13.625,45.72916793823242,0.24780462900681052
6,2025_may_01_07,may,13.666666984558105,45.72916793823242,0.028117166795786006
6,2025_may_08_14,may,13.166666984558105,45.47916793823242,-0.1869990788077887
6,2025_may_08_14,may,13.208333015441895,45.47916793823242,-0.19153063569664083
6,2025_may_08_14,may,13.166666984558105,45.52083206176758,-0.04073230606892304
6,2025_may_08_14,may,13.208333015441895,45.52083206176758,-0.09143253726127917
6,2025_may_08_14,may,13.25,45.52083206176758,-0.0686692373105799
6,2025_may_08_14,may,13.166666984558105,45.5625,-0.42722233148743555
6,2025_may_08_14,may,13.208333015441895,45.5625,-0.4424583095077615
6,2025_may_08_14,may,13.25,45.5625,-0.20148889361172934
6,2025_may_08_14,may,13.291666984558105,45.5625,-0.05403721360509072
6,2025_may_08_14,may,13.333333015441895,45.5625,-0.014295147618071517
6,2025_may_08_14,may,13.166666984558105,45.60416793823242,-0.070376959840752
6,2025_may_08_14,may,13.208333015441895,45.60416793823242,-0.07295123337534355
6,2025_may_08_14,may,13.25,45.60416793823242,-0.44447250666606225
6,2025_may_08_14,may,13.291666984558105,45.60416793823242,-0.6553000091800367
6,2025_may_08_14,may,13.333333015441895,45.60416793823242,-0.4222706513405804
6,2025_may_08_14,may,13.375,45.60416793823242,-0.1848829581804021
6,2025_may_08_14,may,13.416666984558105,45.60416793823242,0.07781251327335337
6,2025_may_08_14,may,13.458333015441895,45.60416793823242,0.09978477643811537
6,2025_may_08_14,may,13.5,45.60416793823242,0.41958148795533684
6,2025_may_08_14,may,13.708333015441895,45.60416793823242,-0.008846097218131269
6,2025_may_08_14,may,13.166666984558105,45.64583206176758,0.047564174905482606
6,2025_may_08_14,may,13.208333015441895,45.64583206176758,0.532661153102552
6,2025_may_08_14,may,13.25,45.64583206176758,0.6048746399952974
6,2025_may_08_14,may,13.291666984558105,45.64583206176758,0.5760421976046489
6,2025_may_08_14,may,13.333333015441895,45.64583206176758,0.3826014801381442
6,2025_may_08_14,may,13.375,45.64583206176758,-0.2226850999848279
6,2025_may_08_14,may,13.416666984558105,45.64583206176758,-0.6578338169113048
6,2025_may_08_14,may,13.458333015441895,45.64583206176758,-0.24736091875033167
6,2025_may_08_14,may,13.5,45.64583206176758,0.301519526549496
6,2025_may_08_14,may,13.541666984558105,45.64583206176758,0.357369092521342
6,2025_may_08_14,may,13.583333015441895,45.64583206176758,0.5721874177639672
6,2025_may_08_14,may,13.625,45.64583206176758,0.4386826175918748
6,2025_may_08_14,may,13.666666984558105,45.64583206176758,-0.13770443288854034
6,2025_may_08_14,may,13.708333015441895,45.64583206176758,-0.4768777161075291
6,2025_may_08_14,may,13.166666984558105,45.6875,-0.4330568279469676
6,2025_may_08_14,may,13.208333015441895,45.6875,-0.44337057294393417
6,2025_may_08_14,may,13.25,45.6875,-0.26643751661165677
6,2025_may_08_14,may,13.291666984558105,45.6875,-0.13273790812055378
6,2025_may_08_14,may,13.458333015441895,45.6875,0.04204647872136235
6,2025_may_08_14,may,13.5,45.6875,0.12143667286109071
6,2025_may_08_14,may,13.541666984558105,45.6875,0.06665157428347435
6,2025_may_08_14,may,13.583333015441895,45.6875,-0.0901162903543777
6,2025_may_08_14,may,13.625,45.6875,-0.1646810428034144
6,2025_may_08_14,may,13.666666984558105,45.6875,-0.19834783422008104
6,2025_may_08_14,may,13.708333015441895,45.6875,-0.190028098741184
6,2025_may_08_14,may,13.541666984558105,45.72916793823242,0.2070182105209235
6,2025_may_08_14,may,13.583333015441895,45.72916793823242,0.3721589494660756
6,2025_may_08_14,may,13.625,45.72916793823242,0.24415292430926736
6,2025_may_08_14,may,13.666666984558105,45.72916793823242,0.07139102700895451
6,2025_may_15_21,may,13.166666984558105,45.47916793823242,-0.1792479367139843
6,2025_may_15_21,may,13.208333015441895,45.47916793823242,-0.18650870025532315
6,2025_may_15_21,may,13.166666984558105,45.52083206176758,-0.026368005250313707
6,2025_may_15_21,may,13.208333015441895,45.52083206176758,-0.08330448799589472
6,2025_may_15_21,may,13.25,45.52083206176758,-0.0974998405838721
6,2025_may_15_21,may,13.166666984558105,45.5625,-0.4621682697377063
6,2025_may_15_21,may,13.208333015441895,45.5625,-0.4879392951929746
6,2025_may_15_21,may,13.25,45.5625,-0.22913530314556907
6,2025_may_15_21,may,13.291666984558105,45.5625,-0.06802162890672579
6,2025_may_15_21,may,13.333333015441895,45.5625,-0.017806479277819455
6,2025_may_15_21,may,13.166666984558105,45.60416793823242,-0.10065125047282676
6,2025_may_15_21,may,13.208333015441895,45.60416793823242,-0.18382984070148736
6,2025_may_15_21,may,13.25,45.60416793823242,-0.5656667625492321
6,2025_may_15_21,may,13.291666984558105,45.60416793823242,-0.6303794923751381
6,2025_may_15_21,may,13.333333015441895,45.60416793823242,-0.42901349542017503
6,2025_may_15_21,may,13.375,45.60416793823242,-0.19265664266150212
6,2025_may_15_21,may,13.416666984558105,45.60416793823242,0.0026411772034692885
6,2025_may_15_21,may,13.458333015441895,45.60416793823242,-0.05173894680817172
6,2025_may_15_21,may,13.5,45.60416793823242,0.4069760911472266
6,2025_may_15_21,may,13.708333015441895,45.60416793823242,-0.031781526055609535
6,2025_may_15_21,may,13.166666984558105,45.64583206176758,-0.021694252197802407
6,2025_may_15_21,may,13.208333015441895,45.64583206176758,0.5842088164451782
6,2025_may_15_21,may,13.25,45.64583206176758,0.6435667470055271
6,2025_may_15_21,may,13.291666984558105,45.64583206176758,0.5723831805131621
6,2025_may_15_21,may,13.333333015441895,45.64583206176758,0.37862648579178004
6,2025_may_15_21,may,13.375,45.64583206176758,-0.35589808204089474
6,2025_may_15_21,may,13.416666984558105,45.64583206176758,-0.6894893454587766
6,2025_may_15_21,may,13.458333015441895,45.64583206176758,-0.28229026122104134
6,2025_may_15_21,may,13.5,45.64583206176758,0.22133601897383626
6,2025_may_15_21,may,13.541666984558105,45.64583206176758,0.3005183986927494
6,2025_may_15_21,may,13.583333015441895,45.64583206176758,0.4550818339055722
6,2025_may_15_21,may,13.625,45.64583206176758,0.30105449781478005
6,2025_may_15_21,may,13.666666984558105,45.64583206176758,-0.19704629215322073
6,2025_may_15_21,may,13.708333015441895,45.64583206176758,-0.47272089644323767
6,2025_may_15_21,may,13.166666984558105,45.6875,-0.5292870290016773
6,2025_may_15_21,may,13.208333015441895,45.6875,-0.5578716175750669
6,2025_may_15_21,may,13.25,45.6875,-0.2824093991964904
6,2025_may_15_21,may,13.291666984558105,45.6875,-0.0937909926579512
6,2025_may_15_21,may,13.458333015441895,45.6875,0.0478322025405182
6,2025_may_15_21,may,13.5,45.6875,0.14171498577861552
6,2025_may_15_21,may,13.541666984558105,45.6875,0.03785166113441447
6,2025_may_15_21,may,13.583333015441895,45.6875,-0.11473578097033688
6,2025_may_15_21,may,13.625,45.6875,-0.16629396423641513
6,2025_may_15_21,may,13.666666984558105,45.6875,-0.30762530251538356
6,2025_may_15_21,may,13.708333015441895,45.6875,-0.21781408445772335
6,2025_may_15_21,may,13.541666984558105,45.72916793823242,0.23906359696372897
6,2025_may_15_21,may,13.583333015441895,45.72916793823242,0.43285112905559153
6,2025_may_15_21,may,13.625,45.72916793823242,0.2619514552241172
6,2025_may_15_21,may,13.666666984558105,45.72916793823242,0.06120542518528494
6,2025_may_22_28,may,13.166666984558105,45.47916793823242,-0.1786011441503379
6,2025_may_22_28,may,13.208333015441895,45.47916793823242,-0.18996618494487147
6,2025_may_22_28,may,13.166666984558105,45.52083206176758,-0.03038170079054975
6,2025_may_22_28,may,13.208333015441895,45.52083206176758,-0.07242229729768988
6,2025_may_22_28,may,13.25,45.52083206176758,-0.05601277418426927
6,2025_may_22_28,may,13.166666984558105,45.5625,-0.49449962351706495
6,2025_may_22_28,may,13.208333015441895,45.5625,-0.48541350386006676
6,2025_may_22_28,may,13.25,45.5625,-0.20201055810209706
6,2025_may_22_28,may,13.291666984558105,45.5625,-0.04758817634167557
6,2025_may_22_28,may,13.333333015441895,45.5625,-0.0092224880304759
6,2025_may_22_28,may,13.166666984558105,45.60416793823242,-0.007361873902805697
6,2025_may_22_28,may,13.208333015441895,45.60416793823242,-0.06982025530700177
6,2025_may_22_28,may,13.25,45.60416793823242,-0.5040886710976576
6,2025_may_22_28,may,13.291666984558105,45.60416793823242,-0.6687510958663864
6,2025_may_22_28,may,13.333333015441895,45.60416793823242,-0.454863629741556
6,2025_may_22_28,may,13.375,45.60416793823242,-0.23769048072624063
6,2025_may_22_28,may,13.416666984558105,45.60416793823242,0.038967269328700316
6,2025_may_22_28,may,13.458333015441895,45.60416793823242,0.05914091204670698
6,2025_may_22_28,may,13.5,45.60416793823242,0.4121974260324042
6,2025_may_22_28,may,13.708333015441895,45.60416793823242,-0.011132580837497982
6,2025_may_22_28,may,13.166666984558105,45.64583206176758,0.13549601491148194
6,2025_may_22_28,may,13.208333015441895,45.64583206176758,0.5997832384051498
6,2025_may_22_28,may,13.25,45.64583206176758,0.6525926794179673
6,2025_may_22_28,may,13.291666984558105,45.64583206176758,0.5557128717164097
6,2025_may_22_28,may,13.333333015441895,45.64583206176758,0.3621963417114908
6,2025_may_22_28,may,13.375,45.64583206176758,-0.28733559862827895
6,2025_may_22_28,may,13.416666984558105,45.64583206176758,-0.6711871714127772
6,2025_may_22_28,may,13.458333015441895,45.64583206176758,-0.2347936034230873
6,2025_may_22_28,may,13.5,45.64583206176758,0.26673672608812404
6,2025_may_22_28,may,13.541666984558105,45.64583206176758,0.3592299251365452
6,2025_may_22_28,may,13.583333015441895,45.64583206176758,0.5511160545280668
6,2025_may_22_28,may,13.625,45.64583206176758,0.3277025840987963
6,2025_may_22_28,may,13.666666984558105,45.64583206176758,-0.3222765516917762
6,2025_may_22_28,may,13.708333015441895,45.64583206176758,-0.5760384462104843
6,2025_may_22_28,may,13.166666984558105,45.6875,-0.4848368186236253
6,2025_may_22_28,may,13.208333015441895,45.6875,-0.532744494533233
6,2025_may_22_28,may,13.25,45.6875,-0.26015171118145913
6,2025_may_22_28,may,13.291666984558105,45.6875,-0.07551283402640596
6,2025_may_22_28,may,13.458333015441895,45.6875,0.05183833405024058
6,2025_may_22_28,may,13.5,45.6875,0.13999757467198268
6,2025_may_22_28,may,13.541666984558105,45.6875,0.023062585085764423
6,2025_may_22_28,may,13.583333015441895,45.6875,-0.14225490927078033
6,2025_may_22_28,may,13.625,45.6875,-0.1262274347538111
6,2025_may_22_28,may,13.666666984558105,45.6875,-0.14436255277356724
6,2025_may_22_28,may,13.708333015441895,45.6875,-0.10687990421421899
6,2025_may_22_28,may,13.541666984558105,45.72916793823242,0.22106804383772125
6,2025_may_22_28,may,13.583333015441895,45.72916793823242,0.4410626487938296
6,2025_may_22_28,may,13.625,45.72916793823242,0.32526956370397336
6,2025_may_22_28,may,13.666666984558105,45.72916793823242,0.10501852526807037
6,2025_november_01_07,november,13.166666984558105,45.47916793823242,-0.215411106218631
6,2025_november_01_07,november,13.208333015441895,45.47916793823242,-0.18088359847462307
6,2025_november_01_07,november,13.166666984558105,45.52083206176758,-0.011788854390378618
6,2025_november_01_07,november,13.208333015441895,45.52083206176758,-0.02831641947881359
6,2025_november_01_07,november,13.25,45.52083206176758,-0.051576402247062184
6,2025_november_01_07,november,13.166666984558105,45.5625,-0.5232400447470107
6,2025_november_01_07,november,13.208333015441895,45.5625,-0.481493920477725
6,2025_november_01_07,november,13.25,45.5625,-0.24388918057928238
6,2025_november_01_07,november,13.291666984558105,45.5625,-0.21273043042244993
6,2025_november_01_07,november,13.333333015441895,45.5625,-0.3145308434611963
6,2025_november_01_07,november,13.166666984558105,45.60416793823242,0.16170907975623014
6,2025_november_01_07,november,13.208333015441895,45.60416793823242,0.18803480580005646
6,2025_november_01_07,november,13.25,45.60416793823242,-0.4051083081559485
6,2025_november_01_07,november,13.291666984558105,45.60416793823242,-0.8588263814997065
6,2025_november_01_07,november,13.333333015441895,45.60416793823242,-0.5044326489893008
6,2025_november_01_07,november,13.375,45.60416793823242,-0.12076625866531945
6,2025_november_01_07,november,13.416666984558105,45.60416793823242,0.05812770012679493
6,2025_november_01_07,november,13.458333015441895,45.60416793823242,0.10416478981849511
6,2025_november_01_07,november,13.5,45.60416793823242,0.43510222194921516
6,2025_november_01_07,november,13.708333015441895,45.60416793823242,-0.0437567997046445
6,2025_november_01_07,november,13.166666984558105,45.64583206176758,0.12753569288046052
6,2025_november_01_07,november,13.208333015441895,45.64583206176758,0.6383266099216428
6,2025_november_01_07,november,13.25,45.64583206176758,0.6875120949944584
6,2025_november_01_07,november,13.291666984558105,45.64583206176758,0.6131485031255172
6,2025_november_01_07,november,13.333333015441895,45.64583206176758,0.41003703733646807
6,2025_november_01_07,november,13.375,45.64583206176758,-0.3862337022366167
6,2025_november_01_07,november,13.416666984558105,45.64583206176758,-0.7569706241221662
6,2025_november_01_07,november,13.458333015441895,45.64583206176758,-0.2478266532926239
6,2025_november_01_07,november,13.5,45.64583206176758,0.34662086387358265
6,2025_november_01_07,november,13.541666984558105,45.64583206176758,0.3267185736246967
6,2025_november_01_07,november,13.583333015441895,45.64583206176758,0.48245881598963253
6,2025_november_01_07,november,13.625,45.64583206176758,0.32789185372154994
6,2025_november_01_07,november,13.666666984558105,45.64583206176758,-0.2700759236234141
6,2025_november_01_07,november,13.708333015441895,45.64583206176758,-0.5100606558279808
6,2025_november_01_07,november,13.166666984558105,45.6875,-0.6450346852746093
6,2025_november_01_07,november,13.208333015441895,45.6875,-0.8066887165771988
6,2025_november_01_07,november,13.25,45.6875,-0.41336392635056096
6,2025_november_01_07,november,13.291666984558105,45.6875,-0.15813766401822632
6,2025_november_01_07,november,13.458333015441895,45.6875,-0.0482341468512298
6,2025_november_01_07,november,13.5,45.6875,-0.028183382637205986
6,2025_november_01_07,november,13.541666984558105,45.6875,-0.030971807074700042
6,2025_november_01_07,november,13.583333015441895,45.6875,-0.19732313978184404
6,2025_november_01_07,november,13.625,45.6875,-0.2088991443608767
6,2025_november_01_07,november,13.666666984558105,45.6875,-0.0827083225898142
6,2025_november_01_07,november,13.708333015441895,45.6875,0.04108541503228137
6,2025_november_01_07,november,13.541666984558105,45.72916793823242,0.08559357011603015
6,2025_november_01_07,november,13.583333015441895,45.72916793823242,0.18627119394437552
6,2025_november_01_07,november,13.625,45.72916793823242,0.1299149678076902
6,2025_november_01_07,november,13.666666984558105,45.72916793823242,0.03296801349706147
6,2025_november_08_14,november,13.166666984558105,45.47916793823242,-0.19978022067916412
6,2025_november_08_14,november,13.208333015441895,45.47916793823242,-0.18373494663071321
6,2025_november_08_14,november,13.166666984558105,45.52083206176758,-0.014774092326314409
6,2025_november_08_14,november,13.208333015441895,45.52083206176758,-0.07314430342144322
6,2025_november_08_14,november,13.25,45.52083206176758,-0.09993128354037219
6,2025_november_08_14,november,13.166666984558105,45.5625,-0.476654109181006
6,2025_november_08_14,november,13.208333015441895,45.5625,-0.4547333218698932
6,2025_november_08_14,november,13.25,45.5625,-0.26916813591341926
6,2025_november_08_14,november,13.291666984558105,45.5625,-0.3034801506902053
6,2025_november_08_14,november,13.333333015441895,45.5625,-0.3427089967787636
6,2025_november_08_14,november,13.166666984558105,45.60416793823242,0.15371410233424299
6,2025_november_08_14,november,13.208333015441895,45.60416793823242,0.16481562536455188
6,2025_november_08_14,november,13.25,45.60416793823242,-0.4758957260242537
6,2025_november_08_14,november,13.291666984558105,45.60416793823242,-0.841117112392978
6,2025_november_08_14,november,13.333333015441895,45.60416793823242,-0.5413034312559574
6,2025_november_08_14,november,13.375,45.60416793823242,-0.12935088145684542
6,2025_november_08_14,november,13.416666984558105,45.60416793823242,0.11535744307721837
6,2025_november_08_14,november,13.458333015441895,45.60416793823242,0.1547103732889264
6,2025_november_08_14,november,13.5,45.60416793823242,0.4276929797453572
6,2025_november_08_14,november,13.708333015441895,45.60416793823242,-0.07982421635229349
6,2025_november_08_14,november,13.166666984558105,45.64583206176758,0.065264682796365
6,2025_november_08_14,november,13.208333015441895,45.64583206176758,0.621719471550029
6,2025_november_08_14,november,13.25,45.64583206176758,0.6862973398087756
6,2025_november_08_14,november,13.291666984558105,45.64583206176758,0.5866211956786284
6,2025_november_08_14,november,13.333333015441895,45.64583206176758,0.41397725049444906
6,2025_november_08_14,november,13.375,45.64583206176758,-0.27106983101004917
6,2025_november_08_14,november,13.416666984558105,45.64583206176758,-0.7997039150897141
6,2025_november_08_14,november,13.458333015441895,45.64583206176758,-0.3116947297169253
6,2025_november_08_14,november,13.5,45.64583206176758,0.36151119328116726
6,2025_november_08_14,november,13.541666984558105,45.64583206176758,0.34894276384187295
6,2025_november_08_14,november,13.583333015441895,45.64583206176758,0.44102131188884774
6,2025_november_08_14,november,13.625,45.64583206176758,0.2885218107463339
6,2025_november_08_14,november,13.666666984558105,45.64583206176758,-0.27305031462699897
6,2025_november_08_14,november,13.708333015441895,45.64583206176758,-0.5970122704308215
6,2025_november_08_14,november,13.166666984558105,45.6875,-0.6645902328596746
6,2025_november_08_14,november,13.208333015441895,45.6875,-0.7206667709779202
6,2025_november_08_14,november,13.25,45.6875,-0.35679981742137395
6,2025_november_08_14,november,13.291666984558105,45.6875,-0.12084008837136913
6,2025_november_08_14,november,13.458333015441895,45.6875,0.0043951468525161375
6,2025_november_08_14,november,13.5,45.6875,0.08984217208689604
6,2025_november_08_14,november,13.541666984558105,45.6875,0.04680572002002891
6,2025_november_08_14,november,13.583333015441895,45.6875,-0.10452090912061954
6,2025_november_08_14,november,13.625,45.6875,-0.15097234143802063
6,2025_november_08_14,november,13.666666984558105,45.6875,-0.013947697231270267
6,2025_november_08_14,november,13.708333015441895,45.6875,0.15231129211921826
6,2025_november_08_14,november,13.541666984558105,45.72916793823242,0.08889656831835228
6,2025_november_08_14,november,13.583333015441895,45.72916793823242,0.21458267941007575
6,2025_november_08_14,november,13.625,45.72916793823242,0.1466504546786405
6,2025_november_08_14,november,13.666666984558105,45.72916793823242,0.023201677571796246
6,2025_november_15_21,november,13.166666984558105,45.47916793823242,-0.18316938988315215
6,2025_november_15_21,november,13.208333015441895,45.47916793823242,-0.20675539904470777
6,2025_november_15_21,november,13.166666984558105,45.52083206176758,-0.0029371648527546724
6,2025_november_15_21,november,13.208333015441895,45.52083206176758,-0.036370859166525056
6,2025_november_15_21,november,13.25,45.52083206176758,-0.037739635768510686
6,2025_november_15_21,november,13.166666984558105,45.5625,-0.5219846146889616
6,2025_november_15_21,november,13.208333015441895,45.5625,-0.525803367149404
6,2025_november_15_21,november,13.25,45.5625,-0.3051065738492383
6,2025_november_15_21,november,13.291666984558105,45.5625,-0.3062273596075317
6,2025_november_15_21,november,13.333333015441895,45.5625,-0.40557639655210415
6,2025_november_15_21,november,13.166666984558105,45.60416793823242,0.16975315728838325
6,2025_november_15_21,november,13.208333015441895,45.60416793823242,0.15711338303254818
6,2025_november_15_21,november,13.25,45.60416793823242,-0.4443239349724593
6,2025_november_15_21,november,13.291666984558105,45.60416793823242,-0.757357069662367
6,2025_november_15_21,november,13.333333015441895,45.60416793823242,-0.4539745577379924
6,2025_november_15_21,november,13.375,45.60416793823242,-0.13750467779634484
6,2025_november_15_21,november,13.416666984558105,45.60416793823242,0.13451199843573386
6,2025_november_15_21,november,13.458333015441895,45.60416793823242,0.19871399362591363
6,2025_november_15_21,november,13.5,45.60416793823242,0.43170498358932724
6,2025_november_15_21,november,13.708333015441895,45.60416793823242,-0.03499469573071256
6,2025_november_15_21,november,13.166666984558105,45.64583206176758,0.12851471142323243
6,2025_november_15_21,november,13.208333015441895,45.64583206176758,0.6298453913296164
6,2025_november_15_21,november,13.25,45.64583206176758,0.6930845743641482
6,2025_november_15_21,november,13.291666984558105,45.64583206176758,0.5685216644861111
6,2025_november_15_21,november,13.333333015441895,45.64583206176758,0.3672808364358636
6,2025_november_15_21,november,13.375,45.64583206176758,-0.2752267945040892
6,2025_november_15_21,november,13.416666984558105,45.64583206176758,-0.7583929590916146
6,2025_november_15_21,november,13.458333015441895,45.64583206176758,-0.2909906066433274
6,2025_november_15_21,november,13.5,45.64583206176758,0.3064964609243299
6,2025_november_15_21,november,13.541666984558105,45.64583206176758,0.33190164078605816
6,2025_november_15_21,november,13.583333015441895,45.64583206176758,0.4630022071542597
6,2025_november_15_21,november,13.625,45.64583206176758,0.28907586313505584
6,2025_november_15_21,november,13.666666984558105,45.64583206176758,-0.3660168250443869
6,2025_november_15_21,november,13.708333015441895,45.64583206176758,-0.39366727253865763
6,2025_november_15_21,november,13.166666984558105,45.6875,-0.6241467127531211
6,2025_november_15_21,november,13.208333015441895,45.6875,-0.7046169074071287
6,2025_november_15_21,november,13.25,45.6875,-0.3765243168926093
6,2025_november_15_21,november,13.291666984558105,45.6875,-0.07204024821571456
6,2025_november_15_21,november,13.458333015441895,45.6875,-0.058499874073687404
6,2025_november_15_21,november,13.5,45.6875,-0.021008604495316947
6,2025_november_15_21,november,13.541666984558105,45.6875,-0.03320547149019954
6,2025_november_15_21,november,13.583333015441895,45.6875,-0.193870511129228
6,2025_november_15_21,november,13.625,45.6875,-0.16384296744038035
6,2025_november_15_21,november,13.666666984558105,45.6875,-0.017706773068916375
6,2025_november_15_21,november,13.708333015441895,45.6875,0.10932037575045371
6,2025_november_15_21,november,13.541666984558105,45.72916793823242,0.2175212749896249
6,2025_november_15_21,november,13.583333015441895,45.72916793823242,0.3532057959569977
6,2025_november_15_21,november,13.625,45.72916793823242,0.1956765052155018
6,2025_november_15_21,november,13.666666984558105,45.72916793823242,0.0601346169942326
6,2025_november_22_28,november,13.166666984558105,45.47916793823242,-0.20144223514422693
6,2025_november_22_28,november,13.208333015441895,45.47916793823242,-0.19325956101842579
6,2025_november_22_28,november,13.166666984558105,45.52083206176758,-0.018421393078014683
6,2025_november_22_28,november,13.208333015441895,45.52083206176758,-0.044260074537606255
6,2025_november_22_28,november,13.25,45.52083206176758,-0.05443949010193957
6,2025_november_22_28,november,13.166666984558105,45.5625,-0.42016287498338606
6,2025_november_22_28,november,13.208333015441895,45.5625,-0.5193222283206876
6,2025_november_22_28,november,13.25,45.5625,-0.35323898655699965
6,2025_november_22_28,november,13.291666984558105,45.5625,-0.33048248381755546
6,2025_november_22_28,november,13.333333015441895,45.5625,-0.3370103835526516
6,2025_november_22_28,november,13.166666984558105,45.60416793823242,0.13884294176003714
6,2025_november_22_28,november,13.208333015441895,45.60416793823242,0.08140425585355401
6,2025_november_22_28,november,13.25,45.60416793823242,-0.4171302871176709
6,2025_november_22_28,november,13.291666984558105,45.60416793823242,-0.7140573777188061
6,2025_november_22_28,november,13.333333015441895,45.60416793823242,-0.461069497685686
6,2025_november_22_28,november,13.375,45.60416793823242,-0.09241792683702699
6,2025_november_22_28,november,13.416666984558105,45.60416793823242,0.13122894558378587
6,2025_november_22_28,november,13.458333015441895,45.60416793823242,0.20352623822029117
6,2025_november_22_28,november,13.5,45.60416793823242,0.4068817851108263
6,2025_november_22_28,november,13.708333015441895,45.60416793823242,-0.030159046535485
6,2025_november_22_28,november,13.166666984558105,45.64583206176758,0.06555966795114421
6,2025_november_22_28,november,13.208333015441895,45.64583206176758,0.5984640746802159
6,2025_november_22_28,november,13.25,45.64583206176758,0.660082089922164
6,2025_november_22_28,november,13.291666984558105,45.64583206176758,0.5475160338696689
6,2025_november_22_28,november,13.333333015441895,45.64583206176758,0.35259171060027944
6,2025_november_22_28,november,13.375,45.64583206176758,-0.2414026233782647
6,2025_november_22_28,november,13.416666984558105,45.64583206176758,-0.5936605234814387
6,2025_november_22_28,november,13.458333015441895,45.64583206176758,-0.24723128568270436
6,2025_november_22_28,november,13.5,45.64583206176758,0.3090009381889665
6,2025_november_22_28,november,13.541666984558105,45.64583206176758,0.31848719786832325
6,2025_november_22_28,november,13.583333015441895,45.64583206176758,0.43089478367521983
6,2025_november_22_28,november,13.625,45.64583206176758,0.2975854564147608
6,2025_november_22_28,november,13.666666984558105,45.64583206176758,-0.26720970370947317
6,2025_november_22_28,november,13.708333015441895,45.64583206176758,-0.4829013171797519
6,2025_november_22_28,november,13.166666984558105,45.6875,-0.6380716841222082
6,2025_november_22_28,november,13.208333015441895,45.6875,-0.7559905365776443
6,2025_november_22_28,november,13.25,45.6875,-0.3635964595451453
6,2025_november_22_28,november,13.291666984558105,45.6875,-0.10192259085325336
6,2025_november_22_28,november,13.458333015441895,45.6875,-0.02179637303397919
6,2025_november_22_28,november,13.5,45.6875,-0.014388632754516071
6,2025_november_22_28,november,13.541666984558105,45.6875,-0.020342526521215515
6,2025_november_22_28,november,13.583333015441895,45.6875,-0.18664514908692562
6,2025_november_22_28,november,13.625,45.6875,-0.22205225159273867
6,2025_november_22_28,november,13.666666984558105,45.6875,-0.09062133421038733
6,2025_november_22_28,november,13.708333015441895,45.6875,0.05450545287773188
6,2025_november_22_28,november,13.541666984558105,45.72916793823242,0.14497219130734498
6,2025_november_22_28,november,13.583333015441895,45.72916793823242,0.26184713199198084
6,2025_november_22_28,november,13.625,45.72916793823242,0.15487395101777174
6,2025_november_22_28,november,13.666666984558105,45.72916793823242,0.02086243201340449
7,2025_may_01_07,may,13.166666984558105,45.47916793823242,-0.24216395806552096
7,2025_may_01_07,may,13.208333015441895,45.47916793823242,-0.25230308716158234
7,2025_may_01_07,may,13.166666984558105,45.52083206176758,-0.018014697172852152
7,2025_may_01_07,may,13.208333015441895,45.52083206176758,-0.028475247370264176
7,2025_may_01_07,may,13.25,45.52083206176758,-0.03567908619558897
7,2025_may_01_07,may,13.166666984558105,45.5625,-0.37357221681335073
7,2025_may_01_07,may,13.208333015441895,45.5625,-0.42733311312137706
7,2025_may_01_07,may,13.25,45.5625,-0.20469947643505465
7,2025_may_01_07,may,13.291666984558105,45.5625,-0.057850752242762565
7,2025_may_01_07,may,13.333333015441895,45.5625,-0.016820184445733414
7,2025_may_01_07,may,13.166666984558105,45.60416793823242,-0.0686929343210684
7,2025_may_01_07,may,13.208333015441895,45.60416793823242,-0.10171480104386756
7,2025_may_01_07,may,13.25,45.60416793823242,-0.5324250774329239
7,2025_may_01_07,may,13.291666984558105,45.60416793823242,-0.73076132749226
7,2025_may_01_07,may,13.333333015441895,45.60416793823242,-0.5014816922453685
7,2025_may_01_07,may,13.375,45.60416793823242,-0.2440372362838764
7,2025_may_01_07,may,13.416666984558105,45.60416793823242,0.0010140339440076946
7,2025_may_01_07,may,13.458333015441895,45.60416793823242,0.018948735158814622
7,2025_may_01_07,may,13.5,45.60416793823242,0.3837027797251838
7,2025_may_01_07,may,13.708333015441895,45.60416793823242,-0.014647072829293093
7,2025_may_01_07,may,13.166666984558105,45.64583206176758,-0.06845761634696848
7,2025_may_01_07,may,13.208333015441895,45.64583206176758,0.5380251460380582
7,2025_may_01_07,may,13.25,45.64583206176758,0.6088217736019675
7,2025_may_01_07,may,13.291666984558105,45.64583206176758,0.5515291646695195
7,2025_may_01_07,may,13.333333015441895,45.64583206176758,0.28890438670801155
7,2025_may_01_07,may,13.375,45.64583206176758,-0.4500382912441375
7,2025_may_01_07,may,13.416666984558105,45.64583206176758,-0.7815282161660247
7,2025_may_01_07,may,13.458333015441895,45.64583206176758,-0.32024423973086014
7,2025_may_01_07,may,13.5,45.64583206176758,0.24182890901815413
7,2025_may_01_07,may,13.541666984558105,45.64583206176758,0.3134864011034874
7,2025_may_01_07,may,13.583333015441895,45.64583206176758,0.5096164084979533
7,2025_may_01_07,may,13.625,45.64583206176758,0.4039484905268934
7,2025_may_01_07,may,13.666666984558105,45.64583206176758,-0.2299448032243072
7,2025_may_01_07,may,13.708333015441895,45.64583206176758,-0.5384621812170103
7,2025_may_01_07,may,13.166666984558105,45.6875,-0.5762833832073382
7,2025_may_01_07,may,13.208333015441895,45.6875,-0.5187237974153592
7,2025_may_01_07,may,13.25,45.6875,-0.2443564861812378
7,2025_may_01_07,may,13.291666984558105,45.6875,-0.05140873513271788
7,2025_may_01_07,may,13.458333015441895,45.6875,0.019320029492661775
7,2025_may_01_07,may,13.5,45.6875,0.11450141961841903
7,2025_may_01_07,may,13.541666984558105,45.6875,-0.010095289621674169
7,2025_may_01_07,may,13.583333015441895,45.6875,-0.15087344136299205
7,2025_may_01_07,may,13.625,45.6875,-0.15482561798058975
7,2025_may_01_07,may,13.666666984558105,45.6875,-0.2727893215206963
7,2025_may_01_07,may,13.708333015441895,45.6875,-0.18769934014256107
7,2025_may_01_07,may,13.541666984558105,45.72916793823242,0.20212179413149556
7,2025_may_01_07,may,13.583333015441895,45.72916793823242,0.403880598750123
7,2025_may_01_07,may,13.625,45.72916793823242,0.27338969755435677
7,2025_may_01_07,may,13.666666984558105,45.72916793823242,0.08658432322972594
7,2025_may_08_14,may,13.166666984558105,45.47916793823242,-0.25146857313310195
7,2025_may_08_14,may,13.208333015441895,45.47916793823242,-0.2077596582926726
7,2025_may_08_14,may,13.166666984558105,45.52083206176758,-0.05761061752467279
7,2025_may_08_14,may,13.208333015441895,45.52083206176758,-0.09720480227503024
7,2025_may_08_14,may,13.25,45.52083206176758,-0.06252402499592824
7,2025_may_08_14,may,13.166666984558105,45.5625,-0.5088046692089793
7,2025_may_08_14,may,13.208333015441895,45.5625,-0.4889892702166925
7,2025_may_08_14,may,13.25,45.5625,-0.22099937999309122
7,2025_may_08_14,may,13.291666984558105,45.5625,-0.06182003335478458
7,2025_may_08_14,may,13.333333015441895,45.5625,-0.009654512793620883
7,2025_may_08_14,may,13.166666984558105,45.60416793823242,-0.08636779257311276
7,2025_may_08_14,may,13.208333015441895,45.60416793823242,-0.10180491866444363
7,2025_may_08_14,may,13.25,45.60416793823242,-0.4168753450835839
7,2025_may_08_14,may,13.291666984558105,45.60416793823242,-0.6170537638590408
7,2025_may_08_14,may,13.333333015441895,45.60416793823242,-0.4753357499739047
7,2025_may_08_14,may,13.375,45.60416793823242,-0.1792132122271983
7,2025_may_08_14,may,13.416666984558105,45.60416793823242,0.08577725180109556
7,2025_may_08_14,may,13.458333015441895,45.60416793823242,0.09122550805081524
7,2025_may_08_14,may,13.5,45.60416793823242,0.43595935002603264
7,2025_may_08_14,may,13.708333015441895,45.60416793823242,-0.00898749072141289
7,2025_may_08_14,may,13.166666984558105,45.64583206176758,-0.0334005989845084
7,2025_may_08_14,may,13.208333015441895,45.64583206176758,0.6302134890543828
7,2025_may_08_14,may,13.25,45.64583206176758,0.6561967522045292
7,2025_may_08_14,may,13.291666984558105,45.64583206176758,0.5994503259570986
7,2025_may_08_14,may,13.333333015441895,45.64583206176758,0.3789827024177363
7,2025_may_08_14,may,13.375,45.64583206176758,-0.35187946424413863
7,2025_may_08_14,may,13.416666984558105,45.64583206176758,-0.8045101013134098
7,2025_may_08_14,may,13.458333015441895,45.64583206176758,-0.3337018342283064
7,2025_may_08_14,may,13.5,45.64583206176758,0.25301860680496224
7,2025_may_08_14,may,13.541666984558105,45.64583206176758,0.35046097960306766
7,2025_may_08_14,may,13.583333015441895,45.64583206176758,0.5499005128880772
7,2025_may_08_14,may,13.625,45.64583206176758,0.3636865382528632
7,2025_may_08_14,may,13.666666984558105,45.64583206176758,-0.2245161820031299
7,2025_may_08_14,may,13.708333015441895,45.64583206176758,-0.5560574198889382
7,2025_may_08_14,may,13.166666984558105,45.6875,-0.5280460371186116
7,2025_may_08_14,may,13.208333015441895,45.6875,-0.5264741174088455
7,2025_may_08_14,may,13.25,45.6875,-0.20463886653449295
7,2025_may_08_14,may,13.291666984558105,45.6875,-0.07129072136429014
7,2025_may_08_14,may,13.458333015441895,45.6875,0.025837799329059555
7,2025_may_08_14,may,13.5,45.6875,0.1315804571847925
7,2025_may_08_14,may,13.541666984558105,45.6875,0.03954659481381127
7,2025_may_08_14,may,13.583333015441895,45.6875,-0.09273513466027737
7,2025_may_08_14,may,13.625,45.6875,-0.13514922327360582
7,2025_may_08_14,may,13.666666984558105,45.6875,-0.3288565547672376
7,2025_may_08_14,may,13.708333015441895,45.6875,-0.20307755911139178
7,2025_may_08_14,may,13.541666984558105,45.72916793823242,0.24631439687506904
7,2025_may_08_14,may,13.583333015441895,45.72916793823242,0.45334055566136183
7,2025_may_08_14,may,13.625,45.72916793823242,0.3288294895173153
7,2025_may_08_14,may,13.666666984558105,45.72916793823242,0.11924524253897449
7,2025_may_15_21,may,13.166666984558105,45.47916793823242,-0.23401828713107
7,2025_may_15_21,may,13.208333015441895,45.47916793823242,-0.20637658135633782
7,2025_may_15_21,may,13.166666984558105,45.52083206176758,-0.034490937707200034
7,2025_may_15_21,may,13.208333015441895,45.52083206176758,-0.08862677099684867
7,2025_may_15_21,may,13.25,45.52083206176758,-0.07005353189638312
7,2025_may_15_21,may,13.166666984558105,45.5625,-0.529246849025613
7,2025_may_15_21,may,13.208333015441895,45.5625,-0.5613940736136872
7,2025_may_15_21,may,13.25,45.5625,-0.2334386437818502
7,2025_may_15_21,may,13.291666984558105,45.5625,-0.06266453738750465
7,2025_may_15_21,may,13.333333015441895,45.5625,-0.008742873134818755
7,2025_may_15_21,may,13.166666984558105,45.60416793823242,0.007531700067772489
7,2025_may_15_21,may,13.208333015441895,45.60416793823242,-0.039197518385754845
7,2025_may_15_21,may,13.25,45.60416793823242,-0.5029652120275738
7,2025_may_15_21,may,13.291666984558105,45.60416793823242,-0.6882768190623002
7,2025_may_15_21,may,13.333333015441895,45.60416793823242,-0.47104379026193394
7,2025_may_15_21,may,13.375,45.60416793823242,-0.2179327757547086
7,2025_may_15_21,may,13.416666984558105,45.60416793823242,0.11669223016337142
7,2025_may_15_21,may,13.458333015441895,45.60416793823242,0.09623610250179306
7,2025_may_15_21,may,13.5,45.60416793823242,0.43233784374904977
7,2025_may_15_21,may,13.708333015441895,45.60416793823242,-0.014489298815837853
7,2025_may_15_21,may,13.166666984558105,45.64583206176758,-0.04428757430648676
7,2025_may_15_21,may,13.208333015441895,45.64583206176758,0.6329601095792778
7,2025_may_15_21,may,13.25,45.64583206176758,0.6654721997821803
7,2025_may_15_21,may,13.291666984558105,45.64583206176758,0.6009523008141654
7,2025_may_15_21,may,13.333333015441895,45.64583206176758,0.39359362771723705
7,2025_may_15_21,may,13.375,45.64583206176758,-0.27999190671890056
7,2025_may_15_21,may,13.416666984558105,45.64583206176758,-0.7359904634268484
7,2025_may_15_21,may,13.458333015441895,45.64583206176758,-0.40466915168433737
7,2025_may_15_21,may,13.5,45.64583206176758,0.14723005817271043
7,2025_may_15_21,may,13.541666984558105,45.64583206176758,0.30655731899444216
7,2025_may_15_21,may,13.583333015441895,45.64583206176758,0.5711735470668422
7,2025_may_15_21,may,13.625,45.64583206176758,0.4143441740191172
7,2025_may_15_21,may,13.666666984558105,45.64583206176758,-0.3063373075183491
7,2025_may_15_21,may,13.708333015441895,45.64583206176758,-0.5603170382270974
7,2025_may_15_21,may,13.166666984558105,45.6875,-0.5506336885967114
7,2025_may_15_21,may,13.208333015441895,45.6875,-0.5491604436636566
7,2025_may_15_21,may,13.25,45.6875,-0.28436023266330396
7,2025_may_15_21,may,13.291666984558105,45.6875,-0.040300216238712716
7,2025_may_15_21,may,13.458333015441895,45.6875,0.043456385066116036
7,2025_may_15_21,may,13.5,45.6875,0.14750821671852382
7,2025_may_15_21,may,13.541666984558105,45.6875,0.036560841472282765
7,2025_may_15_21,may,13.583333015441895,45.6875,-0.09327215108907493
7,2025_may_15_21,may,13.625,45.6875,-0.12349200770427221
7,2025_may_15_21,may,13.666666984558105,45.6875,-0.27537345743241726
7,2025_may_15_21,may,13.708333015441895,45.6875,-0.20263359510457088
7,2025_may_15_21,may,13.541666984558105,45.72916793823242,0.23383988530597366
7,2025_may_15_21,may,13.583333015441895,45.72916793823242,0.4463091098809538
7,2025_may_15_21,may,13.625,45.72916793823242,0.30073404089190303
7,2025_may_15_21,may,13.666666984558105,45.72916793823242,0.09645087621406648
7,2025_may_22_28,may,13.166666984558105,45.47916793823242,-0.21002291482217317
7,2025_may_22_28,may,13.208333015441895,45.47916793823242,-0.20056108136692108
7,2025_may_22_28,may,13.166666984558105,45.52083206176758,-0.058672060717592574
7,2025_may_22_28,may,13.208333015441895,45.52083206176758,-0.0930949249883506
7,2025_may_22_28,may,13.25,45.52083206176758,-0.07353518275036526
7,2025_may_22_28,may,13.166666984558105,45.5625,-0.5192246095766491
7,2025_may_22_28,may,13.208333015441895,45.5625,-0.509334675753738
7,2025_may_22_28,may,13.25,45.5625,-0.21904545259681713
7,2025_may_22_28,may,13.291666984558105,45.5625,-0.06400094270740384
7,2025_may_22_28,may,13.333333015441895,45.5625,-0.010709620368024197
7,2025_may_22_28,may,13.166666984558105,45.60416793823242,0.09222208931463416
7,2025_may_22_28,may,13.208333015441895,45.60416793823242,-0.040427274076296066
7,2025_may_22_28,may,13.25,45.60416793823242,-0.5118768378288845
7,2025_may_22_28,may,13.291666984558105,45.60416793823242,-0.6660428736032319
7,2025_may_22_28,may,13.333333015441895,45.60416793823242,-0.45959116072939715
7,2025_may_22_28,may,13.375,45.60416793823242,-0.19426551603256445
7,2025_may_22_28,may,13.416666984558105,45.60416793823242,0.07852837797558257
7,2025_may_22_28,may,13.458333015441895,45.60416793823242,0.15466203119056493
7,2025_may_22_28,may,13.5,45.60416793823242,0.44578795689432993
7,2025_may_22_28,may,13.708333015441895,45.60416793823242,-0.01851188229898431
7,2025_may_22_28,may,13.166666984558105,45.64583206176758,0.038315761670497765
7,2025_may_22_28,may,13.208333015441895,45.64583206176758,0.6514930350368611
7,2025_may_22_28,may,13.25,45.64583206176758,0.6474068786332712
7,2025_may_22_28,may,13.291666984558105,45.64583206176758,0.5449914191697325
7,2025_may_22_28,may,13.333333015441895,45.64583206176758,0.38109729313528645
7,2025_may_22_28,may,13.375,45.64583206176758,-0.3351979369663596
7,2025_may_22_28,may,13.416666984558105,45.64583206176758,-0.7739796787502139
7,2025_may_22_28,may,13.458333015441895,45.64583206176758,-0.3172325396532463
7,2025_may_22_28,may,13.5,45.64583206176758,0.2463567804770715
7,2025_may_22_28,may,13.541666984558105,45.64583206176758,0.3320376088563464
7,2025_may_22_28,may,13.583333015441895,45.64583206176758,0.5448379916812084
7,2025_may_22_28,may,13.625,45.64583206176758,0.4088050669416231
7,2025_may_22_28,may,13.666666984558105,45.64583206176758,-0.2178563449313278
7,2025_may_22_28,may,13.708333015441895,45.64583206176758,-0.5863958834776943
7,2025_may_22_28,may,13.166666984558105,45.6875,-0.5176039921069558
7,2025_may_22_28,may,13.208333015441895,45.6875,-0.6063140436789085
7,2025_may_22_28,may,13.25,45.6875,-0.31939422985458765
7,2025_may_22_28,may,13.291666984558105,45.6875,-0.07212743114796219
7,2025_may_22_28,may,13.458333015441895,45.6875,0.02719923905765076
7,2025_may_22_28,may,13.5,45.6875,0.11647581275830365
7,2025_may_22_28,may,13.541666984558105,45.6875,0.03893498448462974
7,2025_may_22_28,may,13.583333015441895,45.6875,-0.12659261227626084
7,2025_may_22_28,may,13.625,45.6875,-0.10893555632300604
7,2025_may_22_28,may,13.666666984558105,45.6875,-0.21266003379737297
7,2025_may_22_28,may,13.708333015441895,45.6875,-0.13847329995520322
7,2025_may_22_28,may,13.541666984558105,45.72916793823242,0.21514844719636633
7,2025_may_22_28,may,13.583333015441895,45.72916793823242,0.4050658453633031
7,2025_may_22_28,may,13.625,45.72916793823242,0.26204058033268435
7,2025_may_22_28,may,13.666666984558105,45.72916793823242,0.08729989747474724
7,2025_november_01_07,november,13.166666984558105,45.47916793823242,-0.19050334906412278
7,2025_november_01_07,november,13.208333015441895,45.47916793823242,-0.18916089534701425
7,2025_november_01_07,november,13.166666984558105,45.52083206176758,-0.052088109915513284
7,2025_november_01_07,november,13.208333015441895,45.52083206176758,-0.07050232655576126
7,2025_november_01_07,november,13.25,45.52083206176758,-0.04440180650567855
7,2025_november_01_07,november,13.166666984558105,45.5625,-0.579024617403045
7,2025_november_01_07,november,13.208333015441895,45.5625,-0.5307896700112463
7,2025_november_01_07,november,13.25,45.5625,-0.23344455540266734
7,2025_november_01_07,november,13.291666984558105,45.5625,-0.2411165364429531
7,2025_november_01_07,november,13.333333015441895,45.5625,-0.3301070587217753
7,2025_november_01_07,november,13.166666984558105,45.60416793823242,0.1641706227907161
7,2025_november_01_07,november,13.208333015441895,45.60416793823242,0.17413166576276579
7,2025_november_01_07,november,13.25,45.60416793823242,-0.34963038678679886
7,2025_november_01_07,november,13.291666984558105,45.60416793823242,-0.800349473609134
7,2025_november_01_07,november,13.333333015441895,45.60416793823242,-0.4408857201019255
7,2025_november_01_07,november,13.375,45.60416793823242,-0.14647965925091858
7,2025_november_01_07,november,13.416666984558105,45.60416793823242,0.03919646468955717
7,2025_november_01_07,november,13.458333015441895,45.60416793823242,0.12689672014666806
7,2025_november_01_07,november,13.5,45.60416793823242,0.38452839755597795
7,2025_november_01_07,november,13.708333015441895,45.60416793823242,-0.05333656072647257
7,2025_november_01_07,november,13.166666984558105,45.64583206176758,0.020784632169536094
7,2025_november_01_07,november,13.208333015441895,45.64583206176758,0.530714128758709
7,2025_november_01_07,november,13.25,45.64583206176758,0.5849894899331458
7,2025_november_01_07,november,13.291666984558105,45.64583206176758,0.5665692620011299
7,2025_november_01_07,november,13.333333015441895,45.64583206176758,0.39331742214926807
7,2025_november_01_07,november,13.375,45.64583206176758,-0.34450885733848124
7,2025_november_01_07,november,13.416666984558105,45.64583206176758,-0.8774109585065959
7,2025_november_01_07,november,13.458333015441895,45.64583206176758,-0.3258317676780659
7,2025_november_01_07,november,13.5,45.64583206176758,0.2887019865687888
7,2025_november_01_07,november,13.541666984558105,45.64583206176758,0.323645744365985
7,2025_november_01_07,november,13.583333015441895,45.64583206176758,0.4898330729318084
7,2025_november_01_07,november,13.625,45.64583206176758,0.3466561501995542
7,2025_november_01_07,november,13.666666984558105,45.64583206176758,-0.30012186834536003
7,2025_november_01_07,november,13.708333015441895,45.64583206176758,-0.5237939450562221
7,2025_november_01_07,november,13.166666984558105,45.6875,-0.7119995719755574
7,2025_november_01_07,november,13.208333015441895,45.6875,-0.7710792083241822
7,2025_november_01_07,november,13.25,45.6875,-0.3979329573600718
7,2025_november_01_07,november,13.291666984558105,45.6875,-0.15181131103586035
7,2025_november_01_07,november,13.458333015441895,45.6875,0.033383386219053665
7,2025_november_01_07,november,13.5,45.6875,0.03481195190942852
7,2025_november_01_07,november,13.541666984558105,45.6875,-0.036585416348640376
7,2025_november_01_07,november,13.583333015441895,45.6875,-0.22742160130596098
7,2025_november_01_07,november,13.625,45.6875,-0.24010260925957386
7,2025_november_01_07,november,13.666666984558105,45.6875,-0.03819918797329198
7,2025_november_01_07,november,13.708333015441895,45.6875,0.12237653209210278
7,2025_november_01_07,november,13.541666984558105,45.72916793823242,0.0957826873461706
7,2025_november_01_07,november,13.583333015441895,45.72916793823242,0.19925498561171082
7,2025_november_01_07,november,13.625,45.72916793823242,0.0851224384481505
7,2025_november_01_07,november,13.666666984558105,45.72916793823242,0.0059532844207081164
7,2025_november_08_14,november,13.166666984558105,45.47916793823242,-0.17755910530991503
7,2025_november_08_14,november,13.208333015441895,45.47916793823242,-0.17439655722572917
7,2025_november_08_14,november,13.166666984558105,45.52083206176758,-0.0018971283396271995
7,2025_november_08_14,november,13.208333015441895,45.52083206176758,-0.04394548630940436
7,2025_november_08_14,november,13.25,45.52083206176758,-0.07835094908212281
7,2025_november_08_14,november,13.166666984558105,45.5625,-0.4261357535630217
7,2025_november_08_14,november,13.208333015441895,45.5625,-0.4401195677877024
7,2025_november_08_14,november,13.25,45.5625,-0.24156299505276743
7,2025_november_08_14,november,13.291666984558105,45.5625,-0.27869745033649934
7,2025_november_08_14,november,13.333333015441895,45.5625,-0.33158740089444105
7,2025_november_08_14,november,13.166666984558105,45.60416793823242,0.14297003553299673
7,2025_november_08_14,november,13.208333015441895,45.60416793823242,0.11685798059103654
7,2025_november_08_14,november,13.25,45.60416793823242,-0.38336129705668676
7,2025_november_08_14,november,13.291666984558105,45.60416793823242,-0.7466979639781828
7,2025_november_08_14,november,13.333333015441895,45.60416793823242,-0.4330535480857039
7,2025_november_08_14,november,13.375,45.60416793823242,-0.1164127150979872
7,2025_november_08_14,november,13.416666984558105,45.60416793823242,0.12774908300466842
7,2025_november_08_14,november,13.458333015441895,45.60416793823242,0.1919600469000613
7,2025_november_08_14,november,13.5,45.60416793823242,0.43897823495254923
7,2025_november_08_14,november,13.708333015441895,45.60416793823242,-0.060089555319578485
7,2025_november_08_14,november,13.166666984558105,45.64583206176758,0.09070358337290084
7,2025_november_08_14,november,13.208333015441895,45.64583206176758,0.5438992078603067
7,2025_november_08_14,november,13.25,45.64583206176758,0.6464869191502798
7,2025_november_08_14,november,13.291666984558105,45.64583206176758,0.6177211197906541
7,2025_november_08_14,november,13.333333015441895,45.64583206176758,0.4413386874926925
7,2025_november_08_14,november,13.375,45.64583206176758,-0.15252290201820343
7,2025_november_08_14,november,13.416666984558105,45.64583206176758,-0.6220617028425053
7,2025_november_08_14,november,13.458333015441895,45.64583206176758,-0.2491221186941761
7,2025_november_08_14,november,13.5,45.64583206176758,0.28782111259446197
7,2025_november_08_14,november,13.541666984558105,45.64583206176758,0.33346456826354404
7,2025_november_08_14,november,13.583333015441895,45.64583206176758,0.4484073712440543
7,2025_november_08_14,november,13.625,45.64583206176758,0.31650449174768447
7,2025_november_08_14,november,13.666666984558105,45.64583206176758,-0.22823193954528298
7,2025_november_08_14,november,13.708333015441895,45.64583206176758,-0.4618314532518154
7,2025_november_08_14,november,13.166666984558105,45.6875,-0.7129455649511968
7,2025_november_08_14,november,13.208333015441895,45.6875,-0.7084352153732593
7,2025_november_08_14,november,13.25,45.6875,-0.3541235933285645
7,2025_november_08_14,november,13.291666984558105,45.6875,-0.09779265837946692
7,2025_november_08_14,november,13.458333015441895,45.6875,0.04974472579116845
7,2025_november_08_14,november,13.5,45.6875,0.07255142331164031
7,2025_november_08_14,november,13.541666984558105,45.6875,-0.0067675687643032065
7,2025_november_08_14,november,13.583333015441895,45.6875,-0.1301651631017615
7,2025_november_08_14,november,13.625,45.6875,-0.14241872983724863
7,2025_november_08_14,november,13.666666984558105,45.6875,-0.038491598226169293
7,2025_november_08_14,november,13.708333015441895,45.6875,0.11409674963317798
7,2025_november_08_14,november,13.541666984558105,45.72916793823242,0.13124496317237666
7,2025_november_08_14,november,13.583333015441895,45.72916793823242,0.2598737308537036
7,2025_november_08_14,november,13.625,45.72916793823242,0.14781198142474639
7,2025_november_08_14,november,13.666666984558105,45.72916793823242,0.05111821827060293
7,2025_november_15_21,november,13.166666984558105,45.47916793823242,-0.23623178647093063
7,2025_november_15_21,november,13.208333015441895,45.47916793823242,-0.24416837453383022
7,2025_november_15_21,november,13.166666984558105,45.52083206176758,-0.009728160416868229
7,2025_november_15_21,november,13.208333015441895,45.52083206176758,-0.07256637676541786
7,2025_november_15_21,november,13.25,45.52083206176758,-0.08918401002765643
7,2025_november_15_21,november,13.166666984558105,45.5625,-0.49688142522888357
7,2025_november_15_21,november,13.208333015441895,45.5625,-0.544177750157225
7,2025_november_15_21,november,13.25,45.5625,-0.3345110812467293
7,2025_november_15_21,november,13.291666984558105,45.5625,-0.34991952595931364
7,2025_november_15_21,november,13.333333015441895,45.5625,-0.4179918478490444
7,2025_november_15_21,november,13.166666984558105,45.60416793823242,0.18692822537013568
7,2025_november_15_21,november,13.208333015441895,45.60416793823242,0.20350596864712983
7,2025_november_15_21,november,13.25,45.60416793823242,-0.34810251122823194
7,2025_november_15_21,november,13.291666984558105,45.60416793823242,-0.7818742113438164
7,2025_november_15_21,november,13.333333015441895,45.60416793823242,-0.4572787765948638
7,2025_november_15_21,november,13.375,45.60416793823242,-0.10558336695849461
7,2025_november_15_21,november,13.416666984558105,45.60416793823242,0.11681670444902736
7,2025_november_15_21,november,13.458333015441895,45.60416793823242,0.1936626211758457
7,2025_november_15_21,november,13.5,45.60416793823242,0.45831221110821746
7,2025_november_15_21,november,13.708333015441895,45.60416793823242,-0.07143138781473397
7,2025_november_15_21,november,13.166666984558105,45.64583206176758,0.06561750858631053
7,2025_november_15_21,november,13.208333015441895,45.64583206176758,0.5674304070381666
7,2025_november_15_21,november,13.25,45.64583206176758,0.6580754313154137
7,2025_november_15_21,november,13.291666984558105,45.64583206176758,0.6008576944817287
7,2025_november_15_21,november,13.333333015441895,45.64583206176758,0.41077138168489885
7,2025_november_15_21,november,13.375,45.64583206176758,-0.21012720115887332
7,2025_november_15_21,november,13.416666984558105,45.64583206176758,-0.68567017489719
7,2025_november_15_21,november,13.458333015441895,45.64583206176758,-0.35007840125370704
7,2025_november_15_21,november,13.5,45.64583206176758,0.24695666644309527
7,2025_november_15_21,november,13.541666984558105,45.64583206176758,0.32183075176401116
7,2025_november_15_21,november,13.583333015441895,45.64583206176758,0.46452982079218746
7,2025_november_15_21,november,13.625,45.64583206176758,0.32808687479396376
7,2025_november_15_21,november,13.666666984558105,45.64583206176758,-0.2155809265072806
7,2025_november_15_21,november,13.708333015441895,45.64583206176758,-0.4210865569449968
7,2025_november_15_21,november,13.166666984558105,45.6875,-0.6126059404712816
7,2025_november_15_21,november,13.208333015441895,45.6875,-0.7066720999605248
7,2025_november_15_21,november,13.25,45.6875,-0.40344679132629135
7,2025_november_15_21,november,13.291666984558105,45.6875,-0.08917919960963203
7,2025_november_15_21,november,13.458333015441895,45.6875,0.004430733140879162
7,2025_november_15_21,november,13.5,45.6875,0.05172098644399993
7,2025_november_15_21,november,13.541666984558105,45.6875,-0.005544954004615542
7,2025_november_15_21,november,13.583333015441895,45.6875,-0.17818586886447732
7,2025_november_15_21,november,13.625,45.6875,-0.17734613303294092
7,2025_november_15_21,november,13.666666984558105,45.6875,-0.08298835989178494
7,2025_november_15_21,november,13.708333015441895,45.6875,0.06981549013397129
7,2025_november_15_21,november,13.541666984558105,45.72916793823242,0.1256003828304703
7,2025_november_15_21,november,13.583333015441895,45.72916793823242,0.23681467936292813
7,2025_november_15_21,november,13.625,45.72916793823242,0.16103052049219976
7,2025_november_15_21,november,13.666666984558105,45.72916793823242,0.07586667224865515
7,2025_november_22_28,november,13.166666984558105,45.47916793823242,-0.22000011593973137
7,2025_november_22_28,november,13.208333015441895,45.47916793823242,-0.2308347352748776
7,2025_november_22_28,november,13.166666984558105,45.52083206176758,-0.02423766040021865
7,2025_november_22_28,november,13.208333015441895,45.52083206176758,-0.04042827756365597
7,2025_november_22_28,november,13.25,45.52083206176758,-0.04364001068418267
7,2025_november_22_28,november,13.166666984558105,45.5625,-0.5070864391656071
7,2025_november_22_28,november,13.208333015441895,45.5625,-0.5837663532140632
7,2025_november_22_28,november,13.25,45.5625,-0.3897510759785168
7,2025_november_22_28,november,13.291666984558105,45.5625,-0.3502242194144758
7,2025_november_22_28,november,13.333333015441895,45.5625,-0.36650528395128845
7,2025_november_22_28,november,13.166666984558105,45.60416793823242,0.16541177989608613
7,2025_november_22_28,november,13.208333015441895,45.60416793823242,0.16459108128932604
7,2025_november_22_28,november,13.25,45.60416793823242,-0.3920558469923177
7,2025_november_22_28,november,13.291666984558105,45.60416793823242,-0.7268785609507615
7,2025_november_22_28,november,13.333333015441895,45.60416793823242,-0.3989118284803178
7,2025_november_22_28,november,13.375,45.60416793823242,-0.07598639195233138
7,2025_november_22_28,november,13.416666984558105,45.60416793823242,0.11736251054747862
7,2025_november_22_28,november,13.458333015441895,45.60416793823242,0.11408389284114664
7,2025_november_22_28,november,13.5,45.60416793823242,0.40933297604748586
7,2025_november_22_28,november,13.708333015441895,45.60416793823242,-0.03763053671383686
7,2025_november_22_28,november,13.166666984558105,45.64583206176758,0.1253194729395422
7,2025_november_22_28,november,13.208333015441895,45.64583206176758,0.6108112738341588
7,2025_november_22_28,november,13.25,45.64583206176758,0.6833635757057498
7,2025_november_22_28,november,13.291666984558105,45.64583206176758,0.5446669078290388
7,2025_november_22_28,november,13.333333015441895,45.64583206176758,0.26060132170076916
7,2025_november_22_28,november,13.375,45.64583206176758,-0.37049022495082257
7,2025_november_22_28,november,13.416666984558105,45.64583206176758,-0.6372033997985326
7,2025_november_22_28,november,13.458333015441895,45.64583206176758,-0.30392422004740943
7,2025_november_22_28,november,13.5,45.64583206176758,0.2741455931539679
7,2025_november_22_28,november,13.541666984558105,45.64583206176758,0.32353041204869076
7,2025_november_22_28,november,13.583333015441895,45.64583206176758,0.463737404568099
7,2025_november_22_28,november,13.625,45.64583206176758,0.278668411552736
7,2025_november_22_28,november,13.666666984558105,45.64583206176758,-0.28397660439877553
7,2025_november_22_28,november,13.708333015441895,45.64583206176758,-0.4011094554370761
7,2025_november_22_28,november,13.166666984558105,45.6875,-0.5421908414080004
7,2025_november_22_28,november,13.208333015441895,45.6875,-0.6416654704339023
7,2025_november_22_28,november,13.25,45.6875,-0.4005008553177805
7,2025_november_22_28,november,13.291666984558105,45.6875,-0.11703247689114263
7,2025_november_22_28,november,13.458333015441895,45.6875,-0.025251608815336796
7,2025_november_22_28,november,13.5,45.6875,-0.015007931897075019
7,2025_november_22_28,november,13.541666984558105,45.6875,-0.04041376344892488
7,2025_november_22_28,november,13.583333015441895,45.6875,-0.1842943535650023
7,2025_november_22_28,november,13.625,45.6875,-0.17145423349058264
7,2025_november_22_28,november,13.666666984558105,45.6875,-0.012827487006569391
7,2025_november_22_28,november,13.708333015441895,45.6875,0.13725679404264524
7,2025_november_22_28,november,13.541666984558105,45.72916793823242,0.19989450199956288
7,2025_november_22_28,november,13.583333015441895,45.72916793823242,0.3186760573107001
7,2025_november_22_28,november,13.625,45.72916793823242,0.1522975833890034
7,2025_november_22_28,november,13.666666984558105,45.72916793823242,0.03731841788015178
8,2025_may_01_07,may,13.166666984558105,45.47916793823242,-0.2037304935254683
8,2025_may_01_07,may,13.208333015441895,45.47916793823242,-0.197719147492695
8,2025_may_01_07,may,13.166666984558105,45.52083206176758,-0.021508644038683113
8,2025_may_01_07,may,13.208333015441895,45.52083206176758,-0.05189559245125767
8,2025_may_01_07,may,13.25,45.52083206176758,-0.07336897646587315
8,2025_may_01_07,may,13.166666984558105,45.5625,-0.30762340282119793
8,2025_may_01_07,may,13.208333015441895,45.5625,-0.3468089337452004
8,2025_may_01_07,may,13.25,45.5625,-0.14204820869030668
8,2025_may_01_07,may,13.291666984558105,45.5625,-0.032879714004768086
8,2025_may_01_07,may,13.333333015441895,45.5625,-0.00953224302207223
8,2025_may_01_07,may,13.166666984558105,45.60416793823242,-0.030451514774540053
8,2025_may_01_07,may,13.208333015441895,45.60416793823242,-0.04861247565106574
8,2025_may_01_07,may,13.25,45.60416793823242,-0.49610435980508877
8,2025_may_01_07,may,13.291666984558105,45.60416793823242,-0.6026464986830288
8,2025_may_01_07,may,13.333333015441895,45.60416793823242,-0.4115946162632724
8,2025_may_01_07,may,13.375,45.60416793823242,-0.20495524755362113
8,2025_may_01_07,may,13.416666984558105,45.60416793823242,0.08698144677675515
8,2025_may_01_07,may,13.458333015441895,45.60416793823242,0.106107069998633
8,2025_may_01_07,may,13.5,45.60416793823242,0.41263870557454485
8,2025_may_01_07,may,13.708333015441895,45.60416793823242,-0.007583386339110405
8,2025_may_01_07,may,13.166666984558105,45.64583206176758,0.004084436909268794
8,2025_may_01_07,may,13.208333015441895,45.64583206176758,0.5632759854994118
8,2025_may_01_07,may,13.25,45.64583206176758,0.6305954151534057
8,2025_may_01_07,may,13.291666984558105,45.64583206176758,0.5594413688564435
8,2025_may_01_07,may,13.333333015441895,45.64583206176758,0.33117136267073083
8,2025_may_01_07,may,13.375,45.64583206176758,-0.3489509620902661
8,2025_may_01_07,may,13.416666984558105,45.64583206176758,-0.7127875449899844
8,2025_may_01_07,may,13.458333015441895,45.64583206176758,-0.2347930421661846
8,2025_may_01_07,may,13.5,45.64583206176758,0.29068782671433535
8,2025_may_01_07,may,13.541666984558105,45.64583206176758,0.38239191792551
8,2025_may_01_07,may,13.583333015441895,45.64583206176758,0.5924964059948852
8,2025_may_01_07,may,13.625,45.64583206176758,0.4770752065975535
8,2025_may_01_07,may,13.666666984558105,45.64583206176758,-0.13830107147328932
8,2025_may_01_07,may,13.708333015441895,45.64583206176758,-0.4170012208113948
8,2025_may_01_07,may,13.166666984558105,45.6875,-0.49997645754420067
8,2025_may_01_07,may,13.208333015441895,45.6875,-0.4616511895611231
8,2025_may_01_07,may,13.25,45.6875,-0.23667894618301322
8,2025_may_01_07,may,13.291666984558105,45.6875,-0.03474089402398224
8,2025_may_01_07,may,13.458333015441895,45.6875,0.016601803690065677
8,2025_may_01_07,may,13.5,45.6875,0.14365242722457738
8,2025_may_01_07,may,13.541666984558105,45.6875,0.07425990069482946
8,2025_may_01_07,may,13.583333015441895,45.6875,-0.11574592837543274
8,2025_may_01_07,may,13.625,45.6875,-0.1482924720785764
8,2025_may_01_07,may,13.666666984558105,45.6875,-0.23236403773239048
8,2025_may_01_07,may,13.708333015441895,45.6875,-0.20060603079253211
8,2025_may_01_07,may,13.541666984558105,45.72916793823242,0.11275530909627424
8,2025_may_01_07,may,13.583333015441895,45.72916793823242,0.2891058392998822
8,2025_may_01_07,may,13.625,45.72916793823242,0.17953813473708816
8,2025_may_01_07,may,13.666666984558105,45.72916793823242,0.06120987257019451
8,2025_may_08_14,may,13.166666984558105,45.47916793823242,-0.19596292079775243
8,2025_may_08_14,may,13.208333015441895,45.47916793823242,-0.19392028193543084
8,2025_may_08_14,may,13.166666984558105,45.52083206176758,-0.022250190487987632
8,2025_may_08_14,may,13.208333015441895,45.52083206176758,-0.05494771609551973
8,2025_may_08_14,may,13.25,45.52083206176758,-0.04924387366083903
8,2025_may_08_14,may,13.166666984558105,45.5625,-0.4632445253383625
8,2025_may_08_14,may,13.208333015441895,45.5625,-0.46692076292595025
8,2025_may_08_14,may,13.25,45.5625,-0.19313292645355853
8,2025_may_08_14,may,13.291666984558105,45.5625,-0.052090857550244236
8,2025_may_08_14,may,13.333333015441895,45.5625,-0.00835107807212783
8,2025_may_08_14,may,13.166666984558105,45.60416793823242,-0.06674069391619065
8,2025_may_08_14,may,13.208333015441895,45.60416793823242,-0.097434013144373
8,2025_may_08_14,may,13.25,45.60416793823242,-0.43424505065096647
8,2025_may_08_14,may,13.291666984558105,45.60416793823242,-0.5931434451588643
8,2025_may_08_14,may,13.333333015441895,45.60416793823242,-0.44172473002733315
8,2025_may_08_14,may,13.375,45.60416793823242,-0.21834502255897195
8,2025_may_08_14,may,13.416666984558105,45.60416793823242,0.03809906529215391
8,2025_may_08_14,may,13.458333015441895,45.60416793823242,0.0007609478698524507
8,2025_may_08_14,may,13.5,45.60416793823242,0.3646934077495022
8,2025_may_08_14,may,13.708333015441895,45.60416793823242,-0.006943795323911732
8,2025_may_08_14,may,13.166666984558105,45.64583206176758,0.06802414654836494
8,2025_may_08_14,may,13.208333015441895,45.64583206176758,0.563187792300598
8,2025_may_08_14,may,13.25,45.64583206176758,0.6525285743827739
8,2025_may_08_14,may,13.291666984558105,45.64583206176758,0.5609702851292048
8,2025_may_08_14,may,13.333333015441895,45.64583206176758,0.3252174500335456
8,2025_may_08_14,may,13.375,45.64583206176758,-0.3765755109190165
8,2025_may_08_14,may,13.416666984558105,45.64583206176758,-0.553422455396194
8,2025_may_08_14,may,13.458333015441895,45.64583206176758,-0.2807659563226196
8,2025_may_08_14,may,13.5,45.64583206176758,0.2155603340776294
8,2025_may_08_14,may,13.541666984558105,45.64583206176758,0.3356862964495789
8,2025_may_08_14,may,13.583333015441895,45.64583206176758,0.5713620103830694
8,2025_may_08_14,may,13.625,45.64583206176758,0.44503647483613606
8,2025_may_08_14,may,13.666666984558105,45.64583206176758,-0.22136601573501288
8,2025_may_08_14,may,13.708333015441895,45.64583206176758,-0.4939386745471429
8,2025_may_08_14,may,13.166666984558105,45.6875,-0.4950758397280249
8,2025_may_08_14,may,13.208333015441895,45.6875,-0.4707520084915658
8,2025_may_08_14,may,13.25,45.6875,-0.2336084174657637
8,2025_may_08_14,may,13.291666984558105,45.6875,-0.06943207872813127
8,2025_may_08_14,may,13.458333015441895,45.6875,0.03209842169380278
8,2025_may_08_14,may,13.5,45.6875,0.07557031851024361
8,2025_may_08_14,may,13.541666984558105,45.6875,0.005682155364887633
8,2025_may_08_14,may,13.583333015441895,45.6875,-0.09170383478643325
8,2025_may_08_14,may,13.625,45.6875,-0.13653263568165383
8,2025_may_08_14,may,13.666666984558105,45.6875,-0.2202711126329153
8,2025_may_08_14,may,13.708333015441895,45.6875,-0.16803793922155957
8,2025_may_08_14,may,13.541666984558105,45.72916793823242,0.1795938077872909
8,2025_may_08_14,may,13.583333015441895,45.72916793823242,0.34537984610838846
8,2025_may_08_14,may,13.625,45.72916793823242,0.21918264301734508
8,2025_may_08_14,may,13.666666984558105,45.72916793823242,0.06258304841162744
8,2025_may_15_21,may,13.166666984558105,45.47916793823242,-0.2263832529046891
8,2025_may_15_21,may,13.208333015441895,45.47916793823242,-0.2019345436560424
8,2025_may_15_21,may,13.166666984558105,45.52083206176758,-0.02061861544057463
8,2025_may_15_21,may,13.208333015441895,45.52083206176758,-0.06824361844200255
8,2025_may_15_21,may,13.25,45.52083206176758,-0.10032731393643707
8,2025_may_15_21,may,13.166666984558105,45.5625,-0.47650958333313204
8,2025_may_15_21,may,13.208333015441895,45.5625,-0.4799944430966176
8,2025_may_15_21,may,13.25,45.5625,-0.21806938791765118
8,2025_may_15_21,may,13.291666984558105,45.5625,-0.05623878655469628
8,2025_may_15_21,may,13.333333015441895,45.5625,-0.007924193021650367
8,2025_may_15_21,may,13.166666984558105,45.60416793823242,0.028415137712798036
8,2025_may_15_21,may,13.208333015441895,45.60416793823242,-0.13145014051009857
8,2025_may_15_21,may,13.25,45.60416793823242,-0.5378233648198067
8,2025_may_15_21,may,13.291666984558105,45.60416793823242,-0.602857209594209
8,2025_may_15_21,may,13.333333015441895,45.60416793823242,-0.409707262668265
8,2025_may_15_21,may,13.375,45.60416793823242,-0.1561802222172037
8,2025_may_15_21,may,13.416666984558105,45.60416793823242,0.08680871332619025
8,2025_may_15_21,may,13.458333015441895,45.60416793823242,0.11475353039615917
8,2025_may_15_21,may,13.5,45.60416793823242,0.462639802034837
8,2025_may_15_21,may,13.708333015441895,45.60416793823242,-0.010824313172216634
8,2025_may_15_21,may,13.166666984558105,45.64583206176758,0.05389400577917035
8,2025_may_15_21,may,13.208333015441895,45.64583206176758,0.654509603388678
8,2025_may_15_21,may,13.25,45.64583206176758,0.6893108017259385
8,2025_may_15_21,may,13.291666984558105,45.64583206176758,0.5945813330079613
8,2025_may_15_21,may,13.333333015441895,45.64583206176758,0.3853432051563352
8,2025_may_15_21,may,13.375,45.64583206176758,-0.35499517017655585
8,2025_may_15_21,may,13.416666984558105,45.64583206176758,-0.7167745082502252
8,2025_may_15_21,may,13.458333015441895,45.64583206176758,-0.33779247705122495
8,2025_may_15_21,may,13.5,45.64583206176758,0.22028674800509856
8,2025_may_15_21,may,13.541666984558105,45.64583206176758,0.3446160149322859
8,2025_may_15_21,may,13.583333015441895,45.64583206176758,0.5075249792316718
8,2025_may_15_21,may,13.625,45.64583206176758,0.36698716811194665
8,2025_may_15_21,may,13.666666984558105,45.64583206176758,-0.22404656058151928
8,2025_may_15_21,may,13.708333015441895,45.64583206176758,-0.5259005211942027
8,2025_may_15_21,may,13.166666984558105,45.6875,-0.46941967201463114
8,2025_may_15_21,may,13.208333015441895,45.6875,-0.49157280326886554
8,2025_may_15_21,may,13.25,45.6875,-0.23077219336516744
8,2025_may_15_21,may,13.291666984558105,45.6875,-0.04004279069636983
8,2025_may_15_21,may,13.458333015441895,45.6875,-0.0014427821237772592
8,2025_may_15_21,may,13.5,45.6875,0.09535439532935229
8,2025_may_15_21,may,13.541666984558105,45.6875,0.05034833104646831
8,2025_may_15_21,may,13.583333015441895,45.6875,-0.10977788245371266
8,2025_may_15_21,may,13.625,45.6875,-0.1429836377950316
8,2025_may_15_21,may,13.666666984558105,45.6875,-0.26495570252974115
8,2025_may_15_21,may,13.708333015441895,45.6875,-0.17519827640388702
8,2025_may_15_21,may,13.541666984558105,45.72916793823242,0.21253907771709027
8,2025_may_15_21,may,13.583333015441895,45.72916793823242,0.41727281109510295
8,2025_may_15_21,may,13.625,45.72916793823242,0.2998256805263582
8,2025_may_15_21,may,13.666666984558105,45.72916793823242,0.08619032234903665
8,2025_may_22_28,may,13.166666984558105,45.47916793823242,-0.21229349243069823
8,2025_may_22_28,may,13.208333015441895,45.47916793823242,-0.20171812884275456
8,2025_may_22_28,may,13.166666984558105,45.52083206176758,-0.03437771558394499
8,2025_may_22_28,may,13.208333015441895,45.52083206176758,-0.06985059645306581
8,2025_may_22_28,may,13.25,45.52083206176758,-0.07488895216430966
8,2025_may_22_28,may,13.166666984558105,45.5625,-0.4439515380718693
8,2025_may_22_28,may,13.208333015441895,45.5625,-0.4710057165179762
8,2025_may_22_28,may,13.25,45.5625,-0.19844466850782938
8,2025_may_22_28,may,13.291666984558105,45.5625,-0.043650714378566706
8,2025_may_22_28,may,13.333333015441895,45.5625,-0.010615282656503812
8,2025_may_22_28,may,13.166666984558105,45.60416793823242,0.11365858115130247
8,2025_may_22_28,may,13.208333015441895,45.60416793823242,0.011633765942778299
8,2025_may_22_28,may,13.25,45.60416793823242,-0.39773207222952045
8,2025_may_22_28,may,13.291666984558105,45.60416793823242,-0.6461214110187437
8,2025_may_22_28,may,13.333333015441895,45.60416793823242,-0.4290007813723636
8,2025_may_22_28,may,13.375,45.60416793823242,-0.18183436301369077
8,2025_may_22_28,may,13.416666984558105,45.60416793823242,0.06078141084531619
8,2025_may_22_28,may,13.458333015441895,45.60416793823242,0.03909883121430423
8,2025_may_22_28,may,13.5,45.60416793823242,0.39724165631281044
8,2025_may_22_28,may,13.708333015441895,45.60416793823242,-0.016667753398848427
8,2025_may_22_28,may,13.166666984558105,45.64583206176758,0.0379570425193166
8,2025_may_22_28,may,13.208333015441895,45.64583206176758,0.6501396733152304
8,2025_may_22_28,may,13.25,45.64583206176758,0.6743566514049347
8,2025_may_22_28,may,13.291666984558105,45.64583206176758,0.536970600639563
8,2025_may_22_28,may,13.333333015441895,45.64583206176758,0.32630990583070163
8,2025_may_22_28,may,13.375,45.64583206176758,-0.38566788469115815
8,2025_may_22_28,may,13.416666984558105,45.64583206176758,-0.7015767906948227
8,2025_may_22_28,may,13.458333015441895,45.64583206176758,-0.2162173261084613
8,2025_may_22_28,may,13.5,45.64583206176758,0.28931241235591243
8,2025_may_22_28,may,13.541666984558105,45.64583206176758,0.32462690390530236
8,2025_may_22_28,may,13.583333015441895,45.64583206176758,0.5511720990692525
8,2025_may_22_28,may,13.625,45.64583206176758,0.41358985547170857
8,2025_may_22_28,may,13.666666984558105,45.64583206176758,-0.20755991908631397
8,2025_may_22_28,may,13.708333015441895,45.64583206176758,-0.5151506683061237
8,2025_may_22_28,may,13.166666984558105,45.6875,-0.46672058815726225
8,2025_may_22_28,may,13.208333015441895,45.6875,-0.5288284130548628
8,2025_may_22_28,may,13.25,45.6875,-0.25006385351011046
8,2025_may_22_28,may,13.291666984558105,45.6875,-0.040145349995194875
8,2025_may_22_28,may,13.458333015441895,45.6875,-0.010048291188251074
8,2025_may_22_28,may,13.5,45.6875,0.09985285167677746
8,2025_may_22_28,may,13.541666984558105,45.6875,0.08139110819252801
8,2025_may_22_28,may,13.583333015441895,45.6875,-0.08962318567956597
8,2025_may_22_28,may,13.625,45.6875,-0.16211575669130962
8,2025_may_22_28,may,13.666666984558105,45.6875,-0.30632629949955176
8,2025_may_22_28,may,13.708333015441895,45.6875,-0.17260371554537815
8,2025_may_22_28,may,13.541666984558105,45.72916793823242,0.1961170686792433
8,2025_may_22_28,may,13.583333015441895,45.72916793823242,0.36234822803966005
8,2025_may_22_28,may,13.625,45.72916793823242,0.2665560745362088
8,2025_may_22_28,may,13.666666984558105,45.72916793823242,0.08798377636994312
8,2025_november_01_07,november,13.166666984558105,45.47916793823242,-0.20438763599418866
8,2025_november_01_07,november,13.208333015441895,45.47916793823242,-0.18838008913948
8,2025_november_01_07,november,13.166666984558105,45.52083206176758,-0.006166458715076559
8,2025_november_01_07,november,13.208333015441895,45.52083206176758,-0.01890608649023468
8,2025_november_01_07,november,13.25,45.52083206176758,-0.03871423779881005
8,2025_november_01_07,november,13.166666984558105,45.5625,-0.46052731227712873
8,2025_november_01_07,november,13.208333015441895,45.5625,-0.4113641809194059
8,2025_november_01_07,november,13.25,45.5625,-0.17036643657498202
8,2025_november_01_07,november,13.291666984558105,45.5625,-0.20704292304354527
8,2025_november_01_07,november,13.333333015441895,45.5625,-0.3027665278242388
8,2025_november_01_07,november,13.166666984558105,45.60416793823242,0.1101306568759884
8,2025_november_01_07,november,13.208333015441895,45.60416793823242,0.08604921106184982
8,2025_november_01_07,november,13.25,45.60416793823242,-0.45039271388813773
8,2025_november_01_07,november,13.291666984558105,45.60416793823242,-0.7757108140026557
8,2025_november_01_07,november,13.333333015441895,45.60416793823242,-0.4902168624198205
8,2025_november_01_07,november,13.375,45.60416793823242,-0.16214555018930538
8,2025_november_01_07,november,13.416666984558105,45.60416793823242,0.043516214590988304
8,2025_november_01_07,november,13.458333015441895,45.60416793823242,0.12468445095098676
8,2025_november_01_07,november,13.5,45.60416793823242,0.36931946718165387
8,2025_november_01_07,november,13.708333015441895,45.60416793823242,-0.05709116892509815
8,2025_november_01_07,november,13.166666984558105,45.64583206176758,0.047888104121992486
8,2025_november_01_07,november,13.208333015441895,45.64583206176758,0.5900352686260213
8,2025_november_01_07,november,13.25,45.64583206176758,0.652222000860293
8,2025_november_01_07,november,13.291666984558105,45.64583206176758,0.6184517987946309
8,2025_november_01_07,november,13.333333015441895,45.64583206176758,0.440969599166381
8,2025_november_01_07,november,13.375,45.64583206176758,-0.23094792763340075
8,2025_november_01_07,november,13.416666984558105,45.64583206176758,-0.7342925537546481
8,2025_november_01_07,november,13.458333015441895,45.64583206176758,-0.27857473783876335
8,2025_november_01_07,november,13.5,45.64583206176758,0.3027606448831391
8,2025_november_01_07,november,13.541666984558105,45.64583206176758,0.31773255169630893
8,2025_november_01_07,november,13.583333015441895,45.64583206176758,0.4275170247423708
8,2025_november_01_07,november,13.625,45.64583206176758,0.2963947878393691
8,2025_november_01_07,november,13.666666984558105,45.64583206176758,-0.27104501035517586
8,2025_november_01_07,november,13.708333015441895,45.64583206176758,-0.49961625858429043
8,2025_november_01_07,november,13.166666984558105,45.6875,-0.6504607066987536
8,2025_november_01_07,november,13.208333015441895,45.6875,-0.754986005525393
8,2025_november_01_07,november,13.25,45.6875,-0.3694061671821222
8,2025_november_01_07,november,13.291666984558105,45.6875,-0.12661288387658812
8,2025_november_01_07,november,13.458333015441895,45.6875,-0.03212825074158682
8,2025_november_01_07,november,13.5,45.6875,-0.016791671273658337
8,2025_november_01_07,november,13.541666984558105,45.6875,-0.06882806496530972
8,2025_november_01_07,november,13.583333015441895,45.6875,-0.20580348653652325
8,2025_november_01_07,november,13.625,45.6875,-0.21113256248919354
8,2025_november_01_07,november,13.666666984558105,45.6875,-0.05540302575854171
8,2025_november_01_07,november,13.708333015441895,45.6875,0.08733985440530312
8,2025_november_01_07,november,13.541666984558105,45.72916793823242,0.11002245906277118
8,2025_november_01_07,november,13.583333015441895,45.72916793823242,0.22876291572296517
8,2025_november_01_07,november,13.625,45.72916793823242,0.1414120842672659
8,2025_november_01_07,november,13.666666984558105,45.72916793823242,0.04173130213793964
8,2025_november_08_14,november,13.166666984558105,45.47916793823242,-0.15921067191056293
8,2025_november_08_14,november,13.208333015441895,45.47916793823242,-0.16097342365962963
8,2025_november_08_14,november,13.166666984558105,45.52083206176758,0.015221214285059929
8,2025_november_08_14,november,13.208333015441895,45.52083206176758,-0.016898463555962726
8,2025_november_08_14,november,13.25,45.52083206176758,-0.07421386024703641
8,2025_november_08_14,november,13.166666984558105,45.5625,-0.4307498119261327
8,2025_november_08_14,november,13.208333015441895,45.5625,-0.48286555727584185
8,2025_november_08_14,november,13.25,45.5625,-0.2963584277819537
8,2025_november_08_14,november,13.291666984558105,45.5625,-0.27647885943918826
8,2025_november_08_14,november,13.333333015441895,45.5625,-0.3226313550514712
8,2025_november_08_14,november,13.166666984558105,45.60416793823242,0.10727474792525225
8,2025_november_08_14,november,13.208333015441895,45.60416793823242,0.11372686951028513
8,2025_november_08_14,november,13.25,45.60416793823242,-0.4161230783645662
8,2025_november_08_14,november,13.291666984558105,45.60416793823242,-0.8590031100181601
8,2025_november_08_14,november,13.333333015441895,45.60416793823242,-0.45044931932292637
8,2025_november_08_14,november,13.375,45.60416793823242,-0.12234086467317637
8,2025_november_08_14,november,13.416666984558105,45.60416793823242,0.0536682343604044
8,2025_november_08_14,november,13.458333015441895,45.60416793823242,0.12239555263381742
8,2025_november_08_14,november,13.5,45.60416793823242,0.4335429591619787
8,2025_november_08_14,november,13.708333015441895,45.60416793823242,-0.06387270482445502
8,2025_november_08_14,november,13.166666984558105,45.64583206176758,0.06528285778251221
8,2025_november_08_14,november,13.208333015441895,45.64583206176758,0.5465838813085774
8,2025_november_08_14,november,13.25,45.64583206176758,0.6185158463271225
8,2025_november_08_14,november,13.291666984558105,45.64583206176758,0.5691983018294486
8,2025_november_08_14,november,13.333333015441895,45.64583206176758,0.42087528843325367
8,2025_november_08_14,november,13.375,45.64583206176758,-0.20174019289382256
8,2025_november_08_14,november,13.416666984558105,45.64583206176758,-0.7799998686169612
8,2025_november_08_14,november,13.458333015441895,45.64583206176758,-0.2995997956227563
8,2025_november_08_14,november,13.5,45.64583206176758,0.26745995505579323
8,2025_november_08_14,november,13.541666984558105,45.64583206176758,0.2849804401693626
8,2025_november_08_14,november,13.583333015441895,45.64583206176758,0.3976762839946518
8,2025_november_08_14,november,13.625,45.64583206176758,0.28652566606044383
8,2025_november_08_14,november,13.666666984558105,45.64583206176758,-0.2533633207412748
8,2025_november_08_14,november,13.708333015441895,45.64583206176758,-0.5489232992969073
8,2025_november_08_14,november,13.166666984558105,45.6875,-0.6726455163452644
8,2025_november_08_14,november,13.208333015441895,45.6875,-0.766523750480661
8,2025_november_08_14,november,13.25,45.6875,-0.37863333849343356
8,2025_november_08_14,november,13.291666984558105,45.6875,-0.1449035351108457
8,2025_november_08_14,november,13.458333015441895,45.6875,0.010728130053817926
8,2025_november_08_14,november,13.5,45.6875,0.0724319848389069
8,2025_november_08_14,november,13.541666984558105,45.6875,0.01247924433642279
8,2025_november_08_14,november,13.583333015441895,45.6875,-0.19838114487909664
8,2025_november_08_14,november,13.625,45.6875,-0.20365169060386304
8,2025_november_08_14,november,13.666666984558105,45.6875,-0.05010212049423528
8,2025_november_08_14,november,13.708333015441895,45.6875,0.0755011971291664
8,2025_november_08_14,november,13.541666984558105,45.72916793823242,0.14071373217741215
8,2025_november_08_14,november,13.583333015441895,45.72916793823242,0.2605552663987068
8,2025_november_08_14,november,13.625,45.72916793823242,0.15802955943956823
8,2025_november_08_14,november,13.666666984558105,45.72916793823242,0.05572211735785249
8,2025_november_15_21,november,13.166666984558105,45.47916793823242,-0.1877196390614966
8,2025_november_15_21,november,13.208333015441895,45.47916793823242,-0.21140857242625324
8,2025_november_15_21,november,13.166666984558105,45.52083206176758,-0.009476569308795648
8,2025_november_15_21,november,13.208333015441895,45.52083206176758,-0.030706697190654216
8,2025_november_15_21,november,13.25,45.52083206176758,-0.04905779675786047
8,2025_november_15_21,november,13.166666984558105,45.5625,-0.5388949276497838
8,2025_november_15_21,november,13.208333015441895,45.5625,-0.6204043718242608
8,2025_november_15_21,november,13.25,45.5625,-0.36849616503929417
8,2025_november_15_21,november,13.291666984558105,45.5625,-0.352541208254233
8,2025_november_15_21,november,13.333333015441895,45.5625,-0.39537198334910734
8,2025_november_15_21,november,13.166666984558105,45.60416793823242,0.1642520985029121
8,2025_november_15_21,november,13.208333015441895,45.60416793823242,0.13714337320309267
8,2025_november_15_21,november,13.25,45.60416793823242,-0.4084852547077388
8,2025_november_15_21,november,13.291666984558105,45.60416793823242,-0.7511139145776005
8,2025_november_15_21,november,13.333333015441895,45.60416793823242,-0.4074650879291649
8,2025_november_15_21,november,13.375,45.60416793823242,-0.11070162768225307
8,2025_november_15_21,november,13.416666984558105,45.60416793823242,0.11799900020307465
8,2025_november_15_21,november,13.458333015441895,45.60416793823242,0.16130576332254784
8,2025_november_15_21,november,13.5,45.60416793823242,0.41145241087612355
8,2025_november_15_21,november,13.708333015441895,45.60416793823242,-0.044338372164078786
8,2025_november_15_21,november,13.166666984558105,45.64583206176758,0.04612999712897665
8,2025_november_15_21,november,13.208333015441895,45.64583206176758,0.5804081074528664
8,2025_november_15_21,november,13.25,45.64583206176758,0.6332224236010776
8,2025_november_15_21,november,13.291666984558105,45.64583206176758,0.5635763300366243
8,2025_november_15_21,november,13.333333015441895,45.64583206176758,0.4249332711302093
8,2025_november_15_21,november,13.375,45.64583206176758,-0.17096385497981764
8,2025_november_15_21,november,13.416666984558105,45.64583206176758,-0.7051681207480868
8,2025_november_15_21,november,13.458333015441895,45.64583206176758,-0.2814790267331679
8,2025_november_15_21,november,13.5,45.64583206176758,0.26959439472612834
8,2025_november_15_21,november,13.541666984558105,45.64583206176758,0.3151061721248148
8,2025_november_15_21,november,13.583333015441895,45.64583206176758,0.48793205514469845
8,2025_november_15_21,november,13.625,45.64583206176758,0.3555931253099325
8,2025_november_15_21,november,13.666666984558105,45.64583206176758,-0.2651724516906525
8,2025_november_15_21,november,13.708333015441895,45.64583206176758,-0.5689969056928751
8,2025_november_15_21,november,13.166666984558105,45.6875,-0.7115934321795958
8,2025_november_15_21,november,13.208333015441895,45.6875,-0.7436824756564822
8,2025_november_15_21,november,13.25,45.6875,-0.30381892005653266
8,2025_november_15_21,november,13.291666984558105,45.6875,-0.0283878183223975
8,2025_november_15_21,november,13.458333015441895,45.6875,0.028081679662023136
8,2025_november_15_21,november,13.5,45.6875,0.08521671846903738
8,2025_november_15_21,november,13.541666984558105,45.6875,-0.004787561388059596
8,2025_november_15_21,november,13.583333015441895,45.6875,-0.1558316113388963
8,2025_november_15_21,november,13.625,45.6875,-0.1687099403774035
8,2025_november_15_21,november,13.666666984558105,45.6875,-0.054467797473106254
8,2025_november_15_21,november,13.708333015441895,45.6875,0.07809874362960133
8,2025_november_15_21,november,13.541666984558105,45.72916793823242,0.13148938769966048
8,2025_november_15_21,november,13.583333015441895,45.72916793823242,0.2574845025859846
8,2025_november_15_21,november,13.625,45.72916793823242,0.16844707794440583
8,2025_november_15_21,november,13.666666984558105,45.72916793823242,0.04835847747842002
8,2025_november_22_28,november,13.166666984558105,45.47916793823242,-0.15413849667580745
8,2025_november_22_28,november,13.208333015441895,45.47916793823242,-0.1675987599713014
8,2025_november_22_28,november,13.166666984558105,45.52083206176758,-0.010472933217102536
8,2025_november_22_28,november,13.208333015441895,45.52083206176758,-0.021652455674010338
8,2025_november_22_28,november,13.25,45.52083206176758,-0.04146490293424466
8,2025_november_22_28,november,13.166666984558105,45.5625,-0.4605192615573036
8,2025_november_22_28,november,13.208333015441895,45.5625,-0.5277645473112826
8,2025_november_22_28,november,13.25,45.5625,-0.3510412494806156
8,2025_november_22_28,november,13.291666984558105,45.5625,-0.33517615609472257
8,2025_november_22_28,november,13.333333015441895,45.5625,-0.38908109660985474
8,2025_november_22_28,november,13.166666984558105,45.60416793823242,0.1575010657070312
8,2025_november_22_28,november,13.208333015441895,45.60416793823242,0.13861380440771942
8,2025_november_22_28,november,13.25,45.60416793823242,-0.3113640323842874
8,2025_november_22_28,november,13.291666984558105,45.60416793823242,-0.6927574102928996
8,2025_november_22_28,november,13.333333015441895,45.60416793823242,-0.44144344058186574
8,2025_november_22_28,november,13.375,45.60416793823242,-0.12527599603629505
8,2025_november_22_28,november,13.416666984558105,45.60416793823242,0.12903879780862623
8,2025_november_22_28,november,13.458333015441895,45.60416793823242,0.15260661475939016
8,2025_november_22_28,november,13.5,45.60416793823242,0.404698506339833
8,2025_november_22_28,november,13.708333015441895,45.60416793823242,-0.06181416994384602
8,2025_november_22_28,november,13.166666984558105,45.64583206176758,0.0627397184618009
8,2025_november_22_28,november,13.208333015441895,45.64583206176758,0.548687758207856
8,2025_november_22_28,november,13.25,45.64583206176758,0.656683674901906
8,2025_november_22_28,november,13.291666984558105,45.64583206176758,0.5677889120052607
8,2025_november_22_28,november,13.333333015441895,45.64583206176758,0.3299376037834848
8,2025_november_22_28,november,13.375,45.64583206176758,-0.2687300652649065
8,2025_november_22_28,november,13.416666984558105,45.64583206176758,-0.7241341582538707
8,2025_november_22_28,november,13.458333015441895,45.64583206176758,-0.2836353048773147
8,2025_november_22_28,november,13.5,45.64583206176758,0.2979717733417848
8,2025_november_22_28,november,13.541666984558105,45.64583206176758,0.3084890939615585
8,2025_november_22_28,november,13.583333015441895,45.64583206176758,0.4425284160232686
8,2025_november_22_28,november,13.625,45.64583206176758,0.3224223239798812
8,2025_november_22_28,november,13.666666984558105,45.64583206176758,-0.22265414630883384
8,2025_november_22_28,november,13.708333015441895,45.64583206176758,-0.42904738530541486
8,2025_november_22_28,november,13.166666984558105,45.6875,-0.7855983632603469
8,2025_november_22_28,november,13.208333015441895,45.6875,-0.734561831850045
8,2025_november_22_28,november,13.25,45.6875,-0.3589202706722396
8,2025_november_22_28,november,13.291666984558105,45.6875,-0.14334179106695147
8,2025_november_22_28,november,13.458333015441895,45.6875,0.014656040569441937
8,2025_november_22_28,november,13.5,45.6875,0.03786704750840558
8,2025_november_22_28,november,13.541666984558105,45.6875,-0.0691974186506664
8,2025_november_22_28,november,13.583333015441895,45.6875,-0.2402187804397265
8,2025_november_22_28,november,13.625,45.6875,-0.19024636738271958
8,2025_november_22_28,november,13.666666984558105,45.6875,-0.026272296175677518
8,2025_november_22_28,november,13.708333015441895,45.6875,0.0984505767608796
8,2025_november_22_28,november,13.541666984558105,45.72916793823242,0.143279318847747
8,2025_november_22_28,november,13.583333015441895,45.72916793823242,0.28977824652225426
8,2025_november_22_28,november,13.625,45.72916793823242,0.18615315677697905
8,2025_november_22_28,november,13.666666984558105,45.72916793823242,0.06343064166863777
9,2025_may_01_07,may,13.166666984558105,45.47916793823242,-0.25496971132308355
9,2025_may_01_07,may,13.208333015441895,45.47916793823242,-0.22355653731866276
9,2025_may_01_07,may,13.166666984558105,45.52083206176758,-0.03468957904801363
9,2025_may_01_07,may,13.208333015441895,45.52083206176758,-0.07544491371603515
9,2025_may_01_07,may,13.25,45.52083206176758,-0.07346281495747038
9,2025_may_01_07,may,13.166666984558105,45.5625,-0.34461356421231254
9,2025_may_01_07,may,13.208333015441895,45.5625,-0.43152698499263403
9,2025_may_01_07,may,13.25,45.5625,-0.2079806233064659
9,2025_may_01_07,may,13.291666984558105,45.5625,-0.05935317796892069
9,2025_may_01_07,may,13.333333015441895,45.5625,-0.011243115713599096
9,2025_may_01_07,may,13.166666984558105,45.60416793823242,-0.10249129053213603
9,2025_may_01_07,may,13.208333015441895,45.60416793823242,-0.12505093786231591
9,2025_may_01_07,may,13.25,45.60416793823242,-0.5548324237492713
9,2025_may_01_07,may,13.291666984558105,45.60416793823242,-0.6868644920420751
9,2025_may_01_07,may,13.333333015441895,45.60416793823242,-0.47352711304605966
9,2025_may_01_07,may,13.375,45.60416793823242,-0.19693153623995327
9,2025_may_01_07,may,13.416666984558105,45.60416793823242,0.034365699486766065
9,2025_may_01_07,may,13.458333015441895,45.60416793823242,0.07988647001364017
9,2025_may_01_07,may,13.5,45.60416793823242,0.38873328766841464
9,2025_may_01_07,may,13.708333015441895,45.60416793823242,-0.007613260878301927
9,2025_may_01_07,may,13.166666984558105,45.64583206176758,0.06638970698814707
9,2025_may_01_07,may,13.208333015441895,45.64583206176758,0.6177196741359516
9,2025_may_01_07,may,13.25,45.64583206176758,0.6424187765446424
9,2025_may_01_07,may,13.291666984558105,45.64583206176758,0.5685643220285438
9,2025_may_01_07,may,13.333333015441895,45.64583206176758,0.4004419320227609
9,2025_may_01_07,may,13.375,45.64583206176758,-0.26201553055303467
9,2025_may_01_07,may,13.416666984558105,45.64583206176758,-0.649879790199835
9,2025_may_01_07,may,13.458333015441895,45.64583206176758,-0.24746477773440748
9,2025_may_01_07,may,13.5,45.64583206176758,0.2639236624147321
9,2025_may_01_07,may,13.541666984558105,45.64583206176758,0.3468088763909041
9,2025_may_01_07,may,13.583333015441895,45.64583206176758,0.535094556297448
9,2025_may_01_07,may,13.625,45.64583206176758,0.40631863811750374
9,2025_may_01_07,may,13.666666984558105,45.64583206176758,-0.19015085844012178
9,2025_may_01_07,may,13.708333015441895,45.64583206176758,-0.5109674088145778
9,2025_may_01_07,may,13.166666984558105,45.6875,-0.5464290159228079
9,2025_may_01_07,may,13.208333015441895,45.6875,-0.510543711949105
9,2025_may_01_07,may,13.25,45.6875,-0.2733586201070688
9,2025_may_01_07,may,13.291666984558105,45.6875,-0.08228267161658512
9,2025_may_01_07,may,13.458333015441895,45.6875,-0.06643174932221438
9,2025_may_01_07,may,13.5,45.6875,-2.6713320672213406e-05
9,2025_may_01_07,may,13.541666984558105,45.6875,0.02049807501620366
9,2025_may_01_07,may,13.583333015441895,45.6875,-0.12716678159563052
9,2025_may_01_07,may,13.625,45.6875,-0.13133663941718265
9,2025_may_01_07,may,13.666666984558105,45.6875,-0.24142711483466195
9,2025_may_01_07,may,13.708333015441895,45.6875,-0.22234985677106966
9,2025_may_01_07,may,13.541666984558105,45.72916793823242,0.23531086596497722
9,2025_may_01_07,may,13.583333015441895,45.72916793823242,0.4000922590418552
9,2025_may_01_07,may,13.625,45.72916793823242,0.25046167672891084
9,2025_may_01_07,may,13.666666984558105,45.72916793823242,0.05133273723485657
9,2025_may_08_14,may,13.166666984558105,45.47916793823242,-0.3005478793490671
9,2025_may_08_14,may,13.208333015441895,45.47916793823242,-0.2637821889910886
9,2025_may_08_14,may,13.166666984558105,45.52083206176758,-0.035109915843940874
9,2025_may_08_14,may,13.208333015441895,45.52083206176758,-0.08575222743743358
9,2025_may_08_14,may,13.25,45.52083206176758,-0.11332629632788806
9,2025_may_08_14,may,13.166666984558105,45.5625,-0.4366369649882358
9,2025_may_08_14,may,13.208333015441895,45.5625,-0.48694753032375593
9,2025_may_08_14,may,13.25,45.5625,-0.23313006667411462
9,2025_may_08_14,may,13.291666984558105,45.5625,-0.05472426613441065
9,2025_may_08_14,may,13.333333015441895,45.5625,-0.0045470766377615855
9,2025_may_08_14,may,13.166666984558105,45.60416793823242,-0.030272890201600067
9,2025_may_08_14,may,13.208333015441895,45.60416793823242,-0.09082220193357429
9,2025_may_08_14,may,13.25,45.60416793823242,-0.5067206436121314
9,2025_may_08_14,may,13.291666984558105,45.60416793823242,-0.6349452496286079
9,2025_may_08_14,may,13.333333015441895,45.60416793823242,-0.4449179431801153
9,2025_may_08_14,may,13.375,45.60416793823242,-0.22702102037256894
9,2025_may_08_14,may,13.416666984558105,45.60416793823242,0.0038520281763008654
9,2025_may_08_14,may,13.458333015441895,45.60416793823242,0.11964993693808591
9,2025_may_08_14,may,13.5,45.60416793823242,0.4667522065165779
9,2025_may_08_14,may,13.708333015441895,45.60416793823242,-0.014486220599764862
9,2025_may_08_14,may,13.166666984558105,45.64583206176758,-0.04176640313733526
9,2025_may_08_14,may,13.208333015441895,45.64583206176758,0.5428449317609835
9,2025_may_08_14,may,13.25,45.64583206176758,0.5610264698040452
9,2025_may_08_14,may,13.291666984558105,45.64583206176758,0.48697641137933595
9,2025_may_08_14,may,13.333333015441895,45.64583206176758,0.313884012933997
9,2025_may_08_14,may,13.375,45.64583206176758,-0.37598624173675466
9,2025_may_08_14,may,13.416666984558105,45.64583206176758,-0.6852877393483929
9,2025_may_08_14,may,13.458333015441895,45.64583206176758,-0.31487117201738674
9,2025_may_08_14,may,13.5,45.64583206176758,0.17328094183387252
9,2025_may_08_14,may,13.541666984558105,45.64583206176758,0.3083291982700368
9,2025_may_08_14,may,13.583333015441895,45.64583206176758,0.49836886540795405
9,2025_may_08_14,may,13.625,45.64583206176758,0.24521566318267068
9,2025_may_08_14,may,13.666666984558105,45.64583206176758,-0.3954622790867382
9,2025_may_08_14,may,13.708333015441895,45.64583206176758,-0.5362916134425663
9,2025_may_08_14,may,13.166666984558105,45.6875,-0.5224604217517863
9,2025_may_08_14,may,13.208333015441895,45.6875,-0.4790247933877146
9,2025_may_08_14,may,13.25,45.6875,-0.23373608554292966
9,2025_may_08_14,may,13.291666984558105,45.6875,-0.11960173147117416
9,2025_may_08_14,may,13.458333015441895,45.6875,0.03995817070405639
9,2025_may_08_14,may,13.5,45.6875,0.11768974413218543
9,2025_may_08_14,may,13.541666984558105,45.6875,0.001331274681632851
9,2025_may_08_14,may,13.583333015441895,45.6875,-0.11928136762481661
9,2025_may_08_14,may,13.625,45.6875,-0.09709700782399659
9,2025_may_08_14,may,13.666666984558105,45.6875,-0.25397451499459384
9,2025_may_08_14,may,13.708333015441895,45.6875,-0.17918485318509553
9,2025_may_08_14,may,13.541666984558105,45.72916793823242,0.22233167037483256
9,2025_may_08_14,may,13.583333015441895,45.72916793823242,0.40554645437056475
9,2025_may_08_14,may,13.625,45.72916793823242,0.25818881840224367
9,2025_may_08_14,may,13.666666984558105,45.72916793823242,0.06624774441145574
9,2025_may_15_21,may,13.166666984558105,45.47916793823242,-0.24734794204268606
9,2025_may_15_21,may,13.208333015441895,45.47916793823242,-0.20669332114332956
9,2025_may_15_21,may,13.166666984558105,45.52083206176758,-0.06591531159445063
9,2025_may_15_21,may,13.208333015441895,45.52083206176758,-0.11320899125471762
9,2025_may_15_21,may,13.25,45.52083206176758,-0.1347484807252017
9,2025_may_15_21,may,13.166666984558105,45.5625,-0.5278629823624128
9,2025_may_15_21,may,13.208333015441895,45.5625,-0.5377000275409207
9,2025_may_15_21,may,13.25,45.5625,-0.259055439761786
9,2025_may_15_21,may,13.291666984558105,45.5625,-0.08555376500905834
9,2025_may_15_21,may,13.333333015441895,45.5625,-0.017054937944135762
9,2025_may_15_21,may,13.166666984558105,45.60416793823242,-0.022078752160153266
9,2025_may_15_21,may,13.208333015441895,45.60416793823242,-0.06540345811119408
9,2025_may_15_21,may,13.25,45.60416793823242,-0.5600459532632467
9,2025_may_15_21,may,13.291666984558105,45.60416793823242,-0.6743616205984785
9,2025_may_15_21,may,13.333333015441895,45.60416793823242,-0.454217797253155
9,2025_may_15_21,may,13.375,45.60416793823242,-0.1813126929187483
9,2025_may_15_21,may,13.416666984558105,45.60416793823242,0.04232461356092324
9,2025_may_15_21,may,13.458333015441895,45.60416793823242,0.11518089393551569
9,2025_may_15_21,may,13.5,45.60416793823242,0.42307236137009036
9,2025_may_15_21,may,13.708333015441895,45.60416793823242,-0.024823573103283984
9,2025_may_15_21,may,13.166666984558105,45.64583206176758,0.01328687139417209
9,2025_may_15_21,may,13.208333015441895,45.64583206176758,0.6077576911016513
9,2025_may_15_21,may,13.25,45.64583206176758,0.6128150801862293
9,2025_may_15_21,may,13.291666984558105,45.64583206176758,0.5522607148141038
9,2025_may_15_21,may,13.333333015441895,45.64583206176758,0.40824566254719563
9,2025_may_15_21,may,13.375,45.64583206176758,-0.22996874002241527
9,2025_may_15_21,may,13.416666984558105,45.64583206176758,-0.7550338441942317
9,2025_may_15_21,may,13.458333015441895,45.64583206176758,-0.23987042330906896
9,2025_may_15_21,may,13.5,45.64583206176758,0.26660507827690744
9,2025_may_15_21,may,13.541666984558105,45.64583206176758,0.3311801725240842
9,2025_may_15_21,may,13.583333015441895,45.64583206176758,0.5649122085838582
9,2025_may_15_21,may,13.625,45.64583206176758,0.41213161484097927
9,2025_may_15_21,may,13.666666984558105,45.64583206176758,-0.23968637356224012
9,2025_may_15_21,may,13.708333015441895,45.64583206176758,-0.6372741834936592
9,2025_may_15_21,may,13.166666984558105,45.6875,-0.5914652664459468
9,2025_may_15_21,may,13.208333015441895,45.6875,-0.5966604175815566
9,2025_may_15_21,may,13.25,45.6875,-0.263027936268911
9,2025_may_15_21,may,13.291666984558105,45.6875,-0.10761123866217764
9,2025_may_15_21,may,13.458333015441895,45.6875,-0.0018353603282518609
9,2025_may_15_21,may,13.5,45.6875,0.18224857779393544
9,2025_may_15_21,may,13.541666984558105,45.6875,0.11927536081691317
9,2025_may_15_21,may,13.583333015441895,45.6875,-0.10374867587223353
9,2025_may_15_21,may,13.625,45.6875,-0.1405040235823321
9,2025_may_15_21,may,13.666666984558105,45.6875,-0.24224464877673324
9,2025_may_15_21,may,13.708333015441895,45.6875,-0.2081959219138766
9,2025_may_15_21,may,13.541666984558105,45.72916793823242,0.2669335618933452
9,2025_may_15_21,may,13.583333015441895,45.72916793823242,0.463108281605454
9,2025_may_15_21,may,13.625,45.72916793823242,0.2963963894989247
9,2025_may_15_21,may,13.666666984558105,45.72916793823242,0.10214714695730029
9,2025_may_22_28,may,13.166666984558105,45.47916793823242,-0.22146211747685832
9,2025_may_22_28,may,13.208333015441895,45.47916793823242,-0.20493144698903307
9,2025_may_22_28,may,13.166666984558105,45.52083206176758,-0.0460860313417523
9,2025_may_22_28,may,13.208333015441895,45.52083206176758,-0.11993786203698285
9,2025_may_22_28,may,13.25,45.52083206176758,-0.17494691037759552
9,2025_may_22_28,may,13.166666984558105,45.5625,-0.44538775185768187
9,2025_may_22_28,may,13.208333015441895,45.5625,-0.48043900102988596
9,2025_may_22_28,may,13.25,45.5625,-0.23770515867265682
9,2025_may_22_28,may,13.291666984558105,45.5625,-0.06832779095352158
9,2025_may_22_28,may,13.333333015441895,45.5625,-0.017687360494019026
9,2025_may_22_28,may,13.166666984558105,45.60416793823242,0.014599110842009766
9,2025_may_22_28,may,13.208333015441895,45.60416793823242,-0.09714169930866882
9,2025_may_22_28,may,13.25,45.60416793823242,-0.5757235701789564
9,2025_may_22_28,may,13.291666984558105,45.60416793823242,-0.691834998768081
9,2025_may_22_28,may,13.333333015441895,45.60416793823242,-0.4850290959940864
9,2025_may_22_28,may,13.375,45.60416793823242,-0.19457151646682677
9,2025_may_22_28,may,13.416666984558105,45.60416793823242,0.02215995886987926
9,2025_may_22_28,may,13.458333015441895,45.60416793823242,0.14238122351424426
9,2025_may_22_28,may,13.5,45.60416793823242,0.4165478254292773
9,2025_may_22_28,may,13.708333015441895,45.60416793823242,-0.00888445119411778
9,2025_may_22_28,may,13.166666984558105,45.64583206176758,0.08519360038773206
9,2025_may_22_28,may,13.208333015441895,45.64583206176758,0.6367665143485769
9,2025_may_22_28,may,13.25,45.64583206176758,0.6293260117470304
9,2025_may_22_28,may,13.291666984558105,45.64583206176758,0.5911368940919127
9,2025_may_22_28,may,13.333333015441895,45.64583206176758,0.4261331328050898
9,2025_may_22_28,may,13.375,45.64583206176758,-0.28354063489108505
9,2025_may_22_28,may,13.416666984558105,45.64583206176758,-0.6287768282574924
9,2025_may_22_28,may,13.458333015441895,45.64583206176758,-0.24084051882061117
9,2025_may_22_28,may,13.5,45.64583206176758,0.23831380199337873
9,2025_may_22_28,may,13.541666984558105,45.64583206176758,0.300168730039122
9,2025_may_22_28,may,13.583333015441895,45.64583206176758,0.48140461688972375
9,2025_may_22_28,may,13.625,45.64583206176758,0.2709167810349388
9,2025_may_22_28,may,13.666666984558105,45.64583206176758,-0.33142631567744896
9,2025_may_22_28,may,13.708333015441895,45.64583206176758,-0.514855084902016
9,2025_may_22_28,may,13.166666984558105,45.6875,-0.40528428010035983
9,2025_may_22_28,may,13.208333015441895,45.6875,-0.5341484104652975
9,2025_may_22_28,may,13.25,45.6875,-0.30006410204799033
9,2025_may_22_28,may,13.291666984558105,45.6875,-0.12899742296437045
9,2025_may_22_28,may,13.458333015441895,45.6875,-0.014800894366394257
9,2025_may_22_28,may,13.5,45.6875,0.11913456177839336
9,2025_may_22_28,may,13.541666984558105,45.6875,0.06740433368534722
9,2025_may_22_28,may,13.583333015441895,45.6875,-0.13819287389813548
9,2025_may_22_28,may,13.625,45.6875,-0.1948995685310531
9,2025_may_22_28,may,13.666666984558105,45.6875,-0.2700489923487427
9,2025_may_22_28,may,13.708333015441895,45.6875,-0.22259790961462
9,2025_may_22_28,may,13.541666984558105,45.72916793823242,0.17207210226765154
9,2025_may_22_28,may,13.583333015441895,45.72916793823242,0.3202914680417729
9,2025_may_22_28,may,13.625,45.72916793823242,0.17422995738075744
9,2025_may_22_28,may,13.666666984558105,45.72916793823242,-0.02845030936903809
9,2025_november_01_07,november,13.166666984558105,45.47916793823242,-0.18543734319407149
9,2025_november_01_07,november,13.208333015441895,45.47916793823242,-0.16483323430237723
9,2025_november_01_07,november,13.166666984558105,45.52083206176758,-0.041973873204399915
9,2025_november_01_07,november,13.208333015441895,45.52083206176758,-0.07127636262424412
9,2025_november_01_07,november,13.25,45.52083206176758,-0.049043945173919745
9,2025_november_01_07,november,13.166666984558105,45.5625,-0.5682683322558199
9,2025_november_01_07,november,13.208333015441895,45.5625,-0.4789354314020292
9,2025_november_01_07,november,13.25,45.5625,-0.22475995306157043
9,2025_november_01_07,november,13.291666984558105,45.5625,-0.2082781554878324
9,2025_november_01_07,november,13.333333015441895,45.5625,-0.2726790378814677
9,2025_november_01_07,november,13.166666984558105,45.60416793823242,0.16020028638229378
9,2025_november_01_07,november,13.208333015441895,45.60416793823242,0.16470884937693958
9,2025_november_01_07,november,13.25,45.60416793823242,-0.45430626580254974
9,2025_november_01_07,november,13.291666984558105,45.60416793823242,-0.8312373779405726
9,2025_november_01_07,november,13.333333015441895,45.60416793823242,-0.4421764349349546
9,2025_november_01_07,november,13.375,45.60416793823242,-0.13220207034881906
9,2025_november_01_07,november,13.416666984558105,45.60416793823242,0.11002836674666404
9,2025_november_01_07,november,13.458333015441895,45.60416793823242,0.2114785551883292
9,2025_november_01_07,november,13.5,45.60416793823242,0.45824999869031335
9,2025_november_01_07,november,13.708333015441895,45.60416793823242,-0.06796312360436021
9,2025_november_01_07,november,13.166666984558105,45.64583206176758,0.1003147804527426
9,2025_november_01_07,november,13.208333015441895,45.64583206176758,0.5617625346731806
9,2025_november_01_07,november,13.25,45.64583206176758,0.6667055729050871
9,2025_november_01_07,november,13.291666984558105,45.64583206176758,0.584788760023276
9,2025_november_01_07,november,13.333333015441895,45.64583206176758,0.35993285514799933
9,2025_november_01_07,november,13.375,45.64583206176758,-0.2821588824730852
9,2025_november_01_07,november,13.416666984558105,45.64583206176758,-0.7103355482144824
9,2025_november_01_07,november,13.458333015441895,45.64583206176758,-0.2840744251157558
9,2025_november_01_07,november,13.5,45.64583206176758,0.30026255295821186
9,2025_november_01_07,november,13.541666984558105,45.64583206176758,0.3539583770074497
9,2025_november_01_07,november,13.583333015441895,45.64583206176758,0.49790868770668084
9,2025_november_01_07,november,13.625,45.64583206176758,0.38346361757437314
9,2025_november_01_07,november,13.666666984558105,45.64583206176758,-0.24132880656947434
9,2025_november_01_07,november,13.708333015441895,45.64583206176758,-0.49145018782381655
9,2025_november_01_07,november,13.166666984558105,45.6875,-0.5469372099090336
9,2025_november_01_07,november,13.208333015441895,45.6875,-0.6633776528864981
9,2025_november_01_07,november,13.25,45.6875,-0.4209000739866858
9,2025_november_01_07,november,13.291666984558105,45.6875,-0.147547633031071
9,2025_november_01_07,november,13.458333015441895,45.6875,0.027845009497676324
9,2025_november_01_07,november,13.5,45.6875,0.05854751767716398
9,2025_november_01_07,november,13.541666984558105,45.6875,-0.01945658744448178
9,2025_november_01_07,november,13.583333015441895,45.6875,-0.16536606701533563
9,2025_november_01_07,november,13.625,45.6875,-0.13047040803081136
9,2025_november_01_07,november,13.666666984558105,45.6875,-0.027702944081192473
9,2025_november_01_07,november,13.708333015441895,45.6875,0.08190244834389789
9,2025_november_01_07,november,13.541666984558105,45.72916793823242,0.14775905715272283
9,2025_november_01_07,november,13.583333015441895,45.72916793823242,0.27081112304090244
9,2025_november_01_07,november,13.625,45.72916793823242,0.1696611310411664
9,2025_november_01_07,november,13.666666984558105,45.72916793823242,0.06027672531443928
9,2025_november_08_14,november,13.166666984558105,45.47916793823242,-0.19264518864614025
9,2025_november_08_14,november,13.208333015441895,45.47916793823242,-0.19085065537917442
9,2025_november_08_14,november,13.166666984558105,45.52083206176758,-0.028283494057172117
9,2025_november_08_14,november,13.208333015441895,45.52083206176758,-0.09900841967541993
9,2025_november_08_14,november,13.25,45.52083206176758,-0.07630131287790286
9,2025_november_08_14,november,13.166666984558105,45.5625,-0.442072451410298
9,2025_november_08_14,november,13.208333015441895,45.5625,-0.4492881375383448
9,2025_november_08_14,november,13.25,45.5625,-0.25062024759209356
9,2025_november_08_14,november,13.291666984558105,45.5625,-0.260445995025215
9,2025_november_08_14,november,13.333333015441895,45.5625,-0.3445757191826066
9,2025_november_08_14,november,13.166666984558105,45.60416793823242,0.12914651761262713
9,2025_november_08_14,november,13.208333015441895,45.60416793823242,0.13066453495857971
9,2025_november_08_14,november,13.25,45.60416793823242,-0.5164674040225034
9,2025_november_08_14,november,13.291666984558105,45.60416793823242,-0.7612903556493209
9,2025_november_08_14,november,13.333333015441895,45.60416793823242,-0.44996901029712083
9,2025_november_08_14,november,13.375,45.60416793823242,-0.11269218356452566
9,2025_november_08_14,november,13.416666984558105,45.60416793823242,0.09128873645974236
9,2025_november_08_14,november,13.458333015441895,45.60416793823242,0.18453345499325952
9,2025_november_08_14,november,13.5,45.60416793823242,0.4230578223655866
9,2025_november_08_14,november,13.708333015441895,45.60416793823242,-0.06355073767844621
9,2025_november_08_14,november,13.166666984558105,45.64583206176758,0.08493026648551615
9,2025_november_08_14,november,13.208333015441895,45.64583206176758,0.6144987592623786
9,2025_november_08_14,november,13.25,45.64583206176758,0.6738765758085999
9,2025_november_08_14,november,13.291666984558105,45.64583206176758,0.6254907525730387
9,2025_november_08_14,november,13.333333015441895,45.64583206176758,0.38226539363761786
9,2025_november_08_14,november,13.375,45.64583206176758,-0.3260867419117725
9,2025_november_08_14,november,13.416666984558105,45.64583206176758,-0.8089725981824543
9,2025_november_08_14,november,13.458333015441895,45.64583206176758,-0.3511804432309767
9,2025_november_08_14,november,13.5,45.64583206176758,0.3161955893909898
9,2025_november_08_14,november,13.541666984558105,45.64583206176758,0.38254563908811956
9,2025_november_08_14,november,13.583333015441895,45.64583206176758,0.4848450979941887
9,2025_november_08_14,november,13.625,45.64583206176758,0.3825344029664351
9,2025_november_08_14,november,13.666666984558105,45.64583206176758,-0.21106005868948524
9,2025_november_08_14,november,13.708333015441895,45.64583206176758,-0.5021699294543174
9,2025_november_08_14,november,13.166666984558105,45.6875,-0.5611678871286933
9,2025_november_08_14,november,13.208333015441895,45.6875,-0.7229028976303
9,2025_november_08_14,november,13.25,45.6875,-0.3733237645879851
9,2025_november_08_14,november,13.291666984558105,45.6875,-0.12990583588756754
9,2025_november_08_14,november,13.458333015441895,45.6875,0.02042733589041792
9,2025_november_08_14,november,13.5,45.6875,0.09594674341162458
9,2025_november_08_14,november,13.541666984558105,45.6875,0.05298459598522048
9,2025_november_08_14,november,13.583333015441895,45.6875,-0.10272982929553133
9,2025_november_08_14,november,13.625,45.6875,-0.23338913242840004
9,2025_november_08_14,november,13.666666984558105,45.6875,-0.15969923676078124
9,2025_november_08_14,november,13.708333015441895,45.6875,0.04460378210037669
9,2025_november_08_14,november,13.541666984558105,45.72916793823242,0.12273445599211062
9,2025_november_08_14,november,13.583333015441895,45.72916793823242,0.2922021536595815
9,2025_november_08_14,november,13.625,45.72916793823242,0.18595060290203813
9,2025_november_08_14,november,13.666666984558105,45.72916793823242,0.0321000011857623
9,2025_november_15_21,november,13.166666984558105,45.47916793823242,-0.23300985596969306
9,2025_november_15_21,november,13.208333015441895,45.47916793823242,-0.23177655660538146
9,2025_november_15_21,november,13.166666984558105,45.52083206176758,-0.021708786659134605
9,2025_november_15_21,november,13.208333015441895,45.52083206176758,-0.04630078185187396
9,2025_november_15_21,november,13.25,45.52083206176758,-0.03007936899166202
9,2025_november_15_21,november,13.166666984558105,45.5625,-0.4208783125871852
9,2025_november_15_21,november,13.208333015441895,45.5625,-0.5264263058949473
9,2025_november_15_21,november,13.25,45.5625,-0.33007139734815927
9,2025_november_15_21,november,13.291666984558105,45.5625,-0.3179438481369897
9,2025_november_15_21,november,13.333333015441895,45.5625,-0.36533701402306396
9,2025_november_15_21,november,13.166666984558105,45.60416793823242,0.17740090733919775
9,2025_november_15_21,november,13.208333015441895,45.60416793823242,0.14359635147441416
9,2025_november_15_21,november,13.25,45.60416793823242,-0.40973848008018926
9,2025_november_15_21,november,13.291666984558105,45.60416793823242,-0.7673429350738193
9,2025_november_15_21,november,13.333333015441895,45.60416793823242,-0.4642537961576067
9,2025_november_15_21,november,13.375,45.60416793823242,-0.09786882947933574
9,2025_november_15_21,november,13.416666984558105,45.60416793823242,0.14206827827681404
9,2025_november_15_21,november,13.458333015441895,45.60416793823242,0.20078594764199723
9,2025_november_15_21,november,13.5,45.60416793823242,0.4658315957987853
9,2025_november_15_21,november,13.708333015441895,45.60416793823242,-0.04636511952453458
9,2025_november_15_21,november,13.166666984558105,45.64583206176758,0.1781007114648188
9,2025_november_15_21,november,13.208333015441895,45.64583206176758,0.6120916654639004
9,2025_november_15_21,november,13.25,45.64583206176758,0.6685563729692142
9,2025_november_15_21,november,13.291666984558105,45.64583206176758,0.5680005734234157
9,2025_november_15_21,november,13.333333015441895,45.64583206176758,0.4036276399785633
9,2025_november_15_21,november,13.375,45.64583206176758,-0.2878950761565638
9,2025_november_15_21,november,13.416666984558105,45.64583206176758,-0.7357923999539068
9,2025_november_15_21,november,13.458333015441895,45.64583206176758,-0.32454419068479284
9,2025_november_15_21,november,13.5,45.64583206176758,0.31102611049607626
9,2025_november_15_21,november,13.541666984558105,45.64583206176758,0.3113386759915198
9,2025_november_15_21,november,13.583333015441895,45.64583206176758,0.42675115911473954
9,2025_november_15_21,november,13.625,45.64583206176758,0.3444670064781608
9,2025_november_15_21,november,13.666666984558105,45.64583206176758,-0.1772145419187361
9,2025_november_15_21,november,13.708333015441895,45.64583206176758,-0.44832946668964924
9,2025_november_15_21,november,13.166666984558105,45.6875,-0.535577403671594
9,2025_november_15_21,november,13.208333015441895,45.6875,-0.6003238730894465
9,2025_november_15_21,november,13.25,45.6875,-0.33785418512832127
9,2025_november_15_21,november,13.291666984558105,45.6875,-0.1330393345446196
9,2025_november_15_21,november,13.458333015441895,45.6875,0.01183829420161067
9,2025_november_15_21,november,13.5,45.6875,0.12447091829401741
9,2025_november_15_21,november,13.541666984558105,45.6875,0.1039438960375325
9,2025_november_15_21,november,13.583333015441895,45.6875,-0.12221126750228727
9,2025_november_15_21,november,13.625,45.6875,-0.1967929255068808
9,2025_november_15_21,november,13.666666984558105,45.6875,-0.08801293026028145
9,2025_november_15_21,november,13.708333015441895,45.6875,0.053252802858867576
9,2025_november_15_21,november,13.541666984558105,45.72916793823242,0.16018371259620948
9,2025_november_15_21,november,13.583333015441895,45.72916793823242,0.3081554942708667
9,2025_november_15_21,november,13.625,45.72916793823242,0.17232967217532022
9,2025_november_15_21,november,13.666666984558105,45.72916793823242,0.029230633499022312
9,2025_november_22_28,november,13.166666984558105,45.47916793823242,-0.260049184159265
9,2025_november_22_28,november,13.208333015441895,45.47916793823242,-0.2821700668584786
9,2025_november_22_28,november,13.166666984558105,45.52083206176758,-0.04457632337012951
9,2025_november_22_28,november,13.208333015441895,45.52083206176758,-0.10628668919114845
9,2025_november_22_28,november,13.25,45.52083206176758,-0.0784738315004042
9,2025_november_22_28,november,13.166666984558105,45.5625,-0.5243941205268389
9,2025_november_22_28,november,13.208333015441895,45.5625,-0.6244125181510061
9,2025_november_22_28,november,13.25,45.5625,-0.41075712247383817
9,2025_november_22_28,november,13.291666984558105,45.5625,-0.39329261668519955
9,2025_november_22_28,november,13.333333015441895,45.5625,-0.4319549014059535
9,2025_november_22_28,november,13.166666984558105,45.60416793823242,0.15039696063235503
9,2025_november_22_28,november,13.208333015441895,45.60416793823242,0.1491321257830429
9,2025_november_22_28,november,13.25,45.60416793823242,-0.45358413996029273
9,2025_november_22_28,november,13.291666984558105,45.60416793823242,-0.7624891366861454
9,2025_november_22_28,november,13.333333015441895,45.60416793823242,-0.49755093267920475
9,2025_november_22_28,november,13.375,45.60416793823242,-0.12372443426621489
9,2025_november_22_28,november,13.416666984558105,45.60416793823242,0.09043980253743943
9,2025_november_22_28,november,13.458333015441895,45.60416793823242,0.13566556037182026
9,2025_november_22_28,november,13.5,45.60416793823242,0.321259429066608
9,2025_november_22_28,november,13.708333015441895,45.60416793823242,-0.020095048090377515
9,2025_november_22_28,november,13.166666984558105,45.64583206176758,0.045053246177924396
9,2025_november_22_28,november,13.208333015441895,45.64583206176758,0.5602942052162312
9,2025_november_22_28,november,13.25,45.64583206176758,0.6559193711036383
9,2025_november_22_28,november,13.291666984558105,45.64583206176758,0.5950371596380536
9,2025_november_22_28,november,13.333333015441895,45.64583206176758,0.3867239384035871
9,2025_november_22_28,november,13.375,45.64583206176758,-0.40111041851661483
9,2025_november_22_28,november,13.416666984558105,45.64583206176758,-0.7287117141275619
9,2025_november_22_28,november,13.458333015441895,45.64583206176758,-0.34565610563972726
9,2025_november_22_28,november,13.5,45.64583206176758,0.25412534475075
9,2025_november_22_28,november,13.541666984558105,45.64583206176758,0.3008716476483157
9,2025_november_22_28,november,13.583333015441895,45.64583206176758,0.4459726789198947
9,2025_november_22_28,november,13.625,45.64583206176758,0.3243596746005098
9,2025_november_22_28,november,13.666666984558105,45.64583206176758,-0.20403966172303356
9,2025_november_22_28,november,13.708333015441895,45.64583206176758,-0.4162519413697977
9,2025_november_22_28,november,13.166666984558105,45.6875,-0.6955399956095204
9,2025_november_22_28,november,13.208333015441895,45.6875,-0.7264437591831097
9,2025_november_22_28,november,13.25,45.6875,-0.3517349427012543
9,2025_november_22_28,november,13.291666984558105,45.6875,-0.11207045298091951
9,2025_november_22_28,november,13.458333015441895,45.6875,0.02400911102663511
9,2025_november_22_28,november,13.5,45.6875,0.1054324985083172
9,2025_november_22_28,november,13.541666984558105,45.6875,-0.013175910605677217
9,2025_november_22_28,november,13.583333015441895,45.6875,-0.2495273688142186
9,2025_november_22_28,november,13.625,45.6875,-0.24718610023159293
9,2025_november_22_28,november,13.666666984558105,45.6875,-0.04679690003222829
9,2025_november_22_28,november,13.708333015441895,45.6875,0.12511333130526878
9,2025_november_22_28,november,13.541666984558105,45.72916793823242,0.14823290875534942
9,2025_november_22_28,november,13.583333015441895,45.72916793823242,0.29113761428415996
9,2025_november_22_28,november,13.625,45.72916793823242,0.20296104022194353
9,2025_november_22_28,november,13.666666984558105,45.72916793823242,0.04451248905466388
