seed,window,longitude,latitude,f_static,f_time_mean
1,2025_may_01_07,13.166666984558105,45.47916793823242,-1.9791413761657777,-1.9846515149943331
1,2025_may_01_07,13.208333015441895,45.47916793823242,-2.05226413241174,-2.058720234052346
1,2025_may_01_07,13.166666984558105,45.52083206176758,-1.8791209800385924,-1.884610454632707
1,2025_may_01_07,13.208333015441895,45.52083206176758,-2.1477975530674804,-2.15537546831303
1,2025_may_01_07,13.25,45.52083206176758,-1.956914833281762,-1.9631441174366517
1,2025_may_01_07,13.166666984558105,45.5625,-1.8061397097804635,-1.8090643623316975
1,2025_may_01_07,13.208333015441895,45.5625,-2.23945553532507,-2.243813299221843
1,2025_may_01_07,13.25,45.5625,-2.279159863008448,-2.284711600907623
1,2025_may_01_07,13.291666984558105,45.5625,-2.3947247163096894,-2.400493259732468
1,2025_may_01_07,13.333333015441895,45.5625,-2.229940883684993,-2.2365684570672952
1,2025_may_01_07,13.166666984558105,45.60416793823242,0.27103885986555476,0.2702303206859051
1,2025_may_01_07,13.208333015441895,45.60416793823242,0.11710809298613965,0.1162208055324688
1,2025_may_01_07,13.25,45.60416793823242,-0.8496854336009663,-0.8519600496584419
1,2025_may_01_07,13.291666984558105,45.60416793823242,-1.731347370294471,-1.7353105255054928
1,2025_may_01_07,13.333333015441895,45.60416793823242,-1.1863906459449525,-1.1890477855999533
1,2025_may_01_07,13.375,45.60416793823242,0.20502078393883527,0.2056921956660035
1,2025_may_01_07,13.416666984558105,45.60416793823242,0.5368860509181249,0.539220740112064
1,2025_may_01_07,13.458333015441895,45.60416793823242,0.4640331240174272,0.4658912786226452
1,2025_may_01_07,13.5,45.60416793823242,0.7898359698848184,0.7939936332440367
1,2025_may_01_07,13.708333015441895,45.60416793823242,-1.9948884288981286,-2.000842773612139
1,2025_may_01_07,13.166666984558105,45.64583206176758,0.48842053280669007,0.4892272742322259
1,2025_may_01_07,13.208333015441895,45.64583206176758,1.021290710569186,1.0241393019571383
1,2025_may_01_07,13.25,45.64583206176758,0.9535594256864767,0.9564159239451944
1,2025_may_01_07,13.291666984558105,45.64583206176758,0.6698280511626379,0.6731773665355149
1,2025_may_01_07,13.333333015441895,45.64583206176758,0.5654163401414188,0.5704784682140079
1,2025_may_01_07,13.375,45.64583206176758,-0.8039272006558286,-0.8047553576619837
1,2025_may_01_07,13.416666984558105,45.64583206176758,-1.7648201492392337,-1.7694099401631347
1,2025_may_01_07,13.458333015441895,45.64583206176758,-0.4283357259349172,-0.4273957470481223
1,2025_may_01_07,13.5,45.64583206176758,0.6699798471713636,0.6735816417684644
1,2025_may_01_07,13.541666984558105,45.64583206176758,0.8918423037954234,0.8941560596706871
1,2025_may_01_07,13.583333015441895,45.64583206176758,1.0960661690447555,1.0995590888327682
1,2025_may_01_07,13.625,45.64583206176758,0.5263521050512435,0.5266389655351045
1,2025_may_01_07,13.666666984558105,45.64583206176758,-0.6237672085902407,-0.6266572137413364
1,2025_may_01_07,13.708333015441895,45.64583206176758,-0.8735188341403238,-0.875699373044648
1,2025_may_01_07,13.166666984558105,45.6875,-0.730978329959892,-0.7317181610210329
1,2025_may_01_07,13.208333015441895,45.6875,-1.251416207482054,-1.2534250201221924
1,2025_may_01_07,13.25,45.6875,-1.2903061872187929,-1.2929469356208705
1,2025_may_01_07,13.291666984558105,45.6875,-1.716056063430042,-1.7194440297824833
1,2025_may_01_07,13.458333015441895,45.6875,-2.2039180865261123,-2.2087413473841195
1,2025_may_01_07,13.5,45.6875,-1.8069417133481178,-1.812103567750252
1,2025_may_01_07,13.541666984558105,45.6875,-0.5485267151918894,-0.5502231746931948
1,2025_may_01_07,13.583333015441895,45.6875,-0.10157897677078642,-0.10139505226173297
1,2025_may_01_07,13.625,45.6875,-0.12518208500848477,-0.1259527654401383
1,2025_may_01_07,13.666666984558105,45.6875,-1.1790804419587408,-1.1817373923876042
1,2025_may_01_07,13.708333015441895,45.6875,-1.9033706711152656,-1.9063717355928227
1,2025_may_01_07,13.541666984558105,45.72916793823242,-1.977135367794599,-1.983647645919108
1,2025_may_01_07,13.583333015441895,45.72916793823242,-1.6121943302106512,-1.6144589363625312
1,2025_may_01_07,13.625,45.72916793823242,-1.891214570186481,-1.8943918421702157
1,2025_may_01_07,13.666666984558105,45.72916793823242,-2.1119777473012813,-2.1164876046415815
1,2025_may_08_14,13.166666984558105,45.47916793823242,-2.003070244693096,-2.0086564007346346
1,2025_may_08_14,13.208333015441895,45.47916793823242,-2.0910112147846562,-2.0963820164728166
1,2025_may_08_14,13.166666984558105,45.52083206176758,-1.9080075251800717,-1.914006427298203
1,2025_may_08_14,13.208333015441895,45.52083206176758,-2.1242219914599625,-2.131522897257661
1,2025_may_08_14,13.25,45.52083206176758,-1.9680888782981991,-1.9746073194390188
1,2025_may_08_14,13.166666984558105,45.5625,-1.5887899498428566,-1.5919624790549822
1,2025_may_08_14,13.208333015441895,45.5625,-1.9780493866983984,-1.9829615141988577
1,2025_may_08_14,13.25,45.5625,-2.121279096837917,-2.1271926758772293
1,2025_may_08_14,13.291666984558105,45.5625,-2.300199028541512,-2.3067523911543404
1,2025_may_08_14,13.333333015441895,45.5625,-2.209959794155377,-2.2165260584351945
1,2025_may_08_14,13.166666984558105,45.60416793823242,0.20524022163732664,0.20720415220288413
1,2025_may_08_14,13.208333015441895,45.60416793823242,0.03233365178500374,0.033944904671843315
1,2025_may_08_14,13.25,45.60416793823242,-0.9463292944233056,-0.9490368043159111
1,2025_may_08_14,13.291666984558105,45.60416793823242,-1.6441396082021218,-1.648915681308832
1,2025_may_08_14,13.333333015441895,45.60416793823242,-1.037562904044682,-1.0395370681087082
1,2025_may_08_14,13.375,45.60416793823242,0.21519011973598196,0.2181530835448449
1,2025_may_08_14,13.416666984558105,45.60416793823242,0.5015990976501417,0.5045324284588494
1,2025_may_08_14,13.458333015441895,45.60416793823242,0.5251899164233185,0.5279432191037678
1,2025_may_08_14,13.5,45.60416793823242,0.8235615551959952,0.8272878133713301
1,2025_may_08_14,13.708333015441895,45.60416793823242,-2.0093518747492083,-2.015331056475819
1,2025_may_08_14,13.166666984558105,45.64583206176758,0.46153413469290344,0.46288191299191517
1,2025_may_08_14,13.208333015441895,45.64583206176758,1.0361568890195352,1.0394557873207293
1,2025_may_08_14,13.25,45.64583206176758,1.0794724542528338,1.082577733409731
1,2025_may_08_14,13.291666984558105,45.64583206176758,0.8545124601851541,0.8572571873030698
1,2025_may_08_14,13.333333015441895,45.64583206176758,0.6302496666633058,0.633477775558902
1,2025_may_08_14,13.375,45.64583206176758,-0.7392700616155489,-0.7406272103734095
1,2025_may_08_14,13.416666984558105,45.64583206176758,-1.640353693214659,-1.6450023479494083
1,2025_may_08_14,13.458333015441895,45.64583206176758,-0.510756078490947,-0.5107300235442853
1,2025_may_08_14,13.5,45.64583206176758,0.5649156251939687,0.5681964747095838
1,2025_may_08_14,13.541666984558105,45.64583206176758,0.7493700585467199,0.7529671433793758
1,2025_may_08_14,13.583333015441895,45.64583206176758,0.8552092687789034,0.8584958744235548
1,2025_may_08_14,13.625,45.64583206176758,0.3450991613436972,0.3457117568428581
1,2025_may_08_14,13.666666984558105,45.64583206176758,-0.5444498957424146,-0.5468578455395019
1,2025_may_08_14,13.708333015441895,45.64583206176758,-0.8536776406816889,-0.8556073946321107
1,2025_may_08_14,13.166666984558105,45.6875,-0.6913661674257654,-0.6939593336583537
1,2025_may_08_14,13.208333015441895,45.6875,-1.2066043836059417,-1.21019621839693
1,2025_may_08_14,13.25,45.6875,-1.1010871904450747,-1.104575894395089
1,2025_may_08_14,13.291666984558105,45.6875,-1.6749629253484455,-1.6803405023587006
1,2025_may_08_14,13.458333015441895,45.6875,-2.1953332559204664,-2.2009400699002657
1,2025_may_08_14,13.5,45.6875,-1.7721877983105152,-1.775297136497987
1,2025_may_08_14,13.541666984558105,45.6875,-0.38753080227221004,-0.3878323361118843
1,2025_may_08_14,13.583333015441895,45.6875,-0.18603005160894603,-0.18572584677593454
1,2025_may_08_14,13.625,45.6875,-0.4423082415387079,-0.44265288657992163
1,2025_may_08_14,13.666666984558105,45.6875,-1.28437137250492,-1.2878678681963591
1,2025_may_08_14,13.708333015441895,45.6875,-1.7177119678952446,-1.72339857725834
1,2025_may_08_14,13.541666984558105,45.72916793823242,-2.060629054764988,-2.067125283296411
1,2025_may_08_14,13.583333015441895,45.72916793823242,-1.7412471679207788,-1.7476764446413326
1,2025_may_08_14,13.625,45.72916793823242,-1.9159352559737557,-1.922360767024603
1,2025_may_08_14,13.666666984558105,45.72916793823242,-1.9647400042634675,-1.9707882253300555
1,2025_may_15_21,13.166666984558105,45.47916793823242,-2.087767049605223,-2.0939617182346564
1,2025_may_15_21,13.208333015441895,45.47916793823242,-2.065082817852038,-2.0708433882315758
1,2025_may_15_21,13.166666984558105,45.52083206176758,-1.9712421168595178,-1.9770350291258638
1,2025_may_15_21,13.208333015441895,45.52083206176758,-2.241071341601387,-2.2505691141500157
1,2025_may_15_21,13.25,45.52083206176758,-1.9889508189049525,-1.9961654081040943
1,2025_may_15_21,13.166666984558105,45.5625,-1.657355085130247,-1.6599604442427118
1,2025_may_15_21,13.208333015441895,45.5625,-2.0456131148787264,-2.0505676067123497
1,2025_may_15_21,13.25,45.5625,-2.2572384186528263,-2.2624873417861044
1,2025_may_15_21,13.291666984558105,45.5625,-2.3873794178539547,-2.3930833567129213
1,2025_may_15_21,13.333333015441895,45.5625,-2.2420315911837143,-2.2468723199179728
1,2025_may_15_21,13.166666984558105,45.60416793823242,0.3750781043135287,0.3756783480592397
1,2025_may_15_21,13.208333015441895,45.60416793823242,0.15116215152299578,0.1515710750723234
1,2025_may_15_21,13.25,45.60416793823242,-0.7869932975816459,-0.7888540213889433
1,2025_may_15_21,13.291666984558105,45.60416793823242,-1.655035630511351,-1.658672918081887
1,2025_may_15_21,13.333333015441895,45.60416793823242,-1.2179249683403477,-1.2208342298564503
1,2025_may_15_21,13.375,45.60416793823242,0.26136121438173043,0.2618190544177742
1,2025_may_15_21,13.416666984558105,45.60416793823242,0.546915580734689,0.5484900558978497
1,2025_may_15_21,13.458333015441895,45.60416793823242,0.5570169532937337,0.5598760761516723
1,2025_may_15_21,13.5,45.60416793823242,0.69909846174164,0.7032723970478053
1,2025_may_15_21,13.708333015441895,45.60416793823242,-2.0131409588769213,-2.0173058954306256
1,2025_may_15_21,13.166666984558105,45.64583206176758,0.523838929925515,0.5266659040768819
1,2025_may_15_21,13.208333015441895,45.64583206176758,1.1792256255713305,1.1835766962190024
1,2025_may_15_21,13.25,45.64583206176758,1.1350995541730773,1.1394626288653067
1,2025_may_15_21,13.291666984558105,45.64583206176758,0.8659202058553835,0.8687787556109038
1,2025_may_15_21,13.333333015441895,45.64583206176758,0.5810638491912189,0.5847459875913484
1,2025_may_15_21,13.375,45.64583206176758,-0.8753849651733431,-0.8749375987953038
1,2025_may_15_21,13.416666984558105,45.64583206176758,-1.599123961852559,-1.6023140658924302
1,2025_may_15_21,13.458333015441895,45.64583206176758,-0.5396465599564312,-0.5386287192274704
1,2025_may_15_21,13.5,45.64583206176758,0.6321616174425208,0.6337662934554188
1,2025_may_15_21,13.541666984558105,45.64583206176758,0.8328303237309085,0.8345183674136072
1,2025_may_15_21,13.583333015441895,45.64583206176758,1.0492600231295997,1.0521560208322398
1,2025_may_15_21,13.625,45.64583206176758,0.5363922127236781,0.5349549781186681
1,2025_may_15_21,13.666666984558105,45.64583206176758,-0.6297195913173932,-0.6318297449917349
1,2025_may_15_21,13.708333015441895,45.64583206176758,-1.0083431467030068,-1.0104920087528233
1,2025_may_15_21,13.166666984558105,45.6875,-0.777338639213191,-0.7765227102407845
1,2025_may_15_21,13.208333015441895,45.6875,-1.3352639141534546,-1.3366939434198157
1,2025_may_15_21,13.25,45.6875,-1.2410228553807001,-1.2440134627717279
1,2025_may_15_21,13.291666984558105,45.6875,-1.6959676167550304,-1.6997476716386841
1,2025_may_15_21,13.458333015441895,45.6875,-2.183682093637206,-2.1884464660600593
1,2025_may_15_21,13.5,45.6875,-1.74891233758009,-1.754287852955607
1,2025_may_15_21,13.541666984558105,45.6875,-0.4967393504952101,-0.4989502181303087
1,2025_may_15_21,13.583333015441895,45.6875,-0.07286465342556747,-0.07291006498087475
1,2025_may_15_21,13.625,45.6875,-0.28091206802965646,-0.2804666735641001
1,2025_may_15_21,13.666666984558105,45.6875,-1.3418605800634327,-1.3422110640194624
1,2025_may_15_21,13.708333015441895,45.6875,-1.7707933142242187,-1.7703443458244827
1,2025_may_15_21,13.541666984558105,45.72916793823242,-1.921721217821548,-1.9266812710130363
1,2025_may_15_21,13.583333015441895,45.72916793823242,-1.3766462822338308,-1.3774562030105895
1,2025_may_15_21,13.625,45.72916793823242,-1.7213092615188512,-1.7256636642426142
1,2025_may_15_21,13.666666984558105,45.72916793823242,-2.048132021730038,-2.0536654435111674
1,2025_may_22_28,13.166666984558105,45.47916793823242,-2.0544430919981687,-2.0591921579134946
1,2025_may_22_28,13.208333015441895,45.47916793823242,-2.019821159551193,-2.0240586452495486
1,2025_may_22_28,13.166666984558105,45.52083206176758,-1.9056627350366957,-1.9111573335913026
1,2025_may_22_28,13.208333015441895,45.52083206176758,-2.190847948846353,-2.196752465241567
1,2025_may_22_28,13.25,45.52083206176758,-2.0557190689595157,-2.060812712175652
1,2025_may_22_28,13.166666984558105,45.5625,-1.4850433035326125,-1.4879208964577315
1,2025_may_22_28,13.208333015441895,45.5625,-1.911543660048991,-1.9157619467751412
1,2025_may_22_28,13.25,45.5625,-2.12379338285075,-2.1277733499358864
1,2025_may_22_28,13.291666984558105,45.5625,-2.320530001070107,-2.326106421006411
1,2025_may_22_28,13.333333015441895,45.5625,-2.1982317623609804,-2.2036390791491285
1,2025_may_22_28,13.166666984558105,45.60416793823242,0.353310429055656,0.35508743584333186
1,2025_may_22_28,13.208333015441895,45.60416793823242,0.12183561681445626,0.12228967535895172
1,2025_may_22_28,13.25,45.60416793823242,-0.9486547281523575,-0.9529167703097848
1,2025_may_22_28,13.291666984558105,45.60416793823242,-1.6514204305604279,-1.656185622334213
1,2025_may_22_28,13.333333015441895,45.60416793823242,-1.1612317168561748,-1.16387348159227
1,2025_may_22_28,13.375,45.60416793823242,0.2529271311133217,0.25581446784825695
1,2025_may_22_28,13.416666984558105,45.60416793823242,0.5321124791815339,0.5349478233442723
1,2025_may_22_28,13.458333015441895,45.60416793823242,0.46113660126473316,0.4637376847484234
1,2025_may_22_28,13.5,45.60416793823242,0.7173214437701266,0.7196438439617313
1,2025_may_22_28,13.708333015441895,45.60416793823242,-2.009222401702804,-2.0139212389240924
1,2025_may_22_28,13.166666984558105,45.64583206176758,0.46238411519046063,0.46383096774544375
1,2025_may_22_28,13.208333015441895,45.64583206176758,1.0074027594121415,1.0105049045546235
1,2025_may_22_28,13.25,45.64583206176758,0.9433286997158478,0.9463892468942317
1,2025_may_22_28,13.291666984558105,45.64583206176758,0.7234020795010594,0.7258012990005985
1,2025_may_22_28,13.333333015441895,45.64583206176758,0.5069757977039523,0.5102908396231419
1,2025_may_22_28,13.375,45.64583206176758,-0.8691051679091323,-0.8674738148138378
1,2025_may_22_28,13.416666984558105,45.64583206176758,-1.5862089627441025,-1.5888678640243976
1,2025_may_22_28,13.458333015441895,45.64583206176758,-0.5944952364362498,-0.5941403650127174
1,2025_may_22_28,13.5,45.64583206176758,0.4896964685205542,0.4930888772570159
1,2025_may_22_28,13.541666984558105,45.64583206176758,0.7616576773204601,0.7650532127131773
1,2025_may_22_28,13.583333015441895,45.64583206176758,0.8591551421862368,0.8628244658170573
1,2025_may_22_28,13.625,45.64583206176758,0.29867781955316675,0.2986933314914342
1,2025_may_22_28,13.666666984558105,45.64583206176758,-0.7107663954414501,-0.71442531954834
1,2025_may_22_28,13.708333015441895,45.64583206176758,-0.9640501880966963,-0.9675229284163784
1,2025_may_22_28,13.166666984558105,45.6875,-0.6897457009288097,-0.6911730861676592
1,2025_may_22_28,13.208333015441895,45.6875,-1.1678461825866044,-1.1684742078578692
1,2025_may_22_28,13.25,45.6875,-1.213436346734655,-1.2152317747091932
1,2025_may_22_28,13.291666984558105,45.6875,-1.7318808381387523,-1.736890050271123
1,2025_may_22_28,13.458333015441895,45.6875,-2.066554249202493,-2.0719999971756535
1,2025_may_22_28,13.5,45.6875,-1.6071204439004714,-1.6112174983257128
1,2025_may_22_28,13.541666984558105,45.6875,-0.4200311006146495,-0.42049807949760715
1,2025_may_22_28,13.583333015441895,45.6875,-0.08509589545129312,-0.08480208207501196
1,2025_may_22_28,13.625,45.6875,-0.3097146424466004,-0.30918527964734954
1,2025_may_22_28,13.666666984558105,45.6875,-1.221359801509872,-1.2237617836410013
1,2025_may_22_28,13.708333015441895,45.6875,-1.7324508885083263,-1.7388121934899063
1,2025_may_22_28,13.541666984558105,45.72916793823242,-1.7523676676013697,-1.7579771358503666
1,2025_may_22_28,13.583333015441895,45.72916793823242,-1.4488394995912348,-1.4548952623743798
1,2025_may_22_28,13.625,45.72916793823242,-1.51443634908583,-1.520379730332122
1,2025_may_22_28,13.666666984558105,45.72916793823242,-1.7345629988349494,-1.7398271542006822
1,2025_november_01_07,13.166666984558105,45.47916793823242,-1.977232863286154,-1.9831818487523518
1,2025_november_01_07,13.208333015441895,45.47916793823242,-2.0138179226968576,-2.020537586650437
1,2025_november_01_07,13.166666984558105,45.52083206176758,-1.9521383484673573,-1.95646051350437
1,2025_november_01_07,13.208333015441895,45.52083206176758,-2.169580706391575,-2.1747697540929067
1,2025_november_01_07,13.25,45.52083206176758,-2.0465471658679526,-2.0516079260811373
1,2025_november_01_07,13.166666984558105,45.5625,-1.7745117755289743,-1.7795819324517337
1,2025_november_01_07,13.208333015441895,45.5625,-2.324892559036397,-2.3308253716882357
1,2025_november_01_07,13.25,45.5625,-2.535658951047805,-2.5420542122709295
1,2025_november_01_07,13.291666984558105,45.5625,-2.413012162720157,-2.4192725297596853
1,2025_november_01_07,13.333333015441895,45.5625,-1.96763757999052,-1.9731701984545975
1,2025_november_01_07,13.166666984558105,45.60416793823242,0.5744327251563267,0.5755813436706098
1,2025_november_01_07,13.208333015441895,45.60416793823242,0.4985192947185058,0.49958207130164284
1,2025_november_01_07,13.25,45.60416793823242,-0.4826866481006598,-0.48369506552281505
1,2025_november_01_07,13.291666984558105,45.60416793823242,-1.3503028514465563,-1.3538333807791814
1,2025_november_01_07,13.333333015441895,45.60416793823242,-0.8297452555652693,-0.8322099636971565
1,2025_november_01_07,13.375,45.60416793823242,0.2761120920823008,0.2760374798277443
1,2025_november_01_07,13.416666984558105,45.60416793823242,0.5462431701774022,0.5472315655032384
1,2025_november_01_07,13.458333015441895,45.60416793823242,0.5063447689868097,0.5078233893902391
1,2025_november_01_07,13.5,45.60416793823242,0.8158477026017452,0.8180571879018688
1,2025_november_01_07,13.708333015441895,45.60416793823242,-2.0202458488093136,-2.025347202398185
1,2025_november_01_07,13.166666984558105,45.64583206176758,0.5925733155001903,0.5936197013063934
1,2025_november_01_07,13.208333015441895,45.64583206176758,1.0755632007076312,1.0777982400143904
1,2025_november_01_07,13.25,45.64583206176758,1.0647974091593249,1.0669787738139362
1,2025_november_01_07,13.291666984558105,45.64583206176758,0.9513601899774178,0.9536549385796734
1,2025_november_01_07,13.333333015441895,45.64583206176758,0.6985867309609723,0.7005496514287635
1,2025_november_01_07,13.375,45.64583206176758,-1.1202787180323117,-1.1233212902566339
1,2025_november_01_07,13.416666984558105,45.64583206176758,-1.7285478448400098,-1.731923702446745
1,2025_november_01_07,13.458333015441895,45.64583206176758,-0.4828810372640468,-0.4835961401266608
1,2025_november_01_07,13.5,45.64583206176758,0.5026217274926212,0.5040468737131841
1,2025_november_01_07,13.541666984558105,45.64583206176758,0.7118811372967783,0.7138679854805179
1,2025_november_01_07,13.583333015441895,45.64583206176758,0.8445696545968129,0.8469515452246564
1,2025_november_01_07,13.625,45.64583206176758,0.4554046164222803,0.4558352469770914
1,2025_november_01_07,13.666666984558105,45.64583206176758,-0.6721876993249419,-0.676378954465109
1,2025_november_01_07,13.708333015441895,45.64583206176758,-1.0238947735671147,-1.0289238101191327
1,2025_november_01_07,13.166666984558105,45.6875,-0.30464069809289995,-0.3050285189286514
1,2025_november_01_07,13.208333015441895,45.6875,-1.140120624195341,-1.1424274134132995
1,2025_november_01_07,13.25,45.6875,-1.4848537128128194,-1.4882575821441673
1,2025_november_01_07,13.291666984558105,45.6875,-1.9180275553183261,-1.921816224902098
1,2025_november_01_07,13.458333015441895,45.6875,-2.103187902411105,-2.109022111873649
1,2025_november_01_07,13.5,45.6875,-1.8080444875732664,-1.8136520660947417
1,2025_november_01_07,13.541666984558105,45.6875,-0.5304660639778165,-0.5328783998217806
1,2025_november_01_07,13.583333015441895,45.6875,-0.1622210179962468,-0.16323434471503473
1,2025_november_01_07,13.625,45.6875,-0.4057006048802293,-0.40728032216243654
1,2025_november_01_07,13.666666984558105,45.6875,-1.1168291176855423,-1.120228093002255
1,2025_november_01_07,13.708333015441895,45.6875,-1.362534930575752,-1.366766556989938
1,2025_november_01_07,13.541666984558105,45.72916793823242,-1.870122102019989,-1.876616253027755
1,2025_november_01_07,13.583333015441895,45.72916793823242,-1.4684145150680181,-1.4744622707255588
1,2025_november_01_07,13.625,45.72916793823242,-1.5953308756131257,-1.6022639647086871
1,2025_november_01_07,13.666666984558105,45.72916793823242,-1.7805665136703086,-1.7874464496950782
1,2025_november_08_14,13.166666984558105,45.47916793823242,-2.0728383972950453,-2.0776964694457702
1,2025_november_08_14,13.208333015441895,45.47916793823242,-2.105005735103909,-2.109314085165559
1,2025_november_08_14,13.166666984558105,45.52083206176758,-1.7591475999945243,-1.76464487586805
1,2025_november_08_14,13.208333015441895,45.52083206176758,-1.9746577844937108,-1.9800145934530955
1,2025_november_08_14,13.25,45.52083206176758,-1.953162125424631,-1.9586453148337808
1,2025_november_08_14,13.166666984558105,45.5625,-1.6898504516447208,-1.6923280910415324
1,2025_november_08_14,13.208333015441895,45.5625,-2.0513747845083925,-2.0556056085761774
1,2025_november_08_14,13.25,45.5625,-2.3058733068222996,-2.310641095183039
1,2025_november_08_14,13.291666984558105,45.5625,-2.20850108955119,-2.212715838041769
1,2025_november_08_14,13.333333015441895,45.5625,-1.9057293450705697,-1.9091846486861965
1,2025_november_08_14,13.166666984558105,45.60416793823242,0.5675270033264725,0.5689535046317409
1,2025_november_08_14,13.208333015441895,45.60416793823242,0.45123488751273655,0.4526473675587157
1,2025_november_08_14,13.25,45.60416793823242,-0.510744092341749,-0.5119323320905994
1,2025_november_08_14,13.291666984558105,45.60416793823242,-1.3848848799349391,-1.388210845443768
1,2025_november_08_14,13.333333015441895,45.60416793823242,-0.8093414441756092,-0.8108625333106904
1,2025_november_08_14,13.375,45.60416793823242,0.26423606613601436,0.2662544796601675
1,2025_november_08_14,13.416666984558105,45.60416793823242,0.5365141085458678,0.5379885422993855
1,2025_november_08_14,13.458333015441895,45.60416793823242,0.5511357581129427,0.5534125324761461
1,2025_november_08_14,13.5,45.60416793823242,0.7561884495854541,0.7594560131142976
1,2025_november_08_14,13.708333015441895,45.60416793823242,-1.8219832349362002,-1.8275644422724606
1,2025_november_08_14,13.166666984558105,45.64583206176758,0.6023642863214748,0.6035989904478251
1,2025_november_08_14,13.208333015441895,45.64583206176758,1.1452858106696873,1.1467312363876565
1,2025_november_08_14,13.25,45.64583206176758,1.0829417568205122,1.0837148658284175
1,2025_november_08_14,13.291666984558105,45.64583206176758,0.8442954446591184,0.8448516766611331
1,2025_november_08_14,13.333333015441895,45.64583206176758,0.6086081778878781,0.609261412494921
1,2025_november_08_14,13.375,45.64583206176758,-0.967626515121953,-0.9669836362719895
1,2025_november_08_14,13.416666984558105,45.64583206176758,-1.6579886266032775,-1.6603397637528579
1,2025_november_08_14,13.458333015441895,45.64583206176758,-0.6718924427280529,-0.6744205323858994
1,2025_november_08_14,13.5,45.64583206176758,0.5984061476357742,0.5996145718276277
1,2025_november_08_14,13.541666984558105,45.64583206176758,0.8675552718988478,0.8709146792205456
1,2025_november_08_14,13.583333015441895,45.64583206176758,0.9303619413705845,0.9327371296076051
1,2025_november_08_14,13.625,45.64583206176758,0.4244302686625613,0.4243425294320946
1,2025_november_08_14,13.666666984558105,45.64583206176758,-0.5292385850010561,-0.5316602210917755
1,2025_november_08_14,13.708333015441895,45.64583206176758,-1.0778993890178212,-1.0811607161043504
1,2025_november_08_14,13.166666984558105,45.6875,-0.37384732352041533,-0.3741074862395251
1,2025_november_08_14,13.208333015441895,45.6875,-1.1387929828854226,-1.1397867907251018
1,2025_november_08_14,13.25,45.6875,-1.4898117616586934,-1.492169537991268
1,2025_november_08_14,13.291666984558105,45.6875,-1.9025390728610334,-1.906648568744206
1,2025_november_08_14,13.458333015441895,45.6875,-2.281250564493653,-2.2856125423893885
1,2025_november_08_14,13.5,45.6875,-1.9335251900640134,-1.9364957042436646
1,2025_november_08_14,13.541666984558105,45.6875,-0.5902902737188489,-0.5901695211502455
1,2025_november_08_14,13.583333015441895,45.6875,-0.05068440918439078,-0.05039520881175431
1,2025_november_08_14,13.625,45.6875,-0.3434837894514268,-0.3434980143499686
1,2025_november_08_14,13.666666984558105,45.6875,-1.2107814940207746,-1.2127372773919496
1,2025_november_08_14,13.708333015441895,45.6875,-1.4760306232890987,-1.480569205504043
1,2025_november_08_14,13.541666984558105,45.72916793823242,-1.9489482036344286,-1.9547575922276685
1,2025_november_08_14,13.583333015441895,45.72916793823242,-1.5667267387904271,-1.5729525195202558
1,2025_november_08_14,13.625,45.72916793823242,-1.9056984691904675,-1.9107793687565786
1,2025_november_08_14,13.666666984558105,45.72916793823242,-2.0256654062281063,-2.0298906105880477
1,2025_november_15_21,13.166666984558105,45.47916793823242,-2.0893130908614532,-2.0948443320526042
1,2025_november_15_21,13.208333015441895,45.47916793823242,-2.059499059838003,-2.0649135465331407
1,2025_november_15_21,13.166666984558105,45.52083206176758,-1.5636622536733424,-1.5683194842204515
1,2025_november_15_21,13.208333015441895,45.52083206176758,-1.7936182450495533,-1.7989421432964243
1,2025_november_15_21,13.25,45.52083206176758,-1.8209547823695904,-1.8256348705276644
1,2025_november_15_21,13.166666984558105,45.5625,-1.726684158269144,-1.7313010193200673
1,2025_november_15_21,13.208333015441895,45.5625,-2.1516781795774267,-2.1573609691695723
1,2025_november_15_21,13.25,45.5625,-2.219691536966892,-2.2260210442172235
1,2025_november_15_21,13.291666984558105,45.5625,-2.186398457375296,-2.1921881536045555
1,2025_november_15_21,13.333333015441895,45.5625,-1.8535140617802124,-1.8579817497712718
1,2025_november_15_21,13.166666984558105,45.60416793823242,0.5550799224423013,0.5562909810695048
1,2025_november_15_21,13.208333015441895,45.60416793823242,0.44326393593732877,0.4446895098348508
1,2025_november_15_21,13.25,45.60416793823242,-0.5608609941763393,-0.5618022234851794
1,2025_november_15_21,13.291666984558105,45.60416793823242,-1.328645412486473,-1.3317258591167374
1,2025_november_15_21,13.333333015441895,45.60416793823242,-0.7418124518333857,-0.743548973369047
1,2025_november_15_21,13.375,45.60416793823242,0.22412173863330648,0.22461437607667586
1,2025_november_15_21,13.416666984558105,45.60416793823242,0.3713523037550379,0.37294136207917616
1,2025_november_15_21,13.458333015441895,45.60416793823242,0.4399507978900862,0.4422597138348627
1,2025_november_15_21,13.5,45.60416793823242,0.7309474335924327,0.7336522589357246
1,2025_november_15_21,13.708333015441895,45.60416793823242,-1.8427060835320692,-1.848566177354919
1,2025_november_15_21,13.166666984558105,45.64583206176758,0.5745324992371269,0.5754340730722535
1,2025_november_15_21,13.208333015441895,45.64583206176758,0.9794452079704786,0.9806584722813402
1,2025_november_15_21,13.25,45.64583206176758,0.9444381648624913,0.9457615005702744
1,2025_november_15_21,13.291666984558105,45.64583206176758,0.8621820510197539,0.8638492497403931
1,2025_november_15_21,13.333333015441895,45.64583206176758,0.6388054150267514,0.6401266665879224
1,2025_november_15_21,13.375,45.64583206176758,-1.0244602206850106,-1.027425807462892
1,2025_november_15_21,13.416666984558105,45.64583206176758,-1.4827946826657321,-1.4865708815149605
1,2025_november_15_21,13.458333015441895,45.64583206176758,-0.4155651745148278,-0.41604228565099244
1,2025_november_15_21,13.5,45.64583206176758,0.4871601937068125,0.4886466128236158
1,2025_november_15_21,13.541666984558105,45.64583206176758,0.7428331597569143,0.7448891711359269
1,2025_november_15_21,13.583333015441895,45.64583206176758,0.9254378078670478,0.9276858230183583
1,2025_november_15_21,13.625,45.64583206176758,0.3473939453183041,0.3475835000518519
1,2025_november_15_21,13.666666984558105,45.64583206176758,-0.8161386844063336,-0.8184993686860544
1,2025_november_15_21,13.708333015441895,45.64583206176758,-1.0394718648595025,-1.0432312431547635
1,2025_november_15_21,13.166666984558105,45.6875,-0.32760095850861753,-0.3280167780797982
1,2025_november_15_21,13.208333015441895,45.6875,-1.124925151428643,-1.1270557423741643
1,2025_november_15_21,13.25,45.6875,-1.457546371866442,-1.4610490472120885
1,2025_november_15_21,13.291666984558105,45.6875,-1.7139445857480997,-1.7182931094374485
1,2025_november_15_21,13.458333015441895,45.6875,-2.233869696281602,-2.2390873769117996
1,2025_november_15_21,13.5,45.6875,-1.7433192795194727,-1.7473758867271065
1,2025_november_15_21,13.541666984558105,45.6875,-0.6138648031689828,-0.6158368760816079
1,2025_november_15_21,13.583333015441895,45.6875,-0.19971544704034777,-0.2001546579739836
1,2025_november_15_21,13.625,45.6875,-0.44590077562242414,-0.44638708815673517
1,2025_november_15_21,13.666666984558105,45.6875,-1.424543547598752,-1.429640964688528
1,2025_november_15_21,13.708333015441895,45.6875,-1.4840402901855256,-1.490060241714566
1,2025_november_15_21,13.541666984558105,45.72916793823242,-1.9430340661500742,-1.9483995200413107
1,2025_november_15_21,13.583333015441895,45.72916793823242,-1.4723311148632896,-1.4768183172241491
1,2025_november_15_21,13.625,45.72916793823242,-1.7227793681161643,-1.7282699016500394
1,2025_november_15_21,13.666666984558105,45.72916793823242,-2.046807323296686,-2.0524649578657197
1,2025_november_22_28,13.166666984558105,45.47916793823242,-2.106917865042503,-2.112551192883204
1,2025_november_22_28,13.208333015441895,45.47916793823242,-1.97345353380963,-1.9792035936998131
1,2025_november_22_28,13.166666984558105,45.52083206176758,-1.632108186028262,-1.637360679659186
1,2025_november_22_28,13.208333015441895,45.52083206176758,-1.8457238205379638,-1.8509956670246266
1,2025_november_22_28,13.25,45.52083206176758,-1.79041184016416,-1.7962817032789355
1,2025_november_22_28,13.166666984558105,45.5625,-1.6357260143219103,-1.6395665049432493
1,2025_november_22_28,13.208333015441895,45.5625,-2.007518995552029,-2.0120894574230954
1,2025_november_22_28,13.25,45.5625,-2.239373444313439,-2.245350079844208
1,2025_november_22_28,13.291666984558105,45.5625,-2.2641188937815357,-2.2703614247217097
1,2025_november_22_28,13.333333015441895,45.5625,-1.7645299241826007,-1.7672071625518382
1,2025_november_22_28,13.166666984558105,45.60416793823242,0.5762561877061828,0.5769093298313922
1,2025_november_22_28,13.208333015441895,45.60416793823242,0.46582866121990557,0.4665401180588195
1,2025_november_22_28,13.25,45.60416793823242,-0.48954584510757004,-0.4904163960873102
1,2025_november_22_28,13.291666984558105,45.60416793823242,-1.2496906342670098,-1.2527336239534932
1,2025_november_22_28,13.333333015441895,45.60416793823242,-0.743772539373617,-0.7448765885388398
1,2025_november_22_28,13.375,45.60416793823242,0.26981421916175563,0.2718840579493714
1,2025_november_22_28,13.416666984558105,45.60416793823242,0.5282437519402322,0.5303796518557803
1,2025_november_22_28,13.458333015441895,45.60416793823242,0.5919940265855193,0.5940723416911577
1,2025_november_22_28,13.5,45.60416793823242,0.7532688629269054,0.7564914680208837
1,2025_november_22_28,13.708333015441895,45.60416793823242,-1.9760614715031521,-1.9818172426210177
1,2025_november_22_28,13.166666984558105,45.64583206176758,0.6264681543943891,0.6275429785264166
1,2025_november_22_28,13.208333015441895,45.64583206176758,0.9647627888306988,0.9664528763764761
1,2025_november_22_28,13.25,45.64583206176758,0.9099044712880056,0.9117348351019413
1,2025_november_22_28,13.291666984558105,45.64583206176758,0.7912853493488372,0.7931437658503238
1,2025_november_22_28,13.333333015441895,45.64583206176758,0.5172454070393852,0.5198505076455393
1,2025_november_22_28,13.375,45.64583206176758,-0.9823385865195757,-0.9832116997323861
1,2025_november_22_28,13.416666984558105,45.64583206176758,-1.7289408498489043,-1.731993554248125
1,2025_november_22_28,13.458333015441895,45.64583206176758,-0.529323960621044,-0.5290273409968045
1,2025_november_22_28,13.5,45.64583206176758,0.7268383069147311,0.7294391059888315
1,2025_november_22_28,13.541666984558105,45.64583206176758,0.9000618398142965,0.9029693690287606
1,2025_november_22_28,13.583333015441895,45.64583206176758,0.9336299123238014,0.9369384816690476
1,2025_november_22_28,13.625,45.64583206176758,0.47185785543537057,0.4729670213646865
1,2025_november_22_28,13.666666984558105,45.64583206176758,-0.6763491595129256,-0.6788583235531856
1,2025_november_22_28,13.708333015441895,45.64583206176758,-1.1205960484912396,-1.1240033231712843
1,2025_november_22_28,13.166666984558105,45.6875,-0.28073548580647056,-0.2814780250407372
1,2025_november_22_28,13.208333015441895,45.6875,-1.1097042058270452,-1.1120184292575475
1,2025_november_22_28,13.25,45.6875,-1.5297694673945694,-1.5333201637281735
1,2025_november_22_28,13.291666984558105,45.6875,-1.9105785689570045,-1.9155283319576513
1,2025_november_22_28,13.458333015441895,45.6875,-2.209998701064745,-2.215706693131287
1,2025_november_22_28,13.5,45.6875,-1.9034194869515475,-1.9080990059589245
1,2025_november_22_28,13.541666984558105,45.6875,-0.6305008706909291,-0.6306853639389036
1,2025_november_22_28,13.583333015441895,45.6875,-0.09361535690869591,-0.09285309207647345
1,2025_november_22_28,13.625,45.6875,-0.4039621513182635,-0.4040398434398789
1,2025_november_22_28,13.666666984558105,45.6875,-1.0987539361971947,-1.1010241864818842
1,2025_november_22_28,13.708333015441895,45.6875,-1.3626400049030816,-1.3666956940522692
1,2025_november_22_28,13.541666984558105,45.72916793823242,-1.8117241967632947,-1.817589592495401
1,2025_november_22_28,13.583333015441895,45.72916793823242,-1.4494741454647702,-1.455424918024804
1,2025_november_22_28,13.625,45.72916793823242,-1.5868284691448376,-1.591820159967195
1,2025_november_22_28,13.666666984558105,45.72916793823242,-1.9274636818253215,-1.9324381112984017
10,2025_may_01_07,13.166666984558105,45.47916793823242,-2.019774121999063,-2.024511511427414
10,2025_may_01_07,13.208333015441895,45.47916793823242,-2.0145413662551555,-2.0207970107714477
10,2025_may_01_07,13.166666984558105,45.52083206176758,-1.9428629061782174,-1.9490722759844503
10,2025_may_01_07,13.208333015441895,45.52083206176758,-2.2164020099689705,-2.223506615068095
10,2025_may_01_07,13.25,45.52083206176758,-2.045337125815738,-2.051611348259461
10,2025_may_01_07,13.166666984558105,45.5625,-1.6447000328369867,-1.6452696763663532
10,2025_may_01_07,13.208333015441895,45.5625,-2.1210792565747596,-2.125491433980684
10,2025_may_01_07,13.25,45.5625,-2.2900948542103357,-2.295368536374139
10,2025_may_01_07,13.291666984558105,45.5625,-2.3482264037648464,-2.3545406529900212
10,2025_may_01_07,13.333333015441895,45.5625,-2.313080957486107,-2.3192963119550654
10,2025_may_01_07,13.166666984558105,45.60416793823242,0.23243257417947963,0.23199923887593146
10,2025_may_01_07,13.208333015441895,45.60416793823242,0.016918614509565635,0.016375495797799924
10,2025_may_01_07,13.25,45.60416793823242,-0.9909966785550461,-0.9927573232496687
10,2025_may_01_07,13.291666984558105,45.60416793823242,-1.6314248016048472,-1.6353565946175854
10,2025_may_01_07,13.333333015441895,45.60416793823242,-1.2247642146385462,-1.227801946992997
10,2025_may_01_07,13.375,45.60416793823242,0.13850155114779952,0.14126232327082264
10,2025_may_01_07,13.416666984558105,45.60416793823242,0.5315813703379756,0.5347037521416051
10,2025_may_01_07,13.458333015441895,45.60416793823242,0.5889440505523391,0.5906348865594565
10,2025_may_01_07,13.5,45.60416793823242,0.8782477921730417,0.881726076823484
10,2025_may_01_07,13.708333015441895,45.60416793823242,-1.9999167016116668,-2.005187247722304
10,2025_may_01_07,13.166666984558105,45.64583206176758,0.5542433335568964,0.5561331169444476
10,2025_may_01_07,13.208333015441895,45.64583206176758,1.1602466150640116,1.1633813975037186
10,2025_may_01_07,13.25,45.64583206176758,1.0850474827498362,1.0886628947375716
10,2025_may_01_07,13.291666984558105,45.64583206176758,0.8102404169943598,0.8141140431558317
10,2025_may_01_07,13.333333015441895,45.64583206176758,0.5358189255205403,0.5394284616389325
10,2025_may_01_07,13.375,45.64583206176758,-0.8748915749410777,-0.876041454125975
10,2025_may_01_07,13.416666984558105,45.64583206176758,-1.615674545674226,-1.6191933327345194
10,2025_may_01_07,13.458333015441895,45.64583206176758,-0.4976712793776468,-0.49731768709012003
10,2025_may_01_07,13.5,45.64583206176758,0.6059201776166708,0.6089149616604979
10,2025_may_01_07,13.541666984558105,45.64583206176758,0.8969979807831193,0.898695726420536
10,2025_may_01_07,13.583333015441895,45.64583206176758,0.993303394040309,0.9958110666754637
10,2025_may_01_07,13.625,45.64583206176758,0.3852793999441036,0.38497892714169873
10,2025_may_01_07,13.666666984558105,45.64583206176758,-0.6090148374184812,-0.6124767569815798
10,2025_may_01_07,13.708333015441895,45.64583206176758,-0.867086065178169,-0.8693573971178777
10,2025_may_01_07,13.166666984558105,45.6875,-0.7422856619963797,-0.7415702617227354
10,2025_may_01_07,13.208333015441895,45.6875,-1.2149524723935219,-1.216331278061623
10,2025_may_01_07,13.25,45.6875,-1.2294931313528534,-1.2326913283977423
10,2025_may_01_07,13.291666984558105,45.6875,-1.7444982250252785,-1.7487020406253444
10,2025_may_01_07,13.458333015441895,45.6875,-2.174999425823198,-2.180735306940963
10,2025_may_01_07,13.5,45.6875,-1.8539924437242241,-1.8603765134764678
10,2025_may_01_07,13.541666984558105,45.6875,-0.4363130149024829,-0.4398270958832015
10,2025_may_01_07,13.583333015441895,45.6875,-0.1071031558934991,-0.1070020233931536
10,2025_may_01_07,13.625,45.6875,-0.3376165953926756,-0.33806568758241734
10,2025_may_01_07,13.666666984558105,45.6875,-1.2714573734835495,-1.2738839382433136
10,2025_may_01_07,13.708333015441895,45.6875,-1.9684501356409216,-1.9706716471112198
10,2025_may_01_07,13.541666984558105,45.72916793823242,-1.7622371936422603,-1.764381371743191
10,2025_may_01_07,13.583333015441895,45.72916793823242,-1.4999645761722138,-1.5021874019422203
10,2025_may_01_07,13.625,45.72916793823242,-1.796211365083394,-1.8005855828302757
10,2025_may_01_07,13.666666984558105,45.72916793823242,-2.053577194075558,-2.0587776201993924
10,2025_may_08_14,13.166666984558105,45.47916793823242,-2.016290866246323,-2.0222106947906275
10,2025_may_08_14,13.208333015441895,45.47916793823242,-2.0250099256481073,-2.030380963277765
10,2025_may_08_14,13.166666984558105,45.52083206176758,-1.9103090857079994,-1.9160448953629676
10,2025_may_08_14,13.208333015441895,45.52083206176758,-2.1525846466426617,-2.1594454053311773
10,2025_may_08_14,13.25,45.52083206176758,-1.9979736328167448,-2.0040520577142265
10,2025_may_08_14,13.166666984558105,45.5625,-1.6113412847737993,-1.6157756001048278
10,2025_may_08_14,13.208333015441895,45.5625,-2.0594788468124716,-2.0650631478961925
10,2025_may_08_14,13.25,45.5625,-2.302839371456762,-2.309203534632626
10,2025_may_08_14,13.291666984558105,45.5625,-2.453334716031621,-2.461144754731611
10,2025_may_08_14,13.333333015441895,45.5625,-2.315916483943353,-2.322508871642521
10,2025_may_08_14,13.166666984558105,45.60416793823242,0.2703715710826257,0.2715267295915996
10,2025_may_08_14,13.208333015441895,45.60416793823242,0.14773364972056757,0.147971749118719
10,2025_may_08_14,13.25,45.60416793823242,-0.8598811029732841,-0.8619823209086014
10,2025_may_08_14,13.291666984558105,45.60416793823242,-1.564274567446978,-1.5682084854273644
10,2025_may_08_14,13.333333015441895,45.60416793823242,-1.2453433030885122,-1.2483445987899606
10,2025_may_08_14,13.375,45.60416793823242,0.13071125739162848,0.13363224498964182
10,2025_may_08_14,13.416666984558105,45.60416793823242,0.5274116070079264,0.5302211993015009
10,2025_may_08_14,13.458333015441895,45.60416793823242,0.5661945626371462,0.5696401507303062
10,2025_may_08_14,13.5,45.60416793823242,0.9012143022419201,0.9056538350992968
10,2025_may_08_14,13.708333015441895,45.60416793823242,-1.9524600901475007,-1.958479354425617
10,2025_may_08_14,13.166666984558105,45.64583206176758,0.4131398922675158,0.4143837713413623
10,2025_may_08_14,13.208333015441895,45.64583206176758,0.9837086149831394,0.9860109297543221
10,2025_may_08_14,13.25,45.64583206176758,0.9806431393537636,0.9826581231289534
10,2025_may_08_14,13.291666984558105,45.64583206176758,0.6787595284187181,0.6802090399124564
10,2025_may_08_14,13.333333015441895,45.64583206176758,0.4071435872532258,0.4086603175093143
10,2025_may_08_14,13.375,45.64583206176758,-0.9470048753155565,-0.9477725863475194
10,2025_may_08_14,13.416666984558105,45.64583206176758,-1.616771382184726,-1.620474318877105
10,2025_may_08_14,13.458333015441895,45.64583206176758,-0.5334571813110348,-0.5338887759890092
10,2025_may_08_14,13.5,45.64583206176758,0.635390135642887,0.6387348011920007
10,2025_may_08_14,13.541666984558105,45.64583206176758,0.8719847612751785,0.8750668500680875
10,2025_may_08_14,13.583333015441895,45.64583206176758,1.1087762377771726,1.1126855384521368
10,2025_may_08_14,13.625,45.64583206176758,0.5296412022968566,0.5296193647426843
10,2025_may_08_14,13.666666984558105,45.64583206176758,-0.679983298626764,-0.6835135921066645
10,2025_may_08_14,13.708333015441895,45.64583206176758,-0.8897244495255042,-0.8911819760310338
10,2025_may_08_14,13.166666984558105,45.6875,-0.7733512558605128,-0.7757344033498738
10,2025_may_08_14,13.208333015441895,45.6875,-1.3474159429103687,-1.3499861125932857
10,2025_may_08_14,13.25,45.6875,-1.2129138937741863,-1.2159389837515047
10,2025_may_08_14,13.291666984558105,45.6875,-1.6873934112981528,-1.693070753750057
10,2025_may_08_14,13.458333015441895,45.6875,-1.9719489446071146,-1.978239457279817
10,2025_may_08_14,13.5,45.6875,-1.6972140322643712,-1.7016931222355078
10,2025_may_08_14,13.541666984558105,45.6875,-0.523215445129576,-0.5236327416734075
10,2025_may_08_14,13.583333015441895,45.6875,-0.03841807075972816,-0.037273395855230235
10,2025_may_08_14,13.625,45.6875,-0.21097970597221652,-0.2100376884404303
10,2025_may_08_14,13.666666984558105,45.6875,-1.2066988477618057,-1.2098548241915417
10,2025_may_08_14,13.708333015441895,45.6875,-1.7755169147098673,-1.7824824748682475
10,2025_may_08_14,13.541666984558105,45.72916793823242,-1.8450757022378002,-1.8509450681773563
10,2025_may_08_14,13.583333015441895,45.72916793823242,-1.565117840859983,-1.5723972001674265
10,2025_may_08_14,13.625,45.72916793823242,-1.7692946189623235,-1.7766705139558494
10,2025_may_08_14,13.666666984558105,45.72916793823242,-1.921632137061383,-1.928129379321681
10,2025_may_15_21,13.166666984558105,45.47916793823242,-1.93080917242789,-1.9365236286596357
10,2025_may_15_21,13.208333015441895,45.47916793823242,-1.985599028656651,-1.9914988227132049
10,2025_may_15_21,13.166666984558105,45.52083206176758,-1.8973291454868868,-1.904314535986317
10,2025_may_15_21,13.208333015441895,45.52083206176758,-2.020338119766335,-2.0298775873503825
10,2025_may_15_21,13.25,45.52083206176758,-2.0384951948407353,-2.047144138161648
10,2025_may_15_21,13.166666984558105,45.5625,-1.654028675517974,-1.6570594908670018
10,2025_may_15_21,13.208333015441895,45.5625,-1.9999751524339888,-2.0046079646445714
10,2025_may_15_21,13.25,45.5625,-2.2802060505591055,-2.2865029595283124
10,2025_may_15_21,13.291666984558105,45.5625,-2.427034704040311,-2.4344744465828807
10,2025_may_15_21,13.333333015441895,45.5625,-2.229134112735569,-2.235772387194481
10,2025_may_15_21,13.166666984558105,45.60416793823242,0.32132446406385134,0.3202170285593845
10,2025_may_15_21,13.208333015441895,45.60416793823242,0.07332675924455487,0.0721288726376297
10,2025_may_15_21,13.25,45.60416793823242,-0.7555229980445652,-0.7587938041082338
10,2025_may_15_21,13.291666984558105,45.60416793823242,-1.6143103572178437,-1.6188481330393767
10,2025_may_15_21,13.333333015441895,45.60416793823242,-1.375026163988362,-1.3792900272916708
10,2025_may_15_21,13.375,45.60416793823242,0.10430262500997099,0.10412489009744387
10,2025_may_15_21,13.416666984558105,45.60416793823242,0.5201988922083015,0.5217305724487554
10,2025_may_15_21,13.458333015441895,45.60416793823242,0.5045579647242381,0.5053350685121255
10,2025_may_15_21,13.5,45.60416793823242,0.7334412062427571,0.7364107912013739
10,2025_may_15_21,13.708333015441895,45.60416793823242,-1.9641594977773371,-1.9698263227488668
10,2025_may_15_21,13.166666984558105,45.64583206176758,0.5409012312555533,0.5435266214446377
10,2025_may_15_21,13.208333015441895,45.64583206176758,1.108928410230733,1.112916506320033
10,2025_may_15_21,13.25,45.64583206176758,0.960571174367212,0.964004478837656
10,2025_may_15_21,13.291666984558105,45.64583206176758,0.7980768345915593,0.8027920395442408
10,2025_may_15_21,13.333333015441895,45.64583206176758,0.5865164993410955,0.5911393540326956
10,2025_may_15_21,13.375,45.64583206176758,-0.8609627725306088,-0.8616329165969262
10,2025_may_15_21,13.416666984558105,45.64583206176758,-1.5915278801373876,-1.5954612353456787
10,2025_may_15_21,13.458333015441895,45.64583206176758,-0.417625575975701,-0.42036998373210915
10,2025_may_15_21,13.5,45.64583206176758,0.6257782997783886,0.6267542349480915
10,2025_may_15_21,13.541666984558105,45.64583206176758,0.8362019461584023,0.8384669938778504
10,2025_may_15_21,13.583333015441895,45.64583206176758,0.9311427960496828,0.9331733534317043
10,2025_may_15_21,13.625,45.64583206176758,0.45063997371606695,0.44947841826991397
10,2025_may_15_21,13.666666984558105,45.64583206176758,-0.6468941055073809,-0.6499411718281745
10,2025_may_15_21,13.708333015441895,45.64583206176758,-0.9493954989983012,-0.9517389445258145
10,2025_may_15_21,13.166666984558105,45.6875,-0.7988392420707189,-0.7986492937284849
10,2025_may_15_21,13.208333015441895,45.6875,-1.3309453136315708,-1.3325365298843075
10,2025_may_15_21,13.25,45.6875,-1.2556586485317967,-1.2584406350326207
10,2025_may_15_21,13.291666984558105,45.6875,-1.7134804560961416,-1.717240138291758
10,2025_may_15_21,13.458333015441895,45.6875,-2.159027156813475,-2.1646882620613748
10,2025_may_15_21,13.5,45.6875,-1.664573035734357,-1.6689802755388188
10,2025_may_15_21,13.541666984558105,45.6875,-0.44193357782448844,-0.4436029290181381
10,2025_may_15_21,13.583333015441895,45.6875,-0.05267723582294314,-0.05210033748164814
10,2025_may_15_21,13.625,45.6875,-0.21068163036799797,-0.20994299618435172
10,2025_may_15_21,13.666666984558105,45.6875,-1.1673870923121117,-1.1682758196840841
10,2025_may_15_21,13.708333015441895,45.6875,-1.6922326971758017,-1.6917316437266554
10,2025_may_15_21,13.541666984558105,45.72916793823242,-1.9137217535632953,-1.9180177387699366
10,2025_may_15_21,13.583333015441895,45.72916793823242,-1.3198223855504028,-1.321383758511905
10,2025_may_15_21,13.625,45.72916793823242,-1.636059345489927,-1.63898775885798
10,2025_may_15_21,13.666666984558105,45.72916793823242,-2.0257292269651113,-2.0304508911904273
10,2025_may_22_28,13.166666984558105,45.47916793823242,-2.0853812943258556,-2.089281319252079
10,2025_may_22_28,13.208333015441895,45.47916793823242,-2.065396021034058,-2.069512411825176
10,2025_may_22_28,13.166666984558105,45.52083206176758,-2.0061126709439625,-2.0104829948656473
10,2025_may_22_28,13.208333015441895,45.52083206176758,-2.2353958511541236,-2.2404753621919644
10,2025_may_22_28,13.25,45.52083206176758,-2.05851122607944,-2.062930080414044
10,2025_may_22_28,13.166666984558105,45.5625,-1.5564654533395434,-1.5590396743625863
10,2025_may_22_28,13.208333015441895,45.5625,-2.022385684597608,-2.0267202152864736
10,2025_may_22_28,13.25,45.5625,-2.249010880389121,-2.254008054758327
10,2025_may_22_28,13.291666984558105,45.5625,-2.446167694907809,-2.4516963059233414
10,2025_may_22_28,13.333333015441895,45.5625,-2.28747180061265,-2.2922738306217734
10,2025_may_22_28,13.166666984558105,45.60416793823242,0.3536090887641831,0.35516888170778016
10,2025_may_22_28,13.208333015441895,45.60416793823242,0.14873150015568876,0.15007954238383817
10,2025_may_22_28,13.25,45.60416793823242,-1.0485660842315307,-1.0504101525757554
10,2025_may_22_28,13.291666984558105,45.60416793823242,-1.633053930053239,-1.6352079776982924
10,2025_may_22_28,13.333333015441895,45.60416793823242,-1.072934919460293,-1.0736600547805906
10,2025_may_22_28,13.375,45.60416793823242,0.17057190661204197,0.17242646956043203
10,2025_may_22_28,13.416666984558105,45.60416793823242,0.47968332609245645,0.48185264039550985
10,2025_may_22_28,13.458333015441895,45.60416793823242,0.5809204868234498,0.5829117489696658
10,2025_may_22_28,13.5,45.60416793823242,0.8025029948704424,0.8045800578243444
10,2025_may_22_28,13.708333015441895,45.60416793823242,-2.0262686304095903,-2.030888481377209
10,2025_may_22_28,13.166666984558105,45.64583206176758,0.5976534705401991,0.5993106632031561
10,2025_may_22_28,13.208333015441895,45.64583206176758,1.1870780568268309,1.1901810547415512
10,2025_may_22_28,13.25,45.64583206176758,1.1757361527603378,1.1784943823557175
10,2025_may_22_28,13.291666984558105,45.64583206176758,0.8723243842532404,0.8747906409420718
10,2025_may_22_28,13.333333015441895,45.64583206176758,0.6317240075161188,0.6339399914121441
10,2025_may_22_28,13.375,45.64583206176758,-0.8467593924097484,-0.8480134132128478
10,2025_may_22_28,13.416666984558105,45.64583206176758,-1.7177240736994632,-1.7206987994309646
10,2025_may_22_28,13.458333015441895,45.64583206176758,-0.40974867213570904,-0.40975298616653316
10,2025_may_22_28,13.5,45.64583206176758,0.6554165856592279,0.6579538862127232
10,2025_may_22_28,13.541666984558105,45.64583206176758,0.8177824797836382,0.8201995008320005
10,2025_may_22_28,13.583333015441895,45.64583206176758,1.0055614828125876,1.007864117132335
10,2025_may_22_28,13.625,45.64583206176758,0.48894329716558355,0.4892493487556553
10,2025_may_22_28,13.666666984558105,45.64583206176758,-0.6880771471325854,-0.6902533243354798
10,2025_may_22_28,13.708333015441895,45.64583206176758,-0.8915752206737971,-0.8932218774921353
10,2025_may_22_28,13.166666984558105,45.6875,-0.6783778122292675,-0.6793045505786194
10,2025_may_22_28,13.208333015441895,45.6875,-1.2207471079484244,-1.2223955418221253
10,2025_may_22_28,13.25,45.6875,-1.2170314680047556,-1.219574604078924
10,2025_may_22_28,13.291666984558105,45.6875,-1.7919983546904736,-1.7958410538341345
10,2025_may_22_28,13.458333015441895,45.6875,-2.2355875382702672,-2.2402707389287033
10,2025_may_22_28,13.5,45.6875,-1.9447302154205073,-1.948865583781451
10,2025_may_22_28,13.541666984558105,45.6875,-0.5246567204866783,-0.5248650711967864
10,2025_may_22_28,13.583333015441895,45.6875,-0.02358163743773279,-0.023196010859038534
10,2025_may_22_28,13.625,45.6875,-0.21692810113103592,-0.21721842289182963
10,2025_may_22_28,13.666666984558105,45.6875,-1.1691852343273141,-1.1716942119948925
10,2025_may_22_28,13.708333015441895,45.6875,-1.660217971497012,-1.6649178499450552
10,2025_may_22_28,13.541666984558105,45.72916793823242,-1.901145059117933,-1.90561134559247
10,2025_may_22_28,13.583333015441895,45.72916793823242,-1.4572914856488546,-1.4617842151231055
10,2025_may_22_28,13.625,45.72916793823242,-1.694154570393066,-1.6986398494671235
10,2025_may_22_28,13.666666984558105,45.72916793823242,-2.0400539625636287,-2.0449687920275283
10,2025_november_01_07,13.166666984558105,45.47916793823242,-2.0852332699571243,-2.090892975443048
10,2025_november_01_07,13.208333015441895,45.47916793823242,-2.0728172252838974,-2.078552541132814
10,2025_november_01_07,13.166666984558105,45.52083206176758,-1.857990667467926,-1.8620137309101543
10,2025_november_01_07,13.208333015441895,45.52083206176758,-2.131002980268032,-2.135915362384412
10,2025_november_01_07,13.25,45.52083206176758,-1.9429564135636652,-1.9484017147984607
10,2025_november_01_07,13.166666984558105,45.5625,-1.728138905151226,-1.73252707179863
10,2025_november_01_07,13.208333015441895,45.5625,-2.1655457814153265,-2.1710187872971956
10,2025_november_01_07,13.25,45.5625,-2.1454694705641866,-2.1516491250720082
10,2025_november_01_07,13.291666984558105,45.5625,-2.2473059023946216,-2.253363190704412
10,2025_november_01_07,13.333333015441895,45.5625,-1.9632937851151415,-1.9682558203096903
10,2025_november_01_07,13.166666984558105,45.60416793823242,0.5213148821646519,0.5225834744895551
10,2025_november_01_07,13.208333015441895,45.60416793823242,0.4638418336039179,0.4656180553845369
10,2025_november_01_07,13.25,45.60416793823242,-0.368566458749867,-0.36972523702869214
10,2025_november_01_07,13.291666984558105,45.60416793823242,-1.2565082747385117,-1.258997406342797
10,2025_november_01_07,13.333333015441895,45.60416793823242,-0.8343680886520309,-0.8349772113082948
10,2025_november_01_07,13.375,45.60416793823242,0.13257439484048764,0.13394843218303418
10,2025_november_01_07,13.416666984558105,45.60416793823242,0.4685609753632412,0.47081614827225227
10,2025_november_01_07,13.458333015441895,45.60416793823242,0.5606159056464523,0.5626471323144472
10,2025_november_01_07,13.5,45.60416793823242,0.8053560911587087,0.8080273478241343
10,2025_november_01_07,13.708333015441895,45.60416793823242,-1.901830117080047,-1.9073472194847614
10,2025_november_01_07,13.166666984558105,45.64583206176758,0.5390442174715734,0.5398552977575755
10,2025_november_01_07,13.208333015441895,45.64583206176758,1.0583073216376853,1.059923857359374
10,2025_november_01_07,13.25,45.64583206176758,0.9868272171127506,0.9882564378842934
10,2025_november_01_07,13.291666984558105,45.64583206176758,0.7348704871113538,0.7359977851912031
10,2025_november_01_07,13.333333015441895,45.64583206176758,0.5028774258176617,0.5044847366577385
10,2025_november_01_07,13.375,45.64583206176758,-0.985824159564743,-0.9868060725469591
10,2025_november_01_07,13.416666984558105,45.64583206176758,-1.696287536453184,-1.6986156412787072
10,2025_november_01_07,13.458333015441895,45.64583206176758,-0.46132642061252194,-0.4613955977164768
10,2025_november_01_07,13.5,45.64583206176758,0.6303965308442434,0.6329820588269921
10,2025_november_01_07,13.541666984558105,45.64583206176758,0.8668200234357925,0.8692904026071866
10,2025_november_01_07,13.583333015441895,45.64583206176758,0.9596474729168759,0.9618095279944682
10,2025_november_01_07,13.625,45.64583206176758,0.40666355343592064,0.4072153760440632
10,2025_november_01_07,13.666666984558105,45.64583206176758,-0.6998040065426379,-0.7023897562690484
10,2025_november_01_07,13.708333015441895,45.64583206176758,-1.0050661755347192,-1.0093927058946515
10,2025_november_01_07,13.166666984558105,45.6875,-0.3494305711961008,-0.3502128008912799
10,2025_november_01_07,13.208333015441895,45.6875,-1.1233233599702697,-1.126341588886424
10,2025_november_01_07,13.25,45.6875,-1.4467785450917707,-1.4509481363517458
10,2025_november_01_07,13.291666984558105,45.6875,-1.8435430025177824,-1.848603343211757
10,2025_november_01_07,13.458333015441895,45.6875,-2.048977613122041,-2.0539102083684178
10,2025_november_01_07,13.5,45.6875,-1.9076037463058637,-1.9118525590965223
10,2025_november_01_07,13.541666984558105,45.6875,-0.7443255571024999,-0.746221039748307
10,2025_november_01_07,13.583333015441895,45.6875,-0.11702380221005751,-0.11748516712770488
10,2025_november_01_07,13.625,45.6875,-0.28571671629438794,-0.28685995242329976
10,2025_november_01_07,13.666666984558105,45.6875,-0.9927912929749015,-0.9963014908374923
10,2025_november_01_07,13.708333015441895,45.6875,-1.370357932382994,-1.3747098916099996
10,2025_november_01_07,13.541666984558105,45.72916793823242,-1.8625120667426027,-1.8676912840663678
10,2025_november_01_07,13.583333015441895,45.72916793823242,-1.4859045239200905,-1.4897273536685731
10,2025_november_01_07,13.625,45.72916793823242,-1.824312840526326,-1.8299029718641833
10,2025_november_01_07,13.666666984558105,45.72916793823242,-2.0014310218464004,-2.0067790114033355
10,2025_november_08_14,13.166666984558105,45.47916793823242,-1.9100486544029782,-1.9138386986765255
10,2025_november_08_14,13.208333015441895,45.47916793823242,-1.972135096489854,-1.976691616402535
10,2025_november_08_14,13.166666984558105,45.52083206176758,-1.7229346188166341,-1.7279271629734663
10,2025_november_08_14,13.208333015441895,45.52083206176758,-1.9535002752145785,-1.9587300819948086
10,2025_november_08_14,13.25,45.52083206176758,-1.8965248483392898,-1.9010090027840558
10,2025_november_08_14,13.166666984558105,45.5625,-1.5628974940178897,-1.5653413150256825
10,2025_november_08_14,13.208333015441895,45.5625,-2.120705623947277,-2.125180682592387
10,2025_november_08_14,13.25,45.5625,-2.3431515341745306,-2.3476980750403804
10,2025_november_08_14,13.291666984558105,45.5625,-2.308956522091452,-2.3145615924372103
10,2025_november_08_14,13.333333015441895,45.5625,-1.9307214925646394,-1.9351882520204158
10,2025_november_08_14,13.166666984558105,45.60416793823242,0.5153902089993413,0.5163821952726246
10,2025_november_08_14,13.208333015441895,45.60416793823242,0.37513322285867184,0.37693309131001945
10,2025_november_08_14,13.25,45.60416793823242,-0.6031561031101551,-0.6047243885467511
10,2025_november_08_14,13.291666984558105,45.60416793823242,-1.388134666212306,-1.391492689140232
10,2025_november_08_14,13.333333015441895,45.60416793823242,-0.6892657374927257,-0.6876279460213149
10,2025_november_08_14,13.375,45.60416793823242,0.26995296913781214,0.2722390990059981
10,2025_november_08_14,13.416666984558105,45.60416793823242,0.47906998857018823,0.48018065345853334
10,2025_november_08_14,13.458333015441895,45.60416793823242,0.6017380986414108,0.604022746080424
10,2025_november_08_14,13.5,45.60416793823242,0.8390835797659244,0.84217307197546
10,2025_november_08_14,13.708333015441895,45.60416793823242,-1.8077500148065346,-1.8132502066876688
10,2025_november_08_14,13.166666984558105,45.64583206176758,0.6224448979087776,0.6235783475125953
10,2025_november_08_14,13.208333015441895,45.64583206176758,1.0673981894782947,1.0689639153455253
10,2025_november_08_14,13.25,45.64583206176758,1.0389809836370933,1.0397493411918959
10,2025_november_08_14,13.291666984558105,45.64583206176758,0.8876767610974968,0.8891558555137504
10,2025_november_08_14,13.333333015441895,45.64583206176758,0.6021717310646448,0.6042311177207644
10,2025_november_08_14,13.375,45.64583206176758,-0.9865797027599637,-0.9872153965547952
10,2025_november_08_14,13.416666984558105,45.64583206176758,-1.6470642747842716,-1.6505463923485628
10,2025_november_08_14,13.458333015441895,45.64583206176758,-0.44945546089371763,-0.4489955849692209
10,2025_november_08_14,13.5,45.64583206176758,0.6014755920953746,0.6044443096386832
10,2025_november_08_14,13.541666984558105,45.64583206176758,0.8777497971649602,0.8802226469640271
10,2025_november_08_14,13.583333015441895,45.64583206176758,1.0451859331055722,1.0480515431591482
10,2025_november_08_14,13.625,45.64583206176758,0.49373411050540555,0.4941645335877643
10,2025_november_08_14,13.666666984558105,45.64583206176758,-0.48094909272072994,-0.4834362688623314
10,2025_november_08_14,13.708333015441895,45.64583206176758,-0.9631678125228642,-0.9666341014476785
10,2025_november_08_14,13.166666984558105,45.6875,-0.25545763308714164,-0.25599532171125755
10,2025_november_08_14,13.208333015441895,45.6875,-1.1239474866461998,-1.1258149180883432
10,2025_november_08_14,13.25,45.6875,-1.4373593430931795,-1.4410130923802313
10,2025_november_08_14,13.291666984558105,45.6875,-1.826074238092072,-1.8310219855254575
10,2025_november_08_14,13.458333015441895,45.6875,-2.143136583255931,-2.1486736939679822
10,2025_november_08_14,13.5,45.6875,-1.8092362128790176,-1.8122033131284454
10,2025_november_08_14,13.541666984558105,45.6875,-0.611583847105781,-0.6114602225811573
10,2025_november_08_14,13.583333015441895,45.6875,-0.21274624393300284,-0.2128189028577561
10,2025_november_08_14,13.625,45.6875,-0.3636510391556089,-0.36412077206231847
10,2025_november_08_14,13.666666984558105,45.6875,-1.0004761874216523,-1.0026443886660006
10,2025_november_08_14,13.708333015441895,45.6875,-1.3353067093635935,-1.339065342943557
10,2025_november_08_14,13.541666984558105,45.72916793823242,-1.8661317439533502,-1.8720181740389403
10,2025_november_08_14,13.583333015441895,45.72916793823242,-1.6016710408181034,-1.6077774052935179
10,2025_november_08_14,13.625,45.72916793823242,-1.8104749711687413,-1.8165981212956264
10,2025_november_08_14,13.666666984558105,45.72916793823242,-2.0066755601809314,-2.011806982302382
10,2025_november_15_21,13.166666984558105,45.47916793823242,-2.0973483279858933,-2.1020117158918246
10,2025_november_15_21,13.208333015441895,45.47916793823242,-2.114862563866154,-2.119933342247829
10,2025_november_15_21,13.166666984558105,45.52083206176758,-1.475714226073571,-1.4786266418940819
10,2025_november_15_21,13.208333015441895,45.52083206176758,-1.7769048778682157,-1.780620161693335
10,2025_november_15_21,13.25,45.52083206176758,-1.7603185138544506,-1.7640711954712427
10,2025_november_15_21,13.166666984558105,45.5625,-1.7809292301878867,-1.7850330366839846
10,2025_november_15_21,13.208333015441895,45.5625,-2.048498946065075,-2.0531155464860293
10,2025_november_15_21,13.25,45.5625,-2.184210513280672,-2.1891479475852327
10,2025_november_15_21,13.291666984558105,45.5625,-2.1690713735793428,-2.174437464967142
10,2025_november_15_21,13.333333015441895,45.5625,-1.7801447427313426,-1.7842624329617072
10,2025_november_15_21,13.166666984558105,45.60416793823242,0.5855797131333074,0.5869140188074521
10,2025_november_15_21,13.208333015441895,45.60416793823242,0.4903084777917381,0.4911673878672803
10,2025_november_15_21,13.25,45.60416793823242,-0.5143231507290222,-0.5160386389961242
10,2025_november_15_21,13.291666984558105,45.60416793823242,-1.3574294456550358,-1.3609432927274068
10,2025_november_15_21,13.333333015441895,45.60416793823242,-0.7321432078577469,-0.7339295657354276
10,2025_november_15_21,13.375,45.60416793823242,0.43273865210669926,0.4340736833503606
10,2025_november_15_21,13.416666984558105,45.60416793823242,0.5772786867627299,0.5790460410875599
10,2025_november_15_21,13.458333015441895,45.60416793823242,0.6125086342283118,0.6139385907160428
10,2025_november_15_21,13.5,45.60416793823242,0.817450410290433,0.8190501292767101
10,2025_november_15_21,13.708333015441895,45.60416793823242,-1.86143887591053,-1.8655722734274671
10,2025_november_15_21,13.166666984558105,45.64583206176758,0.5563786271606848,0.5576337446064275
10,2025_november_15_21,13.208333015441895,45.64583206176758,0.9616985020461819,0.963897556490432
10,2025_november_15_21,13.25,45.64583206176758,0.9097060824254798,0.911873961962336
10,2025_november_15_21,13.291666984558105,45.64583206176758,0.8596004109914962,0.8613265253333628
10,2025_november_15_21,13.333333015441895,45.64583206176758,0.6801297708449291,0.681177060046042
10,2025_november_15_21,13.375,45.64583206176758,-0.9046095064463794,-0.9068798066601499
10,2025_november_15_21,13.416666984558105,45.64583206176758,-1.6907734038076898,-1.694882851269996
10,2025_november_15_21,13.458333015441895,45.64583206176758,-0.454558634259968,-0.4555674617095964
10,2025_november_15_21,13.5,45.64583206176758,0.7241222625139807,0.726202177835916
10,2025_november_15_21,13.541666984558105,45.64583206176758,0.9137831687108667,0.9161303112541151
10,2025_november_15_21,13.583333015441895,45.64583206176758,0.9140154042491885,0.9162077171524073
10,2025_november_15_21,13.625,45.64583206176758,0.32126084114148595,0.3224865798656387
10,2025_november_15_21,13.666666984558105,45.64583206176758,-0.8068067789125106,-0.8081315602838037
10,2025_november_15_21,13.708333015441895,45.64583206176758,-1.1441772722104582,-1.1466593153696485
10,2025_november_15_21,13.166666984558105,45.6875,-0.37916986352534165,-0.3801275569319012
10,2025_november_15_21,13.208333015441895,45.6875,-1.183390104433769,-1.1863435634492012
10,2025_november_15_21,13.25,45.6875,-1.5382937707931847,-1.541874494742426
10,2025_november_15_21,13.291666984558105,45.6875,-1.9133405313156404,-1.917538240633708
10,2025_november_15_21,13.458333015441895,45.6875,-2.1199368547590716,-2.12493574761144
10,2025_november_15_21,13.5,45.6875,-1.7667456600717026,-1.7711028000525402
10,2025_november_15_21,13.541666984558105,45.6875,-0.6207021652125632,-0.6222791765069491
10,2025_november_15_21,13.583333015441895,45.6875,-0.1432242013198108,-0.1433984725697707
10,2025_november_15_21,13.625,45.6875,-0.4503625559150038,-0.45084997905115426
10,2025_november_15_21,13.666666984558105,45.6875,-1.1955934306801275,-1.1978236678487033
10,2025_november_15_21,13.708333015441895,45.6875,-1.4295463464723406,-1.4323878492043405
10,2025_november_15_21,13.541666984558105,45.72916793823242,-2.0124869058250288,-2.0171517921259268
10,2025_november_15_21,13.583333015441895,45.72916793823242,-1.611563530193678,-1.6147002584316483
10,2025_november_15_21,13.625,45.72916793823242,-1.8808475334593269,-1.8849072965665268
10,2025_november_15_21,13.666666984558105,45.72916793823242,-2.129195029483462,-2.134286697444601
10,2025_november_22_28,13.166666984558105,45.47916793823242,-2.046155603836433,-2.0505168091439523
10,2025_november_22_28,13.208333015441895,45.47916793823242,-2.0701425888085687,-2.074038669656202
10,2025_november_22_28,13.166666984558105,45.52083206176758,-1.3277630397211393,-1.3325010200249348
10,2025_november_22_28,13.208333015441895,45.52083206176758,-1.642361859506868,-1.6471210512436008
10,2025_november_22_28,13.25,45.52083206176758,-1.8381397199532474,-1.842606982683042
10,2025_november_22_28,13.166666984558105,45.5625,-1.6691062118618754,-1.6726232378174455
10,2025_november_22_28,13.208333015441895,45.5625,-2.045047527945999,-2.049712941722553
10,2025_november_22_28,13.25,45.5625,-2.1692749313804534,-2.1735510212352778
10,2025_november_22_28,13.291666984558105,45.5625,-2.2456951017837086,-2.2508623885553845
10,2025_november_22_28,13.333333015441895,45.5625,-1.9132330865488791,-1.917042458084403
10,2025_november_22_28,13.166666984558105,45.60416793823242,0.6084284655285552,0.6092816373378449
10,2025_november_22_28,13.208333015441895,45.60416793823242,0.4545835635683275,0.4558377625670932
10,2025_november_22_28,13.25,45.60416793823242,-0.5478546053291717,-0.5487420917022023
10,2025_november_22_28,13.291666984558105,45.60416793823242,-1.4418312392223493,-1.444603100732498
10,2025_november_22_28,13.333333015441895,45.60416793823242,-0.8226156957315091,-0.8227442326357015
10,2025_november_22_28,13.375,45.60416793823242,0.352218902951635,0.35436834184686505
10,2025_november_22_28,13.416666984558105,45.60416793823242,0.4191103777241593,0.42066746609547234
10,2025_november_22_28,13.458333015441895,45.60416793823242,0.6100745233497314,0.6117661962099016
10,2025_november_22_28,13.5,45.60416793823242,0.8100921377559352,0.8129439074870775
10,2025_november_22_28,13.708333015441895,45.60416793823242,-1.8249936133352127,-1.8294888013613415
10,2025_november_22_28,13.166666984558105,45.64583206176758,0.5489740941650831,0.5499671277307402
10,2025_november_22_28,13.208333015441895,45.64583206176758,0.9477958388589236,0.949588657179127
10,2025_november_22_28,13.25,45.64583206176758,0.8677697373264064,0.8691761658294905
10,2025_november_22_28,13.291666984558105,45.64583206176758,0.7551208833348221,0.7566459141592093
10,2025_november_22_28,13.333333015441895,45.64583206176758,0.5919654338880455,0.5937740788875051
10,2025_november_22_28,13.375,45.64583206176758,-0.8866373154345516,-0.8872126041342755
10,2025_november_22_28,13.416666984558105,45.64583206176758,-1.5972650277697633,-1.5992128648410682
10,2025_november_22_28,13.458333015441895,45.64583206176758,-0.3712066751600615,-0.36988970853325376
10,2025_november_22_28,13.5,45.64583206176758,0.6020938539639326,0.6046634806752438
10,2025_november_22_28,13.541666984558105,45.64583206176758,0.7746309863703561,0.7770798429048046
10,2025_november_22_28,13.583333015441895,45.64583206176758,0.8785891737047506,0.8811668073082571
10,2025_november_22_28,13.625,45.64583206176758,0.4151666767195012,0.41512671060660916
10,2025_november_22_28,13.666666984558105,45.64583206176758,-0.6813450121415613,-0.6840962714424071
10,2025_november_22_28,13.708333015441895,45.64583206176758,-0.9886061624845458,-0.9921937849097916
10,2025_november_22_28,13.166666984558105,45.6875,-0.2867214928977871,-0.2872196254186861
10,2025_november_22_28,13.208333015441895,45.6875,-1.1221481042738064,-1.1238184383702394
10,2025_november_22_28,13.25,45.6875,-1.4173983981684926,-1.419816537929804
10,2025_november_22_28,13.291666984558105,45.6875,-1.8856889708774742,-1.8890898516186407
10,2025_november_22_28,13.458333015441895,45.6875,-2.104408172735223,-2.109054938335696
10,2025_november_22_28,13.5,45.6875,-1.7831229508043003,-1.7862923424128805
10,2025_november_22_28,13.541666984558105,45.6875,-0.6073783863534504,-0.6079991726868784
10,2025_november_22_28,13.583333015441895,45.6875,-0.06318354754489296,-0.0630594380360454
10,2025_november_22_28,13.625,45.6875,-0.3304859459421408,-0.33025496293255846
10,2025_november_22_28,13.666666984558105,45.6875,-1.180049644991941,-1.183221578283857
10,2025_november_22_28,13.708333015441895,45.6875,-1.3805101774827226,-1.384523956779402
10,2025_november_22_28,13.541666984558105,45.72916793823242,-2.0366487114499847,-2.0413637060049505
10,2025_november_22_28,13.583333015441895,45.72916793823242,-1.6631190573328494,-1.669698244150918
10,2025_november_22_28,13.625,45.72916793823242,-1.829646224777575,-1.8356629019028663
10,2025_november_22_28,13.666666984558105,45.72916793823242,-1.921400123183323,-1.9262428759621877
2,2025_may_01_07,13.166666984558105,45.47916793823242,-2.0096203568221647,-2.0147327308167755
2,2025_may_01_07,13.208333015441895,45.47916793823242,-1.9859256570178756,-1.9917284313849604
2,2025_may_01_07,13.166666984558105,45.52083206176758,-2.015015008215836,-2.0211455425903155
2,2025_may_01_07,13.208333015441895,45.52083206176758,-2.233877665113567,-2.241280356499388
2,2025_may_01_07,13.25,45.52083206176758,-1.9986109716911675,-2.0062578205949437
2,2025_may_01_07,13.166666984558105,45.5625,-1.6908567877340157,-1.693424071626555
2,2025_may_01_07,13.208333015441895,45.5625,-2.097174120516496,-2.1007009908552554
2,2025_may_01_07,13.25,45.5625,-2.294693641025021,-2.2993137642837245
2,2025_may_01_07,13.291666984558105,45.5625,-2.353779762843069,-2.357803482713491
2,2025_may_01_07,13.333333015441895,45.5625,-2.0900754873235443,-2.094319828914594
2,2025_may_01_07,13.166666984558105,45.60416793823242,0.20958156652376478,0.20965423734810737
2,2025_may_01_07,13.208333015441895,45.60416793823242,0.11705135810973967,0.117343708273964
2,2025_may_01_07,13.25,45.60416793823242,-0.8633942456016542,-0.8644226008904456
2,2025_may_01_07,13.291666984558105,45.60416793823242,-1.6564451009348606,-1.6602154443409545
2,2025_may_01_07,13.333333015441895,45.60416793823242,-1.1655681202426238,-1.1674976171257214
2,2025_may_01_07,13.375,45.60416793823242,0.23699472470102462,0.23856439276425748
2,2025_may_01_07,13.416666984558105,45.60416793823242,0.5029563599909576,0.5038258388658657
2,2025_may_01_07,13.458333015441895,45.60416793823242,0.5193275577607498,0.5198506168112179
2,2025_may_01_07,13.5,45.60416793823242,0.8956875353795472,0.8996254568306227
2,2025_may_01_07,13.708333015441895,45.60416793823242,-1.9444867589377957,-1.9504211255858885
2,2025_may_01_07,13.166666984558105,45.64583206176758,0.4683492526614526,0.4715073689860816
2,2025_may_01_07,13.208333015441895,45.64583206176758,1.0073000205139735,1.01003989292433
2,2025_may_01_07,13.25,45.64583206176758,1.0603485997103703,1.063180558097587
2,2025_may_01_07,13.291666984558105,45.64583206176758,0.8524583971631743,0.8563665605727682
2,2025_may_01_07,13.333333015441895,45.64583206176758,0.5248100701990798,0.5296707054992708
2,2025_may_01_07,13.375,45.64583206176758,-0.8924889359899103,-0.8919260503068474
2,2025_may_01_07,13.416666984558105,45.64583206176758,-1.617917720527699,-1.6221741324828771
2,2025_may_01_07,13.458333015441895,45.64583206176758,-0.5790033232990262,-0.5788495192687121
2,2025_may_01_07,13.5,45.64583206176758,0.6071965357339429,0.6106199026560938
2,2025_may_01_07,13.541666984558105,45.64583206176758,0.8444721761598282,0.8472669626495485
2,2025_may_01_07,13.583333015441895,45.64583206176758,0.9679021203946366,0.9708215475786605
2,2025_may_01_07,13.625,45.64583206176758,0.45860804408715006,0.45810791565808257
2,2025_may_01_07,13.666666984558105,45.64583206176758,-0.5292531304419656,-0.5327594941210363
2,2025_may_01_07,13.708333015441895,45.64583206176758,-0.7614297317610946,-0.7643385609181756
2,2025_may_01_07,13.166666984558105,45.6875,-0.7342574352177086,-0.7332769967483764
2,2025_may_01_07,13.208333015441895,45.6875,-1.2116183013352422,-1.2128101353708656
2,2025_may_01_07,13.25,45.6875,-1.1331422484211164,-1.137601725809893
2,2025_may_01_07,13.291666984558105,45.6875,-1.654599438541389,-1.6603748497040527
2,2025_may_01_07,13.458333015441895,45.6875,-2.2483074305011193,-2.2528032573221486
2,2025_may_01_07,13.5,45.6875,-1.8803988189204905,-1.8858374910148425
2,2025_may_01_07,13.541666984558105,45.6875,-0.4712237107730557,-0.4739642516115994
2,2025_may_01_07,13.583333015441895,45.6875,-0.10453616830869368,-0.1048636555055499
2,2025_may_01_07,13.625,45.6875,-0.2795641231099616,-0.2806231029204502
2,2025_may_01_07,13.666666984558105,45.6875,-1.2989355393070123,-1.2993603546535584
2,2025_may_01_07,13.708333015441895,45.6875,-1.7825738215101936,-1.7826348440709463
2,2025_may_01_07,13.541666984558105,45.72916793823242,-1.8235860216619537,-1.8287086867097078
2,2025_may_01_07,13.583333015441895,45.72916793823242,-1.4426745767907256,-1.4454038869917276
2,2025_may_01_07,13.625,45.72916793823242,-1.6586293873969593,-1.6630774424323393
2,2025_may_01_07,13.666666984558105,45.72916793823242,-1.9685791909501296,-1.9737365581042103
2,2025_may_08_14,13.166666984558105,45.47916793823242,-1.9829023358360833,-1.987149184810658
2,2025_may_08_14,13.208333015441895,45.47916793823242,-1.9944291720596607,-1.9976385000285068
2,2025_may_08_14,13.166666984558105,45.52083206176758,-2.009159261202575,-2.014302687701677
2,2025_may_08_14,13.208333015441895,45.52083206176758,-2.2105041005501755,-2.216399923344284
2,2025_may_08_14,13.25,45.52083206176758,-2.0174045386212494,-2.0219320778191645
2,2025_may_08_14,13.166666984558105,45.5625,-1.6286494213574196,-1.6310083715716597
2,2025_may_08_14,13.208333015441895,45.5625,-2.086582025895855,-2.091026846654654
2,2025_may_08_14,13.25,45.5625,-2.2587542348167213,-2.263677163079573
2,2025_may_08_14,13.291666984558105,45.5625,-2.340381438714857,-2.3460233777905595
2,2025_may_08_14,13.333333015441895,45.5625,-2.1613938537909934,-2.1668955047094016
2,2025_may_08_14,13.166666984558105,45.60416793823242,0.2845550545243011,0.2866663238976899
2,2025_may_08_14,13.208333015441895,45.60416793823242,0.03097002803967543,0.03237842471910572
2,2025_may_08_14,13.25,45.60416793823242,-0.8690306546173451,-0.8712265541791546
2,2025_may_08_14,13.291666984558105,45.60416793823242,-1.5593497904920148,-1.5644216099847006
2,2025_may_08_14,13.333333015441895,45.60416793823242,-1.1663705549147185,-1.1685267162495583
2,2025_may_08_14,13.375,45.60416793823242,0.12140937093675491,0.12420523620608963
2,2025_may_08_14,13.416666984558105,45.60416793823242,0.4566237948070553,0.45949725833865096
2,2025_may_08_14,13.458333015441895,45.60416793823242,0.5004754256253712,0.5036566811653188
2,2025_may_08_14,13.5,45.60416793823242,0.8106605486705369,0.8146582533340713
2,2025_may_08_14,13.708333015441895,45.60416793823242,-2.0462660757838185,-2.0512560620683713
2,2025_may_08_14,13.166666984558105,45.64583206176758,0.4093269109026006,0.4109438947460794
2,2025_may_08_14,13.208333015441895,45.64583206176758,0.9353484868486961,0.9387339951317971
2,2025_may_08_14,13.25,45.64583206176758,0.9626691527268671,0.965951657660321
2,2025_may_08_14,13.291666984558105,45.64583206176758,0.7597014066069593,0.7624932661083749
2,2025_may_08_14,13.333333015441895,45.64583206176758,0.5452154904201028,0.5476258191184359
2,2025_may_08_14,13.375,45.64583206176758,-0.7672779792858123,-0.767524609082637
2,2025_may_08_14,13.416666984558105,45.64583206176758,-1.6155387159464676,-1.6182103983701048
2,2025_may_08_14,13.458333015441895,45.64583206176758,-0.4962285937970909,-0.4954247927574098
2,2025_may_08_14,13.5,45.64583206176758,0.5265586139416664,0.5298230468614735
2,2025_may_08_14,13.541666984558105,45.64583206176758,0.846145402400665,0.8490087556593788
2,2025_may_08_14,13.583333015441895,45.64583206176758,0.9659306471613794,0.9697308288000326
2,2025_may_08_14,13.625,45.64583206176758,0.4753964124760657,0.47656745302625886
2,2025_may_08_14,13.666666984558105,45.64583206176758,-0.6774606221918945,-0.6806279650877134
2,2025_may_08_14,13.708333015441895,45.64583206176758,-0.8610345350403114,-0.8628540637705617
2,2025_may_08_14,13.166666984558105,45.6875,-0.6937741472001626,-0.6955907504242999
2,2025_may_08_14,13.208333015441895,45.6875,-1.297635616045392,-1.299119831238871
2,2025_may_08_14,13.25,45.6875,-1.2481505986772776,-1.2499037117234004
2,2025_may_08_14,13.291666984558105,45.6875,-1.755498752341295,-1.7599053311028074
2,2025_may_08_14,13.458333015441895,45.6875,-2.2555088161560977,-2.262411817160863
2,2025_may_08_14,13.5,45.6875,-1.936554589378087,-1.9413346172319081
2,2025_may_08_14,13.541666984558105,45.6875,-0.5732780737848137,-0.5735680358638391
2,2025_may_08_14,13.583333015441895,45.6875,-0.1426487506598396,-0.14227169093485179
2,2025_may_08_14,13.625,45.6875,-0.316047796494486,-0.31623709929685445
2,2025_may_08_14,13.666666984558105,45.6875,-1.4438021179676321,-1.4462850061676742
2,2025_may_08_14,13.708333015441895,45.6875,-1.9606375111670362,-1.9657712782070351
2,2025_may_08_14,13.541666984558105,45.72916793823242,-2.0271008868985296,-2.032756178247027
2,2025_may_08_14,13.583333015441895,45.72916793823242,-1.5250012724551685,-1.5313964013246026
2,2025_may_08_14,13.625,45.72916793823242,-1.9088521329964718,-1.9144763173098913
2,2025_may_08_14,13.666666984558105,45.72916793823242,-1.9648640414373175,-1.9696304436558945
2,2025_may_15_21,13.166666984558105,45.47916793823242,-2.0050173908548556,-2.0096266662621147
2,2025_may_15_21,13.208333015441895,45.47916793823242,-1.96560849490574,-1.9707466849896746
2,2025_may_15_21,13.166666984558105,45.52083206176758,-1.9479999907341712,-1.9556022766617884
2,2025_may_15_21,13.208333015441895,45.52083206176758,-2.1381210847660688,-2.146155085859019
2,2025_may_15_21,13.25,45.52083206176758,-2.0232236305841664,-2.0286967320949065
2,2025_may_15_21,13.166666984558105,45.5625,-1.6287163152961694,-1.632885308107181
2,2025_may_15_21,13.208333015441895,45.5625,-2.073798485540935,-2.0793588817953292
2,2025_may_15_21,13.25,45.5625,-2.338984717589852,-2.3453261306303057
2,2025_may_15_21,13.291666984558105,45.5625,-2.459126681809498,-2.4652577252781738
2,2025_may_15_21,13.333333015441895,45.5625,-2.1810895723917048,-2.186740946242444
2,2025_may_15_21,13.166666984558105,45.60416793823242,0.24688604207418183,0.24562401620763116
2,2025_may_15_21,13.208333015441895,45.60416793823242,0.12204241411544421,0.11883611586284303
2,2025_may_15_21,13.25,45.60416793823242,-0.8655280915930068,-0.8693896889639348
2,2025_may_15_21,13.291666984558105,45.60416793823242,-1.7891047428505038,-1.7937150258868664
2,2025_may_15_21,13.333333015441895,45.60416793823242,-1.2865274611024715,-1.2888386373190381
2,2025_may_15_21,13.375,45.60416793823242,0.1943705462633762,0.19483651008803907
2,2025_may_15_21,13.416666984558105,45.60416793823242,0.5302894749472189,0.5315888476453013
2,2025_may_15_21,13.458333015441895,45.60416793823242,0.5410395370969575,0.5436503604575532
2,2025_may_15_21,13.5,45.60416793823242,0.7639780442836005,0.7682424905292013
2,2025_may_15_21,13.708333015441895,45.60416793823242,-2.11536321156364,-2.1199984886597796
2,2025_may_15_21,13.166666984558105,45.64583206176758,0.5170827834827412,0.5189186728163575
2,2025_may_15_21,13.208333015441895,45.64583206176758,1.0507160393837147,1.054257115503425
2,2025_may_15_21,13.25,45.64583206176758,0.9744914983712156,0.9764466089464999
2,2025_may_15_21,13.291666984558105,45.64583206176758,0.7989173497591977,0.8019629043581035
2,2025_may_15_21,13.333333015441895,45.64583206176758,0.44411662882389796,0.4488282998096017
2,2025_may_15_21,13.375,45.64583206176758,-0.9332581531685198,-0.9332518596488585
2,2025_may_15_21,13.416666984558105,45.64583206176758,-1.531987022741967,-1.5352382405977545
2,2025_may_15_21,13.458333015441895,45.64583206176758,-0.5315315304338742,-0.5323277539679734
2,2025_may_15_21,13.5,45.64583206176758,0.6319686451689279,0.6349071692396803
2,2025_may_15_21,13.541666984558105,45.64583206176758,0.8613405766920548,0.8635502386806776
2,2025_may_15_21,13.583333015441895,45.64583206176758,0.9782968755143298,0.9799415142271342
2,2025_may_15_21,13.625,45.64583206176758,0.5038421176595378,0.5025982788537231
2,2025_may_15_21,13.666666984558105,45.64583206176758,-0.7466790255208907,-0.7485125130674921
2,2025_may_15_21,13.708333015441895,45.64583206176758,-0.9443335008913412,-0.9469970275945733
2,2025_may_15_21,13.166666984558105,45.6875,-0.7481364674404294,-0.7478177156592506
2,2025_may_15_21,13.208333015441895,45.6875,-1.2612569146988435,-1.2620995044579817
2,2025_may_15_21,13.25,45.6875,-1.260875875166153,-1.263498833624154
2,2025_may_15_21,13.291666984558105,45.6875,-1.8145677910775615,-1.8192071065933921
2,2025_may_15_21,13.458333015441895,45.6875,-2.2629970280490204,-2.2686066090292885
2,2025_may_15_21,13.5,45.6875,-2.022755132505517,-2.0282272533169574
2,2025_may_15_21,13.541666984558105,45.6875,-0.73406699031721,-0.7361499746971464
2,2025_may_15_21,13.583333015441895,45.6875,-0.28213474874263383,-0.2831050638751347
2,2025_may_15_21,13.625,45.6875,-0.27359720599683396,-0.27417678428450376
2,2025_may_15_21,13.666666984558105,45.6875,-1.2941852472048478,-1.2972282166763032
2,2025_may_15_21,13.708333015441895,45.6875,-1.797903465389852,-1.800534977761928
2,2025_may_15_21,13.541666984558105,45.72916793823242,-1.8539634768608682,-1.8591923621985418
2,2025_may_15_21,13.583333015441895,45.72916793823242,-1.556083103482551,-1.5595923864167525
2,2025_may_15_21,13.625,45.72916793823242,-1.688626654712002,-1.6932872806275778
2,2025_may_15_21,13.666666984558105,45.72916793823242,-1.9677458106672328,-1.9727299424184426
2,2025_may_22_28,13.166666984558105,45.47916793823242,-2.0665058213498035,-2.0712241326848075
2,2025_may_22_28,13.208333015441895,45.47916793823242,-1.9999306741309875,-2.004858235000166
2,2025_may_22_28,13.166666984558105,45.52083206176758,-1.960823405097454,-1.9668070426462059
2,2025_may_22_28,13.208333015441895,45.52083206176758,-2.1381839277268884,-2.144506529174304
2,2025_may_22_28,13.25,45.52083206176758,-1.9522770170750012,-1.9579344813609563
2,2025_may_22_28,13.166666984558105,45.5625,-1.500422248761377,-1.501918562491148
2,2025_may_22_28,13.208333015441895,45.5625,-2.066995274968981,-2.0722245438139106
2,2025_may_22_28,13.25,45.5625,-2.295933148170721,-2.3022758139297834
2,2025_may_22_28,13.291666984558105,45.5625,-2.378264771042122,-2.3842141519770115
2,2025_may_22_28,13.333333015441895,45.5625,-2.1910786970609863,-2.1969456079358087
2,2025_may_22_28,13.166666984558105,45.60416793823242,0.3045603686558744,0.30639993068817556
2,2025_may_22_28,13.208333015441895,45.60416793823242,0.08764809302108294,0.08934651165226995
2,2025_may_22_28,13.25,45.60416793823242,-0.9358583789966455,-0.9387845546417924
2,2025_may_22_28,13.291666984558105,45.60416793823242,-1.6426403917403933,-1.6480135770224325
2,2025_may_22_28,13.333333015441895,45.60416793823242,-1.2607509767605554,-1.264464444944471
2,2025_may_22_28,13.375,45.60416793823242,0.1609226160143141,0.16331519205515427
2,2025_may_22_28,13.416666984558105,45.60416793823242,0.4206909549570969,0.4227851390723545
2,2025_may_22_28,13.458333015441895,45.60416793823242,0.489119954756896,0.491474096994011
2,2025_may_22_28,13.5,45.60416793823242,0.7965925771865686,0.8002302552727724
2,2025_may_22_28,13.708333015441895,45.60416793823242,-1.9527888532705437,-1.9582494996182125
2,2025_may_22_28,13.166666984558105,45.64583206176758,0.4736817954069314,0.4755471653574272
2,2025_may_22_28,13.208333015441895,45.64583206176758,0.940006081713507,0.9432774714164186
2,2025_may_22_28,13.25,45.64583206176758,0.945302458846887,0.9485234980497045
2,2025_may_22_28,13.291666984558105,45.64583206176758,0.8608422773202979,0.8634260639715223
2,2025_may_22_28,13.333333015441895,45.64583206176758,0.5281530927519803,0.5301310657695575
2,2025_may_22_28,13.375,45.64583206176758,-0.8351040367383344,-0.836461007624526
2,2025_may_22_28,13.416666984558105,45.64583206176758,-1.6178023800532313,-1.6208373307157222
2,2025_may_22_28,13.458333015441895,45.64583206176758,-0.5194745703750927,-0.5190329391625336
2,2025_may_22_28,13.5,45.64583206176758,0.5930853202922517,0.5967701076653182
2,2025_may_22_28,13.541666984558105,45.64583206176758,0.8897245401431898,0.8930245017053788
2,2025_may_22_28,13.583333015441895,45.64583206176758,1.069194428669639,1.0728556900566228
2,2025_may_22_28,13.625,45.64583206176758,0.6048627935449116,0.6054568402044764
2,2025_may_22_28,13.666666984558105,45.64583206176758,-0.7600156654641629,-0.763537135631573
2,2025_may_22_28,13.708333015441895,45.64583206176758,-0.9722509329719102,-0.9750023920602322
2,2025_may_22_28,13.166666984558105,45.6875,-0.7071037106393792,-0.708343088196232
2,2025_may_22_28,13.208333015441895,45.6875,-1.24024022521011,-1.24219487811977
2,2025_may_22_28,13.25,45.6875,-1.317471223162897,-1.320260542154302
2,2025_may_22_28,13.291666984558105,45.6875,-1.816365169225338,-1.8211732798721594
2,2025_may_22_28,13.458333015441895,45.6875,-2.1135462592818923,-2.1191091341216137
2,2025_may_22_28,13.5,45.6875,-1.7697468438217783,-1.7740136609133046
2,2025_may_22_28,13.541666984558105,45.6875,-0.4781841494183139,-0.47912751835002354
2,2025_may_22_28,13.583333015441895,45.6875,-0.04147525846987728,-0.041566966438876744
2,2025_may_22_28,13.625,45.6875,-0.2505364639175443,-0.2509214777267714
2,2025_may_22_28,13.666666984558105,45.6875,-1.290613497511217,-1.2926647380599945
2,2025_may_22_28,13.708333015441895,45.6875,-1.776645977490947,-1.781491904622645
2,2025_may_22_28,13.541666984558105,45.72916793823242,-1.9417872736093142,-1.9467753649195103
2,2025_may_22_28,13.583333015441895,45.72916793823242,-1.4685732613059452,-1.4738808571691027
2,2025_may_22_28,13.625,45.72916793823242,-1.7888878817028557,-1.7940567514664343
2,2025_may_22_28,13.666666984558105,45.72916793823242,-2.00880244351725,-2.013980387555544
2,2025_november_01_07,13.166666984558105,45.47916793823242,-2.026379322943755,-2.0334457207090537
2,2025_november_01_07,13.208333015441895,45.47916793823242,-2.0764054290803458,-2.0825263023957756
2,2025_november_01_07,13.166666984558105,45.52083206176758,-1.8475479706296887,-1.8517020836540743
2,2025_november_01_07,13.208333015441895,45.52083206176758,-2.1887994984124366,-2.193996974231514
2,2025_november_01_07,13.25,45.52083206176758,-2.00875523964137,-2.0141037856688078
2,2025_november_01_07,13.166666984558105,45.5625,-1.6614192651268935,-1.6646641936831117
2,2025_november_01_07,13.208333015441895,45.5625,-1.9739280601054252,-1.9790563598831599
2,2025_november_01_07,13.25,45.5625,-2.3215814560440307,-2.32770086046747
2,2025_november_01_07,13.291666984558105,45.5625,-2.353257980467053,-2.3596376150532135
2,2025_november_01_07,13.333333015441895,45.5625,-1.9807731060402671,-1.9852931413938222
2,2025_november_01_07,13.166666984558105,45.60416793823242,0.5934775010665018,0.5945607757075089
2,2025_november_01_07,13.208333015441895,45.60416793823242,0.4639535707627177,0.46541682304879906
2,2025_november_01_07,13.25,45.60416793823242,-0.5174034374942177,-0.5188379964080865
2,2025_november_01_07,13.291666984558105,45.60416793823242,-1.3632549546100632,-1.3661198656036708
2,2025_november_01_07,13.333333015441895,45.60416793823242,-0.7907628658550723,-0.792563266826109
2,2025_november_01_07,13.375,45.60416793823242,0.1334606027053809,0.13363667154620773
2,2025_november_01_07,13.416666984558105,45.60416793823242,0.4105575534812451,0.41215429293684275
2,2025_november_01_07,13.458333015441895,45.60416793823242,0.45533814171614073,0.4567335040882504
2,2025_november_01_07,13.5,45.60416793823242,0.7347142055156946,0.7370157742089184
2,2025_november_01_07,13.708333015441895,45.60416793823242,-1.9091980440748224,-1.9150183281777433
2,2025_november_01_07,13.166666984558105,45.64583206176758,0.5219654840714699,0.523049215493122
2,2025_november_01_07,13.208333015441895,45.64583206176758,0.9431328617739607,0.9454838545124593
2,2025_november_01_07,13.25,45.64583206176758,0.8313804725731015,0.8330488720021823
2,2025_november_01_07,13.291666984558105,45.64583206176758,0.6628426380546361,0.6649531229570045
2,2025_november_01_07,13.333333015441895,45.64583206176758,0.553863320655154,0.5552171368027579
2,2025_november_01_07,13.375,45.64583206176758,-0.8522825829467593,-0.8553187044537194
2,2025_november_01_07,13.416666984558105,45.64583206176758,-1.5723218359871647,-1.5768844602566725
2,2025_november_01_07,13.458333015441895,45.64583206176758,-0.5724037952459843,-0.5735042275049479
2,2025_november_01_07,13.5,45.64583206176758,0.48514291209897037,0.4867098426680724
2,2025_november_01_07,13.541666984558105,45.64583206176758,0.7804408672352182,0.7831511091656171
2,2025_november_01_07,13.583333015441895,45.64583206176758,0.783913436284529,0.7864817222182169
2,2025_november_01_07,13.625,45.64583206176758,0.28158832834834774,0.2815275864467282
2,2025_november_01_07,13.666666984558105,45.64583206176758,-0.7876509200500462,-0.7913912896453328
2,2025_november_01_07,13.708333015441895,45.64583206176758,-1.0319336748821244,-1.0358539459799536
2,2025_november_01_07,13.166666984558105,45.6875,-0.33280071466257616,-0.3326800151550086
2,2025_november_01_07,13.208333015441895,45.6875,-1.199807094036661,-1.2016834241073422
2,2025_november_01_07,13.25,45.6875,-1.4279014231805554,-1.4319138373514453
2,2025_november_01_07,13.291666984558105,45.6875,-1.7720548109139895,-1.7778876808548816
2,2025_november_01_07,13.458333015441895,45.6875,-2.136314072659566,-2.1422000768547544
2,2025_november_01_07,13.5,45.6875,-1.9505119039100962,-1.9561999071037404
2,2025_november_01_07,13.541666984558105,45.6875,-0.6128477085054161,-0.6153001058039208
2,2025_november_01_07,13.583333015441895,45.6875,-0.2926560495350667,-0.2934318473260036
2,2025_november_01_07,13.625,45.6875,-0.4842217690556836,-0.4853530672807325
2,2025_november_01_07,13.666666984558105,45.6875,-1.1540357972316946,-1.1590121313030224
2,2025_november_01_07,13.708333015441895,45.6875,-1.2644045803545045,-1.2700951615146026
2,2025_november_01_07,13.541666984558105,45.72916793823242,-1.8431054738083117,-1.8492318344351228
2,2025_november_01_07,13.583333015441895,45.72916793823242,-1.5379652768635166,-1.5434010065413464
2,2025_november_01_07,13.625,45.72916793823242,-1.762834477716082,-1.7684811438218628
2,2025_november_01_07,13.666666984558105,45.72916793823242,-1.9994939661463038,-2.0054120806789126
2,2025_november_08_14,13.166666984558105,45.47916793823242,-2.1226886314214184,-2.127882473632522
2,2025_november_08_14,13.208333015441895,45.47916793823242,-2.1215292787711477,-2.126487848437397
2,2025_november_08_14,13.166666984558105,45.52083206176758,-1.6918152846298682,-1.696334694233174
2,2025_november_08_14,13.208333015441895,45.52083206176758,-1.9653323231858797,-1.9699222891073216
2,2025_november_08_14,13.25,45.52083206176758,-2.0047718015776113,-2.0107379393428984
2,2025_november_08_14,13.166666984558105,45.5625,-1.571874400749756,-1.5757259017989647
2,2025_november_08_14,13.208333015441895,45.5625,-2.1107682445600577,-2.115470388728059
2,2025_november_08_14,13.25,45.5625,-2.1833177443736664,-2.188346587620487
2,2025_november_08_14,13.291666984558105,45.5625,-2.235460034542758,-2.2405165741571116
2,2025_november_08_14,13.333333015441895,45.5625,-1.966610304894878,-1.9712547920166112
2,2025_november_08_14,13.166666984558105,45.60416793823242,0.5335250405559772,0.5355077658999762
2,2025_november_08_14,13.208333015441895,45.60416793823242,0.38194583425233425,0.3839138228664633
2,2025_november_08_14,13.25,45.60416793823242,-0.5679957543821051,-0.5685086455486397
2,2025_november_08_14,13.291666984558105,45.60416793823242,-1.2490665571293051,-1.2508218174876788
2,2025_november_08_14,13.333333015441895,45.60416793823242,-0.7439833518118375,-0.7434012979464382
2,2025_november_08_14,13.375,45.60416793823242,0.307587348661769,0.31019541347336244
2,2025_november_08_14,13.416666984558105,45.60416793823242,0.5154692858864998,0.5181492635483493
2,2025_november_08_14,13.458333015441895,45.60416793823242,0.504516449126494,0.5070712268059714
2,2025_november_08_14,13.5,45.60416793823242,0.7334539871728059,0.7368222570718447
2,2025_november_08_14,13.708333015441895,45.60416793823242,-1.5069816831040301,-1.5121900134043988
2,2025_november_08_14,13.166666984558105,45.64583206176758,0.5632603000458432,0.5655025186406348
2,2025_november_08_14,13.208333015441895,45.64583206176758,0.9029006745715816,0.9056068636883233
2,2025_november_08_14,13.25,45.64583206176758,0.832848621532854,0.8345709333264416
2,2025_november_08_14,13.291666984558105,45.64583206176758,0.74704646266037,0.7486433549559774
2,2025_november_08_14,13.333333015441895,45.64583206176758,0.5793830711132363,0.580675739957801
2,2025_november_08_14,13.375,45.64583206176758,-0.8962945322889102,-0.8981539643042075
2,2025_november_08_14,13.416666984558105,45.64583206176758,-1.665466810334839,-1.6695476171319152
2,2025_november_08_14,13.458333015441895,45.64583206176758,-0.34284638282208585,-0.3422104778989849
2,2025_november_08_14,13.5,45.64583206176758,0.6120323564601154,0.61501458813274
2,2025_november_08_14,13.541666984558105,45.64583206176758,0.8189968930170349,0.8217571403889931
2,2025_november_08_14,13.583333015441895,45.64583206176758,0.8787698146288967,0.8821086060266531
2,2025_november_08_14,13.625,45.64583206176758,0.37700438676059134,0.37743641748047724
2,2025_november_08_14,13.666666984558105,45.64583206176758,-0.569587004700219,-0.5726283976556225
2,2025_november_08_14,13.708333015441895,45.64583206176758,-0.9805048889441685,-0.9840157777967405
2,2025_november_08_14,13.166666984558105,45.6875,-0.22132438564188,-0.22160240117384258
2,2025_november_08_14,13.208333015441895,45.6875,-1.1611527972760907,-1.1642902934703825
2,2025_november_08_14,13.25,45.6875,-1.429576817606812,-1.433940832757411
2,2025_november_08_14,13.291666984558105,45.6875,-1.7846672287940122,-1.7904603474595397
2,2025_november_08_14,13.458333015441895,45.6875,-2.1184897764300206,-2.1243845549447538
2,2025_november_08_14,13.5,45.6875,-1.6999544162334916,-1.7054877516978135
2,2025_november_08_14,13.541666984558105,45.6875,-0.46294413596774525,-0.46451281815445444
2,2025_november_08_14,13.583333015441895,45.6875,-0.1566105980645574,-0.1575519980197905
2,2025_november_08_14,13.625,45.6875,-0.297641841705777,-0.297424948387749
2,2025_november_08_14,13.666666984558105,45.6875,-1.1641112477397046,-1.1670591528151466
2,2025_november_08_14,13.708333015441895,45.6875,-1.500410117693244,-1.504142185847147
2,2025_november_08_14,13.541666984558105,45.72916793823242,-2.074468516086292,-2.080614787593141
2,2025_november_08_14,13.583333015441895,45.72916793823242,-1.7726407118000698,-1.7798748680275553
2,2025_november_08_14,13.625,45.72916793823242,-1.7478611647488838,-1.7541550191899706
2,2025_november_08_14,13.666666984558105,45.72916793823242,-1.8490499004604781,-1.8530796322605383
2,2025_november_15_21,13.166666984558105,45.47916793823242,-2.0329246838298602,-2.0383617760027817
2,2025_november_15_21,13.208333015441895,45.47916793823242,-1.9960354000623957,-2.001592777181181
2,2025_november_15_21,13.166666984558105,45.52083206176758,-1.6965917489208893,-1.7003631023226515
2,2025_november_15_21,13.208333015441895,45.52083206176758,-1.9215389855154574,-1.9265078781014136
2,2025_november_15_21,13.25,45.52083206176758,-1.9047071416253876,-1.9092344373821455
2,2025_november_15_21,13.166666984558105,45.5625,-1.5440524627799446,-1.5484628442860093
2,2025_november_15_21,13.208333015441895,45.5625,-1.9766529147766971,-1.982223108969576
2,2025_november_15_21,13.25,45.5625,-2.238325255311298,-2.24469506693695
2,2025_november_15_21,13.291666984558105,45.5625,-2.3294673777992894,-2.3355510857638233
2,2025_november_15_21,13.333333015441895,45.5625,-1.9555489840004217,-1.9600781206668296
2,2025_november_15_21,13.166666984558105,45.60416793823242,0.6360074213508123,0.6369418868060601
2,2025_november_15_21,13.208333015441895,45.60416793823242,0.5446372776969157,0.5459376946092273
2,2025_november_15_21,13.25,45.60416793823242,-0.49399187708921066,-0.49553610671508935
2,2025_november_15_21,13.291666984558105,45.60416793823242,-1.3699435843353704,-1.3737484298291454
2,2025_november_15_21,13.333333015441895,45.60416793823242,-0.8867467084397286,-0.8891940169386976
2,2025_november_15_21,13.375,45.60416793823242,0.2840328518447906,0.2850163098837384
2,2025_november_15_21,13.416666984558105,45.60416793823242,0.5436333580635504,0.5455419140644878
2,2025_november_15_21,13.458333015441895,45.60416793823242,0.5365704588667902,0.5382670099781954
2,2025_november_15_21,13.5,45.60416793823242,0.7649971908254332,0.7675887504415828
2,2025_november_15_21,13.708333015441895,45.60416793823242,-1.7707866779001065,-1.7774101342090043
2,2025_november_15_21,13.166666984558105,45.64583206176758,0.5927239683289042,0.5933883896120284
2,2025_november_15_21,13.208333015441895,45.64583206176758,1.0821790081024214,1.0837456221767252
2,2025_november_15_21,13.25,45.64583206176758,1.0699541782092068,1.071746072561878
2,2025_november_15_21,13.291666984558105,45.64583206176758,0.9017855223918352,0.9041788520881883
2,2025_november_15_21,13.333333015441895,45.64583206176758,0.6243238128688846,0.6263184385276905
2,2025_november_15_21,13.375,45.64583206176758,-1.005710738156303,-1.0081522952839717
2,2025_november_15_21,13.416666984558105,45.64583206176758,-1.64186892885351,-1.645851294451138
2,2025_november_15_21,13.458333015441895,45.64583206176758,-0.40700385646650494,-0.4072794992825663
2,2025_november_15_21,13.5,45.64583206176758,0.624968983671778,0.6277699724578969
2,2025_november_15_21,13.541666984558105,45.64583206176758,0.8757735729090498,0.8784877804448693
2,2025_november_15_21,13.583333015441895,45.64583206176758,0.9040685942779259,0.9063264958435752
2,2025_november_15_21,13.625,45.64583206176758,0.4272883826844288,0.4271361597123267
2,2025_november_15_21,13.666666984558105,45.64583206176758,-0.6508247041598406,-0.6541093940014766
2,2025_november_15_21,13.708333015441895,45.64583206176758,-0.9837189467147067,-0.9876153862963825
2,2025_november_15_21,13.166666984558105,45.6875,-0.22742426025777768,-0.22757578217712465
2,2025_november_15_21,13.208333015441895,45.6875,-1.057589290138703,-1.0599785554280414
2,2025_november_15_21,13.25,45.6875,-1.4172259784069416,-1.4203831483629765
2,2025_november_15_21,13.291666984558105,45.6875,-1.8339937192547575,-1.8375789945862238
2,2025_november_15_21,13.458333015441895,45.6875,-2.1588754559628502,-2.16331771871741
2,2025_november_15_21,13.5,45.6875,-1.8736776607048822,-1.8782034713813425
2,2025_november_15_21,13.541666984558105,45.6875,-0.60247287301298,-0.6044867761971411
2,2025_november_15_21,13.583333015441895,45.6875,-0.14035436292586878,-0.14069642987437897
2,2025_november_15_21,13.625,45.6875,-0.37473985983181785,-0.3757983224208207
2,2025_november_15_21,13.666666984558105,45.6875,-1.138674044606075,-1.142475297251542
2,2025_november_15_21,13.708333015441895,45.6875,-1.4059453634788315,-1.4094854002250399
2,2025_november_15_21,13.541666984558105,45.72916793823242,-1.8400531918512932,-1.845216443463459
2,2025_november_15_21,13.583333015441895,45.72916793823242,-1.3549933377064682,-1.3595459762669642
2,2025_november_15_21,13.625,45.72916793823242,-1.7454056085955565,-1.7520699006049314
2,2025_november_15_21,13.666666984558105,45.72916793823242,-2.019216996064191,-2.025549725655314
2,2025_november_22_28,13.166666984558105,45.47916793823242,-2.0963013293453376,-2.1008209385836754
2,2025_november_22_28,13.208333015441895,45.47916793823242,-1.9920942459092497,-1.9969829945368212
2,2025_november_22_28,13.166666984558105,45.52083206176758,-1.607194329668482,-1.6121714006403691
2,2025_november_22_28,13.208333015441895,45.52083206176758,-1.909197566106858,-1.9135620405810798
2,2025_november_22_28,13.25,45.52083206176758,-1.8788090997846079,-1.8842570970249866
2,2025_november_22_28,13.166666984558105,45.5625,-1.6103338376724738,-1.6126304236332023
2,2025_november_22_28,13.208333015441895,45.5625,-2.13788736497925,-2.142326656748572
2,2025_november_22_28,13.25,45.5625,-2.169170853828614,-2.173232372379
2,2025_november_22_28,13.291666984558105,45.5625,-2.214795905418127,-2.2197318927755534
2,2025_november_22_28,13.333333015441895,45.5625,-1.9121133911876844,-1.9149639369163582
2,2025_november_22_28,13.166666984558105,45.60416793823242,0.5971729108901382,0.5985270906638042
2,2025_november_22_28,13.208333015441895,45.60416793823242,0.4601342054460696,0.4615868602024003
2,2025_november_22_28,13.25,45.60416793823242,-0.5189190693121815,-0.5209252147657185
2,2025_november_22_28,13.291666984558105,45.60416793823242,-1.4568249092250627,-1.460765669795667
2,2025_november_22_28,13.333333015441895,45.60416793823242,-0.7809148577658639,-0.7814954935415047
2,2025_november_22_28,13.375,45.60416793823242,0.32345078451737713,0.32516525892202247
2,2025_november_22_28,13.416666984558105,45.60416793823242,0.5100842659919751,0.5122738552843558
2,2025_november_22_28,13.458333015441895,45.60416793823242,0.5704539702402647,0.5733074876852801
2,2025_november_22_28,13.5,45.60416793823242,0.7380889986831249,0.7409060329082175
2,2025_november_22_28,13.708333015441895,45.60416793823242,-1.8027868313989377,-1.807712232830891
2,2025_november_22_28,13.166666984558105,45.64583206176758,0.601100152601367,0.6022011182114199
2,2025_november_22_28,13.208333015441895,45.64583206176758,1.045053913900307,1.0469931230513962
2,2025_november_22_28,13.25,45.64583206176758,0.9981935530906689,0.9996593236731485
2,2025_november_22_28,13.291666984558105,45.64583206176758,0.8150562618181246,0.8163586297592598
2,2025_november_22_28,13.333333015441895,45.64583206176758,0.6468531190247394,0.6484893580049362
2,2025_november_22_28,13.375,45.64583206176758,-0.9536490910811588,-0.955393241907402
2,2025_november_22_28,13.416666984558105,45.64583206176758,-1.678677862678957,-1.6818534125205
2,2025_november_22_28,13.458333015441895,45.64583206176758,-0.4367049896762714,-0.43624907024783177
2,2025_november_22_28,13.5,45.64583206176758,0.5826688524414942,0.5854496995089583
2,2025_november_22_28,13.541666984558105,45.64583206176758,0.8198827755924365,0.8226184911807776
2,2025_november_22_28,13.583333015441895,45.64583206176758,0.9044483342667516,0.9073231027169267
2,2025_november_22_28,13.625,45.64583206176758,0.38683997101060186,0.3871378318956486
2,2025_november_22_28,13.666666984558105,45.64583206176758,-0.6545088812136567,-0.6563107837807926
2,2025_november_22_28,13.708333015441895,45.64583206176758,-1.0019230108918606,-1.005359279205153
2,2025_november_22_28,13.166666984558105,45.6875,-0.31332886432921736,-0.3139877251275417
2,2025_november_22_28,13.208333015441895,45.6875,-1.1556664720491896,-1.1581115949551697
2,2025_november_22_28,13.25,45.6875,-1.4244009092837673,-1.4276132882573775
2,2025_november_22_28,13.291666984558105,45.6875,-1.8257477104665571,-1.8304277142297927
2,2025_november_22_28,13.458333015441895,45.6875,-2.186353011448047,-2.1918541992809413
2,2025_november_22_28,13.5,45.6875,-1.865508027931213,-1.8687195521010433
2,2025_november_22_28,13.541666984558105,45.6875,-0.6866016082231677,-0.685995425430282
2,2025_november_22_28,13.583333015441895,45.6875,-0.33050446117045956,-0.33004320906176643
2,2025_november_22_28,13.625,45.6875,-0.5587016610953254,-0.5593565796814471
2,2025_november_22_28,13.666666984558105,45.6875,-1.2047132939892191,-1.2071356046108892
2,2025_november_22_28,13.708333015441895,45.6875,-1.415369023692355,-1.4202084651804665
2,2025_november_22_28,13.541666984558105,45.72916793823242,-2.128604755183773,-2.1341159258444797
2,2025_november_22_28,13.583333015441895,45.72916793823242,-1.6046755748132477,-1.6106400618828614
2,2025_november_22_28,13.625,45.72916793823242,-1.698023437740996,-1.7039364640194847
2,2025_november_22_28,13.666666984558105,45.72916793823242,-1.9376693496208621,-1.9429623209625966
3,2025_may_01_07,13.166666984558105,45.47916793823242,-2.0985799968337453,-2.1036390940628467
3,2025_may_01_07,13.208333015441895,45.47916793823242,-2.1249264966918346,-2.130309059977487
3,2025_may_01_07,13.166666984558105,45.52083206176758,-1.9863702063997586,-1.9924119509395979
3,2025_may_01_07,13.208333015441895,45.52083206176758,-2.206674624589258,-2.2139295463421296
3,2025_may_01_07,13.25,45.52083206176758,-2.0289660671957495,-2.034468984450431
3,2025_may_01_07,13.166666984558105,45.5625,-1.5543512633086207,-1.5580342047182019
3,2025_may_01_07,13.208333015441895,45.5625,-1.979690576309349,-1.9831623447709699
3,2025_may_01_07,13.25,45.5625,-2.2214169296892563,-2.226636488917807
3,2025_may_01_07,13.291666984558105,45.5625,-2.267186844338251,-2.2731438269102187
3,2025_may_01_07,13.333333015441895,45.5625,-2.1383006697045213,-2.143730602355268
3,2025_may_01_07,13.166666984558105,45.60416793823242,0.2568080405806442,0.2553068263266285
3,2025_may_01_07,13.208333015441895,45.60416793823242,0.14220139359489223,0.1401105675488404
3,2025_may_01_07,13.25,45.60416793823242,-0.9029252488547512,-0.9047210873513373
3,2025_may_01_07,13.291666984558105,45.60416793823242,-1.7431710339727398,-1.7465131168307204
3,2025_may_01_07,13.333333015441895,45.60416793823242,-1.1804855809646344,-1.18254439201258
3,2025_may_01_07,13.375,45.60416793823242,0.2609495401503925,0.26028137261091533
3,2025_may_01_07,13.416666984558105,45.60416793823242,0.519294385066347,0.5195133163524389
3,2025_may_01_07,13.458333015441895,45.60416793823242,0.5261126838450663,0.5266394857483778
3,2025_may_01_07,13.5,45.60416793823242,0.8828822907756615,0.8863677839917955
3,2025_may_01_07,13.708333015441895,45.60416793823242,-2.018175794273521,-2.0237216547956463
3,2025_may_01_07,13.166666984558105,45.64583206176758,0.3960657185170981,0.39885184372196664
3,2025_may_01_07,13.208333015441895,45.64583206176758,0.9585709640096275,0.9628815099505718
3,2025_may_01_07,13.25,45.64583206176758,0.9411557160919153,0.9441488393753007
3,2025_may_01_07,13.291666984558105,45.64583206176758,0.7208603478128347,0.7235461368528232
3,2025_may_01_07,13.333333015441895,45.64583206176758,0.46639262878933074,0.4705406799642854
3,2025_may_01_07,13.375,45.64583206176758,-0.8292174552408794,-0.8291874088694924
3,2025_may_01_07,13.416666984558105,45.64583206176758,-1.5930009908560159,-1.5961737714966548
3,2025_may_01_07,13.458333015441895,45.64583206176758,-0.45934986496519864,-0.459168968413085
3,2025_may_01_07,13.5,45.64583206176758,0.6650203972486065,0.6680049889731808
3,2025_may_01_07,13.541666984558105,45.64583206176758,0.8785957210031937,0.8807619737530636
3,2025_may_01_07,13.583333015441895,45.64583206176758,0.9424962044836084,0.9451620288397645
3,2025_may_01_07,13.625,45.64583206176758,0.4476143397464761,0.44621395790159124
3,2025_may_01_07,13.666666984558105,45.64583206176758,-0.6684454367633935,-0.6729629630830637
3,2025_may_01_07,13.708333015441895,45.64583206176758,-0.8776549907041078,-0.8790224655602876
3,2025_may_01_07,13.166666984558105,45.6875,-0.7258505642979559,-0.7262060416147671
3,2025_may_01_07,13.208333015441895,45.6875,-1.204384100064648,-1.206589125460774
3,2025_may_01_07,13.25,45.6875,-1.1777378338289919,-1.1807149055650612
3,2025_may_01_07,13.291666984558105,45.6875,-1.7863848580741863,-1.790576831885719
3,2025_may_01_07,13.458333015441895,45.6875,-2.172812692977316,-2.178996443206252
3,2025_may_01_07,13.5,45.6875,-2.0150358645069772,-2.0209175102715538
3,2025_may_01_07,13.541666984558105,45.6875,-0.6155536569571413,-0.6174698258050504
3,2025_may_01_07,13.583333015441895,45.6875,0.0566432818111463,0.056625223847256344
3,2025_may_01_07,13.625,45.6875,-0.10506071929816628,-0.10553629252288983
3,2025_may_01_07,13.666666984558105,45.6875,-1.1141032798002812,-1.114705859101298
3,2025_may_01_07,13.708333015441895,45.6875,-1.7272465388487352,-1.7271596450637356
3,2025_may_01_07,13.541666984558105,45.72916793823242,-2.1033694476719624,-2.106477573727762
3,2025_may_01_07,13.583333015441895,45.72916793823242,-1.6097021375138816,-1.6111566013933103
3,2025_may_01_07,13.625,45.72916793823242,-1.7591889394114597,-1.7633876511046824
3,2025_may_01_07,13.666666984558105,45.72916793823242,-1.9462236675812246,-1.949918858228155
3,2025_may_08_14,13.166666984558105,45.47916793823242,-2.0033327180108707,-2.008110433078641
3,2025_may_08_14,13.208333015441895,45.47916793823242,-2.0293331435213124,-2.033758758558505
3,2025_may_08_14,13.166666984558105,45.52083206176758,-1.8809275211521819,-1.8855417153185476
3,2025_may_08_14,13.208333015441895,45.52083206176758,-2.1676541759688854,-2.1733794209573003
3,2025_may_08_14,13.25,45.52083206176758,-2.0390074858840768,-2.044524278471148
3,2025_may_08_14,13.166666984558105,45.5625,-1.6035458560211664,-1.6064419132408503
3,2025_may_08_14,13.208333015441895,45.5625,-2.0198603419479433,-2.02436893921116
3,2025_may_08_14,13.25,45.5625,-2.1745880741446717,-2.1797750714507753
3,2025_may_08_14,13.291666984558105,45.5625,-2.352507637860694,-2.3582074514029028
3,2025_may_08_14,13.333333015441895,45.5625,-2.2313578275015535,-2.2369783267438734
3,2025_may_08_14,13.166666984558105,45.60416793823242,0.2725787245759107,0.2739070416159699
3,2025_may_08_14,13.208333015441895,45.60416793823242,0.058857487071937054,0.05973024078689902
3,2025_may_08_14,13.25,45.60416793823242,-0.9287263174714907,-0.9305064808450665
3,2025_may_08_14,13.291666984558105,45.60416793823242,-1.5696027477549492,-1.5730144405433775
3,2025_may_08_14,13.333333015441895,45.60416793823242,-1.1119909710400628,-1.1145025239944284
3,2025_may_08_14,13.375,45.60416793823242,0.29691670688392635,0.2988306952138812
3,2025_may_08_14,13.416666984558105,45.60416793823242,0.6014082113544504,0.6039756258410814
3,2025_may_08_14,13.458333015441895,45.60416793823242,0.5317853077900655,0.5340974486700927
3,2025_may_08_14,13.5,45.60416793823242,0.8600106272123894,0.8627927363948285
3,2025_may_08_14,13.708333015441895,45.60416793823242,-2.0749084537670335,-2.0802882646045444
3,2025_may_08_14,13.166666984558105,45.64583206176758,0.5253171012076263,0.5267570066273956
3,2025_may_08_14,13.208333015441895,45.64583206176758,1.0438431525603382,1.0469248974780554
3,2025_may_08_14,13.25,45.64583206176758,0.9966791089634024,0.9998043687532627
3,2025_may_08_14,13.291666984558105,45.64583206176758,0.634689528949183,0.6371139569065979
3,2025_may_08_14,13.333333015441895,45.64583206176758,0.30664952843126636,0.30899481513872773
3,2025_may_08_14,13.375,45.64583206176758,-0.8642322099160916,-0.8648410606470618
3,2025_may_08_14,13.416666984558105,45.64583206176758,-1.4824184674803493,-1.485942633087266
3,2025_may_08_14,13.458333015441895,45.64583206176758,-0.4110505091022449,-0.4113590590599728
3,2025_may_08_14,13.5,45.64583206176758,0.6168212540647747,0.6193448892559131
3,2025_may_08_14,13.541666984558105,45.64583206176758,0.9178109912260672,0.9206073586705925
3,2025_may_08_14,13.583333015441895,45.64583206176758,0.9317575537713281,0.9342180390025561
3,2025_may_08_14,13.625,45.64583206176758,0.4097632271970601,0.40969975155532956
3,2025_may_08_14,13.666666984558105,45.64583206176758,-0.5054281013443658,-0.5079778143972744
3,2025_may_08_14,13.708333015441895,45.64583206176758,-0.8427103817161152,-0.8453347131292195
3,2025_may_08_14,13.166666984558105,45.6875,-0.7477508230456302,-0.749588816182953
3,2025_may_08_14,13.208333015441895,45.6875,-1.2999088754011399,-1.3026459980202199
3,2025_may_08_14,13.25,45.6875,-1.1445194519461501,-1.1471868041906639
3,2025_may_08_14,13.291666984558105,45.6875,-1.693909671363586,-1.6986914634702326
3,2025_may_08_14,13.458333015441895,45.6875,-2.3006017800591008,-2.3060877590740265
3,2025_may_08_14,13.5,45.6875,-1.9791503188229598,-1.98298304447008
3,2025_may_08_14,13.541666984558105,45.6875,-0.5058630426023258,-0.5062301465002096
3,2025_may_08_14,13.583333015441895,45.6875,0.02016679795791319,0.020807858259386285
3,2025_may_08_14,13.625,45.6875,-0.189973043541822,-0.1889252880067509
3,2025_may_08_14,13.666666984558105,45.6875,-1.2634848171322797,-1.266658563679476
3,2025_may_08_14,13.708333015441895,45.6875,-1.806449743658586,-1.811823321779138
3,2025_may_08_14,13.541666984558105,45.72916793823242,-1.9631458534499437,-1.9683551294807695
3,2025_may_08_14,13.583333015441895,45.72916793823242,-1.5133345285491753,-1.5185426116943153
3,2025_may_08_14,13.625,45.72916793823242,-1.9192495702382135,-1.924837385906156
3,2025_may_08_14,13.666666984558105,45.72916793823242,-2.137353250187051,-2.142555151103737
3,2025_may_15_21,13.166666984558105,45.47916793823242,-1.9766221851971115,-1.9815774688770424
3,2025_may_15_21,13.208333015441895,45.47916793823242,-2.009542905997907,-2.0152024587729858
3,2025_may_15_21,13.166666984558105,45.52083206176758,-2.0573621919058884,-2.0636095528564984
3,2025_may_15_21,13.208333015441895,45.52083206176758,-2.266655445323704,-2.272381349766299
3,2025_may_15_21,13.25,45.52083206176758,-2.06154951466106,-2.066548407940734
3,2025_may_15_21,13.166666984558105,45.5625,-1.7096375816842415,-1.7114819398794017
3,2025_may_15_21,13.208333015441895,45.5625,-2.0516147111756666,-2.0557452952394053
3,2025_may_15_21,13.25,45.5625,-2.3400817520537402,-2.3452472434633336
3,2025_may_15_21,13.291666984558105,45.5625,-2.4765988057940773,-2.481561893178159
3,2025_may_15_21,13.333333015441895,45.5625,-2.263508335618844,-2.268438861427039
3,2025_may_15_21,13.166666984558105,45.60416793823242,0.33272602209086133,0.33104614709728947
3,2025_may_15_21,13.208333015441895,45.60416793823242,0.0663551319289677,0.06552979280524175
3,2025_may_15_21,13.25,45.60416793823242,-0.9040992890719493,-0.9037059392750639
3,2025_may_15_21,13.291666984558105,45.60416793823242,-1.6809134058294635,-1.6837645829569636
3,2025_may_15_21,13.333333015441895,45.60416793823242,-1.3167715559649436,-1.3184805359720744
3,2025_may_15_21,13.375,45.60416793823242,0.1976193643116496,0.20020433498905316
3,2025_may_15_21,13.416666984558105,45.60416793823242,0.48764993899765613,0.48898147280228377
3,2025_may_15_21,13.458333015441895,45.60416793823242,0.3800370972318837,0.3793822260372855
3,2025_may_15_21,13.5,45.60416793823242,0.7426848642215027,0.7448026212174093
3,2025_may_15_21,13.708333015441895,45.60416793823242,-2.0866051320272696,-2.091640906187639
3,2025_may_15_21,13.166666984558105,45.64583206176758,0.3904303912626687,0.3933987250394915
3,2025_may_15_21,13.208333015441895,45.64583206176758,1.0952081772760784,1.0989348408921114
3,2025_may_15_21,13.25,45.64583206176758,1.057083790862855,1.0604894404835772
3,2025_may_15_21,13.291666984558105,45.64583206176758,0.8030273186464174,0.8073443604782882
3,2025_may_15_21,13.333333015441895,45.64583206176758,0.5391758960078462,0.543936141364702
3,2025_may_15_21,13.375,45.64583206176758,-0.8226230363777809,-0.8216403738319993
3,2025_may_15_21,13.416666984558105,45.64583206176758,-1.6652379236142745,-1.6658436348326977
3,2025_may_15_21,13.458333015441895,45.64583206176758,-0.5413887724277376,-0.5421490994077771
3,2025_may_15_21,13.5,45.64583206176758,0.6052505575201403,0.6066173259221287
3,2025_may_15_21,13.541666984558105,45.64583206176758,0.8482605037978045,0.8490248190056867
3,2025_may_15_21,13.583333015441895,45.64583206176758,0.9720278241414154,0.97303630474263
3,2025_may_15_21,13.625,45.64583206176758,0.45490423033046734,0.4526709997652904
3,2025_may_15_21,13.666666984558105,45.64583206176758,-0.6500184314672549,-0.6535316219972473
3,2025_may_15_21,13.708333015441895,45.64583206176758,-0.9267130952816827,-0.9290188561953518
3,2025_may_15_21,13.166666984558105,45.6875,-0.774186610402938,-0.7732177253070378
3,2025_may_15_21,13.208333015441895,45.6875,-1.1889038865503796,-1.1896498267856346
3,2025_may_15_21,13.25,45.6875,-1.2064660707432509,-1.2101736006971935
3,2025_may_15_21,13.291666984558105,45.6875,-1.7624423961881455,-1.7676376361360073
3,2025_may_15_21,13.458333015441895,45.6875,-2.187716326918445,-2.1909993675807056
3,2025_may_15_21,13.5,45.6875,-1.639392744939484,-1.643243904062418
3,2025_may_15_21,13.541666984558105,45.6875,-0.4164128836051963,-0.4175132489655141
3,2025_may_15_21,13.583333015441895,45.6875,-0.17263484976322166,-0.17192460283181446
3,2025_may_15_21,13.625,45.6875,-0.28300520180743544,-0.28320342922322916
3,2025_may_15_21,13.666666984558105,45.6875,-1.1997720220046657,-1.1997598913716214
3,2025_may_15_21,13.708333015441895,45.6875,-1.8748026022990796,-1.8765252454475458
3,2025_may_15_21,13.541666984558105,45.72916793823242,-1.8971155681513205,-1.9003354634266207
3,2025_may_15_21,13.583333015441895,45.72916793823242,-1.470158343330874,-1.469646632238569
3,2025_may_15_21,13.625,45.72916793823242,-1.8262032661548477,-1.8317373044883212
3,2025_may_15_21,13.666666984558105,45.72916793823242,-1.9202082957093913,-1.9269672817489323
3,2025_may_22_28,13.166666984558105,45.47916793823242,-2.0029924663247445,-2.0064238067382107
3,2025_may_22_28,13.208333015441895,45.47916793823242,-2.0779054767851584,-2.0815606033925693
3,2025_may_22_28,13.166666984558105,45.52083206176758,-1.919420753338181,-1.9243876423995039
3,2025_may_22_28,13.208333015441895,45.52083206176758,-2.1034587187608556,-2.1089280078783132
3,2025_may_22_28,13.25,45.52083206176758,-1.9245088118204523,-1.9290332074389671
3,2025_may_22_28,13.166666984558105,45.5625,-1.4701527253307514,-1.4736831820141443
3,2025_may_22_28,13.208333015441895,45.5625,-2.0015422966944767,-2.0056453939675203
3,2025_may_22_28,13.25,45.5625,-2.204959549101779,-2.2095866854132
3,2025_may_22_28,13.291666984558105,45.5625,-2.3210448961892687,-2.325535911088148
3,2025_may_22_28,13.333333015441895,45.5625,-2.18266804627796,-2.1872634363627963
3,2025_may_22_28,13.166666984558105,45.60416793823242,0.3130371215626438,0.314294062533978
3,2025_may_22_28,13.208333015441895,45.60416793823242,0.06898776576074649,0.06888279621660504
3,2025_may_22_28,13.25,45.60416793823242,-0.9211576266805573,-0.9244930735994827
3,2025_may_22_28,13.291666984558105,45.60416793823242,-1.5191299184166418,-1.5223160237402624
3,2025_may_22_28,13.333333015441895,45.60416793823242,-1.174331402069927,-1.1767929789429818
3,2025_may_22_28,13.375,45.60416793823242,0.19784139989086855,0.1998914959684012
3,2025_may_22_28,13.416666984558105,45.60416793823242,0.5634319983054149,0.5657856045897071
3,2025_may_22_28,13.458333015441895,45.60416793823242,0.5120233068704779,0.5147721831972116
3,2025_may_22_28,13.5,45.60416793823242,0.7835203445610793,0.786630449446395
3,2025_may_22_28,13.708333015441895,45.60416793823242,-2.0572616508902652,-2.062217011486304
3,2025_may_22_28,13.166666984558105,45.64583206176758,0.5481197378680828,0.5499561044611568
3,2025_may_22_28,13.208333015441895,45.64583206176758,1.0790608511544622,1.0821218655680578
3,2025_may_22_28,13.25,45.64583206176758,1.0858623005725956,1.0882209695100558
3,2025_may_22_28,13.291666984558105,45.64583206176758,0.8184716911204579,0.8205082713015027
3,2025_may_22_28,13.333333015441895,45.64583206176758,0.5905759156798324,0.5923596594355879
3,2025_may_22_28,13.375,45.64583206176758,-0.8508843401057712,-0.8525923880880479
3,2025_may_22_28,13.416666984558105,45.64583206176758,-1.638643044488045,-1.641909962993229
3,2025_may_22_28,13.458333015441895,45.64583206176758,-0.42064121845735314,-0.420891076982473
3,2025_may_22_28,13.5,45.64583206176758,0.5737812437955333,0.5761066244215185
3,2025_may_22_28,13.541666984558105,45.64583206176758,0.80240763111378,0.8045031857422088
3,2025_may_22_28,13.583333015441895,45.64583206176758,0.9428692695499935,0.9455333642143038
3,2025_may_22_28,13.625,45.64583206176758,0.48109670098547036,0.48178212574599555
3,2025_may_22_28,13.666666984558105,45.64583206176758,-0.5717419418542669,-0.5736721610057808
3,2025_may_22_28,13.708333015441895,45.64583206176758,-0.9280619380366631,-0.930757888591082
3,2025_may_22_28,13.166666984558105,45.6875,-0.6668587424590945,-0.6688603973878744
3,2025_may_22_28,13.208333015441895,45.6875,-1.2505498357335252,-1.2530125173865154
3,2025_may_22_28,13.25,45.6875,-1.2711075132832932,-1.2735914993252218
3,2025_may_22_28,13.291666984558105,45.6875,-1.7449755079897427,-1.748844948686748
3,2025_may_22_28,13.458333015441895,45.6875,-2.176695826160237,-2.181335326720924
3,2025_may_22_28,13.5,45.6875,-1.6935942455276878,-1.6971983042185885
3,2025_may_22_28,13.541666984558105,45.6875,-0.4137460858596382,-0.4139329493376008
3,2025_may_22_28,13.583333015441895,45.6875,-0.05005967756435606,-0.04933336547189711
3,2025_may_22_28,13.625,45.6875,-0.28662043600416504,-0.28593660388787007
3,2025_may_22_28,13.666666984558105,45.6875,-1.219592088087968,-1.2216133208552657
3,2025_may_22_28,13.708333015441895,45.6875,-1.7595128782644085,-1.7643896899023266
3,2025_may_22_28,13.541666984558105,45.72916793823242,-2.0076847105080833,-2.0132401765636962
3,2025_may_22_28,13.583333015441895,45.72916793823242,-1.3600422757404425,-1.3662490865640964
3,2025_may_22_28,13.625,45.72916793823242,-1.7974675830390654,-1.802717227517662
3,2025_may_22_28,13.666666984558105,45.72916793823242,-2.0335430432559254,-2.0381937698318144
3,2025_november_01_07,13.166666984558105,45.47916793823242,-1.8758405800261715,-1.8813959256975947
3,2025_november_01_07,13.208333015441895,45.47916793823242,-1.7738190701040306,-1.7795467783080632
3,2025_november_01_07,13.166666984558105,45.52083206176758,-1.9463593546315312,-1.950527242693442
3,2025_november_01_07,13.208333015441895,45.52083206176758,-2.218981735911855,-2.223521169563499
3,2025_november_01_07,13.25,45.52083206176758,-2.0735460827002625,-2.077619632558293
3,2025_november_01_07,13.166666984558105,45.5625,-1.677965506957161,-1.6815573624899693
3,2025_november_01_07,13.208333015441895,45.5625,-2.165098454277718,-2.1705366590431754
3,2025_november_01_07,13.25,45.5625,-2.282298680045035,-2.2881043437009816
3,2025_november_01_07,13.291666984558105,45.5625,-2.238224004972429,-2.2436970018921003
3,2025_november_01_07,13.333333015441895,45.5625,-1.92996291242541,-1.9347048034345737
3,2025_november_01_07,13.166666984558105,45.60416793823242,0.5690903449648265,0.5701630926904653
3,2025_november_01_07,13.208333015441895,45.60416793823242,0.5024984962590304,0.5034412711824754
3,2025_november_01_07,13.25,45.60416793823242,-0.5024921657543605,-0.5033727905708264
3,2025_november_01_07,13.291666984558105,45.60416793823242,-1.2756272197207381,-1.2778348224632947
3,2025_november_01_07,13.333333015441895,45.60416793823242,-0.8823985787614993,-0.8838809420780552
3,2025_november_01_07,13.375,45.60416793823242,0.20733127842870605,0.20835104103526933
3,2025_november_01_07,13.416666984558105,45.60416793823242,0.46894243263456054,0.4703669382386314
3,2025_november_01_07,13.458333015441895,45.60416793823242,0.5280793181296791,0.5293176062667183
3,2025_november_01_07,13.5,45.60416793823242,0.8172164408093316,0.8196183003931317
3,2025_november_01_07,13.708333015441895,45.60416793823242,-1.682731524707627,-1.6879767954911047
3,2025_november_01_07,13.166666984558105,45.64583206176758,0.5183587951023622,0.5190470309534371
3,2025_november_01_07,13.208333015441895,45.64583206176758,1.0164398715102825,1.017741264419538
3,2025_november_01_07,13.25,45.64583206176758,1.0194344544056932,1.0206923288097425
3,2025_november_01_07,13.291666984558105,45.64583206176758,0.8984266901482376,0.9000188513492602
3,2025_november_01_07,13.333333015441895,45.64583206176758,0.699566992400661,0.701102933115051
3,2025_november_01_07,13.375,45.64583206176758,-1.0198835067434862,-1.0224268723065795
3,2025_november_01_07,13.416666984558105,45.64583206176758,-1.7041459865152961,-1.7084585683015288
3,2025_november_01_07,13.458333015441895,45.64583206176758,-0.5598415838787031,-0.5611157849484487
3,2025_november_01_07,13.5,45.64583206176758,0.48945660727205487,0.49121970867995796
3,2025_november_01_07,13.541666984558105,45.64583206176758,0.787883683813057,0.7898236702781872
3,2025_november_01_07,13.583333015441895,45.64583206176758,0.8504909314145729,0.8517819402636578
3,2025_november_01_07,13.625,45.64583206176758,0.41345440485802115,0.41308460597997637
3,2025_november_01_07,13.666666984558105,45.64583206176758,-0.6056338097753983,-0.6082152386549696
3,2025_november_01_07,13.708333015441895,45.64583206176758,-0.9779516955167581,-0.9810902820970151
3,2025_november_01_07,13.166666984558105,45.6875,-0.31892720115345885,-0.3190476241729841
3,2025_november_01_07,13.208333015441895,45.6875,-1.1424747467868952,-1.1445687493809742
3,2025_november_01_07,13.25,45.6875,-1.3670918021061131,-1.3705513788430528
3,2025_november_01_07,13.291666984558105,45.6875,-1.7875726544048507,-1.792190506161184
3,2025_november_01_07,13.458333015441895,45.6875,-1.9823031753336164,-1.987292562984687
3,2025_november_01_07,13.5,45.6875,-1.6633702284429608,-1.6675458381736794
3,2025_november_01_07,13.541666984558105,45.6875,-0.555352912908926,-0.5568754206211706
3,2025_november_01_07,13.583333015441895,45.6875,-0.1521326208202692,-0.15265055290728724
3,2025_november_01_07,13.625,45.6875,-0.28455269995273763,-0.2860534658259032
3,2025_november_01_07,13.666666984558105,45.6875,-1.0099453700220224,-1.0139511057562896
3,2025_november_01_07,13.708333015441895,45.6875,-1.2698836175563406,-1.2743984187668882
3,2025_november_01_07,13.541666984558105,45.72916793823242,-1.6729439806257107,-1.6774049009570922
3,2025_november_01_07,13.583333015441895,45.72916793823242,-1.4579788540284377,-1.4620736791186737
3,2025_november_01_07,13.625,45.72916793823242,-1.6526894467189186,-1.6572078181854333
3,2025_november_01_07,13.666666984558105,45.72916793823242,-1.998257400532586,-2.002493970170098
3,2025_november_08_14,13.166666984558105,45.47916793823242,-1.9881353244782305,-1.9923508704760986
3,2025_november_08_14,13.208333015441895,45.47916793823242,-2.0848111697999525,-2.089360037938636
3,2025_november_08_14,13.166666984558105,45.52083206176758,-1.7654035550687168,-1.7703120449793226
3,2025_november_08_14,13.208333015441895,45.52083206176758,-2.126943986970715,-2.133495199394058
3,2025_november_08_14,13.25,45.52083206176758,-2.0153128255382997,-2.0213231208278173
3,2025_november_08_14,13.166666984558105,45.5625,-1.5216530534381185,-1.5241245259089555
3,2025_november_08_14,13.208333015441895,45.5625,-2.062884025019916,-2.0670377759478615
3,2025_november_08_14,13.25,45.5625,-2.3368847451778625,-2.34273295681737
3,2025_november_08_14,13.291666984558105,45.5625,-2.3311584079054986,-2.336720555474575
3,2025_november_08_14,13.333333015441895,45.5625,-1.9239984752160457,-1.9277433929091596
3,2025_november_08_14,13.166666984558105,45.60416793823242,0.5484440454231806,0.5489741313877676
3,2025_november_08_14,13.208333015441895,45.60416793823242,0.4842804615500353,0.4852673083236265
3,2025_november_08_14,13.25,45.60416793823242,-0.48332767598477483,-0.48464174570726415
3,2025_november_08_14,13.291666984558105,45.60416793823242,-1.356953482267295,-1.360995681839822
3,2025_november_08_14,13.333333015441895,45.60416793823242,-0.8766070488966904,-0.8783835878693974
3,2025_november_08_14,13.375,45.60416793823242,0.202727699143531,0.20382441660095663
3,2025_november_08_14,13.416666984558105,45.60416793823242,0.4698781552321399,0.47163263394557486
3,2025_november_08_14,13.458333015441895,45.60416793823242,0.5646176517384521,0.5667260185544661
3,2025_november_08_14,13.5,45.60416793823242,0.8355867765717636,0.8388283736361882
3,2025_november_08_14,13.708333015441895,45.60416793823242,-1.8823154116652927,-1.8875754194357879
3,2025_november_08_14,13.166666984558105,45.64583206176758,0.5448825134020902,0.5451216055173976
3,2025_november_08_14,13.208333015441895,45.64583206176758,0.9826726353736113,0.9832273869310914
3,2025_november_08_14,13.25,45.64583206176758,0.9978824941770662,0.9982129969884577
3,2025_november_08_14,13.291666984558105,45.64583206176758,0.857912466346891,0.8582497082966971
3,2025_november_08_14,13.333333015441895,45.64583206176758,0.60399098157112,0.6046160385928231
3,2025_november_08_14,13.375,45.64583206176758,-0.9175709968856387,-0.9176651908662387
3,2025_november_08_14,13.416666984558105,45.64583206176758,-1.6627279004854276,-1.6648887534912007
3,2025_november_08_14,13.458333015441895,45.64583206176758,-0.40152725203614886,-0.40032376465412295
3,2025_november_08_14,13.5,45.64583206176758,0.6060577427180859,0.6089957434547613
3,2025_november_08_14,13.541666984558105,45.64583206176758,0.758817372924077,0.7614920054270573
3,2025_november_08_14,13.583333015441895,45.64583206176758,0.8392604277567071,0.8420979346143643
3,2025_november_08_14,13.625,45.64583206176758,0.38203349911047146,0.3824264392883057
3,2025_november_08_14,13.666666984558105,45.64583206176758,-0.7306543469419483,-0.7330828721476259
3,2025_november_08_14,13.708333015441895,45.64583206176758,-1.0346120905223812,-1.0372611418440092
3,2025_november_08_14,13.166666984558105,45.6875,-0.3981841269254026,-0.3989770264083752
3,2025_november_08_14,13.208333015441895,45.6875,-1.1297331776141188,-1.1317660619554306
3,2025_november_08_14,13.25,45.6875,-1.4077951236710715,-1.4110952038693592
3,2025_november_08_14,13.291666984558105,45.6875,-1.7371761522933278,-1.742206162878529
3,2025_november_08_14,13.458333015441895,45.6875,-2.1335568008679333,-2.1381401590749913
3,2025_november_08_14,13.5,45.6875,-1.7482677501430113,-1.7508529651529103
3,2025_november_08_14,13.541666984558105,45.6875,-0.5230814337415345,-0.5231207506070585
3,2025_november_08_14,13.583333015441895,45.6875,-0.0968259731904949,-0.09636423282655067
3,2025_november_08_14,13.625,45.6875,-0.29841050049856704,-0.2986138895655237
3,2025_november_08_14,13.666666984558105,45.6875,-1.0525094051290083,-1.055292385850659
3,2025_november_08_14,13.708333015441895,45.6875,-1.357716817895227,-1.3619882094429652
3,2025_november_08_14,13.541666984558105,45.72916793823242,-1.856085797028129,-1.8615220612196746
3,2025_november_08_14,13.583333015441895,45.72916793823242,-1.5553511266946052,-1.5613602575205126
3,2025_november_08_14,13.625,45.72916793823242,-1.7230596431740817,-1.7287864906399149
3,2025_november_08_14,13.666666984558105,45.72916793823242,-1.8257396589332195,-1.830520017103736
3,2025_november_15_21,13.166666984558105,45.47916793823242,-2.047731095634575,-2.052567637874931
3,2025_november_15_21,13.208333015441895,45.47916793823242,-2.0711840354648383,-2.075795125220165
3,2025_november_15_21,13.166666984558105,45.52083206176758,-1.5774611000428556,-1.5803359764511196
3,2025_november_15_21,13.208333015441895,45.52083206176758,-1.8743123602347282,-1.8786654821396538
3,2025_november_15_21,13.25,45.52083206176758,-1.8829650164212408,-1.887794216897694
3,2025_november_15_21,13.166666984558105,45.5625,-1.5865138861006325,-1.590451021536958
3,2025_november_15_21,13.208333015441895,45.5625,-2.0719044743589237,-2.076505125051366
3,2025_november_15_21,13.25,45.5625,-2.2276807101859086,-2.232979412000701
3,2025_november_15_21,13.291666984558105,45.5625,-2.272554668236579,-2.2780316404382552
3,2025_november_15_21,13.333333015441895,45.5625,-1.9564507079626716,-1.9602737978984224
3,2025_november_15_21,13.166666984558105,45.60416793823242,0.46522791176198586,0.4667514455876043
3,2025_november_15_21,13.208333015441895,45.60416793823242,0.4454002260982941,0.44718308921216404
3,2025_november_15_21,13.25,45.60416793823242,-0.45233676017741536,-0.45330539604911113
3,2025_november_15_21,13.291666984558105,45.60416793823242,-1.4256817736664313,-1.429139861280488
3,2025_november_15_21,13.333333015441895,45.60416793823242,-0.8616415859617713,-0.863898608340614
3,2025_november_15_21,13.375,45.60416793823242,0.23850614683975177,0.2388567261163073
3,2025_november_15_21,13.416666984558105,45.60416793823242,0.4501067131910246,0.45173075679631636
3,2025_november_15_21,13.458333015441895,45.60416793823242,0.5010727999793082,0.5031722122347714
3,2025_november_15_21,13.5,45.60416793823242,0.7709807636671407,0.7738415203739448
3,2025_november_15_21,13.708333015441895,45.60416793823242,-1.8485634361214873,-1.8534596887729213
3,2025_november_15_21,13.166666984558105,45.64583206176758,0.6193561037328692,0.6203289507532685
3,2025_november_15_21,13.208333015441895,45.64583206176758,1.0512755090182002,1.0526646383820717
3,2025_november_15_21,13.25,45.64583206176758,0.9399129172007076,0.9411647757831485
3,2025_november_15_21,13.291666984558105,45.64583206176758,0.8538846960937941,0.8552851971438018
3,2025_november_15_21,13.333333015441895,45.64583206176758,0.6417052726734216,0.6435123661773399
3,2025_november_15_21,13.375,45.64583206176758,-0.9514726803898467,-0.9528900816575415
3,2025_november_15_21,13.416666984558105,45.64583206176758,-1.6137224494939912,-1.6162421371528535
3,2025_november_15_21,13.458333015441895,45.64583206176758,-0.38323073044056943,-0.383298677990975
3,2025_november_15_21,13.5,45.64583206176758,0.6212021803516088,0.6225131616940899
3,2025_november_15_21,13.541666984558105,45.64583206176758,0.8419808456276178,0.8439489660445154
3,2025_november_15_21,13.583333015441895,45.64583206176758,0.8426451727644132,0.844051038318024
3,2025_november_15_21,13.625,45.64583206176758,0.34080840103203686,0.34032441357004845
3,2025_november_15_21,13.666666984558105,45.64583206176758,-0.6392033376919858,-0.642030426710242
3,2025_november_15_21,13.708333015441895,45.64583206176758,-1.0145802020524282,-1.0182045425121207
3,2025_november_15_21,13.166666984558105,45.6875,-0.2413494216858276,-0.24146246196217408
3,2025_november_15_21,13.208333015441895,45.6875,-1.216113978753658,-1.2186426855034311
3,2025_november_15_21,13.25,45.6875,-1.5010525873943514,-1.504570637780041
3,2025_november_15_21,13.291666984558105,45.6875,-1.8772518265711662,-1.8810003603270053
3,2025_november_15_21,13.458333015441895,45.6875,-2.072649895585957,-2.076895899288107
3,2025_november_15_21,13.5,45.6875,-1.8022532408269567,-1.8059435224697917
3,2025_november_15_21,13.541666984558105,45.6875,-0.5891710758358716,-0.5907883674097635
3,2025_november_15_21,13.583333015441895,45.6875,-0.11160514971385511,-0.1122155557858274
3,2025_november_15_21,13.625,45.6875,-0.40313049276531204,-0.4048905600815538
3,2025_november_15_21,13.666666984558105,45.6875,-1.0738154830542668,-1.0776369392419103
3,2025_november_15_21,13.708333015441895,45.6875,-1.3575318957177733,-1.3620366471795908
3,2025_november_15_21,13.541666984558105,45.72916793823242,-1.9513336838389543,-1.9557035002428693
3,2025_november_15_21,13.583333015441895,45.72916793823242,-1.6518372465303452,-1.6555541302662993
3,2025_november_15_21,13.625,45.72916793823242,-1.8146642869923224,-1.819827724995597
3,2025_november_15_21,13.666666984558105,45.72916793823242,-2.073444967352611,-2.077877061518148
3,2025_november_22_28,13.166666984558105,45.47916793823242,-2.070320831901359,-2.07474056534609
3,2025_november_22_28,13.208333015441895,45.47916793823242,-2.1255836916971167,-2.1303782076128677
3,2025_november_22_28,13.166666984558105,45.52083206176758,-1.5607585115556186,-1.566597740321535
3,2025_november_22_28,13.208333015441895,45.52083206176758,-1.8207881033154991,-1.826086502288987
3,2025_november_22_28,13.25,45.52083206176758,-1.8479631185614018,-1.8528331543603327
3,2025_november_22_28,13.166666984558105,45.5625,-1.485132567330155,-1.4879277219648221
3,2025_november_22_28,13.208333015441895,45.5625,-1.9569574792657893,-1.9615390226886638
3,2025_november_22_28,13.25,45.5625,-2.272651625271291,-2.2777198941430465
3,2025_november_22_28,13.291666984558105,45.5625,-2.2286161876028787,-2.232542546605004
3,2025_november_22_28,13.333333015441895,45.5625,-1.9021357271775832,-1.904930360310832
3,2025_november_22_28,13.166666984558105,45.60416793823242,0.5438983208924516,0.5443818851029746
3,2025_november_22_28,13.208333015441895,45.60416793823242,0.48899153848193255,0.48998814476536945
3,2025_november_22_28,13.25,45.60416793823242,-0.5333597692763457,-0.5339606303277236
3,2025_november_22_28,13.291666984558105,45.60416793823242,-1.406128006531043,-1.4097098759183506
3,2025_november_22_28,13.333333015441895,45.60416793823242,-0.9059525224950639,-0.9062982572478854
3,2025_november_22_28,13.375,45.60416793823242,0.21093603011049347,0.21265278052364112
3,2025_november_22_28,13.416666984558105,45.60416793823242,0.4687593056858991,0.4702930373868145
3,2025_november_22_28,13.458333015441895,45.60416793823242,0.5667929557818276,0.5691241781917762
3,2025_november_22_28,13.5,45.60416793823242,0.8013712979159051,0.8043432138858444
3,2025_november_22_28,13.708333015441895,45.60416793823242,-1.9119086706949984,-1.9168259396336937
3,2025_november_22_28,13.166666984558105,45.64583206176758,0.5518261576558093,0.5532336003264557
3,2025_november_22_28,13.208333015441895,45.64583206176758,1.0095425491509415,1.0114763999597887
3,2025_november_22_28,13.25,45.64583206176758,0.9367927945047685,0.938086537548493
3,2025_november_22_28,13.291666984558105,45.64583206176758,0.7435866051399972,0.7449269416472262
3,2025_november_22_28,13.333333015441895,45.64583206176758,0.5714073191763734,0.5733330592056369
3,2025_november_22_28,13.375,45.64583206176758,-0.9179972042767536,-0.9178583594194348
3,2025_november_22_28,13.416666984558105,45.64583206176758,-1.5874683329850023,-1.5884431420595253
3,2025_november_22_28,13.458333015441895,45.64583206176758,-0.47319973207487737,-0.4715383030625606
3,2025_november_22_28,13.5,45.64583206176758,0.5199941105626218,0.5221152959464828
3,2025_november_22_28,13.541666984558105,45.64583206176758,0.830884014932905,0.8332662937109305
3,2025_november_22_28,13.583333015441895,45.64583206176758,0.9573458502709762,0.959981412703548
3,2025_november_22_28,13.625,45.64583206176758,0.378895249673914,0.3789496979338293
3,2025_november_22_28,13.666666984558105,45.64583206176758,-0.676025129556422,-0.6786580150557173
3,2025_november_22_28,13.708333015441895,45.64583206176758,-0.9941329124333171,-0.997165396104203
3,2025_november_22_28,13.166666984558105,45.6875,-0.32868793336229146,-0.32928371308871673
3,2025_november_22_28,13.208333015441895,45.6875,-1.071237737614687,-1.0730118070538253
3,2025_november_22_28,13.25,45.6875,-1.4953391103601044,-1.4985279970756633
3,2025_november_22_28,13.291666984558105,45.6875,-1.7930503773388453,-1.7979026269315077
3,2025_november_22_28,13.458333015441895,45.6875,-2.185457654260381,-2.1898396618416878
3,2025_november_22_28,13.5,45.6875,-1.8224498512264875,-1.825314999299309
3,2025_november_22_28,13.541666984558105,45.6875,-0.6426538496948061,-0.6431722196534505
3,2025_november_22_28,13.583333015441895,45.6875,-0.12059665715185254,-0.12071370135383473
3,2025_november_22_28,13.625,45.6875,-0.3493213139808683,-0.3499915397847479
3,2025_november_22_28,13.666666984558105,45.6875,-1.0867420320187178,-1.0893382811759686
3,2025_november_22_28,13.708333015441895,45.6875,-1.3684732181975312,-1.3721493478612263
3,2025_november_22_28,13.541666984558105,45.72916793823242,-1.7582758752319037,-1.7632950367401368
3,2025_november_22_28,13.583333015441895,45.72916793823242,-1.554981219087692,-1.5606830133552667
3,2025_november_22_28,13.625,45.72916793823242,-1.7123113492285085,-1.7171969284119555
3,2025_november_22_28,13.666666984558105,45.72916793823242,-1.7827798944610767,-1.786599300975268
4,2025_may_01_07,13.166666984558105,45.47916793823242,-1.9826471027280315,-1.9869002880672286
4,2025_may_01_07,13.208333015441895,45.47916793823242,-2.01643024782734,-2.021035947190312
4,2025_may_01_07,13.166666984558105,45.52083206176758,-1.9363890141659688,-1.944484036011097
4,2025_may_01_07,13.208333015441895,45.52083206176758,-2.0311813464789794,-2.040831164509959
4,2025_may_01_07,13.25,45.52083206176758,-2.035287149509109,-2.043360752931819
4,2025_may_01_07,13.166666984558105,45.5625,-1.8142261517488192,-1.8169215209531142
4,2025_may_01_07,13.208333015441895,45.5625,-2.2533122887549517,-2.2566972335439806
4,2025_may_01_07,13.25,45.5625,-2.4286246423258895,-2.4334124750203925
4,2025_may_01_07,13.291666984558105,45.5625,-2.4781588323002,-2.4840030090358285
4,2025_may_01_07,13.333333015441895,45.5625,-2.2534303161349247,-2.2585265295307284
4,2025_may_01_07,13.166666984558105,45.60416793823242,0.20124781294241287,0.20188008363809498
4,2025_may_01_07,13.208333015441895,45.60416793823242,0.05345137629902083,0.05386474290976791
4,2025_may_01_07,13.25,45.60416793823242,-0.9405018295195935,-0.9417842723957508
4,2025_may_01_07,13.291666984558105,45.60416793823242,-1.7786218869811956,-1.7810399193546909
4,2025_may_01_07,13.333333015441895,45.60416793823242,-1.2902886659046306,-1.292550243019885
4,2025_may_01_07,13.375,45.60416793823242,0.22206874725204837,0.22206120983082966
4,2025_may_01_07,13.416666984558105,45.60416793823242,0.5671196354356204,0.5682043140910289
4,2025_may_01_07,13.458333015441895,45.60416793823242,0.6298553774488181,0.6324098192345564
4,2025_may_01_07,13.5,45.60416793823242,0.8119731599410364,0.8168119794205275
4,2025_may_01_07,13.708333015441895,45.60416793823242,-2.106110422163027,-2.11183737516577
4,2025_may_01_07,13.166666984558105,45.64583206176758,0.45141859896430425,0.45325669029953025
4,2025_may_01_07,13.208333015441895,45.64583206176758,0.9353804678552344,0.938220604834442
4,2025_may_01_07,13.25,45.64583206176758,0.9156503830624065,0.9192773779720831
4,2025_may_01_07,13.291666984558105,45.64583206176758,0.709743934597835,0.7136861277422586
4,2025_may_01_07,13.333333015441895,45.64583206176758,0.4333469125184583,0.4364357607029191
4,2025_may_01_07,13.375,45.64583206176758,-0.8609664186677387,-0.8598418335515198
4,2025_may_01_07,13.416666984558105,45.64583206176758,-1.5636127008872878,-1.5650777517939778
4,2025_may_01_07,13.458333015441895,45.64583206176758,-0.34741853786873284,-0.3467229868030948
4,2025_may_01_07,13.5,45.64583206176758,0.5931163848928521,0.5953895340809172
4,2025_may_01_07,13.541666984558105,45.64583206176758,0.8200515752351836,0.8228135127991724
4,2025_may_01_07,13.583333015441895,45.64583206176758,1.0021458586147867,1.0054964692914545
4,2025_may_01_07,13.625,45.64583206176758,0.48611202942060583,0.48575687979937227
4,2025_may_01_07,13.666666984558105,45.64583206176758,-0.5602078179220323,-0.5626058882550515
4,2025_may_01_07,13.708333015441895,45.64583206176758,-0.8829870315068487,-0.8847941824040914
4,2025_may_01_07,13.166666984558105,45.6875,-0.7120860077410593,-0.7121962402926301
4,2025_may_01_07,13.208333015441895,45.6875,-1.3004012883016336,-1.300951761647405
4,2025_may_01_07,13.25,45.6875,-1.2753563563032118,-1.2780555994130915
4,2025_may_01_07,13.291666984558105,45.6875,-1.8105614108713026,-1.8148795523089971
4,2025_may_01_07,13.458333015441895,45.6875,-2.204146398596994,-2.2083296694486543
4,2025_may_01_07,13.5,45.6875,-1.9378147058660506,-1.941918101217291
4,2025_may_01_07,13.541666984558105,45.6875,-0.5934289665684964,-0.5959526550009383
4,2025_may_01_07,13.583333015441895,45.6875,-0.07189529150296162,-0.07265659342113023
4,2025_may_01_07,13.625,45.6875,-0.2853583820661227,-0.28615247368822255
4,2025_may_01_07,13.666666984558105,45.6875,-1.249032960099806,-1.2513533499637395
4,2025_may_01_07,13.708333015441895,45.6875,-1.8949881614277857,-1.898396982397205
4,2025_may_01_07,13.541666984558105,45.72916793823242,-2.0252422128724947,-2.0311824314215583
4,2025_may_01_07,13.583333015441895,45.72916793823242,-1.412638440305617,-1.4139760652181315
4,2025_may_01_07,13.625,45.72916793823242,-1.6562614467176184,-1.6602856704689395
4,2025_may_01_07,13.666666984558105,45.72916793823242,-2.0739359525746117,-2.0795656799783995
4,2025_may_08_14,13.166666984558105,45.47916793823242,-2.02595660937827,-2.030596417686003
4,2025_may_08_14,13.208333015441895,45.47916793823242,-2.052985949884317,-2.057661598271537
4,2025_may_08_14,13.166666984558105,45.52083206176758,-1.980477311467093,-1.9850966279048394
4,2025_may_08_14,13.208333015441895,45.52083206176758,-2.170136342206355,-2.1737805945868267
4,2025_may_08_14,13.25,45.52083206176758,-1.9768461971109663,-1.979077744324375
4,2025_may_08_14,13.166666984558105,45.5625,-1.6542894447373144,-1.6567411301316617
4,2025_may_08_14,13.208333015441895,45.5625,-2.18391968195612,-2.1891177972003257
4,2025_may_08_14,13.25,45.5625,-2.3454340615397142,-2.3519535825816837
4,2025_may_08_14,13.291666984558105,45.5625,-2.389554220135551,-2.395597156960494
4,2025_may_08_14,13.333333015441895,45.5625,-2.190917426097576,-2.1960728221575305
4,2025_may_08_14,13.166666984558105,45.60416793823242,0.18825226506370824,0.18971353666025498
4,2025_may_08_14,13.208333015441895,45.60416793823242,0.03768059251994307,0.03887221025694945
4,2025_may_08_14,13.25,45.60416793823242,-1.0370946673781496,-1.0399953838231197
4,2025_may_08_14,13.291666984558105,45.60416793823242,-1.7413011162723522,-1.7466784692298791
4,2025_may_08_14,13.333333015441895,45.60416793823242,-1.2034240323680154,-1.2069442359138283
4,2025_may_08_14,13.375,45.60416793823242,0.28604385881917344,0.2892478120930611
4,2025_may_08_14,13.416666984558105,45.60416793823242,0.5588945518884971,0.5618563622680328
4,2025_may_08_14,13.458333015441895,45.60416793823242,0.597342582604459,0.5996802448139807
4,2025_may_08_14,13.5,45.60416793823242,0.9175069649381842,0.9207772844358175
4,2025_may_08_14,13.708333015441895,45.60416793823242,-2.033979586838554,-2.039347429082575
4,2025_may_08_14,13.166666984558105,45.64583206176758,0.5084954545656984,0.5095858834314256
4,2025_may_08_14,13.208333015441895,45.64583206176758,1.0528019187816129,1.054493032259148
4,2025_may_08_14,13.25,45.64583206176758,1.048337553128727,1.0506412070083633
4,2025_may_08_14,13.291666984558105,45.64583206176758,0.8053084946762201,0.80843844783497
4,2025_may_08_14,13.333333015441895,45.64583206176758,0.5653820241978409,0.567901253592255
4,2025_may_08_14,13.375,45.64583206176758,-0.9170475426638803,-0.9183395224754789
4,2025_may_08_14,13.416666984558105,45.64583206176758,-1.6702582728866877,-1.6739423620572431
4,2025_may_08_14,13.458333015441895,45.64583206176758,-0.46362992024032823,-0.462365081965415
4,2025_may_08_14,13.5,45.64583206176758,0.6055449847733457,0.6092577039472611
4,2025_may_08_14,13.541666984558105,45.64583206176758,0.870855669824841,0.8735313631475101
4,2025_may_08_14,13.583333015441895,45.64583206176758,1.003448993451625,1.005824397505184
4,2025_may_08_14,13.625,45.64583206176758,0.48584713012795266,0.48613559110063254
4,2025_may_08_14,13.666666984558105,45.64583206176758,-0.6776165969145327,-0.6804097888402717
4,2025_may_08_14,13.708333015441895,45.64583206176758,-0.9204753167052941,-0.9230119417347639
4,2025_may_08_14,13.166666984558105,45.6875,-0.8120557052500388,-0.8140307077013361
4,2025_may_08_14,13.208333015441895,45.6875,-1.3275658858728001,-1.3289817665895185
4,2025_may_08_14,13.25,45.6875,-1.2677779260350373,-1.2697539263158844
4,2025_may_08_14,13.291666984558105,45.6875,-1.755277138438522,-1.7594783420041462
4,2025_may_08_14,13.458333015441895,45.6875,-2.2546475505248327,-2.260548291409282
4,2025_may_08_14,13.5,45.6875,-1.9600903035935104,-1.962504485823391
4,2025_may_08_14,13.541666984558105,45.6875,-0.44719696702066286,-0.4459014072360217
4,2025_may_08_14,13.583333015441895,45.6875,-0.17449186909126047,-0.17412958730880435
4,2025_may_08_14,13.625,45.6875,-0.25337534322446004,-0.25395403086372625
4,2025_may_08_14,13.666666984558105,45.6875,-1.413710033715033,-1.4158943994779358
4,2025_may_08_14,13.708333015441895,45.6875,-1.901153682908506,-1.9071895395171883
4,2025_may_08_14,13.541666984558105,45.72916793823242,-1.9417616790590213,-1.9475908727412392
4,2025_may_08_14,13.583333015441895,45.72916793823242,-1.5286668341706446,-1.5354382164337201
4,2025_may_08_14,13.625,45.72916793823242,-1.7102914738995394,-1.7162805450214405
4,2025_may_08_14,13.666666984558105,45.72916793823242,-1.9713606117157252,-1.9772535215396976
4,2025_may_15_21,13.166666984558105,45.47916793823242,-1.8317706910253404,-1.8394371548022208
4,2025_may_15_21,13.208333015441895,45.47916793823242,-1.795816180399772,-1.8037741228673279
4,2025_may_15_21,13.166666984558105,45.52083206176758,-1.9651421222639451,-1.9727667454542483
4,2025_may_15_21,13.208333015441895,45.52083206176758,-2.20446040116864,-2.2125632724713276
4,2025_may_15_21,13.25,45.52083206176758,-2.023398818030984,-2.0312078394486823
4,2025_may_15_21,13.166666984558105,45.5625,-1.6495818559307123,-1.6544831481199234
4,2025_may_15_21,13.208333015441895,45.5625,-2.042959893283013,-2.0490147306254767
4,2025_may_15_21,13.25,45.5625,-2.1710747134653485,-2.1786028286918273
4,2025_may_15_21,13.291666984558105,45.5625,-2.22813039015432,-2.235303333348302
4,2025_may_15_21,13.333333015441895,45.5625,-2.0833862314721125,-2.090586890352145
4,2025_may_15_21,13.166666984558105,45.60416793823242,0.4051225487227204,0.40598673790046397
4,2025_may_15_21,13.208333015441895,45.60416793823242,0.06676894516228753,0.06545705121457383
4,2025_may_15_21,13.25,45.60416793823242,-1.0760106185542886,-1.0809692122796724
4,2025_may_15_21,13.291666984558105,45.60416793823242,-1.4927980778989145,-1.4984516498155551
4,2025_may_15_21,13.333333015441895,45.60416793823242,-1.2123957187130352,-1.216688549632082
4,2025_may_15_21,13.375,45.60416793823242,0.19327093771656217,0.19541393455195408
4,2025_may_15_21,13.416666984558105,45.60416793823242,0.4895206241452828,0.49330533938218485
4,2025_may_15_21,13.458333015441895,45.60416793823242,0.47197938682093926,0.47529959386896115
4,2025_may_15_21,13.5,45.60416793823242,0.7349656004459325,0.7393015777184678
4,2025_may_15_21,13.708333015441895,45.60416793823242,-2.0466965496365077,-2.053953692731612
4,2025_may_15_21,13.166666984558105,45.64583206176758,0.5568396347494164,0.5591215263104646
4,2025_may_15_21,13.208333015441895,45.64583206176758,1.0955179653993865,1.0989854950904199
4,2025_may_15_21,13.25,45.64583206176758,0.9389861141376118,0.9424999702611078
4,2025_may_15_21,13.291666984558105,45.64583206176758,0.6641416565525372,0.6687665226320667
4,2025_may_15_21,13.333333015441895,45.64583206176758,0.4602316827596998,0.4662467006634601
4,2025_may_15_21,13.375,45.64583206176758,-1.0427822281805401,-1.043075374666837
4,2025_may_15_21,13.416666984558105,45.64583206176758,-1.6696395296579152,-1.6737238520663174
4,2025_may_15_21,13.458333015441895,45.64583206176758,-0.3896971175406318,-0.39078403307194814
4,2025_may_15_21,13.5,45.64583206176758,0.7047852513004702,0.7074432099930764
4,2025_may_15_21,13.541666984558105,45.64583206176758,0.8828227310405569,0.8854443017232833
4,2025_may_15_21,13.583333015441895,45.64583206176758,1.0384948630985278,1.042332929026343
4,2025_may_15_21,13.625,45.64583206176758,0.45266486099676767,0.452992924923393
4,2025_may_15_21,13.666666984558105,45.64583206176758,-0.8008105024546276,-0.803007429111343
4,2025_may_15_21,13.708333015441895,45.64583206176758,-0.9163099660757994,-0.9177978113395359
4,2025_may_15_21,13.166666984558105,45.6875,-0.8212662993955784,-0.8220710516586964
4,2025_may_15_21,13.208333015441895,45.6875,-1.3098635981061821,-1.3126002076196899
4,2025_may_15_21,13.25,45.6875,-1.1965475134603558,-1.1999587782891494
4,2025_may_15_21,13.291666984558105,45.6875,-1.7172224474318272,-1.7229891995984516
4,2025_may_15_21,13.458333015441895,45.6875,-2.149968639236609,-2.155760505621697
4,2025_may_15_21,13.5,45.6875,-1.769786516506015,-1.776631596494286
4,2025_may_15_21,13.541666984558105,45.6875,-0.5490160722315006,-0.5523022178202311
4,2025_may_15_21,13.583333015441895,45.6875,-0.05450299132443416,-0.05562340529245813
4,2025_may_15_21,13.625,45.6875,-0.3022732617303107,-0.3033152269890027
4,2025_may_15_21,13.666666984558105,45.6875,-1.4013349332872962,-1.405583131422101
4,2025_may_15_21,13.708333015441895,45.6875,-1.8569838567778885,-1.8615556231783843
4,2025_may_15_21,13.541666984558105,45.72916793823242,-1.8182180106132042,-1.823474334615983
4,2025_may_15_21,13.583333015441895,45.72916793823242,-1.4176031409052734,-1.4196066768397304
4,2025_may_15_21,13.625,45.72916793823242,-1.7066511909238689,-1.7115076006511365
4,2025_may_15_21,13.666666984558105,45.72916793823242,-1.9952229999647535,-2.0011164190152733
4,2025_may_22_28,13.166666984558105,45.47916793823242,-2.0000436282730933,-2.004040472462381
4,2025_may_22_28,13.208333015441895,45.47916793823242,-2.0429999780609895,-2.0470158026932204
4,2025_may_22_28,13.166666984558105,45.52083206176758,-1.941830404924364,-1.9465206499730492
4,2025_may_22_28,13.208333015441895,45.52083206176758,-2.2686067076251577,-2.274791473560572
4,2025_may_22_28,13.25,45.52083206176758,-2.1456619472252028,-2.1508220381180996
4,2025_may_22_28,13.166666984558105,45.5625,-1.622930816911412,-1.6262947622617554
4,2025_may_22_28,13.208333015441895,45.5625,-2.108203732713263,-2.112267151709672
4,2025_may_22_28,13.25,45.5625,-2.307120296627743,-2.3116985470539166
4,2025_may_22_28,13.291666984558105,45.5625,-2.3249106420266226,-2.3299902461099555
4,2025_may_22_28,13.333333015441895,45.5625,-2.161931018444833,-2.1663616823012406
4,2025_may_22_28,13.166666984558105,45.60416793823242,0.33545497686790016,0.33693731752184614
4,2025_may_22_28,13.208333015441895,45.60416793823242,0.15100497486549125,0.15241268213503392
4,2025_may_22_28,13.25,45.60416793823242,-0.9625015583399548,-0.9642942872429178
4,2025_may_22_28,13.291666984558105,45.60416793823242,-1.7334967999654471,-1.7376265929900394
4,2025_may_22_28,13.333333015441895,45.60416793823242,-1.3861242872092834,-1.3892220651840428
4,2025_may_22_28,13.375,45.60416793823242,0.24814948110759305,0.2500005711131943
4,2025_may_22_28,13.416666984558105,45.60416793823242,0.5415560320280824,0.5438604785096051
4,2025_may_22_28,13.458333015441895,45.60416793823242,0.5613778641655854,0.5639225432827214
4,2025_may_22_28,13.5,45.60416793823242,0.7991301664609538,0.8022663704612717
4,2025_may_22_28,13.708333015441895,45.60416793823242,-2.0275578427345677,-2.0325483692291226
4,2025_may_22_28,13.166666984558105,45.64583206176758,0.5697241017276538,0.572167384837314
4,2025_may_22_28,13.208333015441895,45.64583206176758,1.101788554215062,1.1053889034234978
4,2025_may_22_28,13.25,45.64583206176758,1.024772278389674,1.0277419457072157
4,2025_may_22_28,13.291666984558105,45.64583206176758,0.7742998831556026,0.7765265675175639
4,2025_may_22_28,13.333333015441895,45.64583206176758,0.5623373774985528,0.5641622529230393
4,2025_may_22_28,13.375,45.64583206176758,-0.8832218426504957,-0.8835099083515761
4,2025_may_22_28,13.416666984558105,45.64583206176758,-1.6586335031415718,-1.6615049140453275
4,2025_may_22_28,13.458333015441895,45.64583206176758,-0.49444930881858085,-0.4945241815942784
4,2025_may_22_28,13.5,45.64583206176758,0.5354688635038692,0.5381555628525926
4,2025_may_22_28,13.541666984558105,45.64583206176758,0.8333951330313458,0.8357147026035587
4,2025_may_22_28,13.583333015441895,45.64583206176758,0.9641639487489092,0.9670395323992094
4,2025_may_22_28,13.625,45.64583206176758,0.47606531884161934,0.47678101490516456
4,2025_may_22_28,13.666666984558105,45.64583206176758,-0.599617179575054,-0.6016492697891057
4,2025_may_22_28,13.708333015441895,45.64583206176758,-0.9259469966458449,-0.9284029158318462
4,2025_may_22_28,13.166666984558105,45.6875,-0.7391827399207754,-0.7414975444767079
4,2025_may_22_28,13.208333015441895,45.6875,-1.2738621368813874,-1.2766521792177954
4,2025_may_22_28,13.25,45.6875,-1.2355003035977619,-1.238164420501728
4,2025_may_22_28,13.291666984558105,45.6875,-1.7525669969204594,-1.7562810399221624
4,2025_may_22_28,13.458333015441895,45.6875,-2.1645242571126064,-2.170554780589124
4,2025_may_22_28,13.5,45.6875,-1.8231142394777216,-1.8280800241680863
4,2025_may_22_28,13.541666984558105,45.6875,-0.5887724514953939,-0.5903107032764562
4,2025_may_22_28,13.583333015441895,45.6875,-0.10751878915013614,-0.10711353069515613
4,2025_may_22_28,13.625,45.6875,-0.2787045755786338,-0.27779919549249654
4,2025_may_22_28,13.666666984558105,45.6875,-1.3524333096355659,-1.354770760376977
4,2025_may_22_28,13.708333015441895,45.6875,-1.846324848938584,-1.8500888778147044
4,2025_may_22_28,13.541666984558105,45.72916793823242,-1.8837514901130414,-1.8885843303126024
4,2025_may_22_28,13.583333015441895,45.72916793823242,-1.4519602305138015,-1.4578091525321628
4,2025_may_22_28,13.625,45.72916793823242,-1.7880346239437164,-1.7940890281282704
4,2025_may_22_28,13.666666984558105,45.72916793823242,-2.064144158039908,-2.0704289879593847
4,2025_november_01_07,13.166666984558105,45.47916793823242,-2.154592293783384,-2.1590224691811746
4,2025_november_01_07,13.208333015441895,45.47916793823242,-2.1188754989099827,-2.1227962389438813
4,2025_november_01_07,13.166666984558105,45.52083206176758,-1.917852213115983,-1.921428204929462
4,2025_november_01_07,13.208333015441895,45.52083206176758,-2.14535819313166,-2.1485357257259357
4,2025_november_01_07,13.25,45.52083206176758,-1.9484789634622655,-1.9520903555778686
4,2025_november_01_07,13.166666984558105,45.5625,-1.745802036582963,-1.74907859905584
4,2025_november_01_07,13.208333015441895,45.5625,-2.1387009844985854,-2.143168679196764
4,2025_november_01_07,13.25,45.5625,-2.2772107621450783,-2.282148622791819
4,2025_november_01_07,13.291666984558105,45.5625,-2.358930165314581,-2.36380186418511
4,2025_november_01_07,13.333333015441895,45.5625,-2.086004899017173,-2.0895058450026673
4,2025_november_01_07,13.166666984558105,45.60416793823242,0.6501813211659574,0.6512552596794048
4,2025_november_01_07,13.208333015441895,45.60416793823242,0.46125835391100706,0.46238051957179516
4,2025_november_01_07,13.25,45.60416793823242,-0.5420408062116726,-0.5425809024737672
4,2025_november_01_07,13.291666984558105,45.60416793823242,-1.2768982493289027,-1.2789569227154116
4,2025_november_01_07,13.333333015441895,45.60416793823242,-0.798756254159231,-0.7996277861177451
4,2025_november_01_07,13.375,45.60416793823242,0.19807649011630718,0.19860799299119986
4,2025_november_01_07,13.416666984558105,45.60416793823242,0.428288135554213,0.4296784853261641
4,2025_november_01_07,13.458333015441895,45.60416793823242,0.4924538257900203,0.49370422668432606
4,2025_november_01_07,13.5,45.60416793823242,0.7542055820245804,0.7560981996673654
4,2025_november_01_07,13.708333015441895,45.60416793823242,-1.9453090723080781,-1.949773429966723
4,2025_november_01_07,13.166666984558105,45.64583206176758,0.5861040465118824,0.5867447580769127
4,2025_november_01_07,13.208333015441895,45.64583206176758,1.016006996446562,1.0169479017902376
4,2025_november_01_07,13.25,45.64583206176758,0.8972045189265974,0.8986672949478506
4,2025_november_01_07,13.291666984558105,45.64583206176758,0.8524325967134653,0.8544776915044608
4,2025_november_01_07,13.333333015441895,45.64583206176758,0.6713958070191576,0.6730507590356404
4,2025_november_01_07,13.375,45.64583206176758,-0.9196048460256668,-0.9213725312980191
4,2025_november_01_07,13.416666984558105,45.64583206176758,-1.7656097753382398,-1.7685647411947087
4,2025_november_01_07,13.458333015441895,45.64583206176758,-0.49272154569498117,-0.493121604509653
4,2025_november_01_07,13.5,45.64583206176758,0.5731111180040801,0.5749184612857257
4,2025_november_01_07,13.541666984558105,45.64583206176758,0.7935639924299752,0.7955194518848338
4,2025_november_01_07,13.583333015441895,45.64583206176758,0.8313275684296191,0.8330474160699837
4,2025_november_01_07,13.625,45.64583206176758,0.4212037553621061,0.42123574471547853
4,2025_november_01_07,13.666666984558105,45.64583206176758,-0.5434097079369963,-0.5457226516204131
4,2025_november_01_07,13.708333015441895,45.64583206176758,-0.9879039266247032,-0.9910436389814377
4,2025_november_01_07,13.166666984558105,45.6875,-0.2769969344011413,-0.27749934333093673
4,2025_november_01_07,13.208333015441895,45.6875,-1.0945934331480387,-1.0964277664920776
4,2025_november_01_07,13.25,45.6875,-1.425014889730492,-1.4282766128468485
4,2025_november_01_07,13.291666984558105,45.6875,-1.768736531197398,-1.773361491704925
4,2025_november_01_07,13.458333015441895,45.6875,-2.117130193255163,-2.12171139672846
4,2025_november_01_07,13.5,45.6875,-1.7835828298333565,-1.7865389080453749
4,2025_november_01_07,13.541666984558105,45.6875,-0.5812824389320685,-0.5826147409955131
4,2025_november_01_07,13.583333015441895,45.6875,-0.19678765288719666,-0.19726290794515033
4,2025_november_01_07,13.625,45.6875,-0.39177090439776124,-0.39271901616020416
4,2025_november_01_07,13.666666984558105,45.6875,-1.078325276800319,-1.082664757628379
4,2025_november_01_07,13.708333015441895,45.6875,-1.4857466461626014,-1.491755011939041
4,2025_november_01_07,13.541666984558105,45.72916793823242,-1.8256291875547015,-1.8293694547125783
4,2025_november_01_07,13.583333015441895,45.72916793823242,-1.3482196974831118,-1.3518193228620827
4,2025_november_01_07,13.625,45.72916793823242,-1.6521721369754219,-1.6564841692762795
4,2025_november_01_07,13.666666984558105,45.72916793823242,-2.0972330004542847,-2.1013230289250893
4,2025_november_08_14,13.166666984558105,45.47916793823242,-2.0984680007040772,-2.1036626683557977
4,2025_november_08_14,13.208333015441895,45.47916793823242,-2.11187321505936,-2.116650598719234
4,2025_november_08_14,13.166666984558105,45.52083206176758,-1.7551591600417784,-1.7611637529695723
4,2025_november_08_14,13.208333015441895,45.52083206176758,-2.0209848559350845,-2.0268985903060903
4,2025_november_08_14,13.25,45.52083206176758,-1.9681644971085954,-1.9735920825123
4,2025_november_08_14,13.166666984558105,45.5625,-1.6734279266562062,-1.6768299542160863
4,2025_november_08_14,13.208333015441895,45.5625,-2.041430423980493,-2.0467298817652875
4,2025_november_08_14,13.25,45.5625,-2.2378266203910395,-2.243571668817405
4,2025_november_08_14,13.291666984558105,45.5625,-2.1632655480067355,-2.168256169611194
4,2025_november_08_14,13.333333015441895,45.5625,-1.8879758399821112,-1.892114167205308
4,2025_november_08_14,13.166666984558105,45.60416793823242,0.560937596345127,0.5623870406643013
4,2025_november_08_14,13.208333015441895,45.60416793823242,0.43288096072368637,0.43485893165133915
4,2025_november_08_14,13.25,45.60416793823242,-0.5561087241485235,-0.5573381828532956
4,2025_november_08_14,13.291666984558105,45.60416793823242,-1.380291055437496,-1.3846797745720743
4,2025_november_08_14,13.333333015441895,45.60416793823242,-0.832105867196357,-0.8333201438190933
4,2025_november_08_14,13.375,45.60416793823242,0.2754089014063896,0.2776693595230736
4,2025_november_08_14,13.416666984558105,45.60416793823242,0.546116929666007,0.5481902899782762
4,2025_november_08_14,13.458333015441895,45.60416793823242,0.6369411608085488,0.6391267320519732
4,2025_november_08_14,13.5,45.60416793823242,0.8653982193536888,0.8679812847687778
4,2025_november_08_14,13.708333015441895,45.60416793823242,-1.897419419658107,-1.9024601502628273
4,2025_november_08_14,13.166666984558105,45.64583206176758,0.6410771538582773,0.6423042472055484
4,2025_november_08_14,13.208333015441895,45.64583206176758,1.0592974333353857,1.0603036423867458
4,2025_november_08_14,13.25,45.64583206176758,1.0567577911181874,1.0570035643023985
4,2025_november_08_14,13.291666984558105,45.64583206176758,0.9452446928686147,0.9465208440320378
4,2025_november_08_14,13.333333015441895,45.64583206176758,0.6655419927265117,0.6674252708358778
4,2025_november_08_14,13.375,45.64583206176758,-0.9813480221110964,-0.9829573246143195
4,2025_november_08_14,13.416666984558105,45.64583206176758,-1.669127540064149,-1.6726172211323675
4,2025_november_08_14,13.458333015441895,45.64583206176758,-0.4430451289740895,-0.44258408874818467
4,2025_november_08_14,13.5,45.64583206176758,0.6241672495006946,0.6268234898979091
4,2025_november_08_14,13.541666984558105,45.64583206176758,0.8289329595107111,0.8313633137529903
4,2025_november_08_14,13.583333015441895,45.64583206176758,0.9324510383112516,0.9350403444334024
4,2025_november_08_14,13.625,45.64583206176758,0.4114445473658876,0.41156415567245996
4,2025_november_08_14,13.666666984558105,45.64583206176758,-0.6949894637885166,-0.6979963782303654
4,2025_november_08_14,13.708333015441895,45.64583206176758,-1.1214703610671994,-1.1247501301754117
4,2025_november_08_14,13.166666984558105,45.6875,-0.3445010409423381,-0.3447532117547857
4,2025_november_08_14,13.208333015441895,45.6875,-1.1062842198408112,-1.10795580204492
4,2025_november_08_14,13.25,45.6875,-1.4647241215501519,-1.4683426631034935
4,2025_november_08_14,13.291666984558105,45.6875,-1.7304382229765085,-1.735170428550134
4,2025_november_08_14,13.458333015441895,45.6875,-2.0817224140598745,-2.087590321077964
4,2025_november_08_14,13.5,45.6875,-1.7586432979730158,-1.7621991226467535
4,2025_november_08_14,13.541666984558105,45.6875,-0.6048646663029807,-0.605150323836319
4,2025_november_08_14,13.583333015441895,45.6875,-0.16928773738466155,-0.1688406695710347
4,2025_november_08_14,13.625,45.6875,-0.40036148390105286,-0.40045479521562277
4,2025_november_08_14,13.666666984558105,45.6875,-1.1009804509519459,-1.1043382274204174
4,2025_november_08_14,13.708333015441895,45.6875,-1.3393115060549647,-1.3441544445949287
4,2025_november_08_14,13.541666984558105,45.72916793823242,-1.9850829625756685,-1.9905237490318661
4,2025_november_08_14,13.583333015441895,45.72916793823242,-1.5951457708807744,-1.6014575579883434
4,2025_november_08_14,13.625,45.72916793823242,-1.9083594788348643,-1.9149079286029427
4,2025_november_08_14,13.666666984558105,45.72916793823242,-2.0809460915233027,-2.0862483309063617
4,2025_november_15_21,13.166666984558105,45.47916793823242,-2.0333496824009565,-2.039257118497059
4,2025_november_15_21,13.208333015441895,45.47916793823242,-2.023374267903801,-2.029588456305792
4,2025_november_15_21,13.166666984558105,45.52083206176758,-1.5645384875697206,-1.5683594679688098
4,2025_november_15_21,13.208333015441895,45.52083206176758,-1.8096215093130128,-1.814271641361614
4,2025_november_15_21,13.25,45.52083206176758,-1.615289445567242,-1.620473775069965
4,2025_november_15_21,13.166666984558105,45.5625,-1.4610741158133203,-1.4659952852533091
4,2025_november_15_21,13.208333015441895,45.5625,-1.942088007098714,-1.9475632384495436
4,2025_november_15_21,13.25,45.5625,-2.2305382980701736,-2.236568045777736
4,2025_november_15_21,13.291666984558105,45.5625,-2.2591796673204523,-2.265607739366874
4,2025_november_15_21,13.333333015441895,45.5625,-1.8669311242705275,-1.8726493138443394
4,2025_november_15_21,13.166666984558105,45.60416793823242,0.5832248032964529,0.5837815137217073
4,2025_november_15_21,13.208333015441895,45.60416793823242,0.4281717112403265,0.4290962784600145
4,2025_november_15_21,13.25,45.60416793823242,-0.5722794763799125,-0.5742855676592485
4,2025_november_15_21,13.291666984558105,45.60416793823242,-1.3495460328806401,-1.3533128075268328
4,2025_november_15_21,13.333333015441895,45.60416793823242,-0.7747335487504218,-0.7772878320868237
4,2025_november_15_21,13.375,45.60416793823242,0.2715789651784741,0.2723248824867395
4,2025_november_15_21,13.416666984558105,45.60416793823242,0.5210844107046678,0.5233758818361807
4,2025_november_15_21,13.458333015441895,45.60416793823242,0.5603003562930092,0.5626972639136455
4,2025_november_15_21,13.5,45.60416793823242,0.8743986569495695,0.8773252208779374
4,2025_november_15_21,13.708333015441895,45.60416793823242,-1.7517236208472924,-1.758250125882923
4,2025_november_15_21,13.166666984558105,45.64583206176758,0.6584879725557555,0.6604664978310629
4,2025_november_15_21,13.208333015441895,45.64583206176758,1.085123882776344,1.0881380477693052
4,2025_november_15_21,13.25,45.64583206176758,1.0394707809039776,1.0421010054427948
4,2025_november_15_21,13.291666984558105,45.64583206176758,0.8279300308869919,0.8303852367126929
4,2025_november_15_21,13.333333015441895,45.64583206176758,0.579363988001865,0.5816628133109665
4,2025_november_15_21,13.375,45.64583206176758,-1.0724782205535208,-1.0754243727626451
4,2025_november_15_21,13.416666984558105,45.64583206176758,-1.6825549455039543,-1.686861914535836
4,2025_november_15_21,13.458333015441895,45.64583206176758,-0.4945836470704235,-0.49547620335155035
4,2025_november_15_21,13.5,45.64583206176758,0.688902118202999,0.6918672126943404
4,2025_november_15_21,13.541666984558105,45.64583206176758,0.8803503413124371,0.8826217196479343
4,2025_november_15_21,13.583333015441895,45.64583206176758,0.9046772797119439,0.9064551139978204
4,2025_november_15_21,13.625,45.64583206176758,0.47010549796299916,0.470046188145767
4,2025_november_15_21,13.666666984558105,45.64583206176758,-0.5659356469783923,-0.5684989744290981
4,2025_november_15_21,13.708333015441895,45.64583206176758,-0.9595182603930101,-0.9634093316882295
4,2025_november_15_21,13.166666984558105,45.6875,-0.26528255775024134,-0.2654340129238119
4,2025_november_15_21,13.208333015441895,45.6875,-1.1066807090453703,-1.109551691802327
4,2025_november_15_21,13.25,45.6875,-1.4305233553335626,-1.4351502383652124
4,2025_november_15_21,13.291666984558105,45.6875,-1.7639394438762293,-1.769301294003408
4,2025_november_15_21,13.458333015441895,45.6875,-1.998208612499836,-2.0031001456112056
4,2025_november_15_21,13.5,45.6875,-1.6737764058794924,-1.678629205035414
4,2025_november_15_21,13.541666984558105,45.6875,-0.5578371929436096,-0.5603561651703068
4,2025_november_15_21,13.583333015441895,45.6875,-0.10203865009115787,-0.10289133642639237
4,2025_november_15_21,13.625,45.6875,-0.3572010162495273,-0.35874692461263064
4,2025_november_15_21,13.666666984558105,45.6875,-1.1430884497343752,-1.1475997859904556
4,2025_november_15_21,13.708333015441895,45.6875,-1.472914427364072,-1.4776672020862174
4,2025_november_15_21,13.541666984558105,45.72916793823242,-1.8886593516301267,-1.8940796218884892
4,2025_november_15_21,13.583333015441895,45.72916793823242,-1.6070527566932253,-1.6130699560042692
4,2025_november_15_21,13.625,45.72916793823242,-1.7882198489156635,-1.7939000124639792
4,2025_november_15_21,13.666666984558105,45.72916793823242,-1.9770942051773424,-1.9823902262870916
4,2025_november_22_28,13.166666984558105,45.47916793823242,-2.0344103087463585,-2.0388899466066506
4,2025_november_22_28,13.208333015441895,45.47916793823242,-2.0470717158476917,-2.051810983279731
4,2025_november_22_28,13.166666984558105,45.52083206176758,-1.6351609803018428,-1.6392607720632124
4,2025_november_22_28,13.208333015441895,45.52083206176758,-1.9511801515578797,-1.9561767968845292
4,2025_november_22_28,13.25,45.52083206176758,-1.8464340050260437,-1.8522850787203418
4,2025_november_22_28,13.166666984558105,45.5625,-1.6512692218975584,-1.654924577591895
4,2025_november_22_28,13.208333015441895,45.5625,-2.1148775735789824,-2.1193940064622163
4,2025_november_22_28,13.25,45.5625,-2.2108102503059515,-2.215558439571663
4,2025_november_22_28,13.291666984558105,45.5625,-2.2005106651571578,-2.205100382057027
4,2025_november_22_28,13.333333015441895,45.5625,-1.9317907277431512,-1.9361126526935886
4,2025_november_22_28,13.166666984558105,45.60416793823242,0.5706044035870984,0.5719171306113493
4,2025_november_22_28,13.208333015441895,45.60416793823242,0.5705257159100894,0.5725614393353304
4,2025_november_22_28,13.25,45.60416793823242,-0.4970346296761327,-0.4987487442434614
4,2025_november_22_28,13.291666984558105,45.60416793823242,-1.448419461145572,-1.4526680854673564
4,2025_november_22_28,13.333333015441895,45.60416793823242,-0.8288839506911636,-0.8294642920666053
4,2025_november_22_28,13.375,45.60416793823242,0.2523273884768847,0.2536754530629906
4,2025_november_22_28,13.416666984558105,45.60416793823242,0.48262836604097237,0.48388413229049027
4,2025_november_22_28,13.458333015441895,45.60416793823242,0.5206456276903515,0.5224306687474749
4,2025_november_22_28,13.5,45.60416793823242,0.7622901246066682,0.7651371862677478
4,2025_november_22_28,13.708333015441895,45.60416793823242,-1.7893195556868913,-1.793963223151841
4,2025_november_22_28,13.166666984558105,45.64583206176758,0.5534728560099111,0.5547756952251682
4,2025_november_22_28,13.208333015441895,45.64583206176758,0.9295202040276307,0.9316463162410661
4,2025_november_22_28,13.25,45.64583206176758,0.8988949840215766,0.9006204744978198
4,2025_november_22_28,13.291666984558105,45.64583206176758,0.7908737074299149,0.7922543854110191
4,2025_november_22_28,13.333333015441895,45.64583206176758,0.5707264834836154,0.5716435156995231
4,2025_november_22_28,13.375,45.64583206176758,-0.9471004697042231,-0.9498492667077972
4,2025_november_22_28,13.416666984558105,45.64583206176758,-1.6923771938971017,-1.6960769749520195
4,2025_november_22_28,13.458333015441895,45.64583206176758,-0.5443501212883922,-0.5429976326979087
4,2025_november_22_28,13.5,45.64583206176758,0.5275257904979477,0.530587367482891
4,2025_november_22_28,13.541666984558105,45.64583206176758,0.8136784029040892,0.8165064039170383
4,2025_november_22_28,13.583333015441895,45.64583206176758,0.8972259133541881,0.9003873836715689
4,2025_november_22_28,13.625,45.64583206176758,0.35990106212766193,0.36037680185485865
4,2025_november_22_28,13.666666984558105,45.64583206176758,-0.7815722215061511,-0.7849270710535367
4,2025_november_22_28,13.708333015441895,45.64583206176758,-1.0601870296663798,-1.063331242118221
4,2025_november_22_28,13.166666984558105,45.6875,-0.20402265411160278,-0.2048702671598282
4,2025_november_22_28,13.208333015441895,45.6875,-1.0929202342672701,-1.0954358510764042
4,2025_november_22_28,13.25,45.6875,-1.3972400483182654,-1.401663475391371
4,2025_november_22_28,13.291666984558105,45.6875,-1.8297759528114381,-1.8343613546160826
4,2025_november_22_28,13.458333015441895,45.6875,-2.0726336251315884,-2.0777222113368197
4,2025_november_22_28,13.5,45.6875,-1.7065733285320452,-1.7100324620974392
4,2025_november_22_28,13.541666984558105,45.6875,-0.5785047623939421,-0.5786972637603272
4,2025_november_22_28,13.583333015441895,45.6875,-0.07452120473540223,-0.07422479391107224
4,2025_november_22_28,13.625,45.6875,-0.3095473022326147,-0.30995143508356227
4,2025_november_22_28,13.666666984558105,45.6875,-1.003863464000528,-1.0059266520360501
4,2025_november_22_28,13.708333015441895,45.6875,-1.3888681502363482,-1.3932829011500583
4,2025_november_22_28,13.541666984558105,45.72916793823242,-1.8077003512481131,-1.8128582163706501
4,2025_november_22_28,13.583333015441895,45.72916793823242,-1.3522476181231138,-1.3575994124803588
4,2025_november_22_28,13.625,45.72916793823242,-1.7437991253952299,-1.7489192990945277
4,2025_november_22_28,13.666666984558105,45.72916793823242,-2.065657108750415,-2.070587678268636
5,2025_may_01_07,13.166666984558105,45.47916793823242,-2.106119249143084,-2.1128675341541405
5,2025_may_01_07,13.208333015441895,45.47916793823242,-2.0993122902981582,-2.1050012951117774
5,2025_may_01_07,13.166666984558105,45.52083206176758,-1.979923964252264,-1.9868160397572743
5,2025_may_01_07,13.208333015441895,45.52083206176758,-2.227965188317134,-2.2359793050620227
5,2025_may_01_07,13.25,45.52083206176758,-1.9961445548010741,-2.002001335507184
5,2025_may_01_07,13.166666984558105,45.5625,-1.6311704692277518,-1.6328190091937513
5,2025_may_01_07,13.208333015441895,45.5625,-2.077399482364985,-2.0810837606644914
5,2025_may_01_07,13.25,45.5625,-2.29672349247771,-2.3029659891324377
5,2025_may_01_07,13.291666984558105,45.5625,-2.4132733156666797,-2.418681147720151
5,2025_may_01_07,13.333333015441895,45.5625,-2.290911689843379,-2.296484896256846
5,2025_may_01_07,13.166666984558105,45.60416793823242,0.2718746929336011,0.27154524373782246
5,2025_may_01_07,13.208333015441895,45.60416793823242,0.04537350274045108,0.04322868269464718
5,2025_may_01_07,13.25,45.60416793823242,-0.9176671231804593,-0.9206660613150256
5,2025_may_01_07,13.291666984558105,45.60416793823242,-1.7138787915270937,-1.7173895243505921
5,2025_may_01_07,13.333333015441895,45.60416793823242,-1.1671555156444389,-1.1712748149690004
5,2025_may_01_07,13.375,45.60416793823242,0.16447422821397342,0.16656215016224185
5,2025_may_01_07,13.416666984558105,45.60416793823242,0.3248087623678578,0.3294453494932978
5,2025_may_01_07,13.458333015441895,45.60416793823242,0.4862452215696543,0.4888429423553503
5,2025_may_01_07,13.5,45.60416793823242,0.7950765247987828,0.8001985768891703
5,2025_may_01_07,13.708333015441895,45.60416793823242,-1.9886148629168543,-1.9937186811274394
5,2025_may_01_07,13.166666984558105,45.64583206176758,0.45872707511161637,0.4602160978173681
5,2025_may_01_07,13.208333015441895,45.64583206176758,0.9930865867200731,0.9957455941199772
5,2025_may_01_07,13.25,45.64583206176758,1.005887625730175,1.0092561837295788
5,2025_may_01_07,13.291666984558105,45.64583206176758,0.7583900090325402,0.7623802322648192
5,2025_may_01_07,13.333333015441895,45.64583206176758,0.5443083808116694,0.5483065343103801
5,2025_may_01_07,13.375,45.64583206176758,-0.7400272330172719,-0.740680266267286
5,2025_may_01_07,13.416666984558105,45.64583206176758,-1.6763041330116688,-1.6783203336575994
5,2025_may_01_07,13.458333015441895,45.64583206176758,-0.4806823134960662,-0.47956682976915355
5,2025_may_01_07,13.5,45.64583206176758,0.6605146940046092,0.6635865837440407
5,2025_may_01_07,13.541666984558105,45.64583206176758,0.8608573533146706,0.8636268428904893
5,2025_may_01_07,13.583333015441895,45.64583206176758,0.9762605592082283,0.9797882809136356
5,2025_may_01_07,13.625,45.64583206176758,0.4929771102187426,0.49286385842478997
5,2025_may_01_07,13.666666984558105,45.64583206176758,-0.568029667686181,-0.5718427059004068
5,2025_may_01_07,13.708333015441895,45.64583206176758,-0.8636362421627748,-0.8653293361024273
5,2025_may_01_07,13.166666984558105,45.6875,-0.7836048459949664,-0.7838107029055559
5,2025_may_01_07,13.208333015441895,45.6875,-1.2327335581024,-1.2359648012207465
5,2025_may_01_07,13.25,45.6875,-1.185119102101013,-1.189503990179931
5,2025_may_01_07,13.291666984558105,45.6875,-1.7395430138138994,-1.7446557398085332
5,2025_may_01_07,13.458333015441895,45.6875,-2.152335736248777,-2.1574402814052633
5,2025_may_01_07,13.5,45.6875,-1.7288212780791115,-1.7333320916670438
5,2025_may_01_07,13.541666984558105,45.6875,-0.5404081017866149,-0.5421995504633899
5,2025_may_01_07,13.583333015441895,45.6875,-0.1261206524604297,-0.1260793890437236
5,2025_may_01_07,13.625,45.6875,-0.2698725912140442,-0.26876811520986615
5,2025_may_01_07,13.666666984558105,45.6875,-1.2715283524835024,-1.2732492265605533
5,2025_may_01_07,13.708333015441895,45.6875,-1.9303969320916474,-1.9336471198744543
5,2025_may_01_07,13.541666984558105,45.72916793823242,-1.7846185607227758,-1.7887577436157411
5,2025_may_01_07,13.583333015441895,45.72916793823242,-1.5611014824232363,-1.5651424919541004
5,2025_may_01_07,13.625,45.72916793823242,-1.6466962209275604,-1.6518396065386525
5,2025_may_01_07,13.666666984558105,45.72916793823242,-2.012658015472756,-2.0181428956601932
5,2025_may_08_14,13.166666984558105,45.47916793823242,-2.106406533593105,-2.111149710301056
5,2025_may_08_14,13.208333015441895,45.47916793823242,-2.1016612188326853,-2.106487035556744
5,2025_may_08_14,13.166666984558105,45.52083206176758,-1.9874024850793304,-1.9920448077589412
5,2025_may_08_14,13.208333015441895,45.52083206176758,-2.244369375939306,-2.2498601610845115
5,2025_may_08_14,13.25,45.52083206176758,-2.037523989877958,-2.041991962508871
5,2025_may_08_14,13.166666984558105,45.5625,-1.6297294206921822,-1.6328788447479035
5,2025_may_08_14,13.208333015441895,45.5625,-1.9912774032910303,-1.9956191251248203
5,2025_may_08_14,13.25,45.5625,-2.325162621732634,-2.330216200129763
5,2025_may_08_14,13.291666984558105,45.5625,-2.474051733601681,-2.4796317212860663
5,2025_may_08_14,13.333333015441895,45.5625,-2.2556651072757576,-2.2607364611174794
5,2025_may_08_14,13.166666984558105,45.60416793823242,0.22019238322464793,0.22074031869495173
5,2025_may_08_14,13.208333015441895,45.60416793823242,0.0667111174672654,0.06680509374037724
5,2025_may_08_14,13.25,45.60416793823242,-0.9660233656260835,-0.9685205456096454
5,2025_may_08_14,13.291666984558105,45.60416793823242,-1.715875926405236,-1.7194940412644333
5,2025_may_08_14,13.333333015441895,45.60416793823242,-1.310840330393438,-1.3133608200662055
5,2025_may_08_14,13.375,45.60416793823242,0.292873421601814,0.2943769013605076
5,2025_may_08_14,13.416666984558105,45.60416793823242,0.6017138737725859,0.6035775447442578
5,2025_may_08_14,13.458333015441895,45.60416793823242,0.5262508079590349,0.5280052194948488
5,2025_may_08_14,13.5,45.60416793823242,0.6870704195283105,0.6892522884644599
5,2025_may_08_14,13.708333015441895,45.60416793823242,-1.9357228985959234,-1.9403355407602716
5,2025_may_08_14,13.166666984558105,45.64583206176758,0.5871598747571689,0.5884670938206126
5,2025_may_08_14,13.208333015441895,45.64583206176758,1.0231433659835047,1.025636933505888
5,2025_may_08_14,13.25,45.64583206176758,0.9153505437712345,0.9174757435564322
5,2025_may_08_14,13.291666984558105,45.64583206176758,0.619745298150952,0.6213925502554049
5,2025_may_08_14,13.333333015441895,45.64583206176758,0.3607434141601,0.36211374043930206
5,2025_may_08_14,13.375,45.64583206176758,-0.7836513638466621,-0.7849478564229556
5,2025_may_08_14,13.416666984558105,45.64583206176758,-1.7151745939680614,-1.7186506835672137
5,2025_may_08_14,13.458333015441895,45.64583206176758,-0.4233169924616622,-0.42349725594553456
5,2025_may_08_14,13.5,45.64583206176758,0.6889625530610413,0.6907140452657694
5,2025_may_08_14,13.541666984558105,45.64583206176758,0.8548029177429473,0.8561750194476858
5,2025_may_08_14,13.583333015441895,45.64583206176758,0.9888411340341996,0.9905489691633504
5,2025_may_08_14,13.625,45.64583206176758,0.5128223747988896,0.51351045835798
5,2025_may_08_14,13.666666984558105,45.64583206176758,-0.5410453408134599,-0.5428623468884684
5,2025_may_08_14,13.708333015441895,45.64583206176758,-0.8268478872389812,-0.828931090767822
5,2025_may_08_14,13.166666984558105,45.6875,-0.7297992086153182,-0.7314745256458863
5,2025_may_08_14,13.208333015441895,45.6875,-1.1878894844703862,-1.1900809620617196
5,2025_may_08_14,13.25,45.6875,-1.2753682493155352,-1.2780480476487677
5,2025_may_08_14,13.291666984558105,45.6875,-1.7434467820566912,-1.7472517122419726
5,2025_may_08_14,13.458333015441895,45.6875,-2.0813407580335195,-2.085922112492617
5,2025_may_08_14,13.5,45.6875,-1.7602593757717857,-1.7641175492751606
5,2025_may_08_14,13.541666984558105,45.6875,-0.4003922328956638,-0.40081411635868613
5,2025_may_08_14,13.583333015441895,45.6875,-0.03568121155365379,-0.03533367170643217
5,2025_may_08_14,13.625,45.6875,-0.27047320165599575,-0.26985742459469386
5,2025_may_08_14,13.666666984558105,45.6875,-1.484994385700414,-1.4877365265824622
5,2025_may_08_14,13.708333015441895,45.6875,-1.937238213142986,-1.9420503773885205
5,2025_may_08_14,13.541666984558105,45.72916793823242,-1.7961547894945997,-1.80056150511816
5,2025_may_08_14,13.583333015441895,45.72916793823242,-1.5315419083950699,-1.5356768947757942
5,2025_may_08_14,13.625,45.72916793823242,-1.5892682718395066,-1.5931695970198931
5,2025_may_08_14,13.666666984558105,45.72916793823242,-1.914369918670907,-1.9186934851166113
5,2025_may_15_21,13.166666984558105,45.47916793823242,-2.174887048319601,-2.1800359862257683
5,2025_may_15_21,13.208333015441895,45.47916793823242,-2.160402697327204,-2.165612417345964
5,2025_may_15_21,13.166666984558105,45.52083206176758,-2.0078451461193523,-2.013831753063829
5,2025_may_15_21,13.208333015441895,45.52083206176758,-2.13010723442617,-2.1375494154803847
5,2025_may_15_21,13.25,45.52083206176758,-2.0598942150034296,-2.067773606698115
5,2025_may_15_21,13.166666984558105,45.5625,-1.515749944347696,-1.517621612696541
5,2025_may_15_21,13.208333015441895,45.5625,-1.9172969889954803,-1.92047664712129
5,2025_may_15_21,13.25,45.5625,-2.220703433293932,-2.226406033856466
5,2025_may_15_21,13.291666984558105,45.5625,-2.3346811102185057,-2.3407683538239707
5,2025_may_15_21,13.333333015441895,45.5625,-2.1819582963496633,-2.187994102283013
5,2025_may_15_21,13.166666984558105,45.60416793823242,0.3672799609630362,0.3683305314290086
5,2025_may_15_21,13.208333015441895,45.60416793823242,0.01540951247520384,0.01422221144304442
5,2025_may_15_21,13.25,45.60416793823242,-0.8841889024996207,-0.8882371519545497
5,2025_may_15_21,13.291666984558105,45.60416793823242,-1.5137209790393098,-1.517311613995048
5,2025_may_15_21,13.333333015441895,45.60416793823242,-1.0779986569223936,-1.0799999294500782
5,2025_may_15_21,13.375,45.60416793823242,0.2827249202649648,0.2830558370747881
5,2025_may_15_21,13.416666984558105,45.60416793823242,0.60198077150811,0.6033784411455827
5,2025_may_15_21,13.458333015441895,45.60416793823242,0.5002998016761768,0.5020578724552893
5,2025_may_15_21,13.5,45.60416793823242,0.7544112405491028,0.7589387573998708
5,2025_may_15_21,13.708333015441895,45.60416793823242,-2.0027066885946563,-2.007423898016496
5,2025_may_15_21,13.166666984558105,45.64583206176758,0.5830157578632732,0.583626270843766
5,2025_may_15_21,13.208333015441895,45.64583206176758,1.1234241647618917,1.1274412843613408
5,2025_may_15_21,13.25,45.64583206176758,1.0714593930190754,1.0771299802215362
5,2025_may_15_21,13.291666984558105,45.64583206176758,0.8417556348465448,0.8461724020472028
5,2025_may_15_21,13.333333015441895,45.64583206176758,0.5981315003597965,0.6008953390624578
5,2025_may_15_21,13.375,45.64583206176758,-0.8512551182700006,-0.8523146690490583
5,2025_may_15_21,13.416666984558105,45.64583206176758,-1.6308249368160719,-1.6328469301226822
5,2025_may_15_21,13.458333015441895,45.64583206176758,-0.48639965568414295,-0.48552398512654826
5,2025_may_15_21,13.5,45.64583206176758,0.6809708730647637,0.6838775153702611
5,2025_may_15_21,13.541666984558105,45.64583206176758,0.8302581024927651,0.8322734297607552
5,2025_may_15_21,13.583333015441895,45.64583206176758,0.8640454199503439,0.8660170455839211
5,2025_may_15_21,13.625,45.64583206176758,0.4353602643617889,0.43480693719899516
5,2025_may_15_21,13.666666984558105,45.64583206176758,-0.5209046227567038,-0.5232116325329145
5,2025_may_15_21,13.708333015441895,45.64583206176758,-0.8452545817201627,-0.8458472441740306
5,2025_may_15_21,13.166666984558105,45.6875,-0.6659552134921667,-0.6655269705375724
5,2025_may_15_21,13.208333015441895,45.6875,-1.2756449771913794,-1.277844056328866
5,2025_may_15_21,13.25,45.6875,-1.1723361023429475,-1.1749095792586142
5,2025_may_15_21,13.291666984558105,45.6875,-1.6876685234149396,-1.6903908799787601
5,2025_may_15_21,13.458333015441895,45.6875,-2.0361356046889854,-2.041846804635846
5,2025_may_15_21,13.5,45.6875,-1.6632365672866136,-1.6686168797331606
5,2025_may_15_21,13.541666984558105,45.6875,-0.5187160375018802,-0.5201414407432118
5,2025_may_15_21,13.583333015441895,45.6875,-0.02763028573515104,-0.025901116882775313
5,2025_may_15_21,13.625,45.6875,-0.2109329592349852,-0.2090164437976862
5,2025_may_15_21,13.666666984558105,45.6875,-1.4081934366931523,-1.4090866593298215
5,2025_may_15_21,13.708333015441895,45.6875,-1.7698147799539425,-1.7714396433237172
5,2025_may_15_21,13.541666984558105,45.72916793823242,-1.9445859731403308,-1.9486848590740133
5,2025_may_15_21,13.583333015441895,45.72916793823242,-1.5674880387766472,-1.5701910697676447
5,2025_may_15_21,13.625,45.72916793823242,-1.678313661221935,-1.6817617678126144
5,2025_may_15_21,13.666666984558105,45.72916793823242,-1.9717147533114594,-1.9761233442653021
5,2025_may_22_28,13.166666984558105,45.47916793823242,-2.1584585456452685,-2.163214856504327
5,2025_may_22_28,13.208333015441895,45.47916793823242,-2.1198033960849294,-2.1252091703730036
5,2025_may_22_28,13.166666984558105,45.52083206176758,-1.9024469129312451,-1.907621506096718
5,2025_may_22_28,13.208333015441895,45.52083206176758,-2.1228753605401636,-2.1290159575472893
5,2025_may_22_28,13.25,45.52083206176758,-1.9675167494076364,-1.9726555573493831
5,2025_may_22_28,13.166666984558105,45.5625,-1.5031051727960434,-1.5072176453659136
5,2025_may_22_28,13.208333015441895,45.5625,-1.8696351249570204,-1.8753445974612413
5,2025_may_22_28,13.25,45.5625,-2.137709327914188,-2.1435959935070126
5,2025_may_22_28,13.291666984558105,45.5625,-2.3777431228249672,-2.3836799693013275
5,2025_may_22_28,13.333333015441895,45.5625,-2.209778915151688,-2.215522261315465
5,2025_may_22_28,13.166666984558105,45.60416793823242,0.364585453774768,0.36671298711993844
5,2025_may_22_28,13.208333015441895,45.60416793823242,0.029134460119306423,0.030764710475079487
5,2025_may_22_28,13.25,45.60416793823242,-0.938600589663638,-0.9415555466565437
5,2025_may_22_28,13.291666984558105,45.60416793823242,-1.6567745092861168,-1.6618462999093486
5,2025_may_22_28,13.333333015441895,45.60416793823242,-1.342248835848905,-1.3445111635804103
5,2025_may_22_28,13.375,45.60416793823242,0.21025631029560865,0.21274776887284763
5,2025_may_22_28,13.416666984558105,45.60416793823242,0.5254523906546213,0.5276599657526141
5,2025_may_22_28,13.458333015441895,45.60416793823242,0.48672958315666737,0.48908024672662037
5,2025_may_22_28,13.5,45.60416793823242,0.802092720789224,0.8055790457680909
5,2025_may_22_28,13.708333015441895,45.60416793823242,-1.991175535854038,-1.9966872289210997
5,2025_may_22_28,13.166666984558105,45.64583206176758,0.5479250582338623,0.5496494206473521
5,2025_may_22_28,13.208333015441895,45.64583206176758,1.2072940618635333,1.210411325575396
5,2025_may_22_28,13.25,45.64583206176758,1.1306150218752788,1.1332994519789088
5,2025_may_22_28,13.291666984558105,45.64583206176758,0.8027632430859035,0.8046670091113928
5,2025_may_22_28,13.333333015441895,45.64583206176758,0.5751576393991407,0.577315839927118
5,2025_may_22_28,13.375,45.64583206176758,-0.7761869608536353,-0.7773841187140657
5,2025_may_22_28,13.416666984558105,45.64583206176758,-1.6097410211386842,-1.6137039781533926
5,2025_may_22_28,13.458333015441895,45.64583206176758,-0.426957878786281,-0.42700515465674127
5,2025_may_22_28,13.5,45.64583206176758,0.7099900827918109,0.7131325431375604
5,2025_may_22_28,13.541666984558105,45.64583206176758,0.8266048092644043,0.8294992091197421
5,2025_may_22_28,13.583333015441895,45.64583206176758,0.9787107862591289,0.9823600137206693
5,2025_may_22_28,13.625,45.64583206176758,0.584863202437434,0.5859331532342391
5,2025_may_22_28,13.666666984558105,45.64583206176758,-0.5198383624608127,-0.5221948136172878
5,2025_may_22_28,13.708333015441895,45.64583206176758,-0.9435050010960111,-0.945976766730712
5,2025_may_22_28,13.166666984558105,45.6875,-0.7098917087866853,-0.71126748727369
5,2025_may_22_28,13.208333015441895,45.6875,-1.2947399319797026,-1.2957684455376426
5,2025_may_22_28,13.25,45.6875,-1.2496242015909793,-1.2512010731872996
5,2025_may_22_28,13.291666984558105,45.6875,-1.7722394551430698,-1.7759891555859575
5,2025_may_22_28,13.458333015441895,45.6875,-2.1593592750436588,-2.164826599112486
5,2025_may_22_28,13.5,45.6875,-1.680202876748017,-1.6830780893064907
5,2025_may_22_28,13.541666984558105,45.6875,-0.3149531670983461,-0.31391087623248853
5,2025_may_22_28,13.583333015441895,45.6875,-0.0353056673274924,-0.03458498607067208
5,2025_may_22_28,13.625,45.6875,-0.31182769949534245,-0.3120342431130091
5,2025_may_22_28,13.666666984558105,45.6875,-1.2207434485150466,-1.2232218263857535
5,2025_may_22_28,13.708333015441895,45.6875,-1.6995385070206377,-1.7054889340484232
5,2025_may_22_28,13.541666984558105,45.72916793823242,-1.9890340061077438,-1.9945370421169257
5,2025_may_22_28,13.583333015441895,45.72916793823242,-1.44524838862165,-1.4503495656063414
5,2025_may_22_28,13.625,45.72916793823242,-1.7186381158971427,-1.7236129043710864
5,2025_may_22_28,13.666666984558105,45.72916793823242,-1.9919723073795386,-1.9977208058211249
5,2025_november_01_07,13.166666984558105,45.47916793823242,-2.0304550681679205,-2.035858074855039
5,2025_november_01_07,13.208333015441895,45.47916793823242,-2.0725280995114415,-2.077875061534062
5,2025_november_01_07,13.166666984558105,45.52083206176758,-1.8160200327381735,-1.819287246548855
5,2025_november_01_07,13.208333015441895,45.52083206176758,-2.0398784455596157,-2.0438304747521445
5,2025_november_01_07,13.25,45.52083206176758,-1.9639541718527185,-1.9683923870858717
5,2025_november_01_07,13.166666984558105,45.5625,-1.505658423022416,-1.5087486364332345
5,2025_november_01_07,13.208333015441895,45.5625,-1.9243950996462715,-1.9286382206510393
5,2025_november_01_07,13.25,45.5625,-2.08170004539855,-2.086570018965947
5,2025_november_01_07,13.291666984558105,45.5625,-2.1263119771143875,-2.1315284293759658
5,2025_november_01_07,13.333333015441895,45.5625,-1.9362107544663403,-1.9405784833954711
5,2025_november_01_07,13.166666984558105,45.60416793823242,0.5327355383225251,0.5335348205698965
5,2025_november_01_07,13.208333015441895,45.60416793823242,0.45574390708565093,0.4566188071338396
5,2025_november_01_07,13.25,45.60416793823242,-0.3945867231347484,-0.3957009453128831
5,2025_november_01_07,13.291666984558105,45.60416793823242,-1.2816053797519478,-1.284364282516963
5,2025_november_01_07,13.333333015441895,45.60416793823242,-0.7446872615680196,-0.7463843372345192
5,2025_november_01_07,13.375,45.60416793823242,0.32085768777929274,0.3219715062074794
5,2025_november_01_07,13.416666984558105,45.60416793823242,0.40763489717584284,0.40991838699612937
5,2025_november_01_07,13.458333015441895,45.60416793823242,0.39792660177580375,0.4001484523534763
5,2025_november_01_07,13.5,45.60416793823242,0.8207458957836051,0.8238135263595723
5,2025_november_01_07,13.708333015441895,45.60416793823242,-1.862159756050962,-1.8667041970269471
5,2025_november_01_07,13.166666984558105,45.64583206176758,0.603520268586715,0.604529133874923
5,2025_november_01_07,13.208333015441895,45.64583206176758,1.1433648874064204,1.1454271693449605
5,2025_november_01_07,13.25,45.64583206176758,1.092833082879882,1.0948390305080464
5,2025_november_01_07,13.291666984558105,45.64583206176758,0.9748378709417815,0.9769767879675793
5,2025_november_01_07,13.333333015441895,45.64583206176758,0.714336439187264,0.7163897352515782
5,2025_november_01_07,13.375,45.64583206176758,-1.0666188796758826,-1.0690841451412523
5,2025_november_01_07,13.416666984558105,45.64583206176758,-1.7390322599990726,-1.7430928047654588
5,2025_november_01_07,13.458333015441895,45.64583206176758,-0.5871807064626634,-0.5887065914517909
5,2025_november_01_07,13.5,45.64583206176758,0.6518748821118726,0.6534738824789509
5,2025_november_01_07,13.541666984558105,45.64583206176758,0.806125231941171,0.8076961290274096
5,2025_november_01_07,13.583333015441895,45.64583206176758,0.90455224362901,0.9057829991647381
5,2025_november_01_07,13.625,45.64583206176758,0.4486424493059807,0.44813501268823247
5,2025_november_01_07,13.666666984558105,45.64583206176758,-0.5593144939339733,-0.5620940014493134
5,2025_november_01_07,13.708333015441895,45.64583206176758,-0.9804722000039623,-0.9835889099210374
5,2025_november_01_07,13.166666984558105,45.6875,-0.2492937742407399,-0.24956647790573813
5,2025_november_01_07,13.208333015441895,45.6875,-1.0106086934020377,-1.0131079453562384
5,2025_november_01_07,13.25,45.6875,-1.3945526533055794,-1.3988516476063866
5,2025_november_01_07,13.291666984558105,45.6875,-1.853958941125169,-1.8593526049086924
5,2025_november_01_07,13.458333015441895,45.6875,-2.1315602661937585,-2.135456781176931
5,2025_november_01_07,13.5,45.6875,-1.805640602325771,-1.8091857471417092
5,2025_november_01_07,13.541666984558105,45.6875,-0.626986700382744,-0.6292244923318462
5,2025_november_01_07,13.583333015441895,45.6875,-0.15319326999414448,-0.15399367560192823
5,2025_november_01_07,13.625,45.6875,-0.43799167227464514,-0.4395862779936047
5,2025_november_01_07,13.666666984558105,45.6875,-1.0380471951486907,-1.0410550640453706
5,2025_november_01_07,13.708333015441895,45.6875,-1.3125910752881853,-1.3156564208753638
5,2025_november_01_07,13.541666984558105,45.72916793823242,-1.8194996654542792,-1.8227691025720159
5,2025_november_01_07,13.583333015441895,45.72916793823242,-1.4935951022159537,-1.4968994032318526
5,2025_november_01_07,13.625,45.72916793823242,-1.7754804449973949,-1.7795176330252995
5,2025_november_01_07,13.666666984558105,45.72916793823242,-1.9288719180069729,-1.9329276280534138
5,2025_november_08_14,13.166666984558105,45.47916793823242,-2.120236587914826,-2.125136681357289
5,2025_november_08_14,13.208333015441895,45.47916793823242,-2.2230528046413975,-2.2273967570301103
5,2025_november_08_14,13.166666984558105,45.52083206176758,-1.5361614468356466,-1.5436155205985447
5,2025_november_08_14,13.208333015441895,45.52083206176758,-1.8763264404600632,-1.8832988500055077
5,2025_november_08_14,13.25,45.52083206176758,-1.9355929110556087,-1.9397328216050929
5,2025_november_08_14,13.166666984558105,45.5625,-1.615280920658273,-1.6179216261078238
5,2025_november_08_14,13.208333015441895,45.5625,-1.981791588242146,-1.9841480415022892
5,2025_november_08_14,13.25,45.5625,-2.1033098932461294,-2.1071155722956307
5,2025_november_08_14,13.291666984558105,45.5625,-2.157347805543424,-2.162014169703125
5,2025_november_08_14,13.333333015441895,45.5625,-1.815941389075549,-1.8186555773916142
5,2025_november_08_14,13.166666984558105,45.60416793823242,0.5507386130306166,0.5523590007478396
5,2025_november_08_14,13.208333015441895,45.60416793823242,0.4631741212627437,0.4651114819009253
5,2025_november_08_14,13.25,45.60416793823242,-0.40071554021399897,-0.40184748238313067
5,2025_november_08_14,13.291666984558105,45.60416793823242,-1.3192451490528738,-1.3239470078372777
5,2025_november_08_14,13.333333015441895,45.60416793823242,-0.690702492220993,-0.6922651613655275
5,2025_november_08_14,13.375,45.60416793823242,0.3225368236648105,0.32375792575405127
5,2025_november_08_14,13.416666984558105,45.60416793823242,0.47791794996393333,0.47982267429806097
5,2025_november_08_14,13.458333015441895,45.60416793823242,0.5193588834507814,0.5218072323207787
5,2025_november_08_14,13.5,45.60416793823242,0.7515354992067504,0.7549155861929884
5,2025_november_08_14,13.708333015441895,45.60416793823242,-1.7755548204914038,-1.7814341570186987
5,2025_november_08_14,13.166666984558105,45.64583206176758,0.5093345172282115,0.5093891672978931
5,2025_november_08_14,13.208333015441895,45.64583206176758,0.9858339789849718,0.986624217076221
5,2025_november_08_14,13.25,45.64583206176758,1.025314322772384,1.0265775092867786
5,2025_november_08_14,13.291666984558105,45.64583206176758,0.9612455067483474,0.9631320353051659
5,2025_november_08_14,13.333333015441895,45.64583206176758,0.7309426575282519,0.7328080429523182
5,2025_november_08_14,13.375,45.64583206176758,-0.9147085656921112,-0.9174082504024265
5,2025_november_08_14,13.416666984558105,45.64583206176758,-1.7644246675788182,-1.7679882540355392
5,2025_november_08_14,13.458333015441895,45.64583206176758,-0.4059710083617469,-0.4051173814823647
5,2025_november_08_14,13.5,45.64583206176758,0.6550178681163059,0.6578754188396313
5,2025_november_08_14,13.541666984558105,45.64583206176758,0.9106618064654026,0.9132330510212799
5,2025_november_08_14,13.583333015441895,45.64583206176758,0.9418376715228443,0.9446458493463699
5,2025_november_08_14,13.625,45.64583206176758,0.4316002313386802,0.4324044070688646
5,2025_november_08_14,13.666666984558105,45.64583206176758,-0.7680917360514596,-0.7710511547369481
5,2025_november_08_14,13.708333015441895,45.64583206176758,-1.1081167197061312,-1.1112806715068722
5,2025_november_08_14,13.166666984558105,45.6875,-0.25095634718926474,-0.2512537863413267
5,2025_november_08_14,13.208333015441895,45.6875,-1.0081985710949402,-1.0095502724792684
5,2025_november_08_14,13.25,45.6875,-1.3858069268784468,-1.3890492876515457
5,2025_november_08_14,13.291666984558105,45.6875,-1.8138347677421682,-1.8189474670842913
5,2025_november_08_14,13.458333015441895,45.6875,-2.1677293286264314,-2.1723251397797103
5,2025_november_08_14,13.5,45.6875,-1.85337278319,-1.8566876852274867
5,2025_november_08_14,13.541666984558105,45.6875,-0.610070085184082,-0.6096377355009467
5,2025_november_08_14,13.583333015441895,45.6875,-0.07230047199959344,-0.07153103243009744
5,2025_november_08_14,13.625,45.6875,-0.24839048187110332,-0.2479938732940175
5,2025_november_08_14,13.666666984558105,45.6875,-1.0602425378632725,-1.0617325286103676
5,2025_november_08_14,13.708333015441895,45.6875,-1.4061617041637182,-1.4095051469624647
5,2025_november_08_14,13.541666984558105,45.72916793823242,-1.8383161006132895,-1.8430047720223774
5,2025_november_08_14,13.583333015441895,45.72916793823242,-1.5368543179668415,-1.5415506923255746
5,2025_november_08_14,13.625,45.72916793823242,-1.8913228229757852,-1.8962093399543234
5,2025_november_08_14,13.666666984558105,45.72916793823242,-2.0226602154042492,-2.0268603108830305
5,2025_november_15_21,13.166666984558105,45.47916793823242,-2.007625595234568,-2.013668132948778
5,2025_november_15_21,13.208333015441895,45.47916793823242,-1.9433817458400429,-1.9502848602676635
5,2025_november_15_21,13.166666984558105,45.52083206176758,-1.6079057855890309,-1.612622958538656
5,2025_november_15_21,13.208333015441895,45.52083206176758,-1.8780374425922586,-1.8836539090299613
5,2025_november_15_21,13.25,45.52083206176758,-1.889024343495874,-1.8941170656367088
5,2025_november_15_21,13.166666984558105,45.5625,-1.6541773434687743,-1.6593057500414228
5,2025_november_15_21,13.208333015441895,45.5625,-2.031085498185021,-2.0368329001018415
5,2025_november_15_21,13.25,45.5625,-2.108807455595718,-2.1145906929942013
5,2025_november_15_21,13.291666984558105,45.5625,-2.1157837091538565,-2.121928590905458
5,2025_november_15_21,13.333333015441895,45.5625,-1.7926509200032872,-1.7979634952030712
5,2025_november_15_21,13.166666984558105,45.60416793823242,0.6204644635586886,0.621859012131381
5,2025_november_15_21,13.208333015441895,45.60416793823242,0.4449354282031812,0.4458353709973604
5,2025_november_15_21,13.25,45.60416793823242,-0.6045190170635407,-0.6059159528031491
5,2025_november_15_21,13.291666984558105,45.60416793823242,-1.2212175859362373,-1.2241514411341727
5,2025_november_15_21,13.333333015441895,45.60416793823242,-0.8624832018622292,-0.8649096623224104
5,2025_november_15_21,13.375,45.60416793823242,0.33519537084831935,0.3358869691412477
5,2025_november_15_21,13.416666984558105,45.60416793823242,0.616304126378556,0.6185248956667531
5,2025_november_15_21,13.458333015441895,45.60416793823242,0.5968435377158341,0.5995577513635563
5,2025_november_15_21,13.5,45.60416793823242,0.8053506288175677,0.8094708010211237
5,2025_november_15_21,13.708333015441895,45.60416793823242,-1.7221044875643743,-1.729357096273529
5,2025_november_15_21,13.166666984558105,45.64583206176758,0.5707958822291177,0.5719251775821543
5,2025_november_15_21,13.208333015441895,45.64583206176758,1.0725727161797936,1.0745416332864306
5,2025_november_15_21,13.25,45.64583206176758,1.109864266717919,1.112074830989793
5,2025_november_15_21,13.291666984558105,45.64583206176758,0.9406561777913238,0.9432515814145606
5,2025_november_15_21,13.333333015441895,45.64583206176758,0.6477097338086767,0.6501414869784394
5,2025_november_15_21,13.375,45.64583206176758,-1.0166424901459268,-1.0187981759667644
5,2025_november_15_21,13.416666984558105,45.64583206176758,-1.599244841906746,-1.6031584722697014
5,2025_november_15_21,13.458333015441895,45.64583206176758,-0.5177654000210579,-0.5188361468726599
5,2025_november_15_21,13.5,45.64583206176758,0.6081480841818722,0.6101876656285439
5,2025_november_15_21,13.541666984558105,45.64583206176758,0.8081996806513965,0.8106313547879502
5,2025_november_15_21,13.583333015441895,45.64583206176758,0.8802275392270176,0.8820852646788195
5,2025_november_15_21,13.625,45.64583206176758,0.343061282125713,0.34234115923646796
5,2025_november_15_21,13.666666984558105,45.64583206176758,-0.7460951633731215,-0.7494608403674128
5,2025_november_15_21,13.708333015441895,45.64583206176758,-0.9702281556437119,-0.9742102386949204
5,2025_november_15_21,13.166666984558105,45.6875,-0.30828273348502616,-0.3090369743206404
5,2025_november_15_21,13.208333015441895,45.6875,-1.2170693508340988,-1.2204161699243865
5,2025_november_15_21,13.25,45.6875,-1.4268558433516854,-1.4316340178761373
5,2025_november_15_21,13.291666984558105,45.6875,-1.715783901276345,-1.7219217003034513
5,2025_november_15_21,13.458333015441895,45.6875,-2.0824592707652165,-2.0892171529792365
5,2025_november_15_21,13.5,45.6875,-1.7758248761253372,-1.780995615599806
5,2025_november_15_21,13.541666984558105,45.6875,-0.6396661568293276,-0.6419399105149377
5,2025_november_15_21,13.583333015441895,45.6875,-0.08188856266922008,-0.08244983033852084
5,2025_november_15_21,13.625,45.6875,-0.25868210728473734,-0.25999031833052644
5,2025_november_15_21,13.666666984558105,45.6875,-1.0402460116534653,-1.044669369296606
5,2025_november_15_21,13.708333015441895,45.6875,-1.369917702061576,-1.3751559965502884
5,2025_november_15_21,13.541666984558105,45.72916793823242,-1.7271548966145254,-1.7326382134996747
5,2025_november_15_21,13.583333015441895,45.72916793823242,-1.5941725664083226,-1.5992944598726329
5,2025_november_15_21,13.625,45.72916793823242,-1.7644886917647473,-1.7704879782840095
5,2025_november_15_21,13.666666984558105,45.72916793823242,-1.9569857697679454,-1.9627750898652405
5,2025_november_22_28,13.166666984558105,45.47916793823242,-2.1449000639360634,-2.14902763158705
5,2025_november_22_28,13.208333015441895,45.47916793823242,-2.102811196194761,-2.1073778986481915
5,2025_november_22_28,13.166666984558105,45.52083206176758,-1.605607727651037,-1.6105608508870535
5,2025_november_22_28,13.208333015441895,45.52083206176758,-1.9092850938392845,-1.913637749398585
5,2025_november_22_28,13.25,45.52083206176758,-1.912203057025844,-1.917068422595595
5,2025_november_22_28,13.166666984558105,45.5625,-1.4928954188525587,-1.4959935765157422
5,2025_november_22_28,13.208333015441895,45.5625,-1.9296475565700753,-1.9337887548113735
5,2025_november_22_28,13.25,45.5625,-2.1716774482659233,-2.1755574757199243
5,2025_november_22_28,13.291666984558105,45.5625,-2.2144096627158305,-2.2189618311848385
5,2025_november_22_28,13.333333015441895,45.5625,-1.9144201898531212,-1.9183754284302843
5,2025_november_22_28,13.166666984558105,45.60416793823242,0.5862671982301947,0.5875614072536312
5,2025_november_22_28,13.208333015441895,45.60416793823242,0.4394069504682957,0.44074609889932187
5,2025_november_22_28,13.25,45.60416793823242,-0.5727750979759367,-0.573943490929151
5,2025_november_22_28,13.291666984558105,45.60416793823242,-1.426424828523212,-1.4305191659902339
5,2025_november_22_28,13.333333015441895,45.60416793823242,-0.8836297872152945,-0.8851255697789725
5,2025_november_22_28,13.375,45.60416793823242,0.27592232641920944,0.27735461305343223
5,2025_november_22_28,13.416666984558105,45.60416793823242,0.49566718032037477,0.49755092908713633
5,2025_november_22_28,13.458333015441895,45.60416793823242,0.5927018899866967,0.5950939805001321
5,2025_november_22_28,13.5,45.60416793823242,0.8110785154917408,0.8140721043177298
5,2025_november_22_28,13.708333015441895,45.60416793823242,-1.9155629272036339,-1.9201099389912142
5,2025_november_22_28,13.166666984558105,45.64583206176758,0.5884745955512511,0.589553677717021
5,2025_november_22_28,13.208333015441895,45.64583206176758,1.030956187264185,1.0327551622360496
5,2025_november_22_28,13.25,45.64583206176758,1.026588949718997,1.0283537723967175
5,2025_november_22_28,13.291666984558105,45.64583206176758,0.8992397142255174,0.9008520185611232
5,2025_november_22_28,13.333333015441895,45.64583206176758,0.6159154582020435,0.6178288468996388
5,2025_november_22_28,13.375,45.64583206176758,-0.9752832396341907,-0.9765487754880354
5,2025_november_22_28,13.416666984558105,45.64583206176758,-1.6933445646879615,-1.6965649618573255
5,2025_november_22_28,13.458333015441895,45.64583206176758,-0.5000323988541552,-0.4996089673924655
5,2025_november_22_28,13.5,45.64583206176758,0.5927676998644948,0.5957713051169365
5,2025_november_22_28,13.541666984558105,45.64583206176758,0.759364802214806,0.7624852446317161
5,2025_november_22_28,13.583333015441895,45.64583206176758,0.8729356379074057,0.8758829564797588
5,2025_november_22_28,13.625,45.64583206176758,0.34912827052316414,0.34962823091339756
5,2025_november_22_28,13.666666984558105,45.64583206176758,-0.8053598961297228,-0.8079333042140531
5,2025_november_22_28,13.708333015441895,45.64583206176758,-1.0597615230386794,-1.0629198721672468
5,2025_november_22_28,13.166666984558105,45.6875,-0.4077394629635157,-0.40821765657864517
5,2025_november_22_28,13.208333015441895,45.6875,-1.1528007815536718,-1.1541149525727854
5,2025_november_22_28,13.25,45.6875,-1.4206587824230537,-1.422960962437139
5,2025_november_22_28,13.291666984558105,45.6875,-1.8794424552427682,-1.8836136687885086
5,2025_november_22_28,13.458333015441895,45.6875,-2.106318464331849,-2.1108258507609596
5,2025_november_22_28,13.5,45.6875,-1.7920638899269568,-1.7962562529565038
5,2025_november_22_28,13.541666984558105,45.6875,-0.6421350730713761,-0.6429293635247958
5,2025_november_22_28,13.583333015441895,45.6875,-0.20536971682257416,-0.2052272351889396
5,2025_november_22_28,13.625,45.6875,-0.3431853957800773,-0.3438053313508019
5,2025_november_22_28,13.666666984558105,45.6875,-0.9623448177196606,-0.9650923135618769
5,2025_november_22_28,13.708333015441895,45.6875,-1.3995545734051886,-1.4036444366343332
5,2025_november_22_28,13.541666984558105,45.72916793823242,-1.8606708203693298,-1.8654080884594626
5,2025_november_22_28,13.583333015441895,45.72916793823242,-1.4645348587390106,-1.469789776551525
5,2025_november_22_28,13.625,45.72916793823242,-1.6924752381147279,-1.697294487776568
5,2025_november_22_28,13.666666984558105,45.72916793823242,-1.9814405547313323,-1.9860372766320111
6,2025_may_01_07,13.166666984558105,45.47916793823242,-1.9148197549856252,-1.920043940588367
6,2025_may_01_07,13.208333015441895,45.47916793823242,-1.9094657808358724,-1.9139977472742138
6,2025_may_01_07,13.166666984558105,45.52083206176758,-1.911303503206427,-1.9181232124088579
6,2025_may_01_07,13.208333015441895,45.52083206176758,-2.107544242217447,-2.115136408180466
6,2025_may_01_07,13.25,45.52083206176758,-1.967607109752799,-1.9736663088426647
6,2025_may_01_07,13.166666984558105,45.5625,-1.6171688130296396,-1.6178269771417793
6,2025_may_01_07,13.208333015441895,45.5625,-2.091833623338701,-2.0946645524679424
6,2025_may_01_07,13.25,45.5625,-2.2991268412717076,-2.303462706587455
6,2025_may_01_07,13.291666984558105,45.5625,-2.3566759846862335,-2.3622171660240943
6,2025_may_01_07,13.333333015441895,45.5625,-2.165785634172622,-2.170365899189576
6,2025_may_01_07,13.166666984558105,45.60416793823242,0.24991022314973407,0.24843893365530578
6,2025_may_01_07,13.208333015441895,45.60416793823242,0.11214979754030392,0.1103704541221398
6,2025_may_01_07,13.25,45.60416793823242,-0.9690812296260759,-0.9701045494342466
6,2025_may_01_07,13.291666984558105,45.60416793823242,-1.645659031900981,-1.6486806437293797
6,2025_may_01_07,13.333333015441895,45.60416793823242,-1.1276266222330453,-1.1310448404995819
6,2025_may_01_07,13.375,45.60416793823242,0.3392782462497138,0.3397012975750155
6,2025_may_01_07,13.416666984558105,45.60416793823242,0.49621273208864564,0.49866811046774434
6,2025_may_01_07,13.458333015441895,45.60416793823242,0.4132134722359976,0.41606703744859375
6,2025_may_01_07,13.5,45.60416793823242,0.7490417032328037,0.7541323259842919
6,2025_may_01_07,13.708333015441895,45.60416793823242,-2.0282466293056123,-2.0318305477710092
6,2025_may_01_07,13.166666984558105,45.64583206176758,0.40839736157901885,0.41123987894471004
6,2025_may_01_07,13.208333015441895,45.64583206176758,0.9668853048511518,0.9707592405847156
6,2025_may_01_07,13.25,45.64583206176758,0.9844019280677689,0.9884856128546858
6,2025_may_01_07,13.291666984558105,45.64583206176758,0.7705019222191057,0.7742781776887849
6,2025_may_01_07,13.333333015441895,45.64583206176758,0.49683589943628903,0.5007600672547163
6,2025_may_01_07,13.375,45.64583206176758,-0.8528078165482339,-0.8530576445762666
6,2025_may_01_07,13.416666984558105,45.64583206176758,-1.5712120249652806,-1.5742539855880782
6,2025_may_01_07,13.458333015441895,45.64583206176758,-0.5781342359065291,-0.5777401105620014
6,2025_may_01_07,13.5,45.64583206176758,0.6633096696082645,0.6658923299697749
6,2025_may_01_07,13.541666984558105,45.64583206176758,0.8227793740346067,0.8243708247510927
6,2025_may_01_07,13.583333015441895,45.64583206176758,0.8778278903045872,0.8796279679187001
6,2025_may_01_07,13.625,45.64583206176758,0.5067934877725337,0.5043247156305978
6,2025_may_01_07,13.666666984558105,45.64583206176758,-0.5771022178878679,-0.5810705548486593
6,2025_may_01_07,13.708333015441895,45.64583206176758,-0.8845477408211392,-0.8863207707740896
6,2025_may_01_07,13.166666984558105,45.6875,-0.6665452605679935,-0.6654913999035885
6,2025_may_01_07,13.208333015441895,45.6875,-1.27382261151944,-1.2765487976919467
6,2025_may_01_07,13.25,45.6875,-1.2621890961407838,-1.2660804273187933
6,2025_may_01_07,13.291666984558105,45.6875,-1.7455651916486796,-1.7513685699544
6,2025_may_01_07,13.458333015441895,45.6875,-2.158796248787425,-2.163844108126228
6,2025_may_01_07,13.5,45.6875,-1.6868149173418643,-1.692113521528385
6,2025_may_01_07,13.541666984558105,45.6875,-0.42060066689035414,-0.4229547469429056
6,2025_may_01_07,13.583333015441895,45.6875,-0.030334319211156594,-0.031240496872082166
6,2025_may_01_07,13.625,45.6875,-0.21667356044508954,-0.21807531300107688
6,2025_may_01_07,13.666666984558105,45.6875,-1.1793429453433968,-1.1802258292416623
6,2025_may_01_07,13.708333015441895,45.6875,-1.8298110516333468,-1.8297683628020693
6,2025_may_01_07,13.541666984558105,45.72916793823242,-1.776741604402304,-1.7785452026791768
6,2025_may_01_07,13.583333015441895,45.72916793823242,-1.4777760720660498,-1.4782962001743336
6,2025_may_01_07,13.625,45.72916793823242,-1.5999304739696607,-1.6014331300147806
6,2025_may_01_07,13.666666984558105,45.72916793823242,-1.8994518371750189,-1.9027786162594587
6,2025_may_08_14,13.166666984558105,45.47916793823242,-1.9332934105377722,-1.9378989206284372
6,2025_may_08_14,13.208333015441895,45.47916793823242,-1.9737605794256308,-1.9779591159361156
6,2025_may_08_14,13.166666984558105,45.52083206176758,-1.8483625656007472,-1.8536927684723592
6,2025_may_08_14,13.208333015441895,45.52083206176758,-2.055765297209313,-2.061778905032941
6,2025_may_08_14,13.25,45.52083206176758,-1.9596731493327726,-1.9647293856267878
6,2025_may_08_14,13.166666984558105,45.5625,-1.6826765557628975,-1.6848754091134557
6,2025_may_08_14,13.208333015441895,45.5625,-2.062138118558572,-2.0656146092353005
6,2025_may_08_14,13.25,45.5625,-2.2373160643162335,-2.2420648943696326
6,2025_may_08_14,13.291666984558105,45.5625,-2.344737260545607,-2.349901487234891
6,2025_may_08_14,13.333333015441895,45.5625,-2.1425833449782745,-2.1475032564496144
6,2025_may_08_14,13.166666984558105,45.60416793823242,0.312422214769609,0.3139365293577731
6,2025_may_08_14,13.208333015441895,45.60416793823242,0.10774734653808019,0.10879598138870986
6,2025_may_08_14,13.25,45.60416793823242,-1.0482177141476854,-1.0517467665513696
6,2025_may_08_14,13.291666984558105,45.60416793823242,-1.6990568543526796,-1.7033713487724922
6,2025_may_08_14,13.333333015441895,45.60416793823242,-1.279767808190567,-1.2824600916562312
6,2025_may_08_14,13.375,45.60416793823242,0.20954436054484976,0.21227202161320716
6,2025_may_08_14,13.416666984558105,45.60416793823242,0.5099715054891663,0.5127183698472395
6,2025_may_08_14,13.458333015441895,45.60416793823242,0.556311287299553,0.5589898415103958
6,2025_may_08_14,13.5,45.60416793823242,0.8305005942488861,0.8334871735069518
6,2025_may_08_14,13.708333015441895,45.60416793823242,-1.946287607194017,-1.9509229890231075
6,2025_may_08_14,13.166666984558105,45.64583206176758,0.41066810689756394,0.41207628227410936
6,2025_may_08_14,13.208333015441895,45.64583206176758,0.8994150614246017,0.9020505885131408
6,2025_may_08_14,13.25,45.64583206176758,0.8457613777810552,0.8484298411403118
6,2025_may_08_14,13.291666984558105,45.64583206176758,0.7456876682640284,0.748694221776746
6,2025_may_08_14,13.333333015441895,45.64583206176758,0.5395748090085623,0.5426061650840541
6,2025_may_08_14,13.375,45.64583206176758,-0.9111639991435238,-0.9121749257088062
6,2025_may_08_14,13.416666984558105,45.64583206176758,-1.5959510887198862,-1.5994183141196192
6,2025_may_08_14,13.458333015441895,45.64583206176758,-0.6701408945328181,-0.6700254844816501
6,2025_may_08_14,13.5,45.64583206176758,0.6782012016801129,0.6807680370198562
6,2025_may_08_14,13.541666984558105,45.64583206176758,0.9453073164142966,0.9479206178846908
6,2025_may_08_14,13.583333015441895,45.64583206176758,1.0808647325436398,1.083293010777097
6,2025_may_08_14,13.625,45.64583206176758,0.6078386947229808,0.6078072873661784
6,2025_may_08_14,13.666666984558105,45.64583206176758,-0.5383195860445789,-0.5401889522824626
6,2025_may_08_14,13.708333015441895,45.64583206176758,-0.8779941668872657,-0.879642992294862
6,2025_may_08_14,13.166666984558105,45.6875,-0.7694312500009363,-0.7715441943017307
6,2025_may_08_14,13.208333015441895,45.6875,-1.3246386438260953,-1.32698394657149
6,2025_may_08_14,13.25,45.6875,-1.2570105433035237,-1.2595161477630268
6,2025_may_08_14,13.291666984558105,45.6875,-1.7431683259296031,-1.7471573039842292
6,2025_may_08_14,13.458333015441895,45.6875,-2.2279599510357704,-2.232895869128899
6,2025_may_08_14,13.5,45.6875,-1.8146737443460594,-1.817292211307436
6,2025_may_08_14,13.541666984558105,45.6875,-0.4083120788558403,-0.408351293442479
6,2025_may_08_14,13.583333015441895,45.6875,-0.10404865326311025,-0.10372289830581322
6,2025_may_08_14,13.625,45.6875,-0.29197674430851706,-0.29217146006430306
6,2025_may_08_14,13.666666984558105,45.6875,-1.1368251368507298,-1.1393266839506546
6,2025_may_08_14,13.708333015441895,45.6875,-1.6066816418234022,-1.611959064584721
6,2025_may_08_14,13.541666984558105,45.72916793823242,-1.8329709255928468,-1.8379703625406316
6,2025_may_08_14,13.583333015441895,45.72916793823242,-1.433714896158208,-1.4388419713650584
6,2025_may_08_14,13.625,45.72916793823242,-1.7195457687192781,-1.7240694168947401
6,2025_may_08_14,13.666666984558105,45.72916793823242,-2.0106239774567944,-2.0150553156654336
6,2025_may_15_21,13.166666984558105,45.47916793823242,-1.8719623464462611,-1.8766586493648287
6,2025_may_15_21,13.208333015441895,45.47916793823242,-1.9284310958464086,-1.9337520463828555
6,2025_may_15_21,13.166666984558105,45.52083206176758,-1.7990461774138735,-1.807423184371302
6,2025_may_15_21,13.208333015441895,45.52083206176758,-2.0668860278283328,-2.075377769121178
6,2025_may_15_21,13.25,45.52083206176758,-1.9381917069630243,-1.945550938902325
6,2025_may_15_21,13.166666984558105,45.5625,-1.560232211430004,-1.5644978851122935
6,2025_may_15_21,13.208333015441895,45.5625,-2.065486928230048,-2.071085728225901
6,2025_may_15_21,13.25,45.5625,-2.3602861350145865,-2.3655437773087864
6,2025_may_15_21,13.291666984558105,45.5625,-2.4758637612997765,-2.4799783213612874
6,2025_may_15_21,13.333333015441895,45.5625,-2.20741528933175,-2.2117466143420867
6,2025_may_15_21,13.166666984558105,45.60416793823242,0.36279442404874646,0.3630891967149544
6,2025_may_15_21,13.208333015441895,45.60416793823242,0.040413472887828185,0.03830885054354876
6,2025_may_15_21,13.25,45.60416793823242,-0.90526101811486,-0.9081044405047671
6,2025_may_15_21,13.291666984558105,45.60416793823242,-1.8125983725195054,-1.815859648636374
6,2025_may_15_21,13.333333015441895,45.60416793823242,-1.2544785294293137,-1.2568632522051453
6,2025_may_15_21,13.375,45.60416793823242,0.18717849045456386,0.18853452499532022
6,2025_may_15_21,13.416666984558105,45.60416793823242,0.5143103797955104,0.5174689708523315
6,2025_may_15_21,13.458333015441895,45.60416793823242,0.4714344646082151,0.47507591266675603
6,2025_may_15_21,13.5,45.60416793823242,0.825964605989333,0.8319126420797723
6,2025_may_15_21,13.708333015441895,45.60416793823242,-2.0209954619709904,-2.0261081808442096
6,2025_may_15_21,13.166666984558105,45.64583206176758,0.4834089246964286,0.48618992642654096
6,2025_may_15_21,13.208333015441895,45.64583206176758,1.0611341052890226,1.065404310686852
6,2025_may_15_21,13.25,45.64583206176758,1.1025372452817697,1.1072419070561386
6,2025_may_15_21,13.291666984558105,45.64583206176758,0.8720685886550447,0.8762270862031389
6,2025_may_15_21,13.333333015441895,45.64583206176758,0.6323212436770361,0.6359804828197233
6,2025_may_15_21,13.375,45.64583206176758,-0.7943347074951747,-0.7962641301173603
6,2025_may_15_21,13.416666984558105,45.64583206176758,-1.6205751160296207,-1.6238923744499438
6,2025_may_15_21,13.458333015441895,45.64583206176758,-0.5009375741320216,-0.5008706924236057
6,2025_may_15_21,13.5,45.64583206176758,0.6896389253791837,0.6913908623101466
6,2025_may_15_21,13.541666984558105,45.64583206176758,0.92420857397912,0.9260318051414101
6,2025_may_15_21,13.583333015441895,45.64583206176758,0.973498823037136,0.9761350287039455
6,2025_may_15_21,13.625,45.64583206176758,0.5143255719125125,0.514015094985934
6,2025_may_15_21,13.666666984558105,45.64583206176758,-0.515323477252422,-0.5174299131495049
6,2025_may_15_21,13.708333015441895,45.64583206176758,-0.8168127023168295,-0.818331772996529
6,2025_may_15_21,13.166666984558105,45.6875,-0.7169389989700837,-0.7174910927217845
6,2025_may_15_21,13.208333015441895,45.6875,-1.2827123728807355,-1.2847395043751357
6,2025_may_15_21,13.25,45.6875,-1.3007284581744654,-1.3044151740103418
6,2025_may_15_21,13.291666984558105,45.6875,-1.7973627853603844,-1.801664010313183
6,2025_may_15_21,13.458333015441895,45.6875,-2.2348060346479093,-2.2391408580711554
6,2025_may_15_21,13.5,45.6875,-1.901994140332147,-1.9056942288662149
6,2025_may_15_21,13.541666984558105,45.6875,-0.5598033414633461,-0.5621208530646457
6,2025_may_15_21,13.583333015441895,45.6875,-0.16606520804858588,-0.16518149989310055
6,2025_may_15_21,13.625,45.6875,-0.3364657898225137,-0.33592507293308
6,2025_may_15_21,13.666666984558105,45.6875,-1.278568449871084,-1.2805646399268704
6,2025_may_15_21,13.708333015441895,45.6875,-1.7968694029295935,-1.7992383942064487
6,2025_may_15_21,13.541666984558105,45.72916793823242,-1.7442261011521307,-1.7465471388924285
6,2025_may_15_21,13.583333015441895,45.72916793823242,-1.4543533574618785,-1.4557234552047527
6,2025_may_15_21,13.625,45.72916793823242,-1.6874656163401136,-1.6908327182362433
6,2025_may_15_21,13.666666984558105,45.72916793823242,-1.9725950056777382,-1.9777854156196986
6,2025_may_22_28,13.166666984558105,45.47916793823242,-1.9059295098571378,-1.909885341228941
6,2025_may_22_28,13.208333015441895,45.47916793823242,-1.933065210086494,-1.9375659008970647
6,2025_may_22_28,13.166666984558105,45.52083206176758,-1.9286093327547318,-1.9339498458359248
6,2025_may_22_28,13.208333015441895,45.52083206176758,-2.164663311832317,-2.1700248508441744
6,2025_may_22_28,13.25,45.52083206176758,-1.9355564271260919,-1.9401095297277857
6,2025_may_22_28,13.166666984558105,45.5625,-1.5113479792225228,-1.5145059154711513
6,2025_may_22_28,13.208333015441895,45.5625,-1.8501025649526222,-1.8543874982666693
6,2025_may_22_28,13.25,45.5625,-2.1132163689585157,-2.117951579821047
6,2025_may_22_28,13.291666984558105,45.5625,-2.318086675196412,-2.3236624291800028
6,2025_may_22_28,13.333333015441895,45.5625,-2.205219723823828,-2.2100976328196626
6,2025_may_22_28,13.166666984558105,45.60416793823242,0.3496044276417957,0.35063678778643587
6,2025_may_22_28,13.208333015441895,45.60416793823242,-0.0680456727628118,-0.06769523930674345
6,2025_may_22_28,13.25,45.60416793823242,-0.9260057954412717,-0.9280869520906793
6,2025_may_22_28,13.291666984558105,45.60416793823242,-1.691671447374225,-1.6958758681831305
6,2025_may_22_28,13.333333015441895,45.60416793823242,-1.2367360416981448,-1.2397215290161525
6,2025_may_22_28,13.375,45.60416793823242,0.170434516316679,0.17209991021286314
6,2025_may_22_28,13.416666984558105,45.60416793823242,0.44639429397629554,0.44863353198323125
6,2025_may_22_28,13.458333015441895,45.60416793823242,0.4453377253375341,0.44754895711958864
6,2025_may_22_28,13.5,45.60416793823242,0.7876963113637298,0.790364051151274
6,2025_may_22_28,13.708333015441895,45.60416793823242,-1.9160354627704264,-1.92106135338341
6,2025_may_22_28,13.166666984558105,45.64583206176758,0.49364384222415314,0.4954613025051261
6,2025_may_22_28,13.208333015441895,45.64583206176758,0.8891802688088392,0.8919079783127275
6,2025_may_22_28,13.25,45.64583206176758,0.8584763292783587,0.8609312660366857
6,2025_may_22_28,13.291666984558105,45.64583206176758,0.822467298163105,0.8248181825590774
6,2025_may_22_28,13.333333015441895,45.64583206176758,0.5766205600477071,0.5783875239770125
6,2025_may_22_28,13.375,45.64583206176758,-0.8492935594973995,-0.8504716257646316
6,2025_may_22_28,13.416666984558105,45.64583206176758,-1.5686047828886995,-1.5719250967062566
6,2025_may_22_28,13.458333015441895,45.64583206176758,-0.5110698922453344,-0.5115389689753831
6,2025_may_22_28,13.5,45.64583206176758,0.5980713948967719,0.6003887527861669
6,2025_may_22_28,13.541666984558105,45.64583206176758,0.7710709653291998,0.7735384581445288
6,2025_may_22_28,13.583333015441895,45.64583206176758,0.8124637194167638,0.8148441634328742
6,2025_may_22_28,13.625,45.64583206176758,0.43366336756762536,0.4340554597589092
6,2025_may_22_28,13.666666984558105,45.64583206176758,-0.5628405838888095,-0.5645634780978372
6,2025_may_22_28,13.708333015441895,45.64583206176758,-0.8916236658164393,-0.8931594808737857
6,2025_may_22_28,13.166666984558105,45.6875,-0.7272932652555413,-0.7286095056674289
6,2025_may_22_28,13.208333015441895,45.6875,-1.1822198083857693,-1.1835093448667366
6,2025_may_22_28,13.25,45.6875,-1.127454973957351,-1.1294198147834162
6,2025_may_22_28,13.291666984558105,45.6875,-1.6754433021007873,-1.6797212145181877
6,2025_may_22_28,13.458333015441895,45.6875,-2.123369609462547,-2.128245224248485
6,2025_may_22_28,13.5,45.6875,-1.821359287966949,-1.8244897924353598
6,2025_may_22_28,13.541666984558105,45.6875,-0.31876169298936985,-0.3184010369152325
6,2025_may_22_28,13.583333015441895,45.6875,-0.009621908078325277,-0.009077491474559371
6,2025_may_22_28,13.625,45.6875,-0.3216394495761642,-0.3220294681803298
6,2025_may_22_28,13.666666984558105,45.6875,-1.1788620420469014,-1.1815632906091935
6,2025_may_22_28,13.708333015441895,45.6875,-1.6671408746692578,-1.6721318779174958
6,2025_may_22_28,13.541666984558105,45.72916793823242,-1.980262277735609,-1.9850912444982265
6,2025_may_22_28,13.583333015441895,45.72916793823242,-1.723103663079019,-1.7286176948914171
6,2025_may_22_28,13.625,45.72916793823242,-1.860445481554031,-1.8657048930231475
6,2025_may_22_28,13.666666984558105,45.72916793823242,-2.007313145880261,-2.012192648111534
6,2025_november_01_07,13.166666984558105,45.47916793823242,-2.1129684551581502,-2.1177534323124645
6,2025_november_01_07,13.208333015441895,45.47916793823242,-2.0198273235343147,-2.025073012770619
6,2025_november_01_07,13.166666984558105,45.52083206176758,-1.9361156158682502,-1.9405350410653393
6,2025_november_01_07,13.208333015441895,45.52083206176758,-2.093816625306785,-2.0986323084194027
6,2025_november_01_07,13.25,45.52083206176758,-1.9864727349228608,-1.9911847376727085
6,2025_november_01_07,13.166666984558105,45.5625,-1.7600754216286845,-1.7645579654421617
6,2025_november_01_07,13.208333015441895,45.5625,-2.1569387918300142,-2.162178984636659
6,2025_november_01_07,13.25,45.5625,-2.274269696739168,-2.279500571874228
6,2025_november_01_07,13.291666984558105,45.5625,-2.256550053064359,-2.261967784593683
6,2025_november_01_07,13.333333015441895,45.5625,-1.9819655838054682,-1.9869656020401023
6,2025_november_01_07,13.166666984558105,45.60416793823242,0.5704568568512771,0.5718582376838468
6,2025_november_01_07,13.208333015441895,45.60416793823242,0.4562935513630072,0.45802462333242566
6,2025_november_01_07,13.25,45.60416793823242,-0.47428960968180045,-0.47471125978094714
6,2025_november_01_07,13.291666984558105,45.60416793823242,-1.3843825974667285,-1.3876676417974974
6,2025_november_01_07,13.333333015441895,45.60416793823242,-0.7736860885680477,-0.7748789400635693
6,2025_november_01_07,13.375,45.60416793823242,0.16115902126175616,0.1616369359599894
6,2025_november_01_07,13.416666984558105,45.60416793823242,0.49699768407195,0.49832400300329055
6,2025_november_01_07,13.458333015441895,45.60416793823242,0.48779486436489433,0.4890822033617631
6,2025_november_01_07,13.5,45.60416793823242,0.7595989362395077,0.7614569762000258
6,2025_november_01_07,13.708333015441895,45.60416793823242,-1.749711478402028,-1.7557365756065506
6,2025_november_01_07,13.166666984558105,45.64583206176758,0.5996390019533052,0.6010196931643855
6,2025_november_01_07,13.208333015441895,45.64583206176758,1.0882251036435147,1.0904494046807913
6,2025_november_01_07,13.25,45.64583206176758,1.020644282953155,1.0222363568726613
6,2025_november_01_07,13.291666984558105,45.64583206176758,0.9022987521652543,0.9034244477411069
6,2025_november_01_07,13.333333015441895,45.64583206176758,0.6659572606771462,0.6663207856021457
6,2025_november_01_07,13.375,45.64583206176758,-1.033673804259619,-1.0365847531095917
6,2025_november_01_07,13.416666984558105,45.64583206176758,-1.7028393066284304,-1.7057478416354386
6,2025_november_01_07,13.458333015441895,45.64583206176758,-0.4484356931608112,-0.44868576010289957
6,2025_november_01_07,13.5,45.64583206176758,0.5983801107774377,0.6003412914120427
6,2025_november_01_07,13.541666984558105,45.64583206176758,0.8264247772325976,0.8284976761962864
6,2025_november_01_07,13.583333015441895,45.64583206176758,0.9731106022755335,0.9746503808436275
6,2025_november_01_07,13.625,45.64583206176758,0.33995103468178384,0.3399236845087092
6,2025_november_01_07,13.666666984558105,45.64583206176758,-0.7574155381389094,-0.7593113583510379
6,2025_november_01_07,13.708333015441895,45.64583206176758,-1.0246496711951203,-1.028213726955431
6,2025_november_01_07,13.166666984558105,45.6875,-0.2760800062556519,-0.2764126486074315
6,2025_november_01_07,13.208333015441895,45.6875,-1.049120518631829,-1.0514485408175354
6,2025_november_01_07,13.25,45.6875,-1.5374455431920517,-1.5411721009796127
6,2025_november_01_07,13.291666984558105,45.6875,-1.8895258914548845,-1.8941327496423432
6,2025_november_01_07,13.458333015441895,45.6875,-2.1673566125653947,-2.172376310400195
6,2025_november_01_07,13.5,45.6875,-1.925132840725438,-1.9297450710859154
6,2025_november_01_07,13.541666984558105,45.6875,-0.6052585297313078,-0.6070297713993374
6,2025_november_01_07,13.583333015441895,45.6875,-0.20559459439277875,-0.20585289618191843
6,2025_november_01_07,13.625,45.6875,-0.403395658058956,-0.40410341708019426
6,2025_november_01_07,13.666666984558105,45.6875,-1.2983801552039511,-1.302471968930098
6,2025_november_01_07,13.708333015441895,45.6875,-1.4068393980132614,-1.411624715109269
6,2025_november_01_07,13.541666984558105,45.72916793823242,-1.9505841631051781,-1.9550479245278243
6,2025_november_01_07,13.583333015441895,45.72916793823242,-1.634378869645415,-1.6392583964540455
6,2025_november_01_07,13.625,45.72916793823242,-1.9554447351475133,-1.961914973534166
6,2025_november_01_07,13.666666984558105,45.72916793823242,-2.0459752832875218,-2.050977484954704
6,2025_november_08_14,13.166666984558105,45.47916793823242,-2.104957664719224,-2.109520551212948
6,2025_november_08_14,13.208333015441895,45.47916793823242,-2.10424814071603,-2.1088936687968025
6,2025_november_08_14,13.166666984558105,45.52083206176758,-1.697935699323507,-1.7026164170001827
6,2025_november_08_14,13.208333015441895,45.52083206176758,-1.774668413201779,-1.7804018299115643
6,2025_november_08_14,13.25,45.52083206176758,-1.919090548973511,-1.9245533453940131
6,2025_november_08_14,13.166666984558105,45.5625,-1.5323021062785622,-1.5338554914348534
6,2025_november_08_14,13.208333015441895,45.5625,-2.072935957089434,-2.0768140421401218
6,2025_november_08_14,13.25,45.5625,-2.2550682392040673,-2.2597660217165623
6,2025_november_08_14,13.291666984558105,45.5625,-2.3457109229101603,-2.3502594374816947
6,2025_november_08_14,13.333333015441895,45.5625,-1.914866635215773,-1.9181721268594245
6,2025_november_08_14,13.166666984558105,45.60416793823242,0.6197269185995941,0.6204248501646626
6,2025_november_08_14,13.208333015441895,45.60416793823242,0.39437048023452304,0.395796580167629
6,2025_november_08_14,13.25,45.60416793823242,-0.5809962058160011,-0.5818180754954807
6,2025_november_08_14,13.291666984558105,45.60416793823242,-1.4082546949077024,-1.4123718021184979
6,2025_november_08_14,13.333333015441895,45.60416793823242,-0.8984200409564939,-0.8985667330085556
6,2025_november_08_14,13.375,45.60416793823242,0.32524524935545446,0.3277452579919588
6,2025_november_08_14,13.416666984558105,45.60416793823242,0.5708449807080743,0.5732610308642132
6,2025_november_08_14,13.458333015441895,45.60416793823242,0.5546136526560211,0.557033734605213
6,2025_november_08_14,13.5,45.60416793823242,0.7724687737949318,0.7754499347716952
6,2025_november_08_14,13.708333015441895,45.60416793823242,-1.7905483662927009,-1.7956125978606523
6,2025_november_08_14,13.166666984558105,45.64583206176758,0.6152207045535911,0.6164605031265956
6,2025_november_08_14,13.208333015441895,45.64583206176758,1.130583597596185,1.1325154032108578
6,2025_november_08_14,13.25,45.64583206176758,1.1318224104373156,1.133357864485937
6,2025_november_08_14,13.291666984558105,45.64583206176758,0.8850671914288997,0.8856668516488652
6,2025_november_08_14,13.333333015441895,45.64583206176758,0.6649056297178646,0.6656371762420075
6,2025_november_08_14,13.375,45.64583206176758,-0.9315594140400162,-0.9307674692112524
6,2025_november_08_14,13.416666984558105,45.64583206176758,-1.685329273789407,-1.6866882741872253
6,2025_november_08_14,13.458333015441895,45.64583206176758,-0.49175862403431025,-0.49093474174724017
6,2025_november_08_14,13.5,45.64583206176758,0.6986411577997945,0.7017958961460933
6,2025_november_08_14,13.541666984558105,45.64583206176758,0.9123579315620843,0.9152150380362047
6,2025_november_08_14,13.583333015441895,45.64583206176758,0.9409077347805969,0.9436210061624608
6,2025_november_08_14,13.625,45.64583206176758,0.42389333122093914,0.4233609076988235
6,2025_november_08_14,13.666666984558105,45.64583206176758,-0.5521811069999395,-0.5556404808695535
6,2025_november_08_14,13.708333015441895,45.64583206176758,-0.9607185240375681,-0.9640976722200282
6,2025_november_08_14,13.166666984558105,45.6875,-0.32535222999201624,-0.32585365909826425
6,2025_november_08_14,13.208333015441895,45.6875,-1.184298743109897,-1.1863194444822793
6,2025_november_08_14,13.25,45.6875,-1.5764734094163337,-1.579459206732789
6,2025_november_08_14,13.291666984558105,45.6875,-1.96291612045526,-1.966845036029284
6,2025_november_08_14,13.458333015441895,45.6875,-2.1782783079131036,-2.1829829947704913
6,2025_november_08_14,13.5,45.6875,-1.8795300996435742,-1.881834051957897
6,2025_november_08_14,13.541666984558105,45.6875,-0.6294986387331205,-0.6290701171487579
6,2025_november_08_14,13.583333015441895,45.6875,-0.06726095586741122,-0.06659188633839784
6,2025_november_08_14,13.625,45.6875,-0.32835701343512497,-0.3287407825412622
6,2025_november_08_14,13.666666984558105,45.6875,-1.0899204502521866,-1.092352830429457
6,2025_november_08_14,13.708333015441895,45.6875,-1.3798713238464624,-1.3832074307723474
6,2025_november_08_14,13.541666984558105,45.72916793823242,-1.948914276660497,-1.9533272118399814
6,2025_november_08_14,13.583333015441895,45.72916793823242,-1.5683115000330494,-1.5742076454404148
6,2025_november_08_14,13.625,45.72916793823242,-1.810776901758814,-1.8171170957668827
6,2025_november_08_14,13.666666984558105,45.72916793823242,-2.0014974819116573,-2.0069036934446673
6,2025_november_15_21,13.166666984558105,45.47916793823242,-2.027308578992826,-2.032121115670874
6,2025_november_15_21,13.208333015441895,45.47916793823242,-1.9912520680450807,-1.9960758799598137
6,2025_november_15_21,13.166666984558105,45.52083206176758,-1.6161371176632835,-1.6192030514465707
6,2025_november_15_21,13.208333015441895,45.52083206176758,-2.0287461761673615,-2.033012177289902
6,2025_november_15_21,13.25,45.52083206176758,-1.9240972468056476,-1.9292421082453484
6,2025_november_15_21,13.166666984558105,45.5625,-1.7436029886546627,-1.7475366242691848
6,2025_november_15_21,13.208333015441895,45.5625,-2.1639241899634984,-2.1689502565797274
6,2025_november_15_21,13.25,45.5625,-2.371441257489549,-2.377368377269949
6,2025_november_15_21,13.291666984558105,45.5625,-2.292026896428287,-2.297565362344884
6,2025_november_15_21,13.333333015441895,45.5625,-1.8296848997642423,-1.8336076216047212
6,2025_november_15_21,13.166666984558105,45.60416793823242,0.578205801309557,0.5790998304576245
6,2025_november_15_21,13.208333015441895,45.60416793823242,0.5240237784815335,0.5252480700949388
6,2025_november_15_21,13.25,45.60416793823242,-0.4421603728711066,-0.4430441004829574
6,2025_november_15_21,13.291666984558105,45.60416793823242,-1.47515819574004,-1.4782921759696055
6,2025_november_15_21,13.333333015441895,45.60416793823242,-0.8640848105936632,-0.8663499303002143
6,2025_november_15_21,13.375,45.60416793823242,0.24226519377227176,0.24300059315597922
6,2025_november_15_21,13.416666984558105,45.60416793823242,0.5484578792314074,0.5505005823608045
6,2025_november_15_21,13.458333015441895,45.60416793823242,0.6072016652305272,0.6092508246942794
6,2025_november_15_21,13.5,45.60416793823242,0.8247365818584032,0.8274646626049423
6,2025_november_15_21,13.708333015441895,45.60416793823242,-1.8036482535919405,-1.8094388772306247
6,2025_november_15_21,13.166666984558105,45.64583206176758,0.5812082069401964,0.5826422534048137
6,2025_november_15_21,13.208333015441895,45.64583206176758,1.024090339209244,1.025900982510564
6,2025_november_15_21,13.25,45.64583206176758,1.0127580156990363,1.0143994427178469
6,2025_november_15_21,13.291666984558105,45.64583206176758,0.8363198238070726,0.8377050979815973
6,2025_november_15_21,13.333333015441895,45.64583206176758,0.5946804902827431,0.5953891010810166
6,2025_november_15_21,13.375,45.64583206176758,-0.8350929300147979,-0.8377789259485566
6,2025_november_15_21,13.416666984558105,45.64583206176758,-1.6377603802307237,-1.6408128221702132
6,2025_november_15_21,13.458333015441895,45.64583206176758,-0.4929523267944376,-0.4932744451903059
6,2025_november_15_21,13.5,45.64583206176758,0.6025382884783014,0.6042202602472685
6,2025_november_15_21,13.541666984558105,45.64583206176758,0.86854990741649,0.8704822281272891
6,2025_november_15_21,13.583333015441895,45.64583206176758,0.9261098319707896,0.9281639653939939
6,2025_november_15_21,13.625,45.64583206176758,0.47192315560462933,0.47237750249440247
6,2025_november_15_21,13.666666984558105,45.64583206176758,-0.4807376747898572,-0.482548517150259
6,2025_november_15_21,13.708333015441895,45.64583206176758,-1.0293337967470284,-1.0315405885644888
6,2025_november_15_21,13.166666984558105,45.6875,-0.2012426236375176,-0.2012047281058224
6,2025_november_15_21,13.208333015441895,45.6875,-1.1576259922828194,-1.159206826773827
6,2025_november_15_21,13.25,45.6875,-1.5254363077437088,-1.5284102379810551
6,2025_november_15_21,13.291666984558105,45.6875,-1.8833106899126018,-1.887422663154875
6,2025_november_15_21,13.458333015441895,45.6875,-2.3083489290665367,-2.3132476969374256
6,2025_november_15_21,13.5,45.6875,-2.0235266203160016,-2.029189405979946
6,2025_november_15_21,13.541666984558105,45.6875,-0.7581814354136264,-0.7611560394752821
6,2025_november_15_21,13.583333015441895,45.6875,-0.18750845919875977,-0.18831935600116453
6,2025_november_15_21,13.625,45.6875,-0.364573123124691,-0.3658795796787138
6,2025_november_15_21,13.666666984558105,45.6875,-1.093721678507725,-1.0972304682397847
6,2025_november_15_21,13.708333015441895,45.6875,-1.394038557926468,-1.397812228814084
6,2025_november_15_21,13.541666984558105,45.72916793823242,-1.995683528400987,-2.000410923738717
6,2025_november_15_21,13.583333015441895,45.72916793823242,-1.5267435559731855,-1.5313308426959265
6,2025_november_15_21,13.625,45.72916793823242,-1.782043942972283,-1.7881845388383668
6,2025_november_15_21,13.666666984558105,45.72916793823242,-2.062840139704353,-2.0681254430486424
6,2025_november_22_28,13.166666984558105,45.47916793823242,-2.0021859238601825,-2.0075955240615113
6,2025_november_22_28,13.208333015441895,45.47916793823242,-2.0491930558710294,-2.0548587696818665
6,2025_november_22_28,13.166666984558105,45.52083206176758,-1.4474085717696994,-1.4528691401942109
6,2025_november_22_28,13.208333015441895,45.52083206176758,-1.843745875134254,-1.849156550773997
6,2025_november_22_28,13.25,45.52083206176758,-1.8770598431735193,-1.8839573281158108
6,2025_november_22_28,13.166666984558105,45.5625,-1.4374492319225838,-1.4409225060913817
6,2025_november_22_28,13.208333015441895,45.5625,-1.9393862008540321,-1.944233043949938
6,2025_november_22_28,13.25,45.5625,-2.1918594602338675,-2.197216735710853
6,2025_november_22_28,13.291666984558105,45.5625,-2.2194774183606896,-2.225010094468742
6,2025_november_22_28,13.333333015441895,45.5625,-1.8639555215739965,-1.8690461158308034
6,2025_november_22_28,13.166666984558105,45.60416793823242,0.6155221996718961,0.6172361157804408
6,2025_november_22_28,13.208333015441895,45.60416793823242,0.46278833773142747,0.4649513539062657
6,2025_november_22_28,13.25,45.60416793823242,-0.5579133723043973,-0.5593511711674737
6,2025_november_22_28,13.291666984558105,45.60416793823242,-1.4085732262626376,-1.4135470092730111
6,2025_november_22_28,13.333333015441895,45.60416793823242,-1.0020068452341593,-1.0031344317937136
6,2025_november_22_28,13.375,45.60416793823242,0.30511449317990225,0.30689731898652434
6,2025_november_22_28,13.416666984558105,45.60416793823242,0.5501905437678346,0.5520880729113778
6,2025_november_22_28,13.458333015441895,45.60416793823242,0.5311534497118311,0.5338040554349972
6,2025_november_22_28,13.5,45.60416793823242,0.7536554680510722,0.7571587156125276
6,2025_november_22_28,13.708333015441895,45.60416793823242,-1.843115453237734,-1.8489326820703886
6,2025_november_22_28,13.166666984558105,45.64583206176758,0.6210346609612358,0.6218555121269497
6,2025_november_22_28,13.208333015441895,45.64583206176758,1.1060118959347989,1.1073870333569014
6,2025_november_22_28,13.25,45.64583206176758,1.1010522970027932,1.102420462514766
6,2025_november_22_28,13.291666984558105,45.64583206176758,0.9055102041859187,0.9068920934618496
6,2025_november_22_28,13.333333015441895,45.64583206176758,0.6238476446977261,0.6247662204403562
6,2025_november_22_28,13.375,45.64583206176758,-0.9728845989169178,-0.9737663789918268
6,2025_november_22_28,13.416666984558105,45.64583206176758,-1.6459462580681434,-1.649201976328937
6,2025_november_22_28,13.458333015441895,45.64583206176758,-0.5999790401685183,-0.600010230569527
6,2025_november_22_28,13.5,45.64583206176758,0.619194621478027,0.6226082056797965
6,2025_november_22_28,13.541666984558105,45.64583206176758,0.7975251163815585,0.8003847024723597
6,2025_november_22_28,13.583333015441895,45.64583206176758,0.8437298885706832,0.8456365736808507
6,2025_november_22_28,13.625,45.64583206176758,0.2533332167445871,0.2527233112986233
6,2025_november_22_28,13.666666984558105,45.64583206176758,-0.781137932613847,-0.7844968041031936
6,2025_november_22_28,13.708333015441895,45.64583206176758,-1.0583841288332425,-1.0617266457266505
6,2025_november_22_28,13.166666984558105,45.6875,-0.3163207072232062,-0.3170167258549993
6,2025_november_22_28,13.208333015441895,45.6875,-1.1573387736530452,-1.1596550811443527
6,2025_november_22_28,13.25,45.6875,-1.5299641477065002,-1.5331933079370068
6,2025_november_22_28,13.291666984558105,45.6875,-1.7883832016353982,-1.79317060963787
6,2025_november_22_28,13.458333015441895,45.6875,-2.0967268849265666,-2.1025504928268237
6,2025_november_22_28,13.5,45.6875,-1.915897591373028,-1.9200676830758965
6,2025_november_22_28,13.541666984558105,45.6875,-0.6118035015989252,-0.6118430576704825
6,2025_november_22_28,13.583333015441895,45.6875,-0.19084199666878365,-0.19028799212994163
6,2025_november_22_28,13.625,45.6875,-0.3780743425145361,-0.3785581096435821
6,2025_november_22_28,13.666666984558105,45.6875,-1.1740693034853744,-1.176492947535863
6,2025_november_22_28,13.708333015441895,45.6875,-1.3344869376579869,-1.3385038138684677
6,2025_november_22_28,13.541666984558105,45.72916793823242,-1.8761587508874653,-1.880503941396453
6,2025_november_22_28,13.583333015441895,45.72916793823242,-1.7355333757754712,-1.7412722464854182
6,2025_november_22_28,13.625,45.72916793823242,-1.8501155072757112,-1.8555491860475877
6,2025_november_22_28,13.666666984558105,45.72916793823242,-2.0879929481958697,-2.093898684220528
7,2025_may_01_07,13.166666984558105,45.47916793823242,-2.0588792198696244,-2.0648712994964504
7,2025_may_01_07,13.208333015441895,45.47916793823242,-2.0791458761069452,-2.0859997631820493
7,2025_may_01_07,13.166666984558105,45.52083206176758,-1.917230321018909,-1.9245933666264008
7,2025_may_01_07,13.208333015441895,45.52083206176758,-2.1003165693503227,-2.108897010026917
7,2025_may_01_07,13.25,45.52083206176758,-1.9256929659645434,-1.9329192714204746
7,2025_may_01_07,13.166666984558105,45.5625,-1.7294661268460987,-1.732244014456192
7,2025_may_01_07,13.208333015441895,45.5625,-2.115961701218278,-2.119930135553412
7,2025_may_01_07,13.25,45.5625,-2.2477310619080493,-2.2539712531113554
7,2025_may_01_07,13.291666984558105,45.5625,-2.37159546268297,-2.3784976211886955
7,2025_may_01_07,13.333333015441895,45.5625,-2.1192370533583693,-2.1253637357258515
7,2025_may_01_07,13.166666984558105,45.60416793823242,0.3378392567884376,0.33749599974187305
7,2025_may_01_07,13.208333015441895,45.60416793823242,0.15293662753007223,0.15186027188279297
7,2025_may_01_07,13.25,45.60416793823242,-0.8952132187277274,-0.8983540576310075
7,2025_may_01_07,13.291666984558105,45.60416793823242,-1.690682642999214,-1.69550068693303
7,2025_may_01_07,13.333333015441895,45.60416793823242,-1.1567407963892102,-1.1603741424721952
7,2025_may_01_07,13.375,45.60416793823242,0.3910251596283523,0.3887092163942725
7,2025_may_01_07,13.416666984558105,45.60416793823242,0.5101560003641976,0.5106045514187683
7,2025_may_01_07,13.458333015441895,45.60416793823242,0.4674302520921616,0.4701262105403246
7,2025_may_01_07,13.5,45.60416793823242,0.8303148020264747,0.8347890404145523
7,2025_may_01_07,13.708333015441895,45.60416793823242,-1.9668865185130349,-1.972351592499357
7,2025_may_01_07,13.166666984558105,45.64583206176758,0.49440564152189564,0.495877238607099
7,2025_may_01_07,13.208333015441895,45.64583206176758,1.0754781690742559,1.079383100206561
7,2025_may_01_07,13.25,45.64583206176758,1.1118218584278452,1.1168667677254946
7,2025_may_01_07,13.291666984558105,45.64583206176758,0.84940229917464,0.8537903994370596
7,2025_may_01_07,13.333333015441895,45.64583206176758,0.5645231168850334,0.5680326408832362
7,2025_may_01_07,13.375,45.64583206176758,-0.9400088363127068,-0.9420052779491991
7,2025_may_01_07,13.416666984558105,45.64583206176758,-1.5682112259944334,-1.5726399512921476
7,2025_may_01_07,13.458333015441895,45.64583206176758,-0.39701396680886714,-0.3982944396219328
7,2025_may_01_07,13.5,45.64583206176758,0.7278983113743838,0.7305960053843052
7,2025_may_01_07,13.541666984558105,45.64583206176758,0.8749494704313586,0.8771204150680451
7,2025_may_01_07,13.583333015441895,45.64583206176758,1.0400246933644115,1.04303226395621
7,2025_may_01_07,13.625,45.64583206176758,0.481695590548716,0.4797505442929401
7,2025_may_01_07,13.666666984558105,45.64583206176758,-0.5143780267358116,-0.5188084612463487
7,2025_may_01_07,13.708333015441895,45.64583206176758,-0.7973839287784112,-0.8001207603193161
7,2025_may_01_07,13.166666984558105,45.6875,-0.7149121783905159,-0.7149546340394122
7,2025_may_01_07,13.208333015441895,45.6875,-1.2872305331532927,-1.2899822250537718
7,2025_may_01_07,13.25,45.6875,-1.2472632787825704,-1.2521740125249825
7,2025_may_01_07,13.291666984558105,45.6875,-1.7806357468237524,-1.7866381554127648
7,2025_may_01_07,13.458333015441895,45.6875,-2.149661666132866,-2.155127916700924
7,2025_may_01_07,13.5,45.6875,-1.9208175421152733,-1.9254510153511801
7,2025_may_01_07,13.541666984558105,45.6875,-0.5149647450039234,-0.5155145934916188
7,2025_may_01_07,13.583333015441895,45.6875,-0.019424112599280233,-0.01981165372439668
7,2025_may_01_07,13.625,45.6875,-0.15494226253510002,-0.15591873154640287
7,2025_may_01_07,13.666666984558105,45.6875,-1.1832260445560083,-1.1845159081891135
7,2025_may_01_07,13.708333015441895,45.6875,-1.8531867700009466,-1.8557668795897881
7,2025_may_01_07,13.541666984558105,45.72916793823242,-1.8116249061073657,-1.8165412555697673
7,2025_may_01_07,13.583333015441895,45.72916793823242,-1.624982958427889,-1.628543362424962
7,2025_may_01_07,13.625,45.72916793823242,-1.6836074037112367,-1.6876539222614728
7,2025_may_01_07,13.666666984558105,45.72916793823242,-1.939842906260338,-1.9445940368891321
7,2025_may_08_14,13.166666984558105,45.47916793823242,-2.0300286025064693,-2.035942394863887
7,2025_may_08_14,13.208333015441895,45.47916793823242,-2.0725794498524825,-2.0782717413105556
7,2025_may_08_14,13.166666984558105,45.52083206176758,-1.8686278365451523,-1.8754368828608934
7,2025_may_08_14,13.208333015441895,45.52083206176758,-2.184816857453513,-2.1921185173645164
7,2025_may_08_14,13.25,45.52083206176758,-2.0058977458674327,-2.012138404603438
7,2025_may_08_14,13.166666984558105,45.5625,-1.7121899464101593,-1.7167401685018728
7,2025_may_08_14,13.208333015441895,45.5625,-2.0573126708891074,-2.0627845065769157
7,2025_may_08_14,13.25,45.5625,-2.179970798619205,-2.186189902515281
7,2025_may_08_14,13.291666984558105,45.5625,-2.336515046717593,-2.34290142831287
7,2025_may_08_14,13.333333015441895,45.5625,-2.208777977503012,-2.2150744688410984
7,2025_may_08_14,13.166666984558105,45.60416793823242,0.3033825490606316,0.3053249833189669
7,2025_may_08_14,13.208333015441895,45.60416793823242,-0.004838161022788016,-0.0038139542425558626
7,2025_may_08_14,13.25,45.60416793823242,-0.9803406229517111,-0.9829666736506141
7,2025_may_08_14,13.291666984558105,45.60416793823242,-1.691578411383721,-1.6969533263632421
7,2025_may_08_14,13.333333015441895,45.60416793823242,-1.1803126220203801,-1.1837707520679126
7,2025_may_08_14,13.375,45.60416793823242,0.24071801293097958,0.24391722966439736
7,2025_may_08_14,13.416666984558105,45.60416793823242,0.5231441918705596,0.5267038430466117
7,2025_may_08_14,13.458333015441895,45.60416793823242,0.5005462157963196,0.5039074996459254
7,2025_may_08_14,13.5,45.60416793823242,0.881795329517299,0.885391962776949
7,2025_may_08_14,13.708333015441895,45.60416793823242,-1.9159387394832688,-1.9218816265372145
7,2025_may_08_14,13.166666984558105,45.64583206176758,0.48876427777490494,0.4907699085852822
7,2025_may_08_14,13.208333015441895,45.64583206176758,1.0788344592963506,1.0829066479056517
7,2025_may_08_14,13.25,45.64583206176758,1.0950432344367318,1.0987286829078238
7,2025_may_08_14,13.291666984558105,45.64583206176758,0.7594356461185842,0.7628550314708185
7,2025_may_08_14,13.333333015441895,45.64583206176758,0.48745155055445516,0.49057793404129346
7,2025_may_08_14,13.375,45.64583206176758,-0.8025552143810182,-0.8038895244749857
7,2025_may_08_14,13.416666984558105,45.64583206176758,-1.693553562748943,-1.6978604506764958
7,2025_may_08_14,13.458333015441895,45.64583206176758,-0.4598961749044947,-0.45918201179407075
7,2025_may_08_14,13.5,45.64583206176758,0.6423526707785399,0.6453307359253133
7,2025_may_08_14,13.541666984558105,45.64583206176758,0.80278380811723,0.8056591652483612
7,2025_may_08_14,13.583333015441895,45.64583206176758,0.9760179157395933,0.9801931554897203
7,2025_may_08_14,13.625,45.64583206176758,0.3966502682370999,0.3976175926009563
7,2025_may_08_14,13.666666984558105,45.64583206176758,-0.53245721462864,-0.5350588724472911
7,2025_may_08_14,13.708333015441895,45.64583206176758,-0.8260351195689565,-0.8281549062478847
7,2025_may_08_14,13.166666984558105,45.6875,-0.7452285272058095,-0.747867675105437
7,2025_may_08_14,13.208333015441895,45.6875,-1.3632246583214525,-1.3667609376954064
7,2025_may_08_14,13.25,45.6875,-1.3656353405797856,-1.3694717593897863
7,2025_may_08_14,13.291666984558105,45.6875,-1.8140113994679359,-1.8197672115607324
7,2025_may_08_14,13.458333015441895,45.6875,-2.0673657751668633,-2.0716935493325197
7,2025_may_08_14,13.5,45.6875,-1.7323758912083753,-1.734948317167145
7,2025_may_08_14,13.541666984558105,45.6875,-0.46390104973179697,-0.4639909741121574
7,2025_may_08_14,13.583333015441895,45.6875,-0.06602735625923305,-0.06581504490153411
7,2025_may_08_14,13.625,45.6875,-0.2455601720123664,-0.24513031687079043
7,2025_may_08_14,13.666666984558105,45.6875,-1.2838691665514028,-1.2864211374398202
7,2025_may_08_14,13.708333015441895,45.6875,-1.9227827184026993,-1.9288487455649697
7,2025_may_08_14,13.541666984558105,45.72916793823242,-1.7968684994038662,-1.8037835624100913
7,2025_may_08_14,13.583333015441895,45.72916793823242,-1.4734535210830086,-1.4804035690085326
7,2025_may_08_14,13.625,45.72916793823242,-1.782112606370897,-1.7883609255335502
7,2025_may_08_14,13.666666984558105,45.72916793823242,-2.0352944101753065,-2.0415227490772923
7,2025_may_15_21,13.166666984558105,45.47916793823242,-2.1070634289050894,-2.112590031722866
7,2025_may_15_21,13.208333015441895,45.47916793823242,-2.091280563221697,-2.0973188432381886
7,2025_may_15_21,13.166666984558105,45.52083206176758,-1.904737582917409,-1.9104528299247558
7,2025_may_15_21,13.208333015441895,45.52083206176758,-2.191282266663545,-2.1989543571248533
7,2025_may_15_21,13.25,45.52083206176758,-1.9775388998467816,-1.984140060225622
7,2025_may_15_21,13.166666984558105,45.5625,-1.625358909427676,-1.6275354113728462
7,2025_may_15_21,13.208333015441895,45.5625,-2.0946360385363856,-2.0974319667716226
7,2025_may_15_21,13.25,45.5625,-2.336858864361853,-2.3431776654548284
7,2025_may_15_21,13.291666984558105,45.5625,-2.4309493870027294,-2.4373727263142615
7,2025_may_15_21,13.333333015441895,45.5625,-2.2062112129939946,-2.211701444453605
7,2025_may_15_21,13.166666984558105,45.60416793823242,0.2812580624291171,0.2799634901934025
7,2025_may_15_21,13.208333015441895,45.60416793823242,0.0715129590433555,0.06975784575271708
7,2025_may_15_21,13.25,45.60416793823242,-0.8551392819519739,-0.857196376034616
7,2025_may_15_21,13.291666984558105,45.60416793823242,-1.594273625767176,-1.598021505014676
7,2025_may_15_21,13.333333015441895,45.60416793823242,-1.1515883933240443,-1.154250721584016
7,2025_may_15_21,13.375,45.60416793823242,0.1765770587852981,0.17794698616055438
7,2025_may_15_21,13.416666984558105,45.60416793823242,0.4777750177655081,0.48040725272839535
7,2025_may_15_21,13.458333015441895,45.60416793823242,0.5273125882756614,0.5296228897786706
7,2025_may_15_21,13.5,45.60416793823242,0.8955910699206378,0.8993974044170862
7,2025_may_15_21,13.708333015441895,45.60416793823242,-1.9412978534721888,-1.9469762575455352
7,2025_may_15_21,13.166666984558105,45.64583206176758,0.4752346947734962,0.4770805951090243
7,2025_may_15_21,13.208333015441895,45.64583206176758,1.019152274762526,1.0229669023352763
7,2025_may_15_21,13.25,45.64583206176758,0.993564066974903,0.9983897707256734
7,2025_may_15_21,13.291666984558105,45.64583206176758,0.7496856949181617,0.7550943007541978
7,2025_may_15_21,13.333333015441895,45.64583206176758,0.5021437102375019,0.5072043911394156
7,2025_may_15_21,13.375,45.64583206176758,-0.874777330519768,-0.874772379736074
7,2025_may_15_21,13.416666984558105,45.64583206176758,-1.6308951209527047,-1.6335434940474494
7,2025_may_15_21,13.458333015441895,45.64583206176758,-0.3980526502103693,-0.3976875794726587
7,2025_may_15_21,13.5,45.64583206176758,0.6394697338776069,0.6418006299001763
7,2025_may_15_21,13.541666984558105,45.64583206176758,0.8465114476401289,0.8486095783590099
7,2025_may_15_21,13.583333015441895,45.64583206176758,0.9949370060875294,0.9963675323935297
7,2025_may_15_21,13.625,45.64583206176758,0.42421136907886675,0.4235513201828378
7,2025_may_15_21,13.666666984558105,45.64583206176758,-0.793849223335825,-0.7959070650399557
7,2025_may_15_21,13.708333015441895,45.64583206176758,-0.9255798087630113,-0.9282761255397451
7,2025_may_15_21,13.166666984558105,45.6875,-0.8043107516706531,-0.8065278066386136
7,2025_may_15_21,13.208333015441895,45.6875,-1.359287337077178,-1.3642133674582633
7,2025_may_15_21,13.25,45.6875,-1.205022481663859,-1.2091109711574295
7,2025_may_15_21,13.291666984558105,45.6875,-1.7276080717581788,-1.7329633147923091
7,2025_may_15_21,13.458333015441895,45.6875,-2.217439531560255,-2.221855895999343
7,2025_may_15_21,13.5,45.6875,-1.9238320658216943,-1.9283000393105554
7,2025_may_15_21,13.541666984558105,45.6875,-0.5236021848309108,-0.5260489765456543
7,2025_may_15_21,13.583333015441895,45.6875,-0.04653515584182864,-0.04714115191182981
7,2025_may_15_21,13.625,45.6875,-0.28485352323348867,-0.285181959060214
7,2025_may_15_21,13.666666984558105,45.6875,-1.2576604696241416,-1.2587171365092877
7,2025_may_15_21,13.708333015441895,45.6875,-1.8814101636674467,-1.8843974365832947
7,2025_may_15_21,13.541666984558105,45.72916793823242,-1.791929908921321,-1.7950483638593264
7,2025_may_15_21,13.583333015441895,45.72916793823242,-1.4618479787748115,-1.461822447617314
7,2025_may_15_21,13.625,45.72916793823242,-1.704580819051099,-1.7070091883449445
7,2025_may_15_21,13.666666984558105,45.72916793823242,-1.9794109161594842,-1.9828382871476151
7,2025_may_22_28,13.166666984558105,45.47916793823242,-2.014513941922188,-2.0190429971659323
7,2025_may_22_28,13.208333015441895,45.47916793823242,-2.0548429298794675,-2.0590125384656495
7,2025_may_22_28,13.166666984558105,45.52083206176758,-1.9662915234803142,-1.9722367237679552
7,2025_may_22_28,13.208333015441895,45.52083206176758,-2.1810024712017357,-2.1867031775172614
7,2025_may_22_28,13.25,45.52083206176758,-2.0027310087976207,-2.0077405640039525
7,2025_may_22_28,13.166666984558105,45.5625,-1.5915243655973264,-1.595285430995305
7,2025_may_22_28,13.208333015441895,45.5625,-2.0332736196756147,-2.037538979339102
7,2025_may_22_28,13.25,45.5625,-2.174749433206523,-2.179451482030691
7,2025_may_22_28,13.291666984558105,45.5625,-2.2308956582044,-2.2369206023663954
7,2025_may_22_28,13.333333015441895,45.5625,-2.1291240424688924,-2.1350595322919643
7,2025_may_22_28,13.166666984558105,45.60416793823242,0.40101199484486855,0.4032888901491657
7,2025_may_22_28,13.208333015441895,45.60416793823242,0.13971273790428815,0.14078228886389385
7,2025_may_22_28,13.25,45.60416793823242,-0.8919842234292046,-0.895163382929297
7,2025_may_22_28,13.291666984558105,45.60416793823242,-1.7548234711106334,-1.7605454501241422
7,2025_may_22_28,13.333333015441895,45.60416793823242,-1.3432102517962505,-1.3470823969797243
7,2025_may_22_28,13.375,45.60416793823242,0.18655713737884855,0.1882960922144585
7,2025_may_22_28,13.416666984558105,45.60416793823242,0.4986584002226886,0.501584641554772
7,2025_may_22_28,13.458333015441895,45.60416793823242,0.44171173583559703,0.44520391725784403
7,2025_may_22_28,13.5,45.60416793823242,0.7281306917818664,0.7319614717077582
7,2025_may_22_28,13.708333015441895,45.60416793823242,-1.8542472249454924,-1.8598440454717924
7,2025_may_22_28,13.166666984558105,45.64583206176758,0.5312662006418456,0.53253650424488
7,2025_may_22_28,13.208333015441895,45.64583206176758,1.1206654820823179,1.12335336236909
7,2025_may_22_28,13.25,45.64583206176758,1.1124224526535405,1.115819859240778
7,2025_may_22_28,13.291666984558105,45.64583206176758,0.9148413177185669,0.9180263920472747
7,2025_may_22_28,13.333333015441895,45.64583206176758,0.6345675864284903,0.637691956036646
7,2025_may_22_28,13.375,45.64583206176758,-0.9100257101306382,-0.9106758217326288
7,2025_may_22_28,13.416666984558105,45.64583206176758,-1.784861384971158,-1.7890828241185048
7,2025_may_22_28,13.458333015441895,45.64583206176758,-0.37654405327095397,-0.3760892055486161
7,2025_may_22_28,13.5,45.64583206176758,0.7109326507424719,0.7144395037328933
7,2025_may_22_28,13.541666984558105,45.64583206176758,0.9477423367427845,0.9510919740370545
7,2025_may_22_28,13.583333015441895,45.64583206176758,1.1101750725405535,1.1139285685171751
7,2025_may_22_28,13.625,45.64583206176758,0.5919458910687325,0.5924047579399889
7,2025_may_22_28,13.666666984558105,45.64583206176758,-0.6699500046816264,-0.6722418458119674
7,2025_may_22_28,13.708333015441895,45.64583206176758,-0.904437653552811,-0.9060955924130834
7,2025_may_22_28,13.166666984558105,45.6875,-0.6006014943244029,-0.602650865951267
7,2025_may_22_28,13.208333015441895,45.6875,-1.231982674255235,-1.2333551392525948
7,2025_may_22_28,13.25,45.6875,-1.1981740059477237,-1.200483655604414
7,2025_may_22_28,13.291666984558105,45.6875,-1.6886635010120263,-1.6937040003395205
7,2025_may_22_28,13.458333015441895,45.6875,-2.2641655899528166,-2.269602352835322
7,2025_may_22_28,13.5,45.6875,-1.7992453332985032,-1.804777865632262
7,2025_may_22_28,13.541666984558105,45.6875,-0.37033095426201784,-0.36991669260761756
7,2025_may_22_28,13.583333015441895,45.6875,-0.14594011061605736,-0.1456380379828692
7,2025_may_22_28,13.625,45.6875,-0.32870245417562266,-0.3274284568229656
7,2025_may_22_28,13.666666984558105,45.6875,-1.3808847556571808,-1.3844204364492831
7,2025_may_22_28,13.708333015441895,45.6875,-1.762614728949764,-1.7684882518353182
7,2025_may_22_28,13.541666984558105,45.72916793823242,-1.752670521140084,-1.7589834153195891
7,2025_may_22_28,13.583333015441895,45.72916793823242,-1.4319772458878766,-1.4387736354392724
7,2025_may_22_28,13.625,45.72916793823242,-1.5349305409959473,-1.5406639549524337
7,2025_may_22_28,13.666666984558105,45.72916793823242,-2.0118472808223413,-2.016710148433907
7,2025_november_01_07,13.166666984558105,45.47916793823242,-2.0760728691431574,-2.0815299304655728
7,2025_november_01_07,13.208333015441895,45.47916793823242,-2.087245461374366,-2.0928688266897595
7,2025_november_01_07,13.166666984558105,45.52083206176758,-1.8145527235497492,-1.8189433836237365
7,2025_november_01_07,13.208333015441895,45.52083206176758,-1.9840598074816538,-1.9889838261952575
7,2025_november_01_07,13.25,45.52083206176758,-1.8682690467903869,-1.8725887574276474
7,2025_november_01_07,13.166666984558105,45.5625,-1.5601662529407716,-1.564253132528888
7,2025_november_01_07,13.208333015441895,45.5625,-2.092592567818208,-2.0981865048821393
7,2025_november_01_07,13.25,45.5625,-2.223638401079671,-2.2295805393890538
7,2025_november_01_07,13.291666984558105,45.5625,-2.3050819084692624,-2.3106077390374713
7,2025_november_01_07,13.333333015441895,45.5625,-2.00972603786482,-2.0142326443617122
7,2025_november_01_07,13.166666984558105,45.60416793823242,0.5053406220386266,0.5063378079386768
7,2025_november_01_07,13.208333015441895,45.60416793823242,0.3925261245565829,0.3939125831904751
7,2025_november_01_07,13.25,45.60416793823242,-0.6006728604298514,-0.6019942613739053
7,2025_november_01_07,13.291666984558105,45.60416793823242,-1.3567358248976953,-1.3604249239518826
7,2025_november_01_07,13.333333015441895,45.60416793823242,-0.7814307090866517,-0.7841080215423677
7,2025_november_01_07,13.375,45.60416793823242,0.2395512124231413,0.23964221387487816
7,2025_november_01_07,13.416666984558105,45.60416793823242,0.4974106787876676,0.49899812580255076
7,2025_november_01_07,13.458333015441895,45.60416793823242,0.5174265339498296,0.518762891332971
7,2025_november_01_07,13.5,45.60416793823242,0.7870547977366107,0.7891793994916277
7,2025_november_01_07,13.708333015441895,45.60416793823242,-1.8635938546216644,-1.8691108762959494
7,2025_november_01_07,13.166666984558105,45.64583206176758,0.4848444306129424,0.4861832729759699
7,2025_november_01_07,13.208333015441895,45.64583206176758,0.887400231399968,0.889751940773803
7,2025_november_01_07,13.25,45.64583206176758,0.895008774462471,0.8971987307010321
7,2025_november_01_07,13.291666984558105,45.64583206176758,0.7527634207659074,0.7551972919252846
7,2025_november_01_07,13.333333015441895,45.64583206176758,0.5238181415573174,0.5264413160002526
7,2025_november_01_07,13.375,45.64583206176758,-0.9541920434664897,-0.955847670695577
7,2025_november_01_07,13.416666984558105,45.64583206176758,-1.7099026970659492,-1.7144855245235302
7,2025_november_01_07,13.458333015441895,45.64583206176758,-0.5162499448589114,-0.5171256594229844
7,2025_november_01_07,13.5,45.64583206176758,0.5555288077133965,0.5580272603322537
7,2025_november_01_07,13.541666984558105,45.64583206176758,0.8449917838048189,0.8476955606346734
7,2025_november_01_07,13.583333015441895,45.64583206176758,0.9424403344766047,0.9449173970018864
7,2025_november_01_07,13.625,45.64583206176758,0.3781400985072824,0.3786717713555373
7,2025_november_01_07,13.666666984558105,45.64583206176758,-0.5948903271516225,-0.5975484339657664
7,2025_november_01_07,13.708333015441895,45.64583206176758,-0.9625746362626438,-0.9665037392763008
7,2025_november_01_07,13.166666984558105,45.6875,-0.3354480487203269,-0.33615080960254506
7,2025_november_01_07,13.208333015441895,45.6875,-1.0385517065109588,-1.0411973311410139
7,2025_november_01_07,13.25,45.6875,-1.2789431661141129,-1.282520031724412
7,2025_november_01_07,13.291666984558105,45.6875,-1.7404759033311328,-1.7446424041739341
7,2025_november_01_07,13.458333015441895,45.6875,-2.102111566877409,-2.1077154319348095
7,2025_november_01_07,13.5,45.6875,-1.798412976211718,-1.8029656509400451
7,2025_november_01_07,13.541666984558105,45.6875,-0.6007508224241284,-0.6024997658168839
7,2025_november_01_07,13.583333015441895,45.6875,-0.11095902117240306,-0.1114085571523539
7,2025_november_01_07,13.625,45.6875,-0.3559678564686541,-0.35734364425284926
7,2025_november_01_07,13.666666984558105,45.6875,-1.1443987032490675,-1.1482115844104397
7,2025_november_01_07,13.708333015441895,45.6875,-1.3499005751606679,-1.3545067776547115
7,2025_november_01_07,13.541666984558105,45.72916793823242,-2.093631273171116,-2.09841773719696
7,2025_november_01_07,13.583333015441895,45.72916793823242,-1.7497160580711046,-1.7545232127240062
7,2025_november_01_07,13.625,45.72916793823242,-1.9130627551258208,-1.9190974390474664
7,2025_november_01_07,13.666666984558105,45.72916793823242,-2.0729335463423655,-2.0784894231965017
7,2025_november_08_14,13.166666984558105,45.47916793823242,-2.1853706604627776,-2.1901064045172287
7,2025_november_08_14,13.208333015441895,45.47916793823242,-2.2694248309280227,-2.273949613722933
7,2025_november_08_14,13.166666984558105,45.52083206176758,-1.6502080539030497,-1.6530060082917568
7,2025_november_08_14,13.208333015441895,45.52083206176758,-1.9166223623848389,-1.9215337535079933
7,2025_november_08_14,13.25,45.52083206176758,-1.9262878448965923,-1.9310073884160144
7,2025_november_08_14,13.166666984558105,45.5625,-1.6225857352974429,-1.6257029978801838
7,2025_november_08_14,13.208333015441895,45.5625,-2.0668277601590046,-2.0706193955229026
7,2025_november_08_14,13.25,45.5625,-2.0633385430145093,-2.067729650981594
7,2025_november_08_14,13.291666984558105,45.5625,-2.1706843464253853,-2.174794234182208
7,2025_november_08_14,13.333333015441895,45.5625,-1.9093731865119672,-1.9130425736921044
7,2025_november_08_14,13.166666984558105,45.60416793823242,0.5191905096003719,0.5197813380710294
7,2025_november_08_14,13.208333015441895,45.60416793823242,0.39432106355465857,0.39535636985187
7,2025_november_08_14,13.25,45.60416793823242,-0.6170204924122205,-0.6186517206459082
7,2025_november_08_14,13.291666984558105,45.60416793823242,-1.4792388728919301,-1.4829096684275622
7,2025_november_08_14,13.333333015441895,45.60416793823242,-0.8886537862710119,-0.8885869024238928
7,2025_november_08_14,13.375,45.60416793823242,0.21962560456818783,0.22185372203125775
7,2025_november_08_14,13.416666984558105,45.60416793823242,0.51109057128945,0.5128912097541573
7,2025_november_08_14,13.458333015441895,45.60416793823242,0.5722927404116244,0.5745845781170933
7,2025_november_08_14,13.5,45.60416793823242,0.8325329382339949,0.8358750104168294
7,2025_november_08_14,13.708333015441895,45.60416793823242,-1.6495175095837706,-1.6540991971511791
7,2025_november_08_14,13.166666984558105,45.64583206176758,0.5423275994174656,0.5438270254750497
7,2025_november_08_14,13.208333015441895,45.64583206176758,1.0565949456720916,1.0590637903706104
7,2025_november_08_14,13.25,45.64583206176758,1.0466535362742013,1.0487677423100348
7,2025_november_08_14,13.291666984558105,45.64583206176758,0.907205735254644,0.9091285472456638
7,2025_november_08_14,13.333333015441895,45.64583206176758,0.6291762258893883,0.6308612474056566
7,2025_november_08_14,13.375,45.64583206176758,-0.9846851721054566,-0.985301162811555
7,2025_november_08_14,13.416666984558105,45.64583206176758,-1.6028259568779748,-1.6050481776409895
7,2025_november_08_14,13.458333015441895,45.64583206176758,-0.46344528700031884,-0.46254471531109703
7,2025_november_08_14,13.5,45.64583206176758,0.5724961435021446,0.5749542376269191
7,2025_november_08_14,13.541666984558105,45.64583206176758,0.845581718525753,0.8478566519189923
7,2025_november_08_14,13.583333015441895,45.64583206176758,0.8958869580330275,0.8981249366581587
7,2025_november_08_14,13.625,45.64583206176758,0.4228119587029993,0.4221300560012519
7,2025_november_08_14,13.666666984558105,45.64583206176758,-0.6179943296162654,-0.6210118487189027
7,2025_november_08_14,13.708333015441895,45.64583206176758,-1.0418262106316671,-1.0448428570322519
7,2025_november_08_14,13.166666984558105,45.6875,-0.3552023842647828,-0.35556367792490756
7,2025_november_08_14,13.208333015441895,45.6875,-1.133282268159583,-1.1351288229542014
7,2025_november_08_14,13.25,45.6875,-1.490211846195994,-1.493628197859552
7,2025_november_08_14,13.291666984558105,45.6875,-1.8113596904451792,-1.8159654597092543
7,2025_november_08_14,13.458333015441895,45.6875,-2.1108202166753487,-2.115577735704081
7,2025_november_08_14,13.5,45.6875,-1.7108513529014304,-1.7136113432357891
7,2025_november_08_14,13.541666984558105,45.6875,-0.4639379448605708,-0.4646627550762417
7,2025_november_08_14,13.583333015441895,45.6875,-0.06078619678900031,-0.06042583927021419
7,2025_november_08_14,13.625,45.6875,-0.164099032888988,-0.1640962053235194
7,2025_november_08_14,13.666666984558105,45.6875,-1.0217924508627851,-1.0237117044736816
7,2025_november_08_14,13.708333015441895,45.6875,-1.3965385467081415,-1.4008888829031876
7,2025_november_08_14,13.541666984558105,45.72916793823242,-1.8849459433730344,-1.8900338931377227
7,2025_november_08_14,13.583333015441895,45.72916793823242,-1.6209113573340075,-1.6263566034145573
7,2025_november_08_14,13.625,45.72916793823242,-1.663927010430894,-1.6691202164467607
7,2025_november_08_14,13.666666984558105,45.72916793823242,-1.9817524048717465,-1.9862168983188644
7,2025_november_15_21,13.166666984558105,45.47916793823242,-2.0843622238408948,-2.088943050396217
7,2025_november_15_21,13.208333015441895,45.47916793823242,-2.0755848124085134,-2.080662812613342
7,2025_november_15_21,13.166666984558105,45.52083206176758,-1.4218020936065339,-1.4243268084907559
7,2025_november_15_21,13.208333015441895,45.52083206176758,-1.8493510443110803,-1.8528110079722624
7,2025_november_15_21,13.25,45.52083206176758,-1.8727199857487309,-1.877204379849372
7,2025_november_15_21,13.166666984558105,45.5625,-1.6614747614554164,-1.6656396493357113
7,2025_november_15_21,13.208333015441895,45.5625,-2.051252948178472,-2.055930244443768
7,2025_november_15_21,13.25,45.5625,-2.119284245109128,-2.125054067023419
7,2025_november_15_21,13.291666984558105,45.5625,-2.1167006277991334,-2.1227318546876734
7,2025_november_15_21,13.333333015441895,45.5625,-1.8659948122008292,-1.8699479050274077
7,2025_november_15_21,13.166666984558105,45.60416793823242,0.5854124473225513,0.5865441982420746
7,2025_november_15_21,13.208333015441895,45.60416793823242,0.5123190062075661,0.5138870501584935
7,2025_november_15_21,13.25,45.60416793823242,-0.534539286847901,-0.5352343588606112
7,2025_november_15_21,13.291666984558105,45.60416793823242,-1.4041385914094555,-1.4066880111683433
7,2025_november_15_21,13.333333015441895,45.60416793823242,-0.8228496959155006,-0.8236414723003492
7,2025_november_15_21,13.375,45.60416793823242,0.228857608342329,0.2304997858039276
7,2025_november_15_21,13.416666984558105,45.60416793823242,0.4880332354735909,0.489954050804465
7,2025_november_15_21,13.458333015441895,45.60416793823242,0.5629856727272727,0.5648796369055002
7,2025_november_15_21,13.5,45.60416793823242,0.7478914739366506,0.7506938232642534
7,2025_november_15_21,13.708333015441895,45.60416793823242,-1.7899095106965401,-1.795773996857073
7,2025_november_15_21,13.166666984558105,45.64583206176758,0.6552826509236187,0.6560567188759104
7,2025_november_15_21,13.208333015441895,45.64583206176758,1.0853482696115029,1.0864491508006697
7,2025_november_15_21,13.25,45.64583206176758,1.0602142420141816,1.0617935918722978
7,2025_november_15_21,13.291666984558105,45.64583206176758,0.8843373352737485,0.8860956050999806
7,2025_november_15_21,13.333333015441895,45.64583206176758,0.7285872327281461,0.7304594528681259
7,2025_november_15_21,13.375,45.64583206176758,-0.8737130823028758,-0.8760653499155273
7,2025_november_15_21,13.416666984558105,45.64583206176758,-1.7127936036884797,-1.716207025824966
7,2025_november_15_21,13.458333015441895,45.64583206176758,-0.45180663384722963,-0.4515495058712162
7,2025_november_15_21,13.5,45.64583206176758,0.6624488638505411,0.6650780194964497
7,2025_november_15_21,13.541666984558105,45.64583206176758,0.9105260876996794,0.9128846646243817
7,2025_november_15_21,13.583333015441895,45.64583206176758,0.9370508276133843,0.9393200800274489
7,2025_november_15_21,13.625,45.64583206176758,0.4228532446693038,0.4228915082358593
7,2025_november_15_21,13.666666984558105,45.64583206176758,-0.5884680680636375,-0.5916180182013488
7,2025_november_15_21,13.708333015441895,45.64583206176758,-0.9873295281980833,-0.9915120985608806
7,2025_november_15_21,13.166666984558105,45.6875,-0.27461383259796396,-0.27425020301694186
7,2025_november_15_21,13.208333015441895,45.6875,-1.237711334393502,-1.2396633497015876
7,2025_november_15_21,13.25,45.6875,-1.50477878542917,-1.5082885450688799
7,2025_november_15_21,13.291666984558105,45.6875,-1.9551442439143327,-1.9600351564571374
7,2025_november_15_21,13.458333015441895,45.6875,-2.226341397672067,-2.231065475578526
7,2025_november_15_21,13.5,45.6875,-1.9014406317566326,-1.905855629199033
7,2025_november_15_21,13.541666984558105,45.6875,-0.5812907748195624,-0.5839182048970637
7,2025_november_15_21,13.583333015441895,45.6875,-0.14589450792749822,-0.1469906737718814
7,2025_november_15_21,13.625,45.6875,-0.38040139542473694,-0.38191724699155516
7,2025_november_15_21,13.666666984558105,45.6875,-1.082515235381897,-1.0861749575663693
7,2025_november_15_21,13.708333015441895,45.6875,-1.3887056755969356,-1.3927099383436516
7,2025_november_15_21,13.541666984558105,45.72916793823242,-1.9915905027822414,-1.9959034165702294
7,2025_november_15_21,13.583333015441895,45.72916793823242,-1.5601314799598056,-1.5655948499309917
7,2025_november_15_21,13.625,45.72916793823242,-1.843225153899419,-1.8500623172557948
7,2025_november_15_21,13.666666984558105,45.72916793823242,-2.0559856783521764,-2.0607674863689978
7,2025_november_22_28,13.166666984558105,45.47916793823242,-2.142287873266976,-2.1480233416566046
7,2025_november_22_28,13.208333015441895,45.47916793823242,-2.1513705006543984,-2.1574805050095014
7,2025_november_22_28,13.166666984558105,45.52083206176758,-1.5854844186298294,-1.5890997902354687
7,2025_november_22_28,13.208333015441895,45.52083206176758,-1.7939870223784156,-1.7985521727212215
7,2025_november_22_28,13.25,45.52083206176758,-1.8872952436236214,-1.8936990600286647
7,2025_november_22_28,13.166666984558105,45.5625,-1.640305989640991,-1.6449836139781777
7,2025_november_22_28,13.208333015441895,45.5625,-2.0574724771280644,-2.0630162383634847
7,2025_november_22_28,13.25,45.5625,-2.189221301156202,-2.1948553861210423
7,2025_november_22_28,13.291666984558105,45.5625,-2.234132056421458,-2.2396288368325075
7,2025_november_22_28,13.333333015441895,45.5625,-1.8852144930527996,-1.8901522367017363
7,2025_november_22_28,13.166666984558105,45.60416793823242,0.5614484545064713,0.5634422720284095
7,2025_november_22_28,13.208333015441895,45.60416793823242,0.4859074812093923,0.4877993243577814
7,2025_november_22_28,13.25,45.60416793823242,-0.57428607909344,-0.5756873897352848
7,2025_november_22_28,13.291666984558105,45.60416793823242,-1.4618017248247457,-1.4653236079119047
7,2025_november_22_28,13.333333015441895,45.60416793823242,-0.8459404371854624,-0.8465029940575982
7,2025_november_22_28,13.375,45.60416793823242,0.21264940198879384,0.21482420088003865
7,2025_november_22_28,13.416666984558105,45.60416793823242,0.48154948123076957,0.48413775148094734
7,2025_november_22_28,13.458333015441895,45.60416793823242,0.5587865040700865,0.5612012054220135
7,2025_november_22_28,13.5,45.60416793823242,0.8308878156222861,0.8343651789538274
7,2025_november_22_28,13.708333015441895,45.60416793823242,-1.9082243191824835,-1.9142816155085074
7,2025_november_22_28,13.166666984558105,45.64583206176758,0.6752870106020011,0.6771185182458527
7,2025_november_22_28,13.208333015441895,45.64583206176758,1.1020019228481337,1.1042014274574812
7,2025_november_22_28,13.25,45.64583206176758,1.0274078408362868,1.028828476112265
7,2025_november_22_28,13.291666984558105,45.64583206176758,0.8795379649650996,0.8811422069940309
7,2025_november_22_28,13.333333015441895,45.64583206176758,0.514215008747503,0.5160353626348598
7,2025_november_22_28,13.375,45.64583206176758,-0.9839245060368598,-0.9853482374819352
7,2025_november_22_28,13.416666984558105,45.64583206176758,-1.6113497455446864,-1.6155413792271112
7,2025_november_22_28,13.458333015441895,45.64583206176758,-0.34842845851611054,-0.34782878420137564
7,2025_november_22_28,13.5,45.64583206176758,0.6948136270658907,0.6978917002232452
7,2025_november_22_28,13.541666984558105,45.64583206176758,0.8597600787940338,0.8632539783992023
7,2025_november_22_28,13.583333015441895,45.64583206176758,0.8666249416532353,0.8696613313717138
7,2025_november_22_28,13.625,45.64583206176758,0.2249463811936293,0.22381318255494975
7,2025_november_22_28,13.666666984558105,45.64583206176758,-0.6149924269121605,-0.6178772402163689
7,2025_november_22_28,13.708333015441895,45.64583206176758,-0.9251504431107129,-0.9273519452433839
7,2025_november_22_28,13.166666984558105,45.6875,-0.35641006763655103,-0.35724060017006515
7,2025_november_22_28,13.208333015441895,45.6875,-1.1613962616673226,-1.1638901007463942
7,2025_november_22_28,13.25,45.6875,-1.4684263747773367,-1.4721683708905988
7,2025_november_22_28,13.291666984558105,45.6875,-1.7926056721631922,-1.7978898047029999
7,2025_november_22_28,13.458333015441895,45.6875,-2.117672959590532,-2.1236172621505833
7,2025_november_22_28,13.5,45.6875,-1.7579873743106122,-1.7611787049095802
7,2025_november_22_28,13.541666984558105,45.6875,-0.6581206628020633,-0.6583425407106864
7,2025_november_22_28,13.583333015441895,45.6875,-0.1557827789916785,-0.15568913554193656
7,2025_november_22_28,13.625,45.6875,-0.28205288575105275,-0.2825715038470754
7,2025_november_22_28,13.666666984558105,45.6875,-0.9940937985643086,-0.9967222530926365
7,2025_november_22_28,13.708333015441895,45.6875,-1.3196692062915916,-1.324240156824432
7,2025_november_22_28,13.541666984558105,45.72916793823242,-1.8586241507899033,-1.8651539318071628
7,2025_november_22_28,13.583333015441895,45.72916793823242,-1.6164346980610753,-1.6230837456704117
7,2025_november_22_28,13.625,45.72916793823242,-1.768159935385683,-1.774484597493357
7,2025_november_22_28,13.666666984558105,45.72916793823242,-2.0731586276407112,-2.0791428100752016
8,2025_may_01_07,13.166666984558105,45.47916793823242,-2.1099673040605103,-2.1166384037766175
8,2025_may_01_07,13.208333015441895,45.47916793823242,-2.105223298588031,-2.113502342444325
8,2025_may_01_07,13.166666984558105,45.52083206176758,-1.9151526871886095,-1.9206314969749672
8,2025_may_01_07,13.208333015441895,45.52083206176758,-2.1377356315892793,-2.144876850217196
8,2025_may_01_07,13.25,45.52083206176758,-2.041261602335276,-2.047711553326294
8,2025_may_01_07,13.166666984558105,45.5625,-1.7633260430414734,-1.7689081382114822
8,2025_may_01_07,13.208333015441895,45.5625,-2.159750415849186,-2.1648008053057204
8,2025_may_01_07,13.25,45.5625,-2.17437499221165,-2.179688464879916
8,2025_may_01_07,13.291666984558105,45.5625,-2.2400169925729125,-2.2446560598074403
8,2025_may_01_07,13.333333015441895,45.5625,-2.192609698637522,-2.1977691538617536
8,2025_may_01_07,13.166666984558105,45.60416793823242,0.20262072897173633,0.2029568734564598
8,2025_may_01_07,13.208333015441895,45.60416793823242,0.11576243246893592,0.11597208588299263
8,2025_may_01_07,13.25,45.60416793823242,-0.9727063293608957,-0.9753355844161824
8,2025_may_01_07,13.291666984558105,45.60416793823242,-1.7278873021072312,-1.7329254491309773
8,2025_may_01_07,13.333333015441895,45.60416793823242,-1.0850242748836654,-1.0871044907758498
8,2025_may_01_07,13.375,45.60416793823242,0.1827846457035504,0.18423698828530777
8,2025_may_01_07,13.416666984558105,45.60416793823242,0.4787917932255372,0.48045221851497544
8,2025_may_01_07,13.458333015441895,45.60416793823242,0.4710921812188819,0.47338349302533467
8,2025_may_01_07,13.5,45.60416793823242,0.8119357824665588,0.8177811167075688
8,2025_may_01_07,13.708333015441895,45.60416793823242,-1.9577273906591077,-1.964191480810105
8,2025_may_01_07,13.166666984558105,45.64583206176758,0.43599971991829545,0.4377500095956079
8,2025_may_01_07,13.208333015441895,45.64583206176758,1.0436364129331748,1.045156518521665
8,2025_may_01_07,13.25,45.64583206176758,1.0170607921011094,1.0187654720298551
8,2025_may_01_07,13.291666984558105,45.64583206176758,0.787088258894714,0.789833740711455
8,2025_may_01_07,13.333333015441895,45.64583206176758,0.438280034019588,0.4418849431367713
8,2025_may_01_07,13.375,45.64583206176758,-0.9018360214654371,-0.9014038478512245
8,2025_may_01_07,13.416666984558105,45.64583206176758,-1.6084893440952899,-1.6115275006342096
8,2025_may_01_07,13.458333015441895,45.64583206176758,-0.5977285538417798,-0.5994663274878403
8,2025_may_01_07,13.5,45.64583206176758,0.5388984512375697,0.5414204506621398
8,2025_may_01_07,13.541666984558105,45.64583206176758,0.8487153034410664,0.850957155071672
8,2025_may_01_07,13.583333015441895,45.64583206176758,1.0597074997542553,1.0611053339841898
8,2025_may_01_07,13.625,45.64583206176758,0.5611658953880241,0.5580000575833688
8,2025_may_01_07,13.666666984558105,45.64583206176758,-0.5535673841103603,-0.5588633759586349
8,2025_may_01_07,13.708333015441895,45.64583206176758,-0.8427764378608436,-0.8453490599610798
8,2025_may_01_07,13.166666984558105,45.6875,-0.8083482327426418,-0.8081411717067222
8,2025_may_01_07,13.208333015441895,45.6875,-1.2698322268270759,-1.2710676330505295
8,2025_may_01_07,13.25,45.6875,-1.1986193981081692,-1.2018032306744162
8,2025_may_01_07,13.291666984558105,45.6875,-1.6405955754622925,-1.6441661352814307
8,2025_may_01_07,13.458333015441895,45.6875,-2.1910427374494037,-2.196801086690123
8,2025_may_01_07,13.5,45.6875,-1.7880703444992994,-1.7935233603832055
8,2025_may_01_07,13.541666984558105,45.6875,-0.5518529348187674,-0.5523935690567775
8,2025_may_01_07,13.583333015441895,45.6875,-0.10551590243785307,-0.1032078035990263
8,2025_may_01_07,13.625,45.6875,-0.20566784543829314,-0.20543451082315778
8,2025_may_01_07,13.666666984558105,45.6875,-1.2886206505107067,-1.2896038296348127
8,2025_may_01_07,13.708333015441895,45.6875,-1.8080308418022597,-1.8096762450035933
8,2025_may_01_07,13.541666984558105,45.72916793823242,-2.0000016300909165,-2.0064186758760845
8,2025_may_01_07,13.583333015441895,45.72916793823242,-1.5710134294422184,-1.575492136465269
8,2025_may_01_07,13.625,45.72916793823242,-1.780219386425082,-1.7853567385875657
8,2025_may_01_07,13.666666984558105,45.72916793823242,-2.0716616773311816,-2.077157281881001
8,2025_may_08_14,13.166666984558105,45.47916793823242,-2.0714133422805014,-2.0776638061940917
8,2025_may_08_14,13.208333015441895,45.47916793823242,-2.1211346363180827,-2.1275040388619497
8,2025_may_08_14,13.166666984558105,45.52083206176758,-1.9432393638928438,-1.9497803963954417
8,2025_may_08_14,13.208333015441895,45.52083206176758,-2.1194195034165944,-2.1261470125140787
8,2025_may_08_14,13.25,45.52083206176758,-1.8958289840189448,-1.902517515831129
8,2025_may_08_14,13.166666984558105,45.5625,-1.4704941871899169,-1.4739148187061544
8,2025_may_08_14,13.208333015441895,45.5625,-2.0244454564485856,-2.029953006622366
8,2025_may_08_14,13.25,45.5625,-2.1303564352612265,-2.1362918240437545
8,2025_may_08_14,13.291666984558105,45.5625,-2.2165761534467565,-2.2237123841194815
8,2025_may_08_14,13.333333015441895,45.5625,-2.1148358934702465,-2.1214133116714367
8,2025_may_08_14,13.166666984558105,45.60416793823242,0.2356960638544116,0.23703292107558696
8,2025_may_08_14,13.208333015441895,45.60416793823242,0.06727839187364988,0.06968510868441355
8,2025_may_08_14,13.25,45.60416793823242,-0.9641145264350973,-0.9655620699796527
8,2025_may_08_14,13.291666984558105,45.60416793823242,-1.7164347226190226,-1.7219456041130965
8,2025_may_08_14,13.333333015441895,45.60416793823242,-1.0982323161770875,-1.1015201059095923
8,2025_may_08_14,13.375,45.60416793823242,0.29141083612097846,0.2933518956438821
8,2025_may_08_14,13.416666984558105,45.60416793823242,0.46908493420685815,0.4717513319117616
8,2025_may_08_14,13.458333015441895,45.60416793823242,0.46152079088185693,0.46449348664118556
8,2025_may_08_14,13.5,45.60416793823242,0.8922434717723777,0.8957202196231204
8,2025_may_08_14,13.708333015441895,45.60416793823242,-1.9773343426366172,-1.983673083259993
8,2025_may_08_14,13.166666984558105,45.64583206176758,0.4845205175059472,0.4861963207489976
8,2025_may_08_14,13.208333015441895,45.64583206176758,1.039285727352267,1.0426551264311334
8,2025_may_08_14,13.25,45.64583206176758,0.9585184069766016,0.9617911248150135
8,2025_may_08_14,13.291666984558105,45.64583206176758,0.7151455318723545,0.7181652010338669
8,2025_may_08_14,13.333333015441895,45.64583206176758,0.5050392293957691,0.5080487315617058
8,2025_may_08_14,13.375,45.64583206176758,-0.9205333425984592,-0.9226822649240292
8,2025_may_08_14,13.416666984558105,45.64583206176758,-1.4860394931861407,-1.4909266553739022
8,2025_may_08_14,13.458333015441895,45.64583206176758,-0.3863451396119891,-0.38646570090410254
8,2025_may_08_14,13.5,45.64583206176758,0.6192275636736537,0.6223519586214056
8,2025_may_08_14,13.541666984558105,45.64583206176758,0.7926943488360679,0.7960626375888605
8,2025_may_08_14,13.583333015441895,45.64583206176758,0.9780948239208378,0.9818502555007296
8,2025_may_08_14,13.625,45.64583206176758,0.5377951540343463,0.5392442136604936
8,2025_may_08_14,13.666666984558105,45.64583206176758,-0.6320720439135405,-0.6344829497672237
8,2025_may_08_14,13.708333015441895,45.64583206176758,-0.8351033213355071,-0.8375658158306286
8,2025_may_08_14,13.166666984558105,45.6875,-0.7272989991270747,-0.7299460721456922
8,2025_may_08_14,13.208333015441895,45.6875,-1.3057606805373196,-1.3089811141954963
8,2025_may_08_14,13.25,45.6875,-1.3177261040257817,-1.3209095811682205
8,2025_may_08_14,13.291666984558105,45.6875,-1.7908507029592518,-1.7963691002706705
8,2025_may_08_14,13.458333015441895,45.6875,-2.1688999451048008,-2.175962475230154
8,2025_may_08_14,13.5,45.6875,-1.92207507806512,-1.9287474058980247
8,2025_may_08_14,13.541666984558105,45.6875,-0.579064863820676,-0.5798735377991746
8,2025_may_08_14,13.583333015441895,45.6875,-0.08028167159643651,-0.08014961392584234
8,2025_may_08_14,13.625,45.6875,-0.2661877541821252,-0.2664620736544746
8,2025_may_08_14,13.666666984558105,45.6875,-1.232562013590146,-1.2359036161341102
8,2025_may_08_14,13.708333015441895,45.6875,-1.7764744260606389,-1.7828598248079395
8,2025_may_08_14,13.541666984558105,45.72916793823242,-1.8343819836832143,-1.8404682889153212
8,2025_may_08_14,13.583333015441895,45.72916793823242,-1.53199611378963,-1.5370600798425083
8,2025_may_08_14,13.625,45.72916793823242,-1.7437495964003087,-1.7471604666732983
8,2025_may_08_14,13.666666984558105,45.72916793823242,-2.008821083676092,-2.014412800398943
8,2025_may_15_21,13.166666984558105,45.47916793823242,-1.9929073644552877,-1.9986184724332279
8,2025_may_15_21,13.208333015441895,45.47916793823242,-2.075455238480019,-2.081745276652411
8,2025_may_15_21,13.166666984558105,45.52083206176758,-1.8677383501497724,-1.8747541255861777
8,2025_may_15_21,13.208333015441895,45.52083206176758,-1.9605147168101993,-1.9696953141712126
8,2025_may_15_21,13.25,45.52083206176758,-1.8833110545305116,-1.892763509998726
8,2025_may_15_21,13.166666984558105,45.5625,-1.6256863411574867,-1.6297404575128844
8,2025_may_15_21,13.208333015441895,45.5625,-1.8951027207868132,-1.9001347171146972
8,2025_may_15_21,13.25,45.5625,-2.059900009520271,-2.065037721459564
8,2025_may_15_21,13.291666984558105,45.5625,-2.190778790389607,-2.197761337127204
8,2025_may_15_21,13.333333015441895,45.5625,-2.0490430271008355,-2.0550441165270286
8,2025_may_15_21,13.166666984558105,45.60416793823242,0.33629272040074637,0.33577189309624544
8,2025_may_15_21,13.208333015441895,45.60416793823242,0.08322990633877603,0.08229167796546236
8,2025_may_15_21,13.25,45.60416793823242,-0.888857101831432,-0.8913781180921257
8,2025_may_15_21,13.291666984558105,45.60416793823242,-1.533347595238417,-1.53738314889699
8,2025_may_15_21,13.333333015441895,45.60416793823242,-1.0244073001226024,-1.027095966421329
8,2025_may_15_21,13.375,45.60416793823242,0.159062594776199,0.1599820972509404
8,2025_may_15_21,13.416666984558105,45.60416793823242,0.4774636022313298,0.47996131589618585
8,2025_may_15_21,13.458333015441895,45.60416793823242,0.36202599285128184,0.36329458801892417
8,2025_may_15_21,13.5,45.60416793823242,0.6697502827109864,0.6738869368220942
8,2025_may_15_21,13.708333015441895,45.60416793823242,-1.94426372926365,-1.9506953423597564
8,2025_may_15_21,13.166666984558105,45.64583206176758,0.5541143583924616,0.5569315613693817
8,2025_may_15_21,13.208333015441895,45.64583206176758,1.0810114519330856,1.0862479626098112
8,2025_may_15_21,13.25,45.64583206176758,0.9940781438894403,0.9983446333575378
8,2025_may_15_21,13.291666984558105,45.64583206176758,0.6767238490461639,0.6808315383578911
8,2025_may_15_21,13.333333015441895,45.64583206176758,0.5171628553269036,0.5223602806029689
8,2025_may_15_21,13.375,45.64583206176758,-0.6864846488023308,-0.6859476588079676
8,2025_may_15_21,13.416666984558105,45.64583206176758,-1.5181829008672376,-1.52143316911565
8,2025_may_15_21,13.458333015441895,45.64583206176758,-0.6093796655147753,-0.6097681119006801
8,2025_may_15_21,13.5,45.64583206176758,0.40160324460082186,0.40310132369978363
8,2025_may_15_21,13.541666984558105,45.64583206176758,0.6773514248623466,0.6783075556548238
8,2025_may_15_21,13.583333015441895,45.64583206176758,0.9807829072345241,0.9820592748012762
8,2025_may_15_21,13.625,45.64583206176758,0.5239870620626518,0.5227947086700403
8,2025_may_15_21,13.666666984558105,45.64583206176758,-0.7094838377421079,-0.7120841860881693
8,2025_may_15_21,13.708333015441895,45.64583206176758,-0.8627557899984487,-0.8640536207271435
8,2025_may_15_21,13.166666984558105,45.6875,-0.7399759411887257,-0.7404320877034537
8,2025_may_15_21,13.208333015441895,45.6875,-1.2705391226069624,-1.2741624426493208
8,2025_may_15_21,13.25,45.6875,-1.2245316012420884,-1.2285547884189016
8,2025_may_15_21,13.291666984558105,45.6875,-1.7178200645024486,-1.7215599144824965
8,2025_may_15_21,13.458333015441895,45.6875,-2.002602120994762,-2.008867704758337
8,2025_may_15_21,13.5,45.6875,-1.7575011883227678,-1.763030618887201
8,2025_may_15_21,13.541666984558105,45.6875,-0.4179681151918154,-0.4215451552541201
8,2025_may_15_21,13.583333015441895,45.6875,-0.23010018749239522,-0.22982462515580404
8,2025_may_15_21,13.625,45.6875,-0.42367754039651295,-0.4248535507451917
8,2025_may_15_21,13.666666984558105,45.6875,-1.4647650805748766,-1.4687404266946873
8,2025_may_15_21,13.708333015441895,45.6875,-1.7838316760793838,-1.7864782256396974
8,2025_may_15_21,13.541666984558105,45.72916793823242,-1.7831060472426221,-1.7864194416791552
8,2025_may_15_21,13.583333015441895,45.72916793823242,-1.4937963112333523,-1.4959223466595473
8,2025_may_15_21,13.625,45.72916793823242,-1.7714609152493936,-1.7769593823225363
8,2025_may_15_21,13.666666984558105,45.72916793823242,-2.133076834938545,-2.139168789394354
8,2025_may_22_28,13.166666984558105,45.47916793823242,-2.019405567855002,-2.0239363289248486
8,2025_may_22_28,13.208333015441895,45.47916793823242,-2.015727140221863,-2.0201321474067777
8,2025_may_22_28,13.166666984558105,45.52083206176758,-1.9818556080548457,-1.9871261626867789
8,2025_may_22_28,13.208333015441895,45.52083206176758,-2.1736427238948814,-2.1796251933502053
8,2025_may_22_28,13.25,45.52083206176758,-2.0000452080053472,-2.0049224128917498
8,2025_may_22_28,13.166666984558105,45.5625,-1.5672202814933807,-1.5702476664417941
8,2025_may_22_28,13.208333015441895,45.5625,-1.8983453641715828,-1.902552777949438
8,2025_may_22_28,13.25,45.5625,-2.0699419879674537,-2.074140493975822
8,2025_may_22_28,13.291666984558105,45.5625,-2.2338565750658894,-2.238578038090324
8,2025_may_22_28,13.333333015441895,45.5625,-2.1331522010230595,-2.138097354053553
8,2025_may_22_28,13.166666984558105,45.60416793823242,0.40774421868052524,0.40975808945684267
8,2025_may_22_28,13.208333015441895,45.60416793823242,0.14850720026775918,0.14981937948584495
8,2025_may_22_28,13.25,45.60416793823242,-0.7480995218620735,-0.7500065011746869
8,2025_may_22_28,13.291666984558105,45.60416793823242,-1.622904636558785,-1.6274322035881685
8,2025_may_22_28,13.333333015441895,45.60416793823242,-1.1774364330476565,-1.1798500747660898
8,2025_may_22_28,13.375,45.60416793823242,0.27108887102815904,0.2728277872906491
8,2025_may_22_28,13.416666984558105,45.60416793823242,0.5429231021914279,0.5452168495943913
8,2025_may_22_28,13.458333015441895,45.60416793823242,0.42757010574881144,0.42993126727475456
8,2025_may_22_28,13.5,45.60416793823242,0.776757135354829,0.7795202952081475
8,2025_may_22_28,13.708333015441895,45.60416793823242,-1.8535296670172121,-1.8569838083922374
8,2025_may_22_28,13.166666984558105,45.64583206176758,0.6346401024882536,0.6366984006458147
8,2025_may_22_28,13.208333015441895,45.64583206176758,1.1578822537236915,1.1607163179643398
8,2025_may_22_28,13.25,45.64583206176758,0.9981189561337268,1.0001691722586306
8,2025_may_22_28,13.291666984558105,45.64583206176758,0.6736063973897567,0.6753407110038505
8,2025_may_22_28,13.333333015441895,45.64583206176758,0.3555356542569933,0.3576232673534059
8,2025_may_22_28,13.375,45.64583206176758,-0.7691469390820557,-0.7703591658257337
8,2025_may_22_28,13.416666984558105,45.64583206176758,-1.5739852094918023,-1.5780037105060354
8,2025_may_22_28,13.458333015441895,45.64583206176758,-0.5152017743827413,-0.516139688040428
8,2025_may_22_28,13.5,45.64583206176758,0.6413806994386752,0.643478760631715
8,2025_may_22_28,13.541666984558105,45.64583206176758,0.8068283715104321,0.808791834843011
8,2025_may_22_28,13.583333015441895,45.64583206176758,0.9481958029443748,0.9501222378109113
8,2025_may_22_28,13.625,45.64583206176758,0.4405828353515364,0.44051850765103756
8,2025_may_22_28,13.666666984558105,45.64583206176758,-0.5331319599115484,-0.5354640851730327
8,2025_may_22_28,13.708333015441895,45.64583206176758,-0.8834497140473488,-0.885961529921122
8,2025_may_22_28,13.166666984558105,45.6875,-0.7466335911511301,-0.7482899153574396
8,2025_may_22_28,13.208333015441895,45.6875,-1.3069807838363405,-1.3095961500806963
8,2025_may_22_28,13.25,45.6875,-1.2448749114438284,-1.2477243109136
8,2025_may_22_28,13.291666984558105,45.6875,-1.6259202794245236,-1.6304729185215436
8,2025_may_22_28,13.458333015441895,45.6875,-2.1004959098063907,-2.105530877457463
8,2025_may_22_28,13.5,45.6875,-1.8881362763063232,-1.8927863261446993
8,2025_may_22_28,13.541666984558105,45.6875,-0.5773813097002113,-0.5778741930212123
8,2025_may_22_28,13.583333015441895,45.6875,-0.07651579196876689,-0.07609492752659447
8,2025_may_22_28,13.625,45.6875,-0.14704231981385946,-0.1465080372558911
8,2025_may_22_28,13.666666984558105,45.6875,-1.2690476389862708,-1.272237544374633
8,2025_may_22_28,13.708333015441895,45.6875,-1.8035600751825112,-1.808152154366533
8,2025_may_22_28,13.541666984558105,45.72916793823242,-1.7450690247717118,-1.7505002575685524
8,2025_may_22_28,13.583333015441895,45.72916793823242,-1.468557380818941,-1.473439813726159
8,2025_may_22_28,13.625,45.72916793823242,-1.6670743927672866,-1.670523481617036
8,2025_may_22_28,13.666666984558105,45.72916793823242,-2.0559248256663127,-2.0603165831917534
8,2025_november_01_07,13.166666984558105,45.47916793823242,-2.0751962080251367,-2.080075860693499
8,2025_november_01_07,13.208333015441895,45.47916793823242,-2.1231583895203463,-2.1279196934776468
8,2025_november_01_07,13.166666984558105,45.52083206176758,-1.8897664596801151,-1.893754165700504
8,2025_november_01_07,13.208333015441895,45.52083206176758,-2.0573618160421603,-2.0613900592733367
8,2025_november_01_07,13.25,45.52083206176758,-1.962813039963088,-1.9667665904469211
8,2025_november_01_07,13.166666984558105,45.5625,-1.7710205605225515,-1.774427794392658
8,2025_november_01_07,13.208333015441895,45.5625,-2.2632359437144687,-2.2677652101918846
8,2025_november_01_07,13.25,45.5625,-2.3012471604289004,-2.3063234539591693
8,2025_november_01_07,13.291666984558105,45.5625,-2.2408527475332742,-2.246119572398227
8,2025_november_01_07,13.333333015441895,45.5625,-2.000773646181194,-2.0051884680125176
8,2025_november_01_07,13.166666984558105,45.60416793823242,0.529113384097704,0.5304514564278149
8,2025_november_01_07,13.208333015441895,45.60416793823242,0.42518897739877193,0.4265887916230707
8,2025_november_01_07,13.25,45.60416793823242,-0.45890846425624215,-0.45928170714629746
8,2025_november_01_07,13.291666984558105,45.60416793823242,-1.1598934246012003,-1.1615034612931276
8,2025_november_01_07,13.333333015441895,45.60416793823242,-0.6217033248812236,-0.6228444129936499
8,2025_november_01_07,13.375,45.60416793823242,0.26306384700346724,0.26377039665904073
8,2025_november_01_07,13.416666984558105,45.60416793823242,0.4177560454849313,0.4192158339103023
8,2025_november_01_07,13.458333015441895,45.60416793823242,0.4817322840386832,0.4834977745837905
8,2025_november_01_07,13.5,45.60416793823242,0.8879245713560461,0.8901203837501254
8,2025_november_01_07,13.708333015441895,45.60416793823242,-1.805038916212597,-1.8102295135959248
8,2025_november_01_07,13.166666984558105,45.64583206176758,0.5736590892503719,0.574636313806876
8,2025_november_01_07,13.208333015441895,45.64583206176758,1.0157939562932372,1.0176978081654502
8,2025_november_01_07,13.25,45.64583206176758,1.0037323094695374,1.0056721152689418
8,2025_november_01_07,13.291666984558105,45.64583206176758,0.9162006513759275,0.9183550225965973
8,2025_november_01_07,13.333333015441895,45.64583206176758,0.6702631044706195,0.671863802241212
8,2025_november_01_07,13.375,45.64583206176758,-0.9399898803437824,-0.9426334403208005
8,2025_november_01_07,13.416666984558105,45.64583206176758,-1.6645091740839295,-1.6686761802281376
8,2025_november_01_07,13.458333015441895,45.64583206176758,-0.41695270725194417,-0.41786249589069496
8,2025_november_01_07,13.5,45.64583206176758,0.6321000343378029,0.6339779891094889
8,2025_november_01_07,13.541666984558105,45.64583206176758,0.8343822630952002,0.8357170638141513
8,2025_november_01_07,13.583333015441895,45.64583206176758,0.9571590263032952,0.9583072045051898
8,2025_november_01_07,13.625,45.64583206176758,0.4236633977510695,0.42349301795308886
8,2025_november_01_07,13.666666984558105,45.64583206176758,-0.5854674467604255,-0.5874569830915848
8,2025_november_01_07,13.708333015441895,45.64583206176758,-1.0170949917243328,-1.0196806143967212
8,2025_november_01_07,13.166666984558105,45.6875,-0.24133595700156846,-0.24140310825687206
8,2025_november_01_07,13.208333015441895,45.6875,-1.171819389307695,-1.1741282140598925
8,2025_november_01_07,13.25,45.6875,-1.3962963169843101,-1.3995048052957026
8,2025_november_01_07,13.291666984558105,45.6875,-1.7832841127331625,-1.7874504473880966
8,2025_november_01_07,13.458333015441895,45.6875,-2.1819230547240194,-2.1862363754504868
8,2025_november_01_07,13.5,45.6875,-1.9513376659177966,-1.9554517890748366
8,2025_november_01_07,13.541666984558105,45.6875,-0.5662354323559686,-0.5678609529219089
8,2025_november_01_07,13.583333015441895,45.6875,-0.1371806378606344,-0.1375886002891701
8,2025_november_01_07,13.625,45.6875,-0.3813620863020695,-0.3823564319912038
8,2025_november_01_07,13.666666984558105,45.6875,-1.1037749499025897,-1.1071365672966367
8,2025_november_01_07,13.708333015441895,45.6875,-1.4140953961492302,-1.4188412108820054
8,2025_november_01_07,13.541666984558105,45.72916793823242,-1.8880075680255326,-1.8928321571508637
8,2025_november_01_07,13.583333015441895,45.72916793823242,-1.568076323610576,-1.5718067679076828
8,2025_november_01_07,13.625,45.72916793823242,-1.7538552725666174,-1.757836601681672
8,2025_november_01_07,13.666666984558105,45.72916793823242,-1.9502657031730715,-1.9545071497698157
8,2025_november_08_14,13.166666984558105,45.47916793823242,-2.1838177906596967,-2.1881933796201296
8,2025_november_08_14,13.208333015441895,45.47916793823242,-2.2765739993620326,-2.2812626037864123
8,2025_november_08_14,13.166666984558105,45.52083206176758,-1.5252550430530933,-1.5257421682432004
8,2025_november_08_14,13.208333015441895,45.52083206176758,-1.8533529224837308,-1.8550577536569348
8,2025_november_08_14,13.25,45.52083206176758,-1.9870266597977233,-1.9909713588389717
8,2025_november_08_14,13.166666984558105,45.5625,-1.67282172668807,-1.6762239978685967
8,2025_november_08_14,13.208333015441895,45.5625,-2.0840227204477757,-2.0881984399806415
8,2025_november_08_14,13.25,45.5625,-2.267286432950464,-2.2711375127615745
8,2025_november_08_14,13.291666984558105,45.5625,-2.302425548939557,-2.3065453481946183
8,2025_november_08_14,13.333333015441895,45.5625,-2.0330978450967194,-2.036528942087721
8,2025_november_08_14,13.166666984558105,45.60416793823242,0.589267588411179,0.5898307661343446
8,2025_november_08_14,13.208333015441895,45.60416793823242,0.4536641600539396,0.4542953708053285
8,2025_november_08_14,13.25,45.60416793823242,-0.5832786545204405,-0.5849585779092751
8,2025_november_08_14,13.291666984558105,45.60416793823242,-1.4906976010465964,-1.4943221503197646
8,2025_november_08_14,13.333333015441895,45.60416793823242,-0.7514201009857989,-0.7542273005130722
8,2025_november_08_14,13.375,45.60416793823242,0.39949010290531695,0.3997036904724003
8,2025_november_08_14,13.416666984558105,45.60416793823242,0.6215772380588936,0.6229595778373022
8,2025_november_08_14,13.458333015441895,45.60416793823242,0.6197000186042595,0.6208751650194315
8,2025_november_08_14,13.5,45.60416793823242,0.9006939268017639,0.9022438395594774
8,2025_november_08_14,13.708333015441895,45.60416793823242,-1.9498619331152656,-1.9535732219394368
8,2025_november_08_14,13.166666984558105,45.64583206176758,0.5622835304788856,0.5635513472097023
8,2025_november_08_14,13.208333015441895,45.64583206176758,1.009130820031521,1.0116740434908214
8,2025_november_08_14,13.25,45.64583206176758,0.9725252852417665,0.974827242468494
8,2025_november_08_14,13.291666984558105,45.64583206176758,0.8579091232170731,0.8595361632573654
8,2025_november_08_14,13.333333015441895,45.64583206176758,0.6541774507977525,0.6547016137175955
8,2025_november_08_14,13.375,45.64583206176758,-0.8308546114280121,-0.8334402827149814
8,2025_november_08_14,13.416666984558105,45.64583206176758,-1.7260076689604296,-1.7287085968572302
8,2025_november_08_14,13.458333015441895,45.64583206176758,-0.36600668270161446,-0.3660178704296509
8,2025_november_08_14,13.5,45.64583206176758,0.6839531215265088,0.6852941556801361
8,2025_november_08_14,13.541666984558105,45.64583206176758,0.9345701341963634,0.9364761130422851
8,2025_november_08_14,13.583333015441895,45.64583206176758,0.9774567247590177,0.9793069656936557
8,2025_november_08_14,13.625,45.64583206176758,0.42150852560249313,0.42265548235216277
8,2025_november_08_14,13.666666984558105,45.64583206176758,-0.5617997509213695,-0.5621168040292316
8,2025_november_08_14,13.708333015441895,45.64583206176758,-1.1488622541714213,-1.1511079277567478
8,2025_november_08_14,13.166666984558105,45.6875,-0.3380449672411756,-0.33915245860835436
8,2025_november_08_14,13.208333015441895,45.6875,-1.1333462976706794,-1.1367860252401458
8,2025_november_08_14,13.25,45.6875,-1.5198334791935726,-1.5235939237901581
8,2025_november_08_14,13.291666984558105,45.6875,-1.9038888197786448,-1.9065874631104023
8,2025_november_08_14,13.458333015441895,45.6875,-2.2065024378880658,-2.210665656247958
8,2025_november_08_14,13.5,45.6875,-2.115705140427504,-2.1199918904571082
8,2025_november_08_14,13.541666984558105,45.6875,-0.4934434146829921,-0.49446875865981954
8,2025_november_08_14,13.583333015441895,45.6875,-0.024199040397397117,-0.02351777343251807
8,2025_november_08_14,13.625,45.6875,-0.42796369418981534,-0.42880306802291995
8,2025_november_08_14,13.666666984558105,45.6875,-1.116204639517733,-1.1190640411249664
8,2025_november_08_14,13.708333015441895,45.6875,-1.3835967003219503,-1.3876606431699527
8,2025_november_08_14,13.541666984558105,45.72916793823242,-1.9489610611482617,-1.9526766181724406
8,2025_november_08_14,13.583333015441895,45.72916793823242,-1.5939333815306949,-1.5979158062446233
8,2025_november_08_14,13.625,45.72916793823242,-1.7507580580623838,-1.7548666306023744
8,2025_november_08_14,13.666666984558105,45.72916793823242,-2.073711519949281,-2.078073293685821
8,2025_november_15_21,13.166666984558105,45.47916793823242,-2.100840536983569,-2.1053932708110272
8,2025_november_15_21,13.208333015441895,45.47916793823242,-2.0970682316970266,-2.1021057602305415
8,2025_november_15_21,13.166666984558105,45.52083206176758,-1.6163053311988165,-1.6208522816623725
8,2025_november_15_21,13.208333015441895,45.52083206176758,-1.874486803916627,-1.878297956884436
8,2025_november_15_21,13.25,45.52083206176758,-1.8667543903615873,-1.871517365419752
8,2025_november_15_21,13.166666984558105,45.5625,-1.6410380378972278,-1.6453717063822377
8,2025_november_15_21,13.208333015441895,45.5625,-1.9906377729615046,-1.9947705406894862
8,2025_november_15_21,13.25,45.5625,-2.0717441123801827,-2.0762941918106104
8,2025_november_15_21,13.291666984558105,45.5625,-2.1453160315291844,-2.1502166001446215
8,2025_november_15_21,13.333333015441895,45.5625,-1.852107239271904,-1.8556814176720622
8,2025_november_15_21,13.166666984558105,45.60416793823242,0.6352679471049544,0.636683530416185
8,2025_november_15_21,13.208333015441895,45.60416793823242,0.48465497757706727,0.4861173701003041
8,2025_november_15_21,13.25,45.60416793823242,-0.5535044872094428,-0.5550314554028596
8,2025_november_15_21,13.291666984558105,45.60416793823242,-1.380551738090787,-1.3834630381615454
8,2025_november_15_21,13.333333015441895,45.60416793823242,-0.7557361660937633,-0.7577754793523375
8,2025_november_15_21,13.375,45.60416793823242,0.29150116556165473,0.2925185318537328
8,2025_november_15_21,13.416666984558105,45.60416793823242,0.4538044361505434,0.4559948931180636
8,2025_november_15_21,13.458333015441895,45.60416793823242,0.5534730937917967,0.555594685027712
8,2025_november_15_21,13.5,45.60416793823242,0.7831413815474912,0.7862447815476836
8,2025_november_15_21,13.708333015441895,45.60416793823242,-1.7854010247119705,-1.7921891333615194
8,2025_november_15_21,13.166666984558105,45.64583206176758,0.5993578697815118,0.600176757224011
8,2025_november_15_21,13.208333015441895,45.64583206176758,1.0205117298254227,1.022305137295054
8,2025_november_15_21,13.25,45.64583206176758,1.0393372262667762,1.041661094503013
8,2025_november_15_21,13.291666984558105,45.64583206176758,0.8614708031878037,0.863839516633272
8,2025_november_15_21,13.333333015441895,45.64583206176758,0.5900514172202698,0.5920811490415525
8,2025_november_15_21,13.375,45.64583206176758,-0.9020154376212087,-0.9037494197238534
8,2025_november_15_21,13.416666984558105,45.64583206176758,-1.6756131551159341,-1.6793200549303433
8,2025_november_15_21,13.458333015441895,45.64583206176758,-0.5486319792865177,-0.5491989092125628
8,2025_november_15_21,13.5,45.64583206176758,0.6497205693491274,0.6520857200576341
8,2025_november_15_21,13.541666984558105,45.64583206176758,0.964876847928896,0.966686712643552
8,2025_november_15_21,13.583333015441895,45.64583206176758,0.9628111430956687,0.9647914661647877
8,2025_november_15_21,13.625,45.64583206176758,0.43214520109647936,0.4322769081580923
8,2025_november_15_21,13.666666984558105,45.64583206176758,-0.5488002694996262,-0.5516125865523651
8,2025_november_15_21,13.708333015441895,45.64583206176758,-1.0071714516476362,-1.0113038282612865
8,2025_november_15_21,13.166666984558105,45.6875,-0.2825655639633991,-0.28274514152226604
8,2025_november_15_21,13.208333015441895,45.6875,-1.1673538430571064,-1.1694432628142302
8,2025_november_15_21,13.25,45.6875,-1.3982829345576888,-1.401401201623815
8,2025_november_15_21,13.291666984558105,45.6875,-1.7136785003242034,-1.7170082336377088
8,2025_november_15_21,13.458333015441895,45.6875,-2.2208290279832363,-2.225083323483853
8,2025_november_15_21,13.5,45.6875,-1.8770658526182376,-1.8813859640795842
8,2025_november_15_21,13.541666984558105,45.6875,-0.6290048076035822,-0.6310616240511654
8,2025_november_15_21,13.583333015441895,45.6875,-0.1937145322114335,-0.1942709675816348
8,2025_november_15_21,13.625,45.6875,-0.36717035037292023,-0.3682651721718564
8,2025_november_15_21,13.666666984558105,45.6875,-1.1360210770152028,-1.1398497186289425
8,2025_november_15_21,13.708333015441895,45.6875,-1.306469976015848,-1.3110304937290687
8,2025_november_15_21,13.541666984558105,45.72916793823242,-1.7028439748667907,-1.7085226222737413
8,2025_november_15_21,13.583333015441895,45.72916793823242,-1.3630661041438683,-1.366999605287765
8,2025_november_15_21,13.625,45.72916793823242,-1.8485896776531379,-1.8537814130394787
8,2025_november_15_21,13.666666984558105,45.72916793823242,-2.111545654201826,-2.1167439256690317
8,2025_november_22_28,13.166666984558105,45.47916793823242,-2.053496564536349,-2.0587833910821685
8,2025_november_22_28,13.208333015441895,45.47916793823242,-2.0725071347705666,-2.0778363892578167
8,2025_november_22_28,13.166666984558105,45.52083206176758,-1.5077015074448532,-1.512858145579714
8,2025_november_22_28,13.208333015441895,45.52083206176758,-1.8357852143510403,-1.8410931484146011
8,2025_november_22_28,13.25,45.52083206176758,-1.7951405390059034,-1.8008944415837749
8,2025_november_22_28,13.166666984558105,45.5625,-1.6540055192719973,-1.6582787618976849
8,2025_november_22_28,13.208333015441895,45.5625,-2.0111863105494407,-2.016531311578597
8,2025_november_22_28,13.25,45.5625,-2.1409204966848274,-2.145668281304841
8,2025_november_22_28,13.291666984558105,45.5625,-2.310427012398311,-2.316064398299102
8,2025_november_22_28,13.333333015441895,45.5625,-1.9228116141362224,-1.9267059307214243
8,2025_november_22_28,13.166666984558105,45.60416793823242,0.5891116412517586,0.5897388587436388
8,2025_november_22_28,13.208333015441895,45.60416793823242,0.5849198264918779,0.585669344853538
8,2025_november_22_28,13.25,45.60416793823242,-0.3659296587066258,-0.36872086842047086
8,2025_november_22_28,13.291666984558105,45.60416793823242,-1.3969230063089169,-1.4017170923817377
8,2025_november_22_28,13.333333015441895,45.60416793823242,-0.7599735141767011,-0.761374931079723
8,2025_november_22_28,13.375,45.60416793823242,0.28341825886032695,0.2854449392378424
8,2025_november_22_28,13.416666984558105,45.60416793823242,0.4592552709601857,0.4619342064475195
8,2025_november_22_28,13.458333015441895,45.60416793823242,0.49087191231398813,0.49320254847228207
8,2025_november_22_28,13.5,45.60416793823242,0.7595660144233305,0.7624310825998696
8,2025_november_22_28,13.708333015441895,45.60416793823242,-1.7381580709012179,-1.7426590209147583
8,2025_november_22_28,13.166666984558105,45.64583206176758,0.6120837046122306,0.6140305496736972
8,2025_november_22_28,13.208333015441895,45.64583206176758,1.0569944032597438,1.0602614392908907
8,2025_november_22_28,13.25,45.64583206176758,1.035355316146694,1.0382797939358048
8,2025_november_22_28,13.291666984558105,45.64583206176758,0.8563425844392978,0.8586273336715705
8,2025_november_22_28,13.333333015441895,45.64583206176758,0.6172486236056123,0.6188257731805834
8,2025_november_22_28,13.375,45.64583206176758,-0.811135718213966,-0.8130202784111955
8,2025_november_22_28,13.416666984558105,45.64583206176758,-1.6052541383652412,-1.6092371118724274
8,2025_november_22_28,13.458333015441895,45.64583206176758,-0.38996722078697577,-0.38985225532139217
8,2025_november_22_28,13.5,45.64583206176758,0.5733275655721602,0.5756805715204508
8,2025_november_22_28,13.541666984558105,45.64583206176758,0.7790533038370953,0.7817487004176027
8,2025_november_22_28,13.583333015441895,45.64583206176758,0.9537955972966637,0.9568667963582881
8,2025_november_22_28,13.625,45.64583206176758,0.33507251686164924,0.3355362070867238
8,2025_november_22_28,13.666666984558105,45.64583206176758,-0.7498774809228299,-0.7527850779369776
8,2025_november_22_28,13.708333015441895,45.64583206176758,-1.1959058117211385,-1.1993538292670394
8,2025_november_22_28,13.166666984558105,45.6875,-0.23640979567567863,-0.23672301301251675
8,2025_november_22_28,13.208333015441895,45.6875,-1.097597574788129,-1.0980823067948686
8,2025_november_22_28,13.25,45.6875,-1.3460128523579733,-1.3483843698055828
8,2025_november_22_28,13.291666984558105,45.6875,-1.7213124770298882,-1.7264709594103822
8,2025_november_22_28,13.458333015441895,45.6875,-2.175132428098131,-2.1805723673763104
8,2025_november_22_28,13.5,45.6875,-2.0050306637945705,-2.0103124914691333
8,2025_november_22_28,13.541666984558105,45.6875,-0.7541647791810009,-0.7543350846585826
8,2025_november_22_28,13.583333015441895,45.6875,-0.29867987395141865,-0.2983310006762336
8,2025_november_22_28,13.625,45.6875,-0.4135264801720187,-0.41409632942692093
8,2025_november_22_28,13.666666984558105,45.6875,-1.0380648266447727,-1.0412771975415256
8,2025_november_22_28,13.708333015441895,45.6875,-1.2905148969879112,-1.294869100295286
8,2025_november_22_28,13.541666984558105,45.72916793823242,-1.8688240278916357,-1.8745015899650024
8,2025_november_22_28,13.583333015441895,45.72916793823242,-1.561762856920742,-1.5680255152233236
8,2025_november_22_28,13.625,45.72916793823242,-1.6167900277038414,-1.6227342292680893
8,2025_november_22_28,13.666666984558105,45.72916793823242,-1.922523511055236,-1.9277910706563977
9,2025_may_01_07,13.166666984558105,45.47916793823242,-2.0869218116814916,-2.0914406712578364
9,2025_may_01_07,13.208333015441895,45.47916793823242,-2.0845613306370008,-2.089015988974487
9,2025_may_01_07,13.166666984558105,45.52083206176758,-1.8931125463853005,-1.8995706758286521
9,2025_may_01_07,13.208333015441895,45.52083206176758,-2.3191840787631945,-2.3277617149739327
9,2025_may_01_07,13.25,45.52083206176758,-2.0868638545300646,-2.09338866505974
9,2025_may_01_07,13.166666984558105,45.5625,-1.589515294553067,-1.5933290618275673
9,2025_may_01_07,13.208333015441895,45.5625,-2.107564147923207,-2.111774215067711
9,2025_may_01_07,13.25,45.5625,-2.3513636394811646,-2.3571270095278907
9,2025_may_01_07,13.291666984558105,45.5625,-2.460786428059394,-2.466562299077979
9,2025_may_01_07,13.333333015441895,45.5625,-2.2139470463482134,-2.2185753350042363
9,2025_may_01_07,13.166666984558105,45.60416793823242,0.20441611152392059,0.20437115343923434
9,2025_may_01_07,13.208333015441895,45.60416793823242,0.025653685424693998,0.02559202291856261
9,2025_may_01_07,13.25,45.60416793823242,-0.8478936669228024,-0.8489057205762406
9,2025_may_01_07,13.291666984558105,45.60416793823242,-1.7848151987552425,-1.787705309494502
9,2025_may_01_07,13.333333015441895,45.60416793823242,-1.0897909601045657,-1.0900249494959398
9,2025_may_01_07,13.375,45.60416793823242,0.2171398349844097,0.21996933728520546
9,2025_may_01_07,13.416666984558105,45.60416793823242,0.4732035187004622,0.4761621120311101
9,2025_may_01_07,13.458333015441895,45.60416793823242,0.4670066782563238,0.4706034787686702
9,2025_may_01_07,13.5,45.60416793823242,0.7581747886106378,0.7625883411824014
9,2025_may_01_07,13.708333015441895,45.60416793823242,-1.9947013204257404,-2.00016812689987
9,2025_may_01_07,13.166666984558105,45.64583206176758,0.4397945748862589,0.44121436356370186
9,2025_may_01_07,13.208333015441895,45.64583206176758,0.9929861041384048,0.9962219245916237
9,2025_may_01_07,13.25,45.64583206176758,1.0046234813412283,1.0083181786940385
9,2025_may_01_07,13.291666984558105,45.64583206176758,0.7755348309151089,0.7787937966345231
9,2025_may_01_07,13.333333015441895,45.64583206176758,0.5524717512016473,0.5549077584572172
9,2025_may_01_07,13.375,45.64583206176758,-0.746273093453346,-0.7471664082601995
9,2025_may_01_07,13.416666984558105,45.64583206176758,-1.6041745283849271,-1.6085966985326061
9,2025_may_01_07,13.458333015441895,45.64583206176758,-0.3816467170315668,-0.3833177494156458
9,2025_may_01_07,13.5,45.64583206176758,0.5774750419705035,0.5791196713047329
9,2025_may_01_07,13.541666984558105,45.64583206176758,0.8427707866068269,0.8451306950738326
9,2025_may_01_07,13.583333015441895,45.64583206176758,0.9409617557307193,0.9421555417437193
9,2025_may_01_07,13.625,45.64583206176758,0.49699827086931775,0.49514098250850785
9,2025_may_01_07,13.666666984558105,45.64583206176758,-0.49679131453527064,-0.5000400407680611
9,2025_may_01_07,13.708333015441895,45.64583206176758,-0.8402320199675941,-0.8429035742372817
9,2025_may_01_07,13.166666984558105,45.6875,-0.8001046191542204,-0.8008440333953044
9,2025_may_01_07,13.208333015441895,45.6875,-1.2692218501042638,-1.2710063417295374
9,2025_may_01_07,13.25,45.6875,-1.1944338294394456,-1.198349655972641
9,2025_may_01_07,13.291666984558105,45.6875,-1.7467353379146588,-1.7509620813033435
9,2025_may_01_07,13.458333015441895,45.6875,-2.297671571834811,-2.303213714043566
9,2025_may_01_07,13.5,45.6875,-1.8460193203015616,-1.850284882953537
9,2025_may_01_07,13.541666984558105,45.6875,-0.3973662805506832,-0.39823333033106584
9,2025_may_01_07,13.583333015441895,45.6875,-0.09139693779268558,-0.09016931778292961
9,2025_may_01_07,13.625,45.6875,-0.20752913404351458,-0.20766524529792632
9,2025_may_01_07,13.666666984558105,45.6875,-1.15844162545983,-1.1594358229418746
9,2025_may_01_07,13.708333015441895,45.6875,-1.7303599472015598,-1.730985891370007
9,2025_may_01_07,13.541666984558105,45.72916793823242,-2.1307642554298307,-2.1357413976600736
9,2025_may_01_07,13.583333015441895,45.72916793823242,-1.6250983953216647,-1.627431952708408
9,2025_may_01_07,13.625,45.72916793823242,-1.894942288484045,-1.8999600910323138
9,2025_may_01_07,13.666666984558105,45.72916793823242,-2.125705001360957,-2.1310995320128807
9,2025_may_08_14,13.166666984558105,45.47916793823242,-2.0648041992105277,-2.069157762504561
9,2025_may_08_14,13.208333015441895,45.47916793823242,-2.1333166902140883,-2.1376737515436237
9,2025_may_08_14,13.166666984558105,45.52083206176758,-2.0140538719615075,-2.0186400686022856
9,2025_may_08_14,13.208333015441895,45.52083206176758,-2.238025331820801,-2.243641707204595
9,2025_may_08_14,13.25,45.52083206176758,-2.013332069589183,-2.0178793999391553
9,2025_may_08_14,13.166666984558105,45.5625,-1.5984797519333953,-1.6006956676258202
9,2025_may_08_14,13.208333015441895,45.5625,-2.216482448692577,-2.220410302449674
9,2025_may_08_14,13.25,45.5625,-2.434866177254804,-2.439679589788306
9,2025_may_08_14,13.291666984558105,45.5625,-2.4456594059425703,-2.451577286521824
9,2025_may_08_14,13.333333015441895,45.5625,-2.1759775486682504,-2.1814044251600193
9,2025_may_08_14,13.166666984558105,45.60416793823242,0.26682768685284186,0.26813934390568867
9,2025_may_08_14,13.208333015441895,45.60416793823242,0.08699436472814355,0.08807050690964961
9,2025_may_08_14,13.25,45.60416793823242,-0.9893196798935496,-0.9915840263932181
9,2025_may_08_14,13.291666984558105,45.60416793823242,-1.732091397838791,-1.7363124893735806
9,2025_may_08_14,13.333333015441895,45.60416793823242,-1.214779945581592,-1.2172786137443923
9,2025_may_08_14,13.375,45.60416793823242,0.2699593256034398,0.27271651973669586
9,2025_may_08_14,13.416666984558105,45.60416793823242,0.5917599143214634,0.5942441447321258
9,2025_may_08_14,13.458333015441895,45.60416793823242,0.5265785529647077,0.5292626342695237
9,2025_may_08_14,13.5,45.60416793823242,0.6619214752703787,0.664714926375315
9,2025_may_08_14,13.708333015441895,45.60416793823242,-2.025520868358085,-2.0304693223816996
9,2025_may_08_14,13.166666984558105,45.64583206176758,0.48110431365350365,0.48195983766615674
9,2025_may_08_14,13.208333015441895,45.64583206176758,1.012419585343214,1.0151744025651301
9,2025_may_08_14,13.25,45.64583206176758,1.0319274237705007,1.0348336385669556
9,2025_may_08_14,13.291666984558105,45.64583206176758,0.7888706259419375,0.7911172865112155
9,2025_may_08_14,13.333333015441895,45.64583206176758,0.4849485493467043,0.48755311659017686
9,2025_may_08_14,13.375,45.64583206176758,-0.922606910119241,-0.9228057622348481
9,2025_may_08_14,13.416666984558105,45.64583206176758,-1.5423088795781725,-1.5446402511695123
9,2025_may_08_14,13.458333015441895,45.64583206176758,-0.5726120158142727,-0.571979243837054
9,2025_may_08_14,13.5,45.64583206176758,0.6486079347887087,0.651661945233612
9,2025_may_08_14,13.541666984558105,45.64583206176758,0.8596167392907202,0.8624536271843436
9,2025_may_08_14,13.583333015441895,45.64583206176758,0.9712139072403564,0.9736512498876255
9,2025_may_08_14,13.625,45.64583206176758,0.41118214152264837,0.4107682068306411
9,2025_may_08_14,13.666666984558105,45.64583206176758,-0.6447248433348088,-0.6469503084562753
9,2025_may_08_14,13.708333015441895,45.64583206176758,-0.8278600904232823,-0.8296123073677952
9,2025_may_08_14,13.166666984558105,45.6875,-0.7197648721598392,-0.721709874919896
9,2025_may_08_14,13.208333015441895,45.6875,-1.3163371471151193,-1.3184466886833073
9,2025_may_08_14,13.25,45.6875,-1.2199605145775148,-1.222572636876645
9,2025_may_08_14,13.291666984558105,45.6875,-1.8849979912178003,-1.889545274792856
9,2025_may_08_14,13.458333015441895,45.6875,-2.213760092421868,-2.218625545319351
9,2025_may_08_14,13.5,45.6875,-1.9308662016732154,-1.9345845416968563
9,2025_may_08_14,13.541666984558105,45.6875,-0.5569717846957686,-0.5571979711242726
9,2025_may_08_14,13.583333015441895,45.6875,-0.08635678011951006,-0.08608245265821489
9,2025_may_08_14,13.625,45.6875,-0.3021812650281297,-0.3025110018693307
9,2025_may_08_14,13.666666984558105,45.6875,-1.4286761811650792,-1.4305839201776758
9,2025_may_08_14,13.708333015441895,45.6875,-1.8434098819276084,-1.8475996115597824
9,2025_may_08_14,13.541666984558105,45.72916793823242,-1.9334617615974354,-1.9394276274054407
9,2025_may_08_14,13.583333015441895,45.72916793823242,-1.5482885715685704,-1.5539663968697606
9,2025_may_08_14,13.625,45.72916793823242,-1.8162436331924967,-1.8210989232165504
9,2025_may_08_14,13.666666984558105,45.72916793823242,-2.1073135680912682,-2.112390202135952
9,2025_may_15_21,13.166666984558105,45.47916793823242,-2.1518193234355647,-2.1564555018826344
9,2025_may_15_21,13.208333015441895,45.47916793823242,-2.110307724198221,-2.115407263303927
9,2025_may_15_21,13.166666984558105,45.52083206176758,-1.9114104166626267,-1.916130129451442
9,2025_may_15_21,13.208333015441895,45.52083206176758,-2.157987765303429,-2.163440032465218
9,2025_may_15_21,13.25,45.52083206176758,-2.0001916914834497,-2.0054709472454
9,2025_may_15_21,13.166666984558105,45.5625,-1.6193268666734437,-1.6211528506865656
9,2025_may_15_21,13.208333015441895,45.5625,-2.1943827068472936,-2.1972352280280365
9,2025_may_15_21,13.25,45.5625,-2.405479180528816,-2.4087104509527557
9,2025_may_15_21,13.291666984558105,45.5625,-2.4319304647714395,-2.435945746858419
9,2025_may_15_21,13.333333015441895,45.5625,-2.2533036705620964,-2.257587450870452
9,2025_may_15_21,13.166666984558105,45.60416793823242,0.3284733642664922,0.3282689595030747
9,2025_may_15_21,13.208333015441895,45.60416793823242,0.06912501894040714,0.06626943455363384
9,2025_may_15_21,13.25,45.60416793823242,-0.9994952472217444,-1.0037379749109518
9,2025_may_15_21,13.291666984558105,45.60416793823242,-1.732954723036347,-1.7361530048840492
9,2025_may_15_21,13.333333015441895,45.60416793823242,-1.3343601953354367,-1.3361695337530184
9,2025_may_15_21,13.375,45.60416793823242,0.17003182033544367,0.17260016615734758
9,2025_may_15_21,13.416666984558105,45.60416793823242,0.5827001869827343,0.5848240472733587
9,2025_may_15_21,13.458333015441895,45.60416793823242,0.5759040269262428,0.5756504864189999
9,2025_may_15_21,13.5,45.60416793823242,0.8420893620316487,0.845341953499685
9,2025_may_15_21,13.708333015441895,45.60416793823242,-1.9263053465008044,-1.9304823620929397
9,2025_may_15_21,13.166666984558105,45.64583206176758,0.4693020820274479,0.47026237129123105
9,2025_may_15_21,13.208333015441895,45.64583206176758,0.9760710390789206,0.9782522460349675
9,2025_may_15_21,13.25,45.64583206176758,1.0557455966505012,1.0596088708934268
9,2025_may_15_21,13.291666984558105,45.64583206176758,0.9183289123826376,0.9225738886406141
9,2025_may_15_21,13.333333015441895,45.64583206176758,0.6788478558501383,0.683616383243469
9,2025_may_15_21,13.375,45.64583206176758,-0.805281273272509,-0.8065501119571845
9,2025_may_15_21,13.416666984558105,45.64583206176758,-1.609383339043671,-1.6123992082301986
9,2025_may_15_21,13.458333015441895,45.64583206176758,-0.3866332214759974,-0.3860837057036007
9,2025_may_15_21,13.5,45.64583206176758,0.708049944496188,0.7095606085671182
9,2025_may_15_21,13.541666984558105,45.64583206176758,0.8642546679060382,0.8655535329432928
9,2025_may_15_21,13.583333015441895,45.64583206176758,0.9859809233157256,0.9861512254544623
9,2025_may_15_21,13.625,45.64583206176758,0.3522209083125272,0.3508982017518841
9,2025_may_15_21,13.666666984558105,45.64583206176758,-0.6102506236445502,-0.6124853191547011
9,2025_may_15_21,13.708333015441895,45.64583206176758,-0.9098500435195065,-0.9119969461814746
9,2025_may_15_21,13.166666984558105,45.6875,-0.5336426139882783,-0.5345184077129137
9,2025_may_15_21,13.208333015441895,45.6875,-1.177476272727973,-1.1806300768369329
9,2025_may_15_21,13.25,45.6875,-1.2687456154841357,-1.2732829157180878
9,2025_may_15_21,13.291666984558105,45.6875,-1.7169445298486157,-1.7205989079962274
9,2025_may_15_21,13.458333015441895,45.6875,-2.407793004876891,-2.412785584350891
9,2025_may_15_21,13.5,45.6875,-2.097853467659036,-2.1024242386204666
9,2025_may_15_21,13.541666984558105,45.6875,-0.52889267140827,-0.5305854899945498
9,2025_may_15_21,13.583333015441895,45.6875,-0.12279255997424522,-0.12215186364852718
9,2025_may_15_21,13.625,45.6875,-0.19837966026405057,-0.19855753411373092
9,2025_may_15_21,13.666666984558105,45.6875,-1.344431121576863,-1.3453224761705616
9,2025_may_15_21,13.708333015441895,45.6875,-1.8515162982449656,-1.8541708721810346
9,2025_may_15_21,13.541666984558105,45.72916793823242,-1.913162611709999,-1.9159227142394364
9,2025_may_15_21,13.583333015441895,45.72916793823242,-1.5014675523364756,-1.503741161479044
9,2025_may_15_21,13.625,45.72916793823242,-1.805046366240717,-1.8104070052102426
9,2025_may_15_21,13.666666984558105,45.72916793823242,-2.0380126630322626,-2.0423840711267314
9,2025_may_22_28,13.166666984558105,45.47916793823242,-2.1155166952467304,-2.121129217190386
9,2025_may_22_28,13.208333015441895,45.47916793823242,-2.0951936316160515,-2.1004560144778366
9,2025_may_22_28,13.166666984558105,45.52083206176758,-1.976487263187,-1.9829353582491938
9,2025_may_22_28,13.208333015441895,45.52083206176758,-2.207258008124447,-2.2140472266451114
9,2025_may_22_28,13.25,45.52083206176758,-2.0348496975548835,-2.040502579210791
9,2025_may_22_28,13.166666984558105,45.5625,-1.6018863889840287,-1.6058766942838592
9,2025_may_22_28,13.208333015441895,45.5625,-2.144833788090874,-2.151010004030548
9,2025_may_22_28,13.25,45.5625,-2.3170583383394696,-2.3236980247171175
9,2025_may_22_28,13.291666984558105,45.5625,-2.343769483426334,-2.3503667790320613
9,2025_may_22_28,13.333333015441895,45.5625,-2.1946311263865823,-2.2005735987618134
9,2025_may_22_28,13.166666984558105,45.60416793823242,0.3097016795955307,0.3112504666423846
9,2025_may_22_28,13.208333015441895,45.60416793823242,0.05521542645015855,0.05634312195080122
9,2025_may_22_28,13.25,45.60416793823242,-0.8481980059125133,-0.8505163486459656
9,2025_may_22_28,13.291666984558105,45.60416793823242,-1.701864080685712,-1.7070347098306657
9,2025_may_22_28,13.333333015441895,45.60416793823242,-1.2280214024062321,-1.2306210229484127
9,2025_may_22_28,13.375,45.60416793823242,0.2546725437234664,0.25697575649993804
9,2025_may_22_28,13.416666984558105,45.60416793823242,0.5245167065874758,0.527181835164437
9,2025_may_22_28,13.458333015441895,45.60416793823242,0.4269123250388944,0.4287878676601007
9,2025_may_22_28,13.5,45.60416793823242,0.8353611902301133,0.8377961401873338
9,2025_may_22_28,13.708333015441895,45.60416793823242,-1.9407551912410772,-1.9457235425010182
9,2025_may_22_28,13.166666984558105,45.64583206176758,0.5867884952401833,0.5886589929428127
9,2025_may_22_28,13.208333015441895,45.64583206176758,1.1072314164715933,1.11094764890744
9,2025_may_22_28,13.25,45.64583206176758,1.0484646037259995,1.051972248308118
9,2025_may_22_28,13.291666984558105,45.64583206176758,0.8709516301691577,0.87370339009759
9,2025_may_22_28,13.333333015441895,45.64583206176758,0.6886214294658538,0.6911159233710636
9,2025_may_22_28,13.375,45.64583206176758,-0.6696594517937365,-0.6710476822596608
9,2025_may_22_28,13.416666984558105,45.64583206176758,-1.6240790101636928,-1.6284509275099917
9,2025_may_22_28,13.458333015441895,45.64583206176758,-0.4770487057218365,-0.47648234775311715
9,2025_may_22_28,13.5,45.64583206176758,0.5910560757005675,0.5940806814580402
9,2025_may_22_28,13.541666984558105,45.64583206176758,0.7795271380946821,0.7824560924900444
9,2025_may_22_28,13.583333015441895,45.64583206176758,1.0348574689888366,1.0384758341322726
9,2025_may_22_28,13.625,45.64583206176758,0.5211294764584913,0.5214059233422875
9,2025_may_22_28,13.666666984558105,45.64583206176758,-0.6513217171721543,-0.6551479180270727
9,2025_may_22_28,13.708333015441895,45.64583206176758,-0.7963475329248915,-0.7986339091472883
9,2025_may_22_28,13.166666984558105,45.6875,-0.7665853728498698,-0.7694065121194007
9,2025_may_22_28,13.208333015441895,45.6875,-1.3444583316058039,-1.3469402145311031
9,2025_may_22_28,13.25,45.6875,-1.2958104279532294,-1.2986241900139979
9,2025_may_22_28,13.291666984558105,45.6875,-1.7290160518492523,-1.7344128400626762
9,2025_may_22_28,13.458333015441895,45.6875,-2.2703799471578527,-2.276832020872971
9,2025_may_22_28,13.5,45.6875,-1.8270724314314473,-1.8313471568435304
9,2025_may_22_28,13.541666984558105,45.6875,-0.49648892087726565,-0.4967773254931952
9,2025_may_22_28,13.583333015441895,45.6875,-0.08913600509857077,-0.0884832925416136
9,2025_may_22_28,13.625,45.6875,-0.2330095697826122,-0.23222772235824252
9,2025_may_22_28,13.666666984558105,45.6875,-1.305575722750671,-1.309423203404301
9,2025_may_22_28,13.708333015441895,45.6875,-1.8269103878417343,-1.8335946325113783
9,2025_may_22_28,13.541666984558105,45.72916793823242,-1.7125477919331689,-1.7176160464482397
9,2025_may_22_28,13.583333015441895,45.72916793823242,-1.3971744802735695,-1.4030565459542885
9,2025_may_22_28,13.625,45.72916793823242,-1.7852458331344503,-1.7914432290417996
9,2025_may_22_28,13.666666984558105,45.72916793823242,-2.005216225420946,-2.010965953579161
9,2025_november_01_07,13.166666984558105,45.47916793823242,-2.1708501043343698,-2.176839385654451
9,2025_november_01_07,13.208333015441895,45.47916793823242,-2.122863972410567,-2.1290150986784866
9,2025_november_01_07,13.166666984558105,45.52083206176758,-1.8711283405007642,-1.8762100468931986
9,2025_november_01_07,13.208333015441895,45.52083206176758,-2.030812297434214,-2.036997779026251
9,2025_november_01_07,13.25,45.52083206176758,-1.8876134170032832,-1.8934014426755623
9,2025_november_01_07,13.166666984558105,45.5625,-1.75902750605866,-1.7634840576202853
9,2025_november_01_07,13.208333015441895,45.5625,-2.2810483898177623,-2.287199629167849
9,2025_november_01_07,13.25,45.5625,-2.358674511697078,-2.3655226084983245
9,2025_november_01_07,13.291666984558105,45.5625,-2.2801659269580377,-2.2866860400108067
9,2025_november_01_07,13.333333015441895,45.5625,-1.9746522626446832,-1.979766572266099
9,2025_november_01_07,13.166666984558105,45.60416793823242,0.49215647151877395,0.4931179921198995
9,2025_november_01_07,13.208333015441895,45.60416793823242,0.38455280233083944,0.38545548021217174
9,2025_november_01_07,13.25,45.60416793823242,-0.5434624438007462,-0.5443547939314427
9,2025_november_01_07,13.291666984558105,45.60416793823242,-1.3471316724590756,-1.3496889310078863
9,2025_november_01_07,13.333333015441895,45.60416793823242,-0.8102410038403557,-0.8120069637931948
9,2025_november_01_07,13.375,45.60416793823242,0.2835254011606979,0.2832387890998034
9,2025_november_01_07,13.416666984558105,45.60416793823242,0.37951652068532654,0.38028937694589304
9,2025_november_01_07,13.458333015441895,45.60416793823242,0.4081950016998061,0.41037137216840863
9,2025_november_01_07,13.5,45.60416793823242,0.6750759633180333,0.6783795408666009
9,2025_november_01_07,13.708333015441895,45.60416793823242,-1.8639967219992035,-1.8700005725070892
9,2025_november_01_07,13.166666984558105,45.64583206176758,0.6080081390673641,0.6094508418662608
9,2025_november_01_07,13.208333015441895,45.64583206176758,1.0847376526563985,1.0875617858706992
9,2025_november_01_07,13.25,45.64583206176758,1.0603251748895988,1.0627718059597238
9,2025_november_01_07,13.291666984558105,45.64583206176758,0.7854948419344995,0.7874051679165591
9,2025_november_01_07,13.333333015441895,45.64583206176758,0.3574347545100491,0.3589447452992173
9,2025_november_01_07,13.375,45.64583206176758,-1.047382695050214,-1.0503791549816361
9,2025_november_01_07,13.416666984558105,45.64583206176758,-1.6586741647259564,-1.6636670919094998
9,2025_november_01_07,13.458333015441895,45.64583206176758,-0.5327423468762829,-0.5342438870793962
9,2025_november_01_07,13.5,45.64583206176758,0.5633579169314054,0.5653985340794546
9,2025_november_01_07,13.541666984558105,45.64583206176758,0.7807289140540488,0.7836595876665332
9,2025_november_01_07,13.583333015441895,45.64583206176758,0.8477098565991897,0.8505897977253645
9,2025_november_01_07,13.625,45.64583206176758,0.40741685631893665,0.40809629131059755
9,2025_november_01_07,13.666666984558105,45.64583206176758,-0.6047850146779762,-0.6081252305741641
9,2025_november_01_07,13.708333015441895,45.64583206176758,-0.9769508198469834,-0.9813987976508834
9,2025_november_01_07,13.166666984558105,45.6875,-0.25848493504735154,-0.25916640002375607
9,2025_november_01_07,13.208333015441895,45.6875,-0.9861853836541082,-0.9889047394090726
9,2025_november_01_07,13.25,45.6875,-1.4211560089592348,-1.4252643244894847
9,2025_november_01_07,13.291666984558105,45.6875,-1.8204941486750186,-1.8256760029224175
9,2025_november_01_07,13.458333015441895,45.6875,-2.031512569812037,-2.0371651500548817
9,2025_november_01_07,13.5,45.6875,-1.5873232013442968,-1.5921817464589028
9,2025_november_01_07,13.541666984558105,45.6875,-0.5216748621202223,-0.5240859613779053
9,2025_november_01_07,13.583333015441895,45.6875,-0.1344332857380219,-0.13495582357097563
9,2025_november_01_07,13.625,45.6875,-0.4401493751525762,-0.4412786497744854
9,2025_november_01_07,13.666666984558105,45.6875,-1.0828579476430307,-1.0871435517276118
9,2025_november_01_07,13.708333015441895,45.6875,-1.3409122119637125,-1.346001748764627
9,2025_november_01_07,13.541666984558105,45.72916793823242,-1.9185858746248472,-1.9239049053828943
9,2025_november_01_07,13.583333015441895,45.72916793823242,-1.4379902301048395,-1.443140696027472
9,2025_november_01_07,13.625,45.72916793823242,-1.5379293837769448,-1.5440161377439838
9,2025_november_01_07,13.666666984558105,45.72916793823242,-1.8538414848156948,-1.8597951831518902
9,2025_november_08_14,13.166666984558105,45.47916793823242,-2.066807052941844,-2.0722743178048653
9,2025_november_08_14,13.208333015441895,45.47916793823242,-2.104118476221258,-2.109445412973624
9,2025_november_08_14,13.166666984558105,45.52083206176758,-1.8086138848233024,-1.8147860427085578
9,2025_november_08_14,13.208333015441895,45.52083206176758,-1.966044152437083,-1.972860285964849
9,2025_november_08_14,13.25,45.52083206176758,-1.9178153288947686,-1.9240608660702267
9,2025_november_08_14,13.166666984558105,45.5625,-1.567303142982092,-1.5706978837299426
9,2025_november_08_14,13.208333015441895,45.5625,-1.9376597722052282,-1.9419831846371218
9,2025_november_08_14,13.25,45.5625,-2.1157068065216045,-2.121087787439461
9,2025_november_08_14,13.291666984558105,45.5625,-2.1285826964557804,-2.134096440438716
9,2025_november_08_14,13.333333015441895,45.5625,-1.7199547745020871,-1.7229738876789569
9,2025_november_08_14,13.166666984558105,45.60416793823242,0.6005142898807936,0.6017546873434035
9,2025_november_08_14,13.208333015441895,45.60416793823242,0.45044176231598254,0.45212137767385774
9,2025_november_08_14,13.25,45.60416793823242,-0.6349621968560674,-0.6368935531086796
9,2025_november_08_14,13.291666984558105,45.60416793823242,-1.34159652020626,-1.3458585160397685
9,2025_november_08_14,13.333333015441895,45.60416793823242,-0.8173191899081791,-0.8175240273428462
9,2025_november_08_14,13.375,45.60416793823242,0.3555247372113301,0.3581482340133616
9,2025_november_08_14,13.416666984558105,45.60416793823242,0.5170407691661199,0.5189412558993243
9,2025_november_08_14,13.458333015441895,45.60416793823242,0.5179389940563214,0.5200651667970335
9,2025_november_08_14,13.5,45.60416793823242,0.800087352371053,0.8037601589228759
9,2025_november_08_14,13.708333015441895,45.60416793823242,-1.8431402681735207,-1.84947117263314
9,2025_november_08_14,13.166666984558105,45.64583206176758,0.6142910911309136,0.6165243645303893
9,2025_november_08_14,13.208333015441895,45.64583206176758,1.14755441340785,1.1503088455880262
9,2025_november_08_14,13.25,45.64583206176758,1.1404979823415287,1.1423013406927938
9,2025_november_08_14,13.291666984558105,45.64583206176758,0.9407000248949597,0.9423864753682301
9,2025_november_08_14,13.333333015441895,45.64583206176758,0.6978357664085761,0.6996085182938567
9,2025_november_08_14,13.375,45.64583206176758,-0.9404056105626218,-0.9430348895107838
9,2025_november_08_14,13.416666984558105,45.64583206176758,-1.7535846548389586,-1.7573652730069236
9,2025_november_08_14,13.458333015441895,45.64583206176758,-0.5451661602346485,-0.5439383039751488
9,2025_november_08_14,13.5,45.64583206176758,0.6265892177904043,0.6296576970526715
9,2025_november_08_14,13.541666984558105,45.64583206176758,0.9150898456038251,0.918317714056986
9,2025_november_08_14,13.583333015441895,45.64583206176758,0.9226928167168056,0.9255693284002743
9,2025_november_08_14,13.625,45.64583206176758,0.4067342013659182,0.406413870611943
9,2025_november_08_14,13.666666984558105,45.64583206176758,-0.6866388800224287,-0.6893757259966601
9,2025_november_08_14,13.708333015441895,45.64583206176758,-1.038737607625208,-1.0421933885600005
9,2025_november_08_14,13.166666984558105,45.6875,-0.3173915973704426,-0.31792836580014205
9,2025_november_08_14,13.208333015441895,45.6875,-1.0997389454766981,-1.1020896325907872
9,2025_november_08_14,13.25,45.6875,-1.4952398623112244,-1.498771887706246
9,2025_november_08_14,13.291666984558105,45.6875,-1.777809424124794,-1.7828325464741293
9,2025_november_08_14,13.458333015441895,45.6875,-2.026701781724408,-2.0331078776797225
9,2025_november_08_14,13.5,45.6875,-1.7997889514032166,-1.8034091688511595
9,2025_november_08_14,13.541666984558105,45.6875,-0.6782508805114835,-0.6785008005468467
9,2025_november_08_14,13.583333015441895,45.6875,-0.13816811581991348,-0.13800304267018762
9,2025_november_08_14,13.625,45.6875,-0.4095152041286596,-0.4093391384974887
9,2025_november_08_14,13.666666984558105,45.6875,-1.0887469648020507,-1.09043014257046
9,2025_november_08_14,13.708333015441895,45.6875,-1.3976327432752331,-1.401580585620901
9,2025_november_08_14,13.541666984558105,45.72916793823242,-1.7452187336877005,-1.7507326358949584
9,2025_november_08_14,13.583333015441895,45.72916793823242,-1.5388687784671544,-1.5439651757468638
9,2025_november_08_14,13.625,45.72916793823242,-1.7537339308629993,-1.7586972456603875
9,2025_november_08_14,13.666666984558105,45.72916793823242,-1.9549175470651539,-1.9598624055994645
9,2025_november_15_21,13.166666984558105,45.47916793823242,-2.2128746823050953,-2.218466444450098
9,2025_november_15_21,13.208333015441895,45.47916793823242,-2.182985677772901,-2.1886632073332466
9,2025_november_15_21,13.166666984558105,45.52083206176758,-1.5814905533699442,-1.5857711677990152
9,2025_november_15_21,13.208333015441895,45.52083206176758,-1.8828463586237343,-1.8877007723844865
9,2025_november_15_21,13.25,45.52083206176758,-1.9639916924522334,-1.9686926191579721
9,2025_november_15_21,13.166666984558105,45.5625,-1.7225933100014006,-1.7269456085502426
9,2025_november_15_21,13.208333015441895,45.5625,-2.1308789858851567,-2.136176035787253
9,2025_november_15_21,13.25,45.5625,-2.2870129841177915,-2.2925917567920897
9,2025_november_15_21,13.291666984558105,45.5625,-2.253917453670333,-2.2593251627793864
9,2025_november_15_21,13.333333015441895,45.5625,-1.8752312202166468,-1.8795551364223264
9,2025_november_15_21,13.166666984558105,45.60416793823242,0.5402551406948737,0.5413599711977816
9,2025_november_15_21,13.208333015441895,45.60416793823242,0.4492781490830341,0.4498022254285411
9,2025_november_15_21,13.25,45.60416793823242,-0.5570428384858257,-0.5588464757387104
9,2025_november_15_21,13.291666984558105,45.60416793823242,-1.3277577366575655,-1.3315686038119237
9,2025_november_15_21,13.333333015441895,45.60416793823242,-0.757184432205968,-0.7594714772845563
9,2025_november_15_21,13.375,45.60416793823242,0.4212568911499569,0.42242474626902005
9,2025_november_15_21,13.416666984558105,45.60416793823242,0.5992784153625514,0.601126021570235
9,2025_november_15_21,13.458333015441895,45.60416793823242,0.6424572118636049,0.6446022437913642
9,2025_november_15_21,13.5,45.60416793823242,0.8449188454291165,0.8475917084912246
9,2025_november_15_21,13.708333015441895,45.60416793823242,-1.931786077814151,-1.9366470534736495
9,2025_november_15_21,13.166666984558105,45.64583206176758,0.5714402208671031,0.5725031227660553
9,2025_november_15_21,13.208333015441895,45.64583206176758,1.0018700407367056,1.004338340180687
9,2025_november_15_21,13.25,45.64583206176758,0.9575947720359966,0.9600392224320962
9,2025_november_15_21,13.291666984558105,45.64583206176758,0.7575083413367601,0.7593518667751592
9,2025_november_15_21,13.333333015441895,45.64583206176758,0.6794542818293071,0.6808511555847488
9,2025_november_15_21,13.375,45.64583206176758,-0.9065942151442494,-0.9091834145180718
9,2025_november_15_21,13.416666984558105,45.64583206176758,-1.689164168066055,-1.6939336770874476
9,2025_november_15_21,13.458333015441895,45.64583206176758,-0.5605336582247773,-0.5622203573771507
9,2025_november_15_21,13.5,45.64583206176758,0.6900027834359007,0.6921494457764376
9,2025_november_15_21,13.541666984558105,45.64583206176758,0.8652700530566697,0.8677007027105103
9,2025_november_15_21,13.583333015441895,45.64583206176758,0.98502950509593,0.9875156353161645
9,2025_november_15_21,13.625,45.64583206176758,0.34784950491232136,0.34955601572421546
9,2025_november_15_21,13.666666984558105,45.64583206176758,-0.7681910899179645,-0.7697625439325283
9,2025_november_15_21,13.708333015441895,45.64583206176758,-1.1393843364218628,-1.1425977212813851
9,2025_november_15_21,13.166666984558105,45.6875,-0.2963862007482056,-0.29719398258115104
9,2025_november_15_21,13.208333015441895,45.6875,-1.1083016062153415,-1.1114898146137964
9,2025_november_15_21,13.25,45.6875,-1.3625345620975182,-1.3660658775728252
9,2025_november_15_21,13.291666984558105,45.6875,-1.875242910936653,-1.879822075707833
9,2025_november_15_21,13.458333015441895,45.6875,-2.054166985479068,-2.059325740343221
9,2025_november_15_21,13.5,45.6875,-1.7555636547509559,-1.7604063301540087
9,2025_november_15_21,13.541666984558105,45.6875,-0.5700533661960292,-0.5716257086690056
9,2025_november_15_21,13.583333015441895,45.6875,-0.08029032178569384,-0.08030403624526662
9,2025_november_15_21,13.625,45.6875,-0.4103548927562536,-0.41080198224105385
9,2025_november_15_21,13.666666984558105,45.6875,-1.09276292877495,-1.0946469012528823
9,2025_november_15_21,13.708333015441895,45.6875,-1.4537475159801563,-1.4564288257243387
9,2025_november_15_21,13.541666984558105,45.72916793823242,-2.0931394548030218,-2.0981685108275103
9,2025_november_15_21,13.583333015441895,45.72916793823242,-1.6470623284727834,-1.6509824034500902
9,2025_november_15_21,13.625,45.72916793823242,-1.8815280855029322,-1.885776413301118
9,2025_november_15_21,13.666666984558105,45.72916793823242,-2.09669554621442,-2.1016241372075695
9,2025_november_22_28,13.166666984558105,45.47916793823242,-2.15320789387691,-2.158433427219771
9,2025_november_22_28,13.208333015441895,45.47916793823242,-2.142110169880399,-2.1475509551732532
9,2025_november_22_28,13.166666984558105,45.52083206176758,-1.390720959735642,-1.3947198933387164
9,2025_november_22_28,13.208333015441895,45.52083206176758,-1.6992620176758613,-1.7035430135807164
9,2025_november_22_28,13.25,45.52083206176758,-1.841733096161286,-1.8465171647908787
9,2025_november_22_28,13.166666984558105,45.5625,-1.6712107980049822,-1.6749057705533152
9,2025_november_22_28,13.208333015441895,45.5625,-2.0905062843953917,-2.0951440482268238
9,2025_november_22_28,13.25,45.5625,-2.155562749518868,-2.1610218483761643
9,2025_november_22_28,13.291666984558105,45.5625,-2.2282198274148852,-2.2342237005702676
9,2025_november_22_28,13.333333015441895,45.5625,-1.8533166056719603,-1.8577424295906624
9,2025_november_22_28,13.166666984558105,45.60416793823242,0.6910317929402848,0.6926287601223895
9,2025_november_22_28,13.208333015441895,45.60416793823242,0.5491293862536668,0.5502921384154948
9,2025_november_22_28,13.25,45.60416793823242,-0.733579400413172,-0.7355614668286902
9,2025_november_22_28,13.291666984558105,45.60416793823242,-1.4224508237316034,-1.425952648059962
9,2025_november_22_28,13.333333015441895,45.60416793823242,-0.7529777468174617,-0.7540604158370202
9,2025_november_22_28,13.375,45.60416793823242,0.21917311568116077,0.2205487971075985
9,2025_november_22_28,13.416666984558105,45.60416793823242,0.4519298228466087,0.45364089655430057
9,2025_november_22_28,13.458333015441895,45.60416793823242,0.5707061850106855,0.5728472036659393
9,2025_november_22_28,13.5,45.60416793823242,0.8180779351475056,0.8212148785603512
9,2025_november_22_28,13.708333015441895,45.60416793823242,-1.863406488957748,-1.8679343232287446
9,2025_november_22_28,13.166666984558105,45.64583206176758,0.570438256487833,0.5719429171353649
9,2025_november_22_28,13.208333015441895,45.64583206176758,0.999498171933958,1.0014479588871974
9,2025_november_22_28,13.25,45.64583206176758,1.0581798616219606,1.05955977972899
9,2025_november_22_28,13.291666984558105,45.64583206176758,0.8861986513493808,0.887585866463729
9,2025_november_22_28,13.333333015441895,45.64583206176758,0.5903848980955492,0.5921975017668645
9,2025_november_22_28,13.375,45.64583206176758,-1.0229221805300237,-1.023930547252641
9,2025_november_22_28,13.416666984558105,45.64583206176758,-1.6966990280991612,-1.7007569024397924
9,2025_november_22_28,13.458333015441895,45.64583206176758,-0.5266500672063269,-0.526669963614004
9,2025_november_22_28,13.5,45.64583206176758,0.5419595026503359,0.54396712959677
9,2025_november_22_28,13.541666984558105,45.64583206176758,0.8007841524111567,0.8034074054834963
9,2025_november_22_28,13.583333015441895,45.64583206176758,0.9411999568167227,0.9442813129422902
9,2025_november_22_28,13.625,45.64583206176758,0.5156486145789124,0.5164478918798758
9,2025_november_22_28,13.666666984558105,45.64583206176758,-0.6436409850615817,-0.6459776786960811
9,2025_november_22_28,13.708333015441895,45.64583206176758,-1.0375430849738725,-1.040506674939492
9,2025_november_22_28,13.166666984558105,45.6875,-0.2616082614937319,-0.2619496676169239
9,2025_november_22_28,13.208333015441895,45.6875,-1.1355331285559267,-1.136621656536392
9,2025_november_22_28,13.25,45.6875,-1.3545402263745563,-1.357083915088929
9,2025_november_22_28,13.291666984558105,45.6875,-1.8318077011222085,-1.8357873072519184
9,2025_november_22_28,13.458333015441895,45.6875,-2.019392901891141,-2.024589249023576
9,2025_november_22_28,13.5,45.6875,-1.8591880508430576,-1.863685201775323
9,2025_november_22_28,13.541666984558105,45.6875,-0.7364308302761761,-0.7376855518020426
9,2025_november_22_28,13.583333015441895,45.6875,-0.13399998206120498,-0.13400805926216086
9,2025_november_22_28,13.625,45.6875,-0.3980519139298164,-0.3986143224845614
9,2025_november_22_28,13.666666984558105,45.6875,-1.1219978233868366,-1.124715660009965
9,2025_november_22_28,13.708333015441895,45.6875,-1.4758146822145863,-1.4800010895854285
9,2025_november_22_28,13.541666984558105,45.72916793823242,-1.9832682958361458,-1.9883363991193939
9,2025_november_22_28,13.583333015441895,45.72916793823242,-1.5770553596640868,-1.5828572087740784
9,2025_november_22_28,13.625,45.72916793823242,-1.862308865887535,-1.8681127261329453
9,2025_november_22_28,13.666666984558105,45.72916793823242,-2.081407239488413,-2.086597217317727
