seed,window,month,test_start,run_dir,alpha,beta_chl,beta_thetao,beta_fishing_block,beta_is_holiday,beta_is_weekend,beta_cell_lag_1,beta_cell_lag_7,beta_salinity,var_spatial_0,ls_spatial_0,var_spatial_1,ls_spatial_1,var_temporal_0,ls_temporal_0,var_temporal_1,ls_temporal_1,period_std,period_days,days_per_std_unit,noise,f_mean,f_sd,share_static,share_cycle,share_short,sd_chl,mean_chl,raw_chl,RRsd_chl,RRraw_chl,sd_thetao,mean_thetao,raw_thetao,RRsd_thetao,RRraw_thetao,sd_fishing_block,mean_fishing_block,raw_fishing_block,RRsd_fishing_block,RRraw_fishing_block,sd_is_holiday,mean_is_holiday,raw_is_holiday,RRsd_is_holiday,RRraw_is_holiday,sd_is_weekend,mean_is_weekend,raw_is_weekend,RRsd_is_weekend,RRraw_is_weekend,sd_cell_lag_1,mean_cell_lag_1,raw_cell_lag_1,RRsd_cell_lag_1,RRraw_cell_lag_1,sd_cell_lag_7,mean_cell_lag_7,raw_cell_lag_7,RRsd_cell_lag_7,RRraw_cell_lag_7,sd_salinity,mean_salinity,raw_salinity,RRsd_salinity,RRraw_salinity,alpha_eff,prior_var,ratio_s1_s0,ratio_t1_t0,share_fine_in_spatial,share_periodic_in_temporal,ls_t0_days
1,2025_may_01_07,may,2025-05-01,reports/seeded_monthly_windows_salinity/11_train_lgcp/seed_1/runs/2025_may_01_07/2024+2025_2025_may_01_07_20261002-222848,-2.142601251602173,0.072574645280838,0.3169914782047272,-0.9201112389564514,-0.3947373032569885,-0.7341031432151794,0.1852884888648986,0.0744684115052223,-0.013255251571536,2.047407524940815,0.1999999939858436,0.0878031242294156,0.0099999993604912,0.1025894461072473,0.0099999993604912,0.8465433149431904,0.8000000028326788,0.0999758717535809,14.026196775525118,140.295818676097,0.0009999999040736,-0.8672786465575695,1.1714234523058666,0.9435559049529856,0.0504195222435616,0.0003570653286036,0.2777668892288728,0.5579595013075074,0.26127896482664764,1.0752730671546382,1.2985898758089551,6.429407184160369,16.272330222887106,0.049303375742895,1.372990871528486,1.050539010453507,0.2898606637500495,0.09259259259259259,-3.1743225419157772,0.3984747127078248,0.04182242743146188,0.18885257457753857,0.037037037037037035,-2.090187566359697,0.6738570360482337,0.12366393844723932,0.4509131448827848,0.2839506172839506,-1.6280366885423359,0.4799356996024084,0.19631462276620684,0.9017655836168964,0.21206013269505333,0.20547301009395813,1.2035656053239518,1.2281058340534845,0.8885125585318879,0.20735701688082642,0.0838124467573856,1.077311312341997,1.0874249246111714,1.2588469489758647,36.04353550934737,-0.010529676846196287,0.986832212396776,0.9895255661341164,-3.0098798981597423,2.0265983788712383,0.04288502565308963,8.251758314965572,0.04112152787526466,0.8919124380516504,1.4029580970405595
1,2025_may_08_14,may,2025-05-08,reports/seeded_monthly_windows_salinity/11_train_lgcp/seed_1/runs/2025_may_08_14/2024+2025_2025_may_08_14_20261002-225247,-2.129327774047852,0.0834722742438316,0.3203605413436889,-0.906163215637207,-0.3960793614387512,-0.7093431949615479,0.1917340904474258,0.0636570304632186,-0.0176148153841495,2.425379909593812,0.1999999939858436,0.0698714105340482,0.0099999993604912,0.1059740826003389,0.0099999993604912,0.7846402522845582,0.8000000028326788,0.0986129782690177,14.034258718170667,142.31654863810112,0.0009999999040736,-0.8527115460265277,1.1479484111813376,0.9231716195298127,0.0693955201752598,0.0006571747924084,0.27666509195222844,0.5572405849934394,0.30170873258649017,1.0870550754510908,1.3521673270672148,6.3865916875319915,16.29345218163233,0.05016142521982452,1.3776243653477607,1.0514408117416534,0.2880038839642541,0.09127789046653144,-3.1463576225578835,0.40407158923714304,0.04300849509045528,0.1924948221357647,0.038539553752535496,-2.0576104699553963,0.6729532872770297,0.1277588891469585,0.4509251425620763,0.2839756592292089,-1.573084150799812,0.49196721791610204,0.20740452808647197,0.8985378561896344,0.21157428488636834,0.2133845437080402,1.2113483650334034,1.2378605712258146,0.8973009213647343,0.21016682535082998,0.07094278958991879,1.0657268242393816,1.0735198076030688,1.2576599173413487,36.04713977468366,-0.014006024316483453,0.9825394185478442,0.9860916037170656,-2.9820393200743798,2.2223065948463354,0.028808439559371898,7.404076855693856,0.028001752757500956,0.8810101314908265,1.423165395368326
1,2025_may_15_21,may,2025-05-15,reports/seeded_monthly_windows_salinity/11_train_lgcp/seed_1/runs/2025_may_15_21/2024+2025_2025_may_15_21_20261002-231437,-2.1344683170318604,0.0735823512077331,0.340825468301773,-0.9151793718338012,-0.4156100749969482,-0.7054899334907532,0.1901007294654846,0.0602022781968116,0.0098728435114026,1.8076440831549936,0.1999999939858436,0.0940484909167926,0.0099999993604912,0.0936685195931599,0.0099999993604912,0.9178913751927814,0.8000000028326788,0.0972937363844876,14.04311312564708,144.33727850836334,0.0009999999040736,-0.8455947621671267,1.176444247191203,0.9401097069970192,0.0541442426214804,0.0002794640415227,0.2758395597469081,0.5549743192250631,0.26675778947460377,1.0763571723353087,1.3057241478949113,6.344179785492751,16.31283825765337,0.05372254252332812,1.406107809061172,1.0551917906839445,0.2861817604250977,0.09,-3.1978955279133903,0.4004447911319058,0.04084807722606079,0.1911962342725241,0.038,-2.1737356730810546,0.6599375464717813,0.11375188235853972,0.45093680266755154,0.284,-1.5644984603549166,0.4938665532094945,0.2091929054028081,0.9129727991267401,0.21587755102040818,0.20822167938334663,1.2093714108578473,1.2314861343792813,0.8964394338025207,0.21012244897959184,0.0671571061320287,1.0620513546520693,1.0694634842482187,1.257472596385787,36.05697749834645,0.007851338899773254,1.0099217408169041,1.007882241483643,-2.9800630791989873,1.923675940143262,0.052028212740111934,9.799358196110639,0.04945514969089972,0.9074019046465052,1.4433726927786736
1,2025_may_22_28,may,2025-05-22,reports/seeded_monthly_windows_salinity/11_train_lgcp/seed_1/runs/2025_may_22_28/2024+2025_2025_may_22_28_20261002-233644,-2.1155002117156982,0.087252177298069,0.3199378550052643,-0.9033389687538148,-0.4024620950222015,-0.7067610621452332,0.1862245947122573,0.0642820671200752,0.0070600332692265,1.7911814509331496,0.1999999939858436,0.0977584040146664,0.0099999993604912,0.1010989980358803,0.0099999993604912,0.8785466440146092,0.8000000028326788,0.0957399932596401,14.01231474121845,146.35800843664185,0.0009999999040736,-0.8377475439160376,1.1022825567298349,0.9328619419852722,0.0607697114915115,0.0003367272503978,0.2752428453490518,0.5532799530430212,0.3170007096366822,1.0911718137852664,1.3730035462587944,6.306627337196578,16.34582559642923,0.050730420222908405,1.3770421853974708,1.052039246546634,0.2843932506674712,0.08875739644970414,-3.1763727396261254,0.40521440019423177,0.04173677102279053,0.1899235205871142,0.03747534516765286,-2.1190745294635582,0.6686716844311489,0.12014276566623397,0.4509481392487028,0.28402366863905326,-1.5672779209660885,0.4932391841001202,0.2086122692635475,0.9163618041566388,0.21700277744233787,0.20322169024018474,1.2046927976281163,1.2253440849635038,0.9095822842273678,0.21406432395443384,0.07067207468170812,1.0663931507882929,1.0732292291206293,1.2575850170027345,36.06541530787405,0.005613961023528279,1.007085014057904,1.0056297488329373,-2.953247755631736,1.8504916969951117,0.054577610751684213,8.689963907484135,0.05175305278175047,0.8968004412041576,1.4635799907691842
1,2025_november_01_07,november,2025-11-01,reports/seeded_monthly_windows_salinity/11_train_lgcp/seed_1/runs/2025_november_01_07/2024+2025_2025_november_01_07_20261002-235921,-2.095648288726806,0.0812623649835586,0.3598127067089081,-1.043769359588623,-0.3421193361282348,-0.6583154201507568,0.1904506683349609,0.0701015666127204,0.0460815913975238,1.789698703556499,0.1999999939858436,0.0952216945107998,0.0099999993604912,0.0996476641027133,0.0099999993604912,0.8529294321635802,0.8000000028326788,0.0724832929910011,14.019147705778916,193.41212474327585,0.0009999999040736,-0.8151929788079424,1.1698406963677883,0.9438473991825944,0.0506172003641726,0.0003094904088523,0.26946874481334826,0.5225373608868387,0.30156508518212843,1.0846554348440176,1.351973105690451,6.547204225713851,18.199494045622423,0.054956695148710925,1.4330609867152204,1.0564948623319512,0.3410047659342545,0.13432835820895522,-3.060864433167075,0.3521248919670022,0.0468471814543568,0.1742437435215362,0.03134328358208955,-1.9634526279903386,0.7102634395626015,0.1403729277901668,0.45073638419521106,0.2835820895522388,-1.4605331258673022,0.5177227456095683,0.23211249656197772,0.9667957927424997,0.23987206823027718,0.1969916188761139,1.209794690978904,1.2177338346850106,0.9637910859842775,0.23728297289064879,0.07273523031303901,1.0726171178093662,1.0754457537798245,1.2400474213818342,36.24631671452355,0.03716115255187035,1.0471598467068022,1.0378602611917662,-2.9108412675347486,1.7955319994840535,0.05320543302712056,8.559452344857885,0.050517621119934436,0.8953914969262953,1.9341211237440028
1,2025_november_08_14,november,2025-11-08,reports/seeded_monthly_windows_salinity/11_train_lgcp/seed_1/runs/2025_november_08_14/2024+2025_2025_november_08_14_20261003-001908,-2.0998263359069824,0.0812286958098411,0.3289430439472198,-1.0343163013458252,-0.3594463169574737,-0.6816098690032959,0.2079295068979263,0.073994256556034,0.0415727905929088,1.610567034055197,0.1999999939858436,0.0985346231869057,0.0099999993604912,0.0903140840968266,0.0099999993604912,0.9290385907141748,0.8000000028326788,0.0717659054702137,14.02541565298756,195.4328529834933,0.0009999999040736,-0.807143184898056,1.1646513081269854,0.9409510580538064,0.0543751197699858,0.0002248117526352,0.2696841066809183,0.5240959905996895,0.30119941738334743,1.0846189160065411,1.3514788230380146,6.514134561462095,18.190381577098798,0.05049681440313825,1.3894987129717724,1.051793512759553,0.3395092698856599,0.1329394387001477,-3.046503860392863,0.3554693317666352,0.04752478757393222,0.18116075563345485,0.033973412112259974,-1.9841290443982613,0.6980627245832293,0.13750031865349108,0.4507469689279501,0.28360413589364847,-1.5121784859128986,0.5058020615149985,0.22042925250131307,0.9655333279526794,0.24028577457570915,0.21535197271628193,1.2311263805722803,1.24029837133478,0.9621795428975729,0.23760286980375606,0.07690275385943321,1.0768006209344307,1.0799370515757332,1.2426124461697619,36.24597232313665,0.03345595863058758,1.0424490395735155,1.0340219029828377,-2.9069695208050383,1.7421773458336527,0.06118008198566465,10.286752060931532,0.057652874402981044,0.9114005522047885,1.9543284048539036
1,2025_november_15_21,november,2025-11-15,reports/seeded_monthly_windows_salinity/11_train_lgcp/seed_1/runs/2025_november_15_21/2024+2025_2025_november_15_21_20261003-003804,-2.0818026065826416,0.0904517471790313,0.3343164026737213,-1.0276949405670166,-0.3596956729888916,-0.6608943939208984,0.2010194957256317,0.0730974674224853,0.0435921512544155,1.8651604910874855,0.1999999939858436,0.0886180714420042,0.0099999993604912,0.0995195254206404,0.0099999993604912,0.8232327339680252,0.8000000028326788,0.0709063725948272,14.00071719780001,197.45358118659968,0.0009999999040736,-0.8064234148476497,1.1148577246195832,0.9322292511073328,0.0620863843358782,0.0004541922144117,0.268750216398911,0.5246647114501245,0.3365643696627655,1.0946686855151464,1.4001289922003042,6.482694618109433,18.175073358747696,0.05157059253413034,1.396985083470895,1.0529235122076472,0.33803243628063656,0.13157894736842105,-3.040225819376156,0.3578308320027683,0.047824088668858004,0.1802638100375407,0.033625730994152045,-1.9953848357803126,0.6978886801329649,0.1359613213165372,0.4507573357274379,0.28362573099415206,-1.4661866630619302,0.516389272463658,0.23080394239453983,0.9639682452463987,0.24051199427139278,0.20853331706403813,1.2226486080127803,1.2318699716679777,0.9612857785192297,0.23827425707124955,0.07604134905135605,1.0758353907072566,1.0790071891585615,1.2439055748112884,36.25170071481563,0.0350445822714709,1.0445562470455259,1.035665880107825,-2.8882260214302913,1.8028535829192258,0.047512303560716784,8.272072545447312,0.04535727494485017,0.8921492476360088,1.974535685592694
1,2025_november_22_28,november,2025-11-22,reports/seeded_monthly_windows_salinity/11_train_lgcp/seed_1/runs/2025_november_22_28/2024+2025_2025_november_22_28_20261003-005612,-2.114058017730713,0.083667479455471,0.3366775214672088,-1.022828221321106,-0.3403565585613251,-0.6755879521369934,0.208080843091011,0.0767706036567688,0.0461337976157665,1.591561247290139,0.1999999939858436,0.1001135962014891,0.0099999993604912,0.0979194276036532,0.0099999993604912,0.8624509301137675,0.8000000028326788,0.0703489390418042,14.032806029051502,199.4743093525922,0.0009999999040736,-0.778149209404539,1.128358970136178,0.9393455458944604,0.0549844114148278,0.0002230329571681,0.26844784817648887,0.5258041533896964,0.31167126137835344,1.087267294979663,1.3657056590301904,6.453987880512588,18.15234515540144,0.05216581247135364,1.4002874282857205,1.0535504198299335,0.33657390639612594,0.13024602026049203,-3.0389409335770154,0.35957653868623257,0.047885576655306406,0.17938003394903304,0.03328509406657019,-1.8974049177514931,0.7115165802000614,0.1499572661585853,0.45076749125623805,0.28364688856729375,-1.4987503873764414,0.508857148989304,0.2234091606982468,0.9663941239124675,0.24111757582917392,0.21531675114971852,1.2313127086506577,1.240254686852458,0.9596261426704892,0.2384299595380844,0.0800005337944715,1.0797943471049227,1.0832876459277607,1.2453003898778716,36.25642938551081,0.0370463207036263,1.0472145163893307,1.0377410886222886,-2.892207227135252,1.6246343745856167,0.06290276065212497,8.807761148325902,0.0591801649038263,0.898039931348584,1.9947429659603457
10,2025_may_01_07,may,2025-05-01,reports/seeded_monthly_windows_salinity/11_train_lgcp/seed_10/runs/2025_may_01_07/2024+2025_2025_may_01_07_20261002-222848,-2.147457838058472,0.0758148431777954,0.3199104368686676,-0.929389238357544,-0.4022073745727539,-0.7330614328384399,0.1905165761709213,0.0755763202905654,0.0045580132864415,1.835054208144004,0.1999999939858436,0.0924399070705868,0.0099999993604912,0.1012993066182627,0.0099999993604912,0.8920131694165202,0.8000000028326788,0.1000704027381091,14.039459077389754,140.295818676097,0.0009999999040736,-0.8598759559717393,1.1666009461508078,0.945342051037139,0.0488160210217537,0.0003201209777348,0.2777668892288728,0.5579595013075074,0.27294413451606864,1.078762815369697,1.3138268452019963,6.429407184160369,16.272330222887106,0.04975737695643326,1.3770044299843263,1.0510160647225366,0.2898606637500495,0.09259259259259259,-3.206331022407953,0.3947947622489118,0.04050495274250908,0.18885257457753857,0.037037037037037035,-2.129742607282363,0.6688420304775298,0.11886788564331416,0.4509131448827848,0.2839506172839506,-1.625726464525668,0.4804359140949313,0.19676867780502616,0.9017655836168964,0.21206013269505333,0.21127062246795597,1.2098744285565795,1.2352465953150518,0.8885125585318879,0.20735701688082642,0.08505937205371873,1.0785055364330158,1.0887817079854911,1.2588469489758647,36.04353550934737,0.0036207843138911155,1.0045684168294913,1.003627347272043,-3.0073337940302114,1.9146039521262783,0.0503744830318019,8.805718412051835,0.047958593668803666,0.8980186909333499,1.4029580970405595
10,2025_may_08_14,may,2025-05-08,reports/seeded_monthly_windows_salinity/11_train_lgcp/seed_10/runs/2025_may_08_14/2024+2025_2025_may_08_14_20261002-225216,-2.13287091255188,0.0831837952136993,0.3106663525104522,-0.9281163215637208,-0.4042536914348602,-0.6968299150466919,0.1892629265785217,0.0665664970874786,-0.0025359753053635,2.0126770307729576,0.1999999939858436,0.0905281772644354,0.0099999993604912,0.1095455000093726,0.0099999993604912,0.8061307888763123,0.8000000028326788,0.0984970658630952,14.017762464615444,142.31654863810112,0.0009999999040736,-0.8497772940625764,1.1421152821327374,0.9449519273476376,0.0479945521396685,0.0004855385567086,0.27666509195222844,0.5572405849934394,0.3006660313620722,1.0867415280853188,1.3507581553398804,6.3865916875319915,16.29345218163233,0.04864352814615347,1.3643339386449127,1.0498460434636205,0.2880038839642541,0.09127789046653144,-3.2225826568329023,0.3952976231140124,0.03985200119422995,0.1924948221357647,0.038539553752535496,-2.1000756641118588,0.6674747671565804,0.12244716304662298,0.4509251425620763,0.2839756592292089,-1.5453339130469164,0.49816201923151354,0.2132406554966435,0.8985378561896344,0.21157428488636834,0.21063433808021792,1.2083586203170806,1.2344608771880434,0.8973009213647343,0.21016682535082998,0.07418525435841015,1.0688320359295047,1.0770063071288067,1.2576599173413487,36.04713977468366,-0.0020164237329949003,0.9974672375635186,0.9979856078835778,-2.9826482066144564,1.9258551396607249,0.04497898862077666,7.358867217798454,0.043042959820792676,0.8803665647576373,1.423165395368326
10,2025_may_15_21,may,2025-05-15,reports/seeded_monthly_windows_salinity/11_train_lgcp/seed_10/runs/2025_may_15_21/2024+2025_2025_may_15_21_20261002-231149,-2.123666524887085,0.0777229145169258,0.3288602530956268,-0.9229266047477722,-0.3804462552070617,-0.7167263627052307,0.1890887171030044,0.0560198947787284,0.0017619638238102,1.886025855538472,0.1999999939858436,0.0927283006488473,0.0099999993604912,0.1019244121276424,0.0099999993604912,0.8662487051775378,0.8000000028326788,0.0972847597011175,14.041817455599412,144.33727850836334,0.0009999999040736,-0.8372756792796786,1.1429528427956113,0.9309761156987424,0.0628834686070725,0.0003520731847647,0.2758395597469081,0.5549743192250631,0.2817685562877172,1.080823136774444,1.325471912343892,6.344179785492751,16.31283825765337,0.051836528001244886,1.3893836799519448,1.0532035591492588,0.2861817604250977,0.09,-3.2249665505476184,0.3973544383639608,0.03975711140758498,0.1911962342725241,0.038,-1.989820859467282,0.6835563005808074,0.1367199153303583,0.45093680266755154,0.284,-1.5894164292321684,0.4883483173360422,0.20404465149071646,0.9129727991267401,0.21587755102040818,0.20711319908311404,1.208148131130736,1.23012181256094,0.8964394338025207,0.21012244897959184,0.06249155566606767,1.057618724617814,1.064485470009132,1.257472596385787,36.05697749834645,0.00140119460962761,1.0017635169941443,1.0014021767414603,-2.9609422041667637,1.9157765797764583,0.04916597531075352,8.49893256281639,0.04686196127947344,0.8947250132173268,1.4433726927786736
10,2025_may_22_28,may,2025-05-22,reports/seeded_monthly_windows_salinity/11_train_lgcp/seed_10/runs/2025_may_22_28/2024+2025_2025_may_22_28_20261002-233156,-2.1311352252960205,0.0899330154061317,0.3267999291419983,-0.9162319898605348,-0.3898162245750427,-0.7108719348907471,0.1955965757369995,0.0737774893641471,0.011050104163587,1.7102675550022066,0.1999999939858436,0.1006999044761436,0.0099999993604912,0.0927139756744513,0.0099999993604912,0.957809053180688,0.8000000028326788,0.0959684359943345,14.045749164910138,146.35800843664185,0.0009999999040736,-0.8414014741278384,1.1862931055875945,0.9412586921397728,0.0536822002392523,0.000216446916767,0.2752428453490518,0.5532799530430212,0.326740610794378,1.0941009933398853,1.3864418024966627,6.306627337196578,16.34582559642923,0.051818493731907646,1.38652404637272,1.0531845655638743,0.2843932506674712,0.08875739644970414,-3.2217079262962027,0.40002349749558647,0.039886876207518955,0.1899235205871142,0.03747534516765286,-2.052490514971481,0.6771813123469549,0.12841468630155606,0.4509481392487028,0.28402366863905326,-1.5763939864018233,0.4912157025683369,0.20671918800255656,0.9163618041566388,0.21700277744233787,0.21344907093439383,1.2160362278463683,1.2379404495122228,0.9095822842273678,0.21406432395443384,0.08111139656465098,1.076567231184143,1.08449169848778,1.2575850170027345,36.06541530787405,0.00878676512059858,1.0111113820656716,1.0088254820570337,-2.972536699423859,1.9024630206892932,0.05887962043226253,10.330794750339093,0.055605584710589025,0.9117449373999055,1.4635799907691842
10,2025_november_01_07,november,2025-11-01,reports/seeded_monthly_windows_salinity/11_train_lgcp/seed_10/runs/2025_november_01_07/2024+2025_2025_november_01_07_20261002-235106,-2.109879970550537,0.0774727910757064,0.33529132604599,-1.030945062637329,-0.3298631012439728,-0.6587343811988831,0.2099252045154571,0.0768016800284385,0.0394330620765686,1.6346561688691286,0.1999999939858436,0.1068273275096279,0.0099999993604912,0.0995027516305739,0.0099999993604912,0.8374894211832011,0.8000000028326788,0.0724494467042391,14.012601423541616,193.41212474327585,0.0009999999040736,-0.8044148550303217,1.135878431100479,0.9486994998959372,0.0458230782579381,0.0003381133253906,0.26946874481334826,0.5225373608868387,0.2875019554841848,1.0805528313783916,1.3330931990033212,6.547204225713851,18.199494045622423,0.05121137427318188,1.3983477009953897,1.0525453507799918,0.3410047659342545,0.13432835820895522,-3.0232570498328304,0.3566697260084386,0.04864252893188236,0.1742437435215362,0.03134328358208955,-1.8931130299275412,0.7190221599337906,0.1506022490303268,0.45073638419521106,0.2835820895522388,-1.4614626293704955,0.5175058853765963,0.2318968474221302,0.9667957927424997,0.23987206823027718,0.21713500006031722,1.233585789859215,1.2425118299878675,0.9637910859842775,0.23728297289064879,0.07968706200473344,1.0798279037167864,1.082948119029423,1.2400474213818342,36.24631671452355,0.0317996403981283,1.0402208663297525,1.0323106512321218,-2.9142948255808587,1.631756405191261,0.0653515580487682,8.41674634579521,0.06134271598425412,0.8938062082933218,1.9341211237440028
10,2025_november_08_14,november,2025-11-08,reports/seeded_monthly_windows_salinity/11_train_lgcp/seed_10/runs/2025_november_08_14/2024+2025_2025_november_08_14_20261003-001425,-2.108614683151245,0.0911728218197822,0.3453090488910675,-1.0379551649093628,-0.3511784076690674,-0.6678947806358337,0.2023978382349014,0.0741576924920082,0.0414566546678543,1.6647975375343045,0.1999999939858436,0.1061832401257018,0.0099999993604912,0.0983374368962024,0.0099999993604912,0.8715305292672504,0.8000000028326788,0.0716347208803949,13.999777874331798,195.4328529834933,0.0009999999040736,-0.7736455025230977,1.149266990674413,0.935972249579474,0.0587169353645438,0.000375465573169,0.2696841066809183,0.5240959905996895,0.3380726544914825,1.0954583079984561,1.4022423789113942,6.514134561462095,18.190381577098798,0.05300919801901713,1.4124263610239156,1.0544393438278883,0.3395092698856599,0.1329394387001477,-3.057221869844455,0.3541781779583042,0.04701813644746142,0.18116075563345485,0.033973412112259974,-1.9384905215322223,0.7038581689580218,0.14392103159457226,0.4507469689279501,0.28360413589364847,-1.4817510192566459,0.5127869713225037,0.22723943918068107,0.9655333279526794,0.24028577457570915,0.2096228399117683,1.2243349985079695,1.233212853564957,0.9621795428975729,0.23760286980375606,0.07707261398292119,1.0769766232339293,1.0801205053969765,1.2426124461697619,36.24597232313665,0.033362497531423105,1.0423279808197536,1.0339252666751628,-2.882260185674343,1.7176175249436805,0.06378147356162449,8.86265248287051,0.05995730810020508,0.8986073977830199,1.9543284048539036
10,2025_november_15_21,november,2025-11-15,reports/seeded_monthly_windows_salinity/11_train_lgcp/seed_10/runs/2025_november_15_21/2024+2025_2025_november_15_21_20261003-003453,-2.105889320373535,0.1566923707723617,0.3880172669887543,-1.035987377166748,-0.3446493148803711,-0.646926760673523,0.1886767596006393,0.0803023800253868,0.0601298734545707,1.5349545043196289,0.1999999939858436,0.1136915884115914,0.0099999993604912,0.0996508952233076,0.0099999993604912,0.880110659137372,0.8000000028326788,0.0722602579345906,14.268046706652326,197.45358118659968,0.0009999999040736,-0.7909887012159343,1.1345876294809127,0.958260336688312,0.0369475128173679,0.0002123651984831,0.268750216398911,0.5246647114501245,0.5830409101504881,1.169635744409894,1.7914778793889838,6.482694618109433,18.175073358747696,0.05985431828067706,1.4740552365635917,1.061681867638837,0.33803243628063656,0.13157894736842105,-3.064757301298344,0.3548758116079504,0.04666516606544826,0.1802638100375407,0.033625730994152045,-1.9119162898454019,0.7084687593607588,0.14779689336867513,0.4507573357274379,0.28362573099415206,-1.435199628264517,0.5236526162087808,0.2380678342021188,0.9639682452463987,0.24051199427139278,0.19572922710997795,1.2076505279468681,1.2161975474209785,0.9612857785192297,0.23827425707124955,0.08353642779266438,1.0836146815754368,1.0871248161289897,1.2439055748112884,36.25170071481563,0.04833958032842882,1.0619744598812957,1.0495269935394833,-2.8968780215894694,1.6152800584050016,0.07406837667933708,8.831939313391343,0.06896057856980382,0.8982906659484792,1.974535685592694
10,2025_november_22_28,november,2025-11-22,reports/seeded_monthly_windows_salinity/11_train_lgcp/seed_10/runs/2025_november_22_28/2024+2025_2025_november_22_28_20261003-005222,-2.1074676513671875,0.0868852734565734,0.3280277550220489,-1.0231075286865234,-0.3377097547054291,-0.6768707036972046,0.2056583613157272,0.0758866295218467,0.039306417107582,1.4806990661157442,0.1999999939858436,0.1182584626379297,0.0099999993604912,0.0925156213308135,0.0099999993604912,0.9205805435348962,0.8000000028326788,0.0703250758309778,14.028045931552974,199.4743093525922,0.0009999999040736,-0.7792658064175451,1.1129475166528842,0.9439706467274492,0.0510779544352151,0.000220517581777,0.26844784817648887,0.5258041533896964,0.323657924795327,1.0907715320919926,1.3821744186452283,6.453987880512588,18.15234515540144,0.0508255920362832,1.3882275020396408,1.0521393757941349,0.33657390639612594,0.13024602026049203,-3.0397707880610074,0.3594761203349916,0.04784585507864426,0.17938003394903304,0.03328509406657019,-1.882649630902523,0.7134023195182283,0.1521863334572576,0.45076749125623805,0.28364688856729375,-1.501596092945484,0.508204830158459,0.2227743077361995,0.9663941239124675,0.24111757582917392,0.2128100287728519,1.2283334860674258,1.2371496060895648,0.9596261426704892,0.2384299595380844,0.07907936867024705,1.0788402585879604,1.0822902185969945,1.2453003898778716,36.25642938551081,0.031563803743317576,1.0400891359320692,1.0320672232471588,-2.8867334577847323,1.6198977401635,0.07986664228009016,9.950541652237547,0.07395972720432896,0.908680316302375,1.9947429659603457
2,2025_may_01_07,may,2025-05-01,reports/seeded_monthly_windows_salinity/11_train_lgcp/seed_2/runs/2025_may_01_07/2024+2025_2025_may_01_07_20261002-222847,-2.154585838317871,0.0726528316736221,0.3242489993572235,-0.919029176235199,-0.3890040516853332,-0.7181340456008911,0.1892420947551727,0.0714282989501953,0.0026203177403658,1.8770966182344864,0.1999999939858436,0.0939118105954413,0.0099999993604912,0.0997522059466195,0.0099999993604912,0.8709318089927324,0.8000000028326788,0.099981902470103,14.027042859836794,140.295818676097,0.0009999999040736,-0.8424886354851933,1.150330306342981,0.9394487856385406,0.0547276220653132,0.000339789781108,0.2777668892288728,0.5579595013075074,0.2615604468744222,1.075357142163735,1.298955456996274,6.429407184160369,16.272330222887106,0.05043217672634743,1.3829916282763135,1.0517255294675893,0.2898606637500495,0.09259259259259259,-3.1705894975376494,0.3989061207029691,0.04197884418275459,0.18885257457753857,0.037037037037037035,-2.0598292215794864,0.6777315240535324,0.12747573814120802,0.4509131448827848,0.2839506172839506,-1.5926216694959527,0.4876613613841132,0.2033916863722161,0.9017655836168964,0.21206013269505333,0.2098573045958802,1.2083334482659507,1.2335020323268895,0.8885125585318879,0.20735701688082642,0.08039087153502715,1.0740411380632708,1.0837105765173594,1.2588469489758647,36.04353550934737,0.002081522096468963,1.0026237537734066,1.002083689967484,-2.9970744738030644,1.913226375175938,0.05003035522154985,8.730952871947464,0.047646579903867406,0.8972351409816386,1.4029580970405595
2,2025_may_08_14,may,2025-05-08,reports/seeded_monthly_windows_salinity/11_train_lgcp/seed_2/runs/2025_may_08_14/2024+2025_2025_may_08_14_20261002-225217,-2.120832920074463,0.0659389793872833,0.3327400982379913,-0.91213196516037,-0.3993037045001983,-0.7175254225730896,0.180781751871109,0.0655127093195915,-0.0072249989025294,2.064990099590767,0.1999999939858436,0.0811061677787964,0.0099999993604912,0.0968061857850977,0.0099999993604912,0.8813252198581296,0.8000000028326788,0.0985672596520691,14.027752202398036,142.31654863810112,0.0009999999040736,-0.8825478372281039,1.1559600581392766,0.9267347830907224,0.0669655868994567,0.0003187987183201,0.27666509195222844,0.5572405849934394,0.23833501697665904,1.0681615353059302,1.2691343031485622,6.3865916875319915,16.29345218163233,0.05209979195751185,1.3947847443449384,1.053480866185867,0.2880038839642541,0.09127789046653144,-3.1670821678001406,0.40166697055377204,0.04212633633190724,0.1924948221357647,0.038539553752535496,-2.074360754589925,0.6707869493996124,0.12563671452200095,0.4509251425620763,0.2839756592292089,-1.5912295741511286,0.487958253656993,0.20367502416284308,0.8985378561896344,0.21157428488636834,0.20119547621258532,1.1981536559622112,1.222863789243485,0.8973009213647343,0.21016682535082998,0.07301085707117193,1.0677063070479529,1.075742216261106,1.2576599173413487,36.04713977468366,-0.0057447953957241536,0.9928010386571912,0.9942716743877404,-3.003380757302567,2.0991641586478744,0.039276782874101794,9.104017607042218,0.03779241826752113,0.9010294677927889,1.423165395368326
2,2025_may_15_21,may,2025-05-15,reports/seeded_monthly_windows_salinity/11_train_lgcp/seed_2/runs/2025_may_15_21/2024+2025_2025_may_15_21_20261002-231259,-2.110118865966797,0.0853625833988189,0.319506287574768,-0.9266173839569092,-0.4027247130870819,-0.7254660129547119,0.1878690123558044,0.0578076429665088,0.0263500604778528,1.9276794770337011,0.1999999939858436,0.083965499788383,0.0099999993604912,0.094416023537648,0.0099999993604912,0.9079665455493872,0.8000000028326788,0.0971261228693758,14.018920247034623,144.33727850836334,0.0009999999040736,-0.8830598069803834,1.1564775093759974,0.942775348300294,0.0514927885609131,0.0003050726511407,0.2758395597469081,0.5549743192250631,0.30946461586997126,1.089111889006476,1.3626953533321957,6.344179785492751,16.31283825765337,0.05036211115980409,1.3764480270587496,1.0516518423040155,0.2861817604250977,0.09,-3.237863176816374,0.395890593889254,0.039247670893148505,0.1911962342725241,0.038,-2.1063422855549176,0.6684961022238821,0.12168223229801804,0.45093680266755154,0.284,-1.6087975269775312,0.48409892001369265,0.20012811810942246,0.9129727991267401,0.21587755102040818,0.20577722856091812,1.206675445423323,1.2284795033632552,0.8964394338025207,0.21012244897959184,0.06448583226788684,1.0595111716814878,1.0666104666862397,1.257472596385787,36.05697749834645,0.0209547790970458,1.026700292768753,1.021175872098385,-2.99317867294718,2.01643785995795,0.04355781175695686,9.616657337695855,0.04173972085324336,0.9058083944699461,1.4433726927786736
2,2025_may_22_28,may,2025-05-22,reports/seeded_monthly_windows_salinity/11_train_lgcp/seed_2/runs/2025_may_22_28/2024+2025_2025_may_22_28_20261002-233515,-2.1078124046325684,0.0837104097008705,0.33089280128479,-0.9051018953323364,-0.3924948275089264,-0.7076360583305359,0.1881082653999328,0.0634380578994751,0.0180756840854883,2.053159655390015,0.1999999939858436,0.0872088216790585,0.0099999993604912,0.1023975963033142,0.0099999993604912,0.8221615792454423,0.8000000028326788,0.0958252870622259,14.024798172296885,146.35800843664185,0.0009999999040736,-0.8568222245345043,1.1498345779491166,0.9388076941368044,0.0545025585088915,0.000650460861101,0.2752428453490518,0.5532799530430212,0.30413291795001013,1.0873139726333858,1.355449207646742,6.306627337196578,16.34582559642923,0.05246747327738545,1.3922105411272592,1.0538682826397399,0.2843932506674712,0.08875739644970414,-3.1825716440459173,0.40450066627323106,0.041478849011295706,0.1899235205871142,0.03747534516765286,-2.06659410217123,0.6753698396880171,0.1266162903029558,0.4509481392487028,0.28402366863905326,-1.56921826866718,0.49280779045701034,0.2082078813798877,0.9163618041566388,0.21700277744233787,0.2052772873625562,1.2069641807359395,1.2278654893464214,0.9095822842273678,0.21406432395443384,0.06974416608538246,1.065493484852822,1.072233832383116,1.2575850170027345,36.06541530787405,0.014373329708212479,1.0182400380396732,1.014477122699084,-2.9646346291670724,1.9788973145295303,0.042475421455957084,8.02911014444225,0.04074477017082517,0.8892471147208746,1.4635799907691842
2,2025_november_01_07,november,2025-11-01,reports/seeded_monthly_windows_salinity/11_train_lgcp/seed_2/runs/2025_november_01_07/2024+2025_2025_november_01_07_20261002-235531,-2.064517021179199,0.087904006242752,0.3394901752471924,-1.0154176950454712,-0.3429049551486969,-0.6384890079498291,0.2004295587539672,0.0771950185298919,0.0336335934698581,1.7601633557367686,0.1999999939858436,0.0869138436767236,0.0099999993604912,0.0981301632202907,0.0099999993604912,0.8479281664198999,0.8000000028326788,0.0724775558053112,14.018038064504596,193.41212474327585,0.0009999999040736,-0.8385869824148214,1.1088462931247216,0.941867922426091,0.0522689775957955,0.0003303098758522,0.26946874481334826,0.5225373608868387,0.3262122525699227,1.0918833030165596,1.3857094580547265,6.547204225713851,18.199494045622423,0.05185269369082149,1.4042314960623887,1.0532205850486742,0.3410047659342545,0.13432835820895522,-2.97772288391196,0.3622510877427035,0.05090862683102774,0.1742437435215362,0.03134328358208955,-1.9679613638828557,0.7097056622238738,0.13974144798988525,0.45073638419521106,0.2835820895522388,-1.4165464123555278,0.5280897609370472,0.24255024059404665,0.9667957927424997,0.23987206823027718,0.20731323021732515,1.2219275351102543,1.2303678998340621,0.9637910859842775,0.23728297289064879,0.08009517794103274,1.0802527251500977,1.0833901776144252,1.2400474213818342,36.24631671452355,0.02712282844181785,1.0342055976121762,1.0274940005000537,-2.9031040035940205,1.7474427699936097,0.049378282642603494,8.640851483314062,0.047054797549513146,0.8962747220273278,1.9341211237440028
2,2025_november_08_14,november,2025-11-08,reports/seeded_monthly_windows_salinity/11_train_lgcp/seed_2/runs/2025_november_08_14/2024+2025_2025_november_08_14_20261003-001650,-2.09802794456482,0.0899972692131996,0.3477043211460113,-1.038141131401062,-0.3410676419734955,-0.6558841466903687,0.2137602716684341,0.0849573537707328,0.033247735351324,1.757202555306817,0.1999999939858436,0.0854828289257857,0.0099999993604912,0.0965473856833418,0.0099999993604912,0.8732315380468003,0.8000000028326788,0.0717072068525148,14.013944014664473,195.4328529834933,0.0009999999040736,-0.7906074117915183,1.1220993685807483,0.9341214196149022,0.0599242566206383,0.000253963427875,0.2696841066809183,0.5240959905996895,0.33371365602824166,1.0941712957525989,1.3961433091118682,6.514134561462095,18.190381577098798,0.05337690185324775,1.415813561713087,1.0548271365096362,0.3395092698856599,0.1329394387001477,-3.057769620696035,0.3541123188091001,0.04699238927534408,0.18116075563345485,0.033973412112259974,-1.8826795062810542,0.7110108124052529,0.15218178690085366,0.4507469689279501,0.28360413589364847,-1.4551049522314343,0.5189830025746733,0.23337586929754647,0.9655333279526794,0.24028577457570915,0.2213908784709609,1.2383257574397544,1.2478110777385796,0.9621795428975729,0.23760286980375606,0.0882967782861881,1.0886706380107765,1.092312248486059,1.2426124461697619,36.24597232313665,0.026756319280244675,1.0338066179658223,1.0271174835380816,-2.888635356356338,1.7869974486943565,0.04864711166485866,9.044590196474548,0.046390354890336064,0.9004439225055713,1.9543284048539036
2,2025_november_15_21,november,2025-11-15,reports/seeded_monthly_windows_salinity/11_train_lgcp/seed_2/runs/2025_november_15_21/2024+2025_2025_november_15_21_20261003-003623,-2.1087050437927246,0.0849063321948051,0.346683919429779,-1.012184739112854,-0.3490706980228424,-0.6593323945999146,0.2061883062124252,0.0692097842693328,0.0245509296655654,1.713473711692176,0.1999999939858436,0.091991263500257,0.0099999993604912,0.0958978065251618,0.0099999993604912,0.8654380035808348,0.8000000028326788,0.0709798307569085,14.015221774970335,197.45358118659968,0.0009999999040736,-0.7691823948576546,1.143923844527986,0.9385634013262092,0.0559811313319418,0.0002979299768963,0.268750216398911,0.5246647114501245,0.3159302840105514,1.0886150937361492,1.371534634398817,6.482694618109433,18.175073358747696,0.053478366613370326,1.4143695999606651,1.0549341697219707,0.33803243628063656,0.13157894736842105,-2.9943420526441202,0.3634241247126184,0.05006955938574661,0.1802638100375407,0.033625730994152045,-1.936443582048704,0.7053432621331278,0.1442159309542553,0.4507573357274379,0.28362573099415206,-1.462721385412121,0.51719650243882,0.2316051295037679,0.9639682452463987,0.24051199427139278,0.2138953302966133,1.2289846076438502,1.2384930153123483,0.9612857785192297,0.23827425707124955,0.07199709578138559,1.0716610031889215,1.0746522230342914,1.2439055748112884,36.25170071481563,0.019736972132543096,1.024854785289539,1.0199330339314487,-2.8778874386503794,1.7356581345446207,0.053687000198800336,9.024586014423175,0.05095156359400006,0.9002452571546377,1.974535685592694
2,2025_november_22_28,november,2025-11-22,reports/seeded_monthly_windows_salinity/11_train_lgcp/seed_2/runs/2025_november_22_28/2024+2025_2025_november_22_28_20261003-005239,-2.0738565921783447,0.0840940475463867,0.3403275609016418,-1.018926739692688,-0.3310748338699341,-0.6566683650016785,0.1997177898883819,0.0758276209235191,0.0357768647372722,1.652037528391335,0.1999999939858436,0.0859707850358169,0.0099999993604912,0.0941308638857883,0.0099999993604912,0.8887520567121859,0.8000000028326788,0.0702404711669989,14.011169474637788,199.4743093525922,0.0009999999040736,-0.8006909187627076,1.1352770724765913,0.9395679789742194,0.0552300497659809,0.0002488758100623,0.26844784817648887,0.5258041533896964,0.31326027799298933,1.0877311874478257,1.3678775131122125,6.453987880512588,18.15234515540144,0.05273136039335301,1.4054078718440783,1.054146421598485,0.33657390639612594,0.13024602026049203,-3.0273491804604618,0.3609821601661385,0.04844388406700365,0.17938003394903304,0.03328509406657019,-1.8456615632261606,0.7181514249793275,0.15792081172206768,0.45076749125623805,0.28364688856729375,-1.4567784450729089,0.5185761661459346,0.23298564306238126,0.9663941239124675,0.24111757582917392,0.20666287692211963,1.221058114584697,1.229567986157532,0.9596261426704892,0.2384299595380844,0.07901787743350001,1.0787765996147136,1.0822236692790546,1.2453003898778716,36.25642938551081,0.028729505770716805,1.0364245578215474,1.0291461787194682,-2.8745475109410523,1.7082586871248386,0.052039244604528204,9.441664721047653,0.04946511726764553,0.9042298305188575,1.9947429659603457
3,2025_may_01_07,may,2025-05-01,reports/seeded_monthly_windows_salinity/11_train_lgcp/seed_3/runs/2025_may_01_07/2024+2025_2025_may_01_07_20261002-222848,-2.141535758972168,0.0663226023316383,0.3228111565113067,-0.9249331951141356,-0.3999335169792175,-0.7214776873588562,0.1957155615091323,0.0774373710155487,-0.0002050883485935,1.9290653079686864,0.1999999939858436,0.0971121372463849,0.0099999993604912,0.0988390146578666,0.0099999993604912,0.9159594738345204,0.8000000028326788,0.099997278867678,14.029200104122864,140.295818676097,0.0009999999040736,-0.8564967053275516,1.1558222264059788,0.9371688836148044,0.0574123080472646,0.0003525027516205,0.2777668892288728,0.5579595013075074,0.23877072791419054,1.068571385188034,1.2696873993319187,6.429407184160369,16.272330222887106,0.05020854135768403,1.3810045325656515,1.0514903527389714,0.2898606637500495,0.09259259259259259,-3.190957969763421,0.39655791019604414,0.04113244841741136,0.18885257457753857,0.037037037037037035,-2.1177022228786924,0.6703646124186283,0.12030775155439997,0.4509131448827848,0.2839506172839506,-1.6000369373716192,0.486033519469142,0.20188906060567063,0.9017655836168964,0.21206013269505333,0.21703596263247896,1.2161809274643072,1.2423887809054999,0.8885125585318879,0.20735701688082642,0.08715394090039702,1.080514558809913,1.0910646262619832,1.2588469489758647,36.04353550934737,-0.00016291761977923504,0.9997949326805843,0.9998370956505755,-2.99803246429972,2.0561618088216203,0.0503415497885058,9.267185402496514,0.047928742606290736,0.9026023237335479,1.4029580970405595
3,2025_may_08_14,may,2025-05-08,reports/seeded_monthly_windows_salinity/11_train_lgcp/seed_3/runs/2025_may_08_14/2024+2025_2025_may_08_14_20261002-225203,-2.1515872478485107,0.0812652632594108,0.3222312331199646,-0.913696587085724,-0.3921670913696289,-0.7308059930801392,0.1913828998804092,0.0686743110418319,0.0058758319355547,2.1211177090981383,0.1999999939858436,0.0817832282339968,0.0099999993604912,0.1000776560285046,0.0099999993604912,0.8628278704442026,0.8000000028326788,0.0987294978597149,14.050841384167423,142.31654863810112,0.0009999999040736,-0.8535175112679606,1.161089907020422,0.9336170860631248,0.06033716934989,0.0004572159235093,0.27666509195222844,0.5572405849934394,0.2937315390459264,1.0846585784792278,1.34142373542775,6.3865916875319915,16.29345218163233,0.050454334469045466,1.3802038879123872,1.0517488335894427,0.2880038839642541,0.09127789046653144,-3.172514809554195,0.4010390049973992,0.04189809956384356,0.1924948221357647,0.038539553752535496,-2.0372864424012267,0.6755912190669043,0.13038203043456936,0.4509251425620763,0.2839756592292089,-1.6206814038530426,0.48152073126691386,0.19776389608040576,0.8985378561896344,0.21157428488636834,0.21299369699568704,1.2109230256062016,1.2373768520273865,0.8973009213647343,0.21016682535082998,0.07653431463926605,1.0710873110248624,1.079539233700975,1.2576599173413487,36.04713977468366,0.0046720356230927785,1.0058931284966564,1.0046829665981964,-3.0051047591164712,2.12118548682902,0.038556666555185935,8.62158352508224,0.03712524101653065,0.8960670042105723,1.423165395368326
3,2025_may_15_21,may,2025-05-15,reports/seeded_monthly_windows_salinity/11_train_lgcp/seed_3/runs/2025_may_15_21/2024+2025_2025_may_15_21_20261002-230833,-2.120117425918579,0.0749304890632629,0.3329291939735412,-0.9232839345932008,-0.403931587934494,-0.7198082804679871,0.1939984560012817,0.0631327405571937,0.0082255359739065,1.8114609512657096,0.1999999939858436,0.0907309012402688,0.0099999993604912,0.092228043126897,0.0099999993604912,0.9457419586334644,0.8000000028326788,0.09735947464832,14.052601607742517,144.33727850836334,0.0009999999040736,-0.8720144006066614,1.163212023164522,0.9329388908062592,0.0621722063492707,0.0002441147751593,0.2758395597469081,0.5549743192250631,0.27164518799266535,1.0778092287515935,1.312121362294414,6.344179785492751,16.31283825765337,0.05247789394853706,1.3950485171304725,1.0538792647117705,0.2861817604250977,0.09,-3.2262151620765214,0.39721247712892344,0.03970750119831053,0.1911962342725241,0.038,-2.1126545168182798,0.6676897977446811,0.12091656498397516,0.45093680266755154,0.284,-1.5962509074662026,0.4868455848208874,0.20265486739564706,0.9129727991267401,0.21587755102040818,0.21249094845634123,1.2140944083945755,1.2367549189734763,0.8964394338025207,0.21012244897959184,0.07042610819717844,1.0651682208707025,1.0729652831623087,1.257472596385787,36.05697749834645,0.0065413242384352865,1.0082594586418538,1.0065627654255882,-2.9921318265252403,1.9744180804941758,0.050087141639389474,10.254386047551867,0.04769808109562578,0.9111457527958597,1.4433726927786736
3,2025_may_22_28,may,2025-05-22,reports/seeded_monthly_windows_salinity/11_train_lgcp/seed_3/runs/2025_may_22_28/2024+2025_2025_may_22_28_20261002-232957,-2.1197173595428467,0.0813048854470253,0.3198882043361664,-0.8902091979980469,-0.3803769946098327,-0.7036203742027283,0.198798269033432,0.0618458501994609,0.0125886723399162,1.7419163902246884,0.1999999939858436,0.0971047053093543,0.0099999993604912,0.092693000654545,0.0099999993604912,0.9403194657288352,0.8000000028326788,0.0958643625913682,14.03051718892076,146.35800843664185,0.0009999999040736,-0.8315263441516005,1.1505957649002263,0.9338055928917725,0.0608969726313641,0.0001904517832205,0.2752428453490518,0.5532799530430212,0.29539327477856053,1.0847015558763458,1.343654680288539,6.306627337196578,16.34582559642923,0.050722547446154176,1.3769738160288965,1.0520309641091121,0.2843932506674712,0.08875739644970414,-3.1302050801442203,0.41056985337628527,0.04370883251986113,0.1899235205871142,0.03747534516765286,-2.002790351789847,0.6836036457379833,0.13495817656162803,0.4509481392487028,0.28402366863905326,-1.56031328874089,0.4947907296432241,0.21007024824693624,0.9163618041566388,0.21700277744233787,0.21694298925563937,1.2199358422387194,1.2422732771946596,0.9095822842273678,0.21406432395443384,0.06799368377320036,1.0637983477851856,1.0703585478300786,1.2575850170027345,36.06541530787405,0.010010195867249926,1.0126682432222416,1.010060465474088,-2.9512437036944474,1.8997317176286872,0.055745904828892995,10.144449517103087,0.05280238793625996,0.910269233265822,1.4635799907691842
3,2025_november_01_07,november,2025-11-01,reports/seeded_monthly_windows_salinity/11_train_lgcp/seed_3/runs/2025_november_01_07/2024+2025_2025_november_01_07_20261002-235039,-2.096193313598633,0.094737522304058,0.3327337503433227,-1.0270655155181885,-0.3192589879035949,-0.6523277759552002,0.2107907086610794,0.075881116092205,0.0408111065626144,1.5168033412312931,0.1999999939858436,0.1034920748656516,0.0099999993604912,0.0919057448804836,0.0099999993604912,0.9176311401386594,0.8000000028326788,0.0723685837548471,13.996961548686707,193.41212474327585,0.0009999999040736,-0.7760024168298656,1.1251157136814145,0.9332222514419926,0.0619770250564877,0.0001782342163494,0.26946874481334826,0.5225373608868387,0.35157146840788317,1.0993702570804191,1.4212993215355774,6.547204225713851,18.199494045622423,0.05082073796270564,1.3947758904263978,1.052134268644586,0.3410047659342545,0.13432835820895522,-3.0118802378152276,0.3580561305885223,0.04919908575779183,0.1742437435215362,0.03134328358208955,-1.8322551011086092,0.7266873217070368,0.160052226544285,0.45073638419521106,0.2835820895522388,-1.4472489881639579,0.520831984420752,0.2352164821689655,0.9667957927424997,0.23987206823027718,0.21803022959288182,1.2346539256456166,1.2436246613180475,0.9637910859842775,0.23728297289064879,0.07873191316633828,1.0788343104944973,1.081914236226071,1.2400474213818342,36.24631671452355,0.03291092409767439,1.0416553251058676,1.0334584788946635,-2.8721957304284986,1.635747987177306,0.06823038429071497,9.984480745267541,0.06387234934907667,0.9089624695795628,1.9341211237440028
3,2025_november_08_14,november,2025-11-08,reports/seeded_monthly_windows_salinity/11_train_lgcp/seed_3/runs/2025_november_08_14/2024+2025_2025_november_08_14_20261003-001019,-2.0847322940826416,0.0837284997105598,0.3405507504940033,-1.0137273073196411,-0.3479141592979431,-0.6551793217658997,0.1972320228815078,0.0789424404501915,0.0385449528694152,1.6083287344048718,0.1999999939858436,0.0988282695757837,0.0099999993604912,0.0955794088582749,0.0099999993604912,0.8864172582416469,0.8000000028326788,0.0716640003514076,14.005500044885666,195.4328529834933,0.0009999999040736,-0.7910394238997137,1.1342487778271664,0.9345362252526784,0.0604436812926531,0.0002687049460045,0.2696841066809183,0.5240959905996895,0.3104687952917623,1.087333642331598,1.3640644312490722,6.514134561462095,18.190381577098798,0.052278740526595265,1.40572157926091,1.053669401948027,0.3395092698856599,0.1329394387001477,-2.9858604675537865,0.3628639503768962,0.05049603465061661,0.18116075563345485,0.033973412112259974,-1.920472003339856,0.7061594908392039,0.1465377794830832,0.4507469689279501,0.28360413589364847,-1.4535412702256623,0.5193489236702696,0.23374108040755412,0.9655333279526794,0.24028577457570915,0.2042726202934075,1.2180266179680996,1.2266325127931104,0.9621795428975729,0.23760286980375606,0.08204543635635701,1.0821420326694278,1.0855051301069927,1.2426124461697619,36.24597232313665,0.03101928762119393,1.0392974467103198,1.0315053989800527,-2.875771717982355,1.6764224881252914,0.06144780445793193,9.274144596939555,0.05789055684119348,0.9026682960742174,1.9543284048539036
3,2025_november_15_21,november,2025-11-15,reports/seeded_monthly_windows_salinity/11_train_lgcp/seed_3/runs/2025_november_15_21/2024+2025_2025_november_15_21_20261003-003208,-2.092156171798706,0.0851604864001274,0.3394408822059631,-1.021635890007019,-0.343572586774826,-0.673808753490448,0.2077047824859619,0.0713504031300544,0.0433485396206378,1.4440361882046424,0.1999999939858436,0.1053666119932873,0.0099999993604912,0.0907069362245306,0.0099999993604912,0.9349333466954292,0.8000000028326788,0.0709492407284708,14.009181664306729,197.45358118659968,0.0009999999040736,-0.7952160337110372,1.1266053751286662,0.9471606875596412,0.048225026697019,0.000155271856575,0.268750216398911,0.5246647114501245,0.3168759733153929,1.088891805002376,1.3728322935282566,6.482694618109433,18.175073358747696,0.052361078564110305,1.4041622789273334,1.0537561625905745,0.33803243628063656,0.13157894736842105,-3.0223013544145534,0.3600055287514403,0.048689038594911915,0.1802638100375407,0.033625730994152045,-1.9059432212337883,0.7092319984125944,0.14868233612598605,0.4507573357274379,0.28362573099415206,-1.4948370222373573,0.5097633128237625,0.22428515524478967,0.9639682452463987,0.24051199427139278,0.21546849028504123,1.2308497475046183,1.2404428963052296,0.9612857785192297,0.23827425707124955,0.07422392458563466,1.073957478006383,1.0770479560127062,1.2439055748112884,36.25170071481563,0.0348487381184172,1.044301811984539,1.0354630708608392,-2.8873722055097435,1.5891299263519825,0.07296673923683913,10.307186920977578,0.06800466087955125,0.9115606731374754,1.974535685592694
3,2025_november_22_28,november,2025-11-22,reports/seeded_monthly_windows_salinity/11_train_lgcp/seed_3/runs/2025_november_22_28/2024+2025_2025_november_22_28_20261003-005341,-2.0820982456207275,0.0834157913923263,0.3262437880039215,-1.0183247327804563,-0.3471995592117309,-0.6747543215751648,0.2046901881694793,0.0773530080914497,0.0534112975001335,1.4308897931756657,0.1999999939858436,0.1050264663526129,0.0099999993604912,0.0917588764111239,0.0099999993604912,0.9285025906530164,0.8000000028326788,0.0703400166408143,14.031026239276285,199.4743093525922,0.0009999999040736,-0.7805432924537761,1.1117383994097865,0.9359928213603184,0.0591855314731364,0.0001502174605936,0.26844784817648887,0.5258041533896964,0.310733693560789,1.086993677214676,1.364425817418923,6.453987880512588,18.15234515540144,0.05054917890208536,1.3857531576929225,1.0518485908419,0.33657390639612594,0.13024602026049203,-3.0255605483033294,0.3611995393470705,0.0485306098930418,0.17938003394903304,0.03328509406657019,-1.9355529797166844,0.706664292816524,0.14434442720971663,0.45076749125623805,0.28364688856729375,-1.4969010291640614,0.5092815247220204,0.2238227065436428,0.9663941239124675,0.24111757582917392,0.21180818788589756,1.2271448220807046,1.2359107996779761,0.9596261426704892,0.2384299595380844,0.08060744143150206,1.0804234072871588,1.083945301020938,1.2453003898778716,36.25642938551081,0.042890292120900744,1.0548634185953183,1.043823372920351,-2.8626415380745036,1.5670361762339884,0.07339940983122181,10.11894028096942,0.06838033369401882,0.9100633716226045,1.9947429659603457
4,2025_may_01_07,may,2025-05-01,reports/seeded_monthly_windows_salinity/11_train_lgcp/seed_4/runs/2025_may_01_07/2024+2025_2025_may_01_07_20261002-222848,-2.123159646987915,0.0764349922537803,0.3085747063159942,-0.9360433220863342,-0.4052177369594574,-0.7198259830474854,0.1878803372383117,0.0756643265485763,-0.0081297243013978,1.8996295665076468,0.1999999939858436,0.0889979442503217,0.0099999993604912,0.0954476489308723,0.0099999993604912,0.9198883677212222,0.8000000028326788,0.1000354559292979,14.03455618623748,140.295818676097,0.0009999999040736,-0.883932961811789,1.171894523167748,0.9317421381879948,0.0624802517712779,0.0002841811648968,0.2777668892288728,0.5579595013075074,0.27517675870574987,1.079432016613675,1.3167634036936082,6.429407184160369,16.272330222887106,0.047994270307876244,1.3614832171438873,1.049164643916852,0.2898606637500495,0.09259259259259259,-3.2292871684496527,0.39217648562191226,0.039585706674128945,0.18885257457753857,0.037037037037037035,-2.145682884471793,0.6668316011649817,0.11698812038951252,0.4509131448827848,0.2839506172839506,-1.5963739163882762,0.4868369664745025,0.20262994057199804,0.9017655836168964,0.21206013269505333,0.20834720314423785,1.206689110958347,1.2316407248525398,0.8885125585318879,0.20735701688082642,0.08515842102850904,1.0786004558462114,1.088889556038469,1.2588469489758647,36.04353550934737,-0.006458072053963144,0.9919032325367353,0.9935627364749409,-3.007092608799704,2.0191251353777657,0.04685015743039787,9.637622068485404,0.04475345119629769,0.9059940282177763,1.4029580970405595
4,2025_may_08_14,may,2025-05-08,reports/seeded_monthly_windows_salinity/11_train_lgcp/seed_4/runs/2025_may_08_14/2024+2025_2025_may_08_14_20261002-225250,-2.1247265338897705,0.0664766505360603,0.3178732693195343,-0.9220223426818848,-0.4038149118423462,-0.7214948534965515,0.1862842589616775,0.0664588883519172,-0.0140186809003353,2.070644259017235,0.1999999939858436,0.0763531108752484,0.0099999993604912,0.094829024549877,0.0099999993604912,0.8930803266725988,0.8000000028326788,0.098426382326919,14.00770302770131,142.31654863810112,0.0009999999040736,-0.8757082244195172,1.1787303667034492,0.9413846732013332,0.0526832822236139,0.0004792999838914,0.27666509195222844,0.5572405849934394,0.2402784177323635,1.0687360093709233,1.2716031379030295,6.3865916875319915,16.29345218163233,0.04977197304472927,1.3742020966249924,1.0510314055577756,0.2880038839642541,0.09127789046653144,-3.2014232932925397,0.39771391341461637,0.040704228674572206,0.1924948221357647,0.038539553752535496,-2.097796228293037,0.6677677057259599,0.12272659184500181,0.4509251425620763,0.2839756592292089,-1.6000324342021524,0.4860251762224331,0.20188996974837106,0.8985378561896344,0.21157428488636834,0.20731932180536042,1.2047646768639577,1.2303753947512677,0.8973009213647343,0.21016682535082998,0.07406532944470591,1.068717026453714,1.0768771549848,1.2576599173413487,36.04713977468366,-0.01114663885446101,0.9860791232449778,0.9889152547424351,-3.0004347583092876,2.1210387787668448,0.03687408425795311,9.41779514143233,0.035562740758770466,0.9040103988968907,1.423165395368326
4,2025_may_15_21,may,2025-05-15,reports/seeded_monthly_windows_salinity/11_train_lgcp/seed_4/runs/2025_may_15_21/2024+2025_2025_may_15_21_20261002-231457,-2.1311914920806885,0.0670238882303237,0.3258578479290008,-0.9181389808654784,-0.4005248248577118,-0.7145240306854248,0.1938766241073608,0.0732120648026466,0.0089195799082517,2.383177609404937,0.1999999939858436,0.0746357125644978,0.0099999993604912,0.1117202343148632,0.0099999993604912,0.7532644375218773,0.8000000028326788,0.0972185155952974,14.032255961648112,144.33727850836334,0.0009999999040736,-0.8504426496069883,1.1351501649051523,0.934107211112984,0.0576194220123538,0.0009831869950305,0.2758395597469081,0.5549743192250631,0.24298142112690552,1.0693210220563647,1.2750449350003645,6.344179785492751,16.31283825765337,0.05136327452039436,1.3852184432059325,1.0527052448226426,0.2861817604250977,0.09,-3.208237238815165,0.39926138318762094,0.040427815080913705,0.1911962342725241,0.038,-2.094836367367039,0.6699683377135652,0.12309038360970805,0.45093680266755154,0.284,-1.5845325253086522,0.4894250076517223,0.20504362342050264,0.9129727991267401,0.21587755102040818,0.21235750319484228,1.2139465019834441,1.2365898909012558,0.8964394338025207,0.21012244897959184,0.08166983963667834,1.0759586856890226,1.0850974944990208,1.257472596385787,36.05697749834645,0.007093259872134194,1.0089594778973296,1.007118476627681,-2.981634141687677,2.125970849739701,0.0313177298536024,6.742417272406878,0.030366713329022296,0.8708413710064569,1.4433726927786736
4,2025_may_22_28,may,2025-05-22,reports/seeded_monthly_windows_salinity/11_train_lgcp/seed_4/runs/2025_may_22_28/2024+2025_2025_may_22_28_20261002-233407,-2.1200551986694336,0.0822474658489227,0.33908611536026,-0.9071965217590332,-0.3958528637886047,-0.7297357320785522,0.1935400515794754,0.068920686841011,0.0118639003485441,1.9249865268523632,0.1999999939858436,0.0925733415999369,0.0099999993604912,0.0962992872924577,0.0099999993604912,0.9132415902940788,0.8000000028326788,0.0958293309831468,14.025390032509154,146.35800843664185,0.0009999999040736,-0.8684128990974102,1.1687375370017157,0.9409065939820904,0.0533595683096112,0.0002892512788759,0.2752428453490518,0.5532799530430212,0.29881781575328437,1.0857244563120405,1.3482639686408693,6.306627337196578,16.34582559642923,0.05376663265963493,1.403664217057926,1.0552383152594556,0.2843932506674712,0.08875739644970414,-3.1899368906605283,0.4036542752340166,0.04117446935063867,0.1899235205871142,0.03747534516765286,-2.084275094337432,0.6731057268782104,0.12439726376994217,0.4509481392487028,0.28402366863905326,-1.6182253979234074,0.4820363600064908,0.1982502023229061,0.9163618041566388,0.21700277744233787,0.21120484365626455,1.2135379896914176,1.235165344934172,0.9095822842273678,0.21406432395443384,0.07577179990874024,1.0713512335278303,1.0787163828908983,1.2575850170027345,36.06541530787405,0.009433875394619387,1.0119345555532555,1.0094785146604321,-2.9884680977668436,2.036809160180712,0.04809038417079623,9.48336811175554,0.04588381393160405,0.9046108092990984,1.4635799907691842
4,2025_november_01_07,november,2025-11-01,reports/seeded_monthly_windows_salinity/11_train_lgcp/seed_4/runs/2025_november_01_07/2024+2025_2025_november_01_07_20261002-235556,-2.1037380695343018,0.0948287472128868,0.342384934425354,-1.0143074989318848,-0.3285958468914032,-0.6723498106002808,0.2035734802484512,0.066008947789669,0.034420546144247,1.5089000574871767,0.1999999939858436,0.1010409966423431,0.0099999993604912,0.0857423013185283,0.0099999993604912,0.9850619755754396,0.8000000028326788,0.0723940379022747,14.001884689424196,193.41212474327585,0.0009999999040736,-0.8111394812210195,1.150781474419073,0.9367457017003292,0.058982728263602,0.0002316265972351,0.26946874481334826,0.5225373608868387,0.3519100045482878,1.0994705516065004,1.4217805641766668,6.547204225713851,18.199494045622423,0.0522948303767053,1.4083022972257435,1.0536863554671594,0.3410047659342545,0.13432835820895522,-2.974467222336249,0.36265348081874216,0.05107463818302954,0.1742437435215362,0.03134328358208955,-1.8858401469708401,0.7199339214904422,0.1517015542741004,0.45073638419521106,0.2835820895522388,-1.4916697080062886,0.5105075711678709,0.22499666299831736,0.9667957927424997,0.23987206823027718,0.21056512841349506,1.225775224600144,1.234375443518603,0.9637910859842775,0.23728297289064879,0.06848885484581646,1.06823627547674,1.0708886896649095,1.2400474213818342,36.24631671452355,0.02775744342574481,1.0350197887960313,1.0281462705369444,-2.914877550755321,1.7239317663090727,0.06696334600888687,11.488634669554582,0.06276068082317153,0.9199271956895457,1.9341211237440028
4,2025_november_08_14,november,2025-11-08,reports/seeded_monthly_windows_salinity/11_train_lgcp/seed_4/runs/2025_november_08_14/2024+2025_2025_november_08_14_20261003-001618,-2.107576847076416,0.0855764225125312,0.3411555290222168,-1.0190290212631226,-0.3507389426231384,-0.668865978717804,0.2031062096357345,0.0812334716320037,0.0297876000404357,1.593653101084496,0.1999999939858436,0.1010767767014757,0.0099999993604912,0.095782071177583,0.0099999993604912,0.862462033898812,0.8000000028326788,0.0717660936840378,14.02545243615218,195.4328529834933,0.0009999999040736,-0.7922795508994894,1.1517848044489012,0.9503075325195122,0.0443432975061711,0.0002131496571774,0.2696841066809183,0.5240959905996895,0.31732097069325077,1.0893448086303301,1.3734433362452354,6.514134561462095,18.190381577098798,0.05237158148996612,1.4065719866168276,1.0537672301715413,0.3395092698856599,0.1329394387001477,-3.001476282536591,0.36094524023204444,0.04971362281481709,0.18116075563345485,0.033973412112259974,-1.9360646923597158,0.7041675579984255,0.144270583236421,0.4507469689279501,0.28360413589364847,-1.483905660660625,0.5122891953581531,0.22675034677499603,0.9655333279526794,0.24028577457570915,0.2103564980676552,1.2252025896580516,1.2341179422051534,0.9621795428975729,0.23760286980375606,0.08442652125753132,1.0846240959659674,1.0880928895973403,1.2426124461697619,36.24597232313665,0.023971754131590448,1.030235688694357,1.0242613863296897,-2.8998563979759053,1.6239649150852469,0.06342457880745314,9.004420381553246,0.05964182140549996,0.9000441842843929,1.9543284048539036
4,2025_november_15_21,november,2025-11-15,reports/seeded_monthly_windows_salinity/11_train_lgcp/seed_4/runs/2025_november_15_21/2024+2025_2025_november_15_21_20261003-003210,-2.1078712940216064,0.0809834599494934,0.3319723904132843,-1.0349798202514648,-0.3482486307621002,-0.6714992523193359,0.1978466808795929,0.0646044462919235,0.0388853698968887,1.6866212224433028,0.1999999939858436,0.101016548199048,0.0099999993604912,0.1039736524272926,0.0099999993604912,0.8174631484924434,0.8000000028326788,0.070986177132007,14.016474889461106,197.45358118659968,0.0009999999040736,-0.7531155949722559,1.1230573493589182,0.9396684702437852,0.0542346054525689,0.0003783546726793,0.268750216398911,0.5246647114501245,0.3013335618278652,1.08435296116569,1.3516601285743017,6.482694618109433,18.175073358747696,0.05120901260502355,1.393714368103602,1.052542865020087,0.33803243628063656,0.13157894736842105,-3.061776649718367,0.3552335493763201,0.046804466165811444,0.1802638100375407,0.033625730994152045,-1.931883225421542,0.7059233401354119,0.14487510893165187,0.4507573357274379,0.28362573099415206,-1.4897134202722666,0.5109419723255748,0.22543725202928191,0.9639682452463987,0.24051199427139278,0.20524190693545258,1.2187755179058042,1.227822047709479,0.9612857785192297,0.23827425707124955,0.06720628530616625,1.066736989149294,1.0695160808724629,1.2439055748112884,36.25170071481563,0.03126070875820937,1.0396513014834674,1.0317544562489467,-2.860986888993862,1.6471952285839764,0.05989284781600912,7.862214411137327,0.056508398881474624,0.887161384998395,1.974535685592694
4,2025_november_22_28,november,2025-11-22,reports/seeded_monthly_windows_salinity/11_train_lgcp/seed_4/runs/2025_november_22_28/2024+2025_2025_november_22_28_20261003-005352,-2.0888092517852783,0.0765110328793525,0.3431321680545807,-1.028702735900879,-0.3436613082885742,-0.6599014401435852,0.1972390860319137,0.0781287252902984,0.0397119224071502,1.573171410144868,0.1999999939858436,0.0964523422849868,0.0099999993604912,0.0921248630993697,0.0099999993604912,0.8929383289997241,0.8000000028326788,0.0702237097872244,14.007826009983464,199.4743093525922,0.0009999999040736,-0.7842707977123765,1.1114202047051818,0.9422775214099204,0.0524421116381455,0.0002064870663084,0.26844784817648887,0.5258041533896964,0.2850126510570908,1.0795141004202933,1.329778851123223,6.453987880512588,18.15234515540144,0.05316591453334562,1.4093550213287909,1.05460460483565,0.33657390639612594,0.13024602026049203,-3.056394795769348,0.3574703934146341,0.04705704001502537,0.17938003394903304,0.03328509406657019,-1.9158280925859237,0.7091690770673763,0.14721987041195655,0.45076749125623805,0.28364688856729375,-1.463950823748435,0.5169022777954556,0.23132056024469153,0.9663941239124675,0.24111757582917392,0.20409797736909555,1.2180352211036831,1.2264183088091696,0.9596261426704892,0.2384299595380844,0.08141579498123969,1.0812618354557626,1.0848218662923323,1.2453003898778716,36.25642938551081,0.03188943224457257,1.0405109831135662,1.032403348473266,-2.8730800494976547,1.64468490317302,0.06131076477934774,9.692696400933198,0.05776890880033106,0.906478220038799,1.9947429659603457
5,2025_may_01_07,may,2025-05-01,reports/seeded_monthly_windows_salinity/11_train_lgcp/seed_5/runs/2025_may_01_07/2024+2025_2025_may_01_07_20261002-222847,-2.135446071624756,0.086856298148632,0.3398968875408172,-0.9244927763938904,-0.4110792577266693,-0.7280527353286743,0.1906626969575882,0.0745880007743835,-0.0145571250468492,1.984167162710179,0.1999999939858436,0.0988844585324163,0.0099999993604912,0.1048384322763976,0.0099999993604912,0.8601615199702225,0.8000000028326788,0.1000951472099259,14.042930623321007,140.295818676097,0.0009999999040736,-0.8663352950730437,1.1487577739279242,0.9432044998329356,0.0503179647157517,0.0004462260489502,0.2777668892288728,0.5579595013075074,0.31269493059363396,1.090739927108841,1.3671044056752688,6.429407184160369,16.272330222887106,0.05286597625644161,1.4048027304310784,1.0542883359805995,0.2898606637500495,0.09259259259259259,-3.1894385544880013,0.39673260018890366,0.041194993191562126,0.18885257457753857,0.037037037037037035,-2.1767204320420293,0.6629343868460337,0.11341286660018854,0.4509131448827848,0.2839506172839506,-1.61461856588353,0.48284830869555484,0.19896654859831236,0.9017655836168964,0.21206013269505333,0.21143266101691102,1.2100512292766639,1.235446769098455,0.8885125585318879,0.20735701688082642,0.08394704166886191,1.0774401549184403,1.0875712963228592,1.2588469489758647,36.04353550934737,-0.011563856161141872,0.9855483176304793,0.9885027482417252,-3.0017813666977995,2.010144715026349,0.04983675790569468,8.204639284403642,0.04747095920427988,0.8913591321612786,1.4029580970405595
5,2025_may_08_14,may,2025-05-08,reports/seeded_monthly_windows_salinity/11_train_lgcp/seed_5/runs/2025_may_08_14/2024+2025_2025_may_08_14_20261002-225130,-2.1603517532348637,0.072147749364376,0.3226367235183716,-0.922917902469635,-0.4233036637306213,-0.7150042653083801,0.1955957859754562,0.0697866603732109,-0.0021590215619653,1.814816570127052,0.1999999939858436,0.0910722229516753,0.0099999993604912,0.0982814884763696,0.0099999993604912,0.9118286533528468,0.8000000028326788,0.0988167953065736,14.063265255509274,142.31654863810112,0.0009999999040736,-0.8623104652780462,1.151788738148504,0.9451293551667638,0.0497917125063834,0.000296479123367,0.27666509195222844,0.5572405849934394,0.2607764819742192,1.0748141354381957,1.297937520576409,6.3865916875319915,16.29345218163233,0.05051782536031359,1.3807636608203797,1.0518156121801712,0.2880038839642541,0.09127789046653144,-3.2045328339536696,0.3973578962678483,0.04057785380615373,0.1924948221357647,0.038539553752535496,-2.1990392210761356,0.6548797396901128,0.11090966685895227,0.4509251425620763,0.2839756592292089,-1.5856384969927677,0.4891900252455675,0.2048169763347231,0.8985378561896344,0.21157428488636834,0.2176822986678662,1.2160352674680994,1.2431920411046027,0.8973009213647343,0.21016682535082998,0.07777397605595911,1.0722793971643234,1.0808783266762592,1.2576599173413487,36.04713977468366,-0.00171669744117265,0.9978433074486577,0.9982847752410424,-3.02266221851291,1.9251575990874674,0.05018260492590692,9.277725312148515,0.04778464687048157,0.9027022060204336,1.423165395368326
5,2025_may_15_21,may,2025-05-15,reports/seeded_monthly_windows_salinity/11_train_lgcp/seed_5/runs/2025_may_15_21/2024+2025_2025_may_15_21_20261002-231256,-2.1323790550231934,0.0773744732141494,0.3188566863536834,-0.9113816022872924,-0.4073957502841949,-0.7331793904304504,0.1901155114173889,0.0685948505997657,0.0174645986407995,1.8203740435129248,0.1999999939858436,0.0985690926898606,0.0099999993604912,0.097394740529098,0.0099999993604912,0.9002119263832759,0.8000000028326788,0.0971344133118319,14.020116866936368,144.33727850836334,0.0009999999040736,-0.8293886661854803,1.157781633182637,0.9359847373857232,0.0581361063500535,0.0003102493058897,0.2758395597469081,0.5549743192250631,0.2805053534929618,1.0804465989570688,1.3237986295900772,6.344179785492751,16.31283825765337,0.050259717904403284,1.375554175094709,1.0515441657611038,0.2861817604250977,0.09,-3.1846250471501594,0.4019684796422832,0.04139376360119477,0.1911962342725241,0.038,-2.1307728775845445,0.6653808135431877,0.11874548265576135,0.45093680266755154,0.284,-1.6259027564245612,0.480379246373649,0.19673399213866402,0.9129727991267401,0.21587755102040818,0.20823787039354805,1.2093892878600052,1.2315060735452632,0.8964394338025207,0.21012244897959184,0.0765192248502498,1.0710022053349495,1.0795229438046097,1.257472596385787,36.05697749834645,0.013888651483138517,1.0176179964528649,1.0139855468655505,-2.9617677212086737,1.9143504661016382,0.05414771378504373,9.24292134762991,0.051366343707771156,0.9023716021961461,1.4433726927786736
5,2025_may_22_28,may,2025-05-22,reports/seeded_monthly_windows_salinity/11_train_lgcp/seed_5/runs/2025_may_22_28/2024+2025_2025_may_22_28_20261002-232952,-2.130615234375,0.0874957218766212,0.3228693306446075,-0.9042946100234984,-0.4085802733898163,-0.7138245701789856,0.1911063194274902,0.061570506542921,0.0127249266952276,1.906482264404125,0.1999999939858436,0.0937104020451974,0.0099999993604912,0.1008293466262141,0.0099999993604912,0.871917453446212,0.8000000028326788,0.0957662926456617,14.016163866979682,146.35800843664185,0.0009999999040736,-0.8259739169053695,1.164618548232388,0.9388919198051494,0.0549439531920159,0.0003084476712717,0.2752428453490518,0.5532799530430212,0.31788554491094106,1.0914375951282715,1.3742189658719806,6.306627337196578,16.34582559642923,0.05119524484034748,1.3810848736442816,1.052528373957365,0.2843932506674712,0.08875739644970414,-3.179733020741942,0.4048273455624824,0.04159675911072476,0.1899235205871142,0.03747534516765286,-2.1512884350856822,0.664593121207495,0.11633417214181936,0.4509481392487028,0.28402366863905326,-1.5829416024828158,0.48976746086772643,0.20537009162529543,0.9163618041566388,0.21700277744233787,0.2085489798468546,1.2105881542788957,1.2318892663309058,0.9095822842273678,0.21406432395443384,0.06769096937196971,1.063505477980057,1.0700345839199144,1.2575850170027345,36.06541530787405,0.010118541906260586,1.0128062330815124,1.0101699074533785,-2.9565891512803697,1.945681015816912,0.04915356612272854,8.64745714041478,0.04685068774477065,0.8963457431895876,1.4635799907691842
5,2025_november_01_07,november,2025-11-01,reports/seeded_monthly_windows_salinity/11_train_lgcp/seed_5/runs/2025_november_01_07/2024+2025_2025_november_01_07_20261002-235103,-2.0987277030944824,0.0858609303832054,0.3345784544944763,-1.0308500528335571,-0.3335759937763214,-0.6367640495300293,0.2037685215473175,0.0830458402633667,0.0423878468573093,1.5257105381495957,0.1999999939858436,0.108072144090566,0.0099999993604912,0.0961784352951241,0.0099999993604912,0.8857897923398875,0.8000000028326788,0.0724510876857663,14.012918809265448,193.41212474327585,0.0009999999040736,-0.7665086279656607,1.1322559727522226,0.9450084861661376,0.0502942734363881,0.0002238556036847,0.26946874481334826,0.5225373608868387,0.31863038677334665,1.0896547798948049,1.375242922981594,6.547204225713851,18.199494045622423,0.05110249244714781,1.397351213926067,1.052430753959084,0.3410047659342545,0.13432835820895522,-3.0229784326014504,0.3567036147389734,0.04865608346679649,0.1742437435215362,0.03134328358208955,-1.9144216431225378,0.7163574578629915,0.14742707339580421,0.45073638419521106,0.2835820895522388,-1.4127194339258196,0.5290014799291948,0.24348025356765302,0.9667957927424997,0.23987206823027718,0.21076686832623612,1.2260143247085082,1.2346244914334756,0.9637910859842775,0.23728297289064879,0.08616581069387629,1.0865916170525096,1.089987044830568,1.2400474213818342,36.24631671452355,0.034182440224805946,1.043299040545791,1.0347733737951796,-2.865236331060143,1.604322684820147,0.07083397629385027,9.209858630178754,0.06614842063473389,0.9020554508909501,1.9341211237440028
5,2025_november_08_14,november,2025-11-08,reports/seeded_monthly_windows_salinity/11_train_lgcp/seed_5/runs/2025_november_08_14/2024+2025_2025_november_08_14_20261003-001345,-2.105400562286377,0.0765411555767059,0.34882453083992,-1.029114007949829,-0.3572282195091247,-0.6671245694160461,0.2060406655073166,0.0735462605953216,0.0428474396467208,1.5329434910876298,0.1999999939858436,0.1124562350864427,0.0099999993604912,0.0940239186206882,0.0099999993604912,0.9198037215373052,0.8000000028326788,0.0715650381189526,13.986159573459355,195.4328529834933,0.0009999999040736,-0.7657704206021116,1.1438731590797802,0.9352325158162254,0.0597925740247562,0.000200433800914,0.2696841066809183,0.5240959905996895,0.28381782122320975,1.079546618786597,1.3281909405098349,6.514134561462095,18.190381577098798,0.053548867857839653,1.4174004584522948,1.0550085465155667,0.3395092698856599,0.1329394387001477,-3.0311808814422494,0.35732340606146223,0.048258616759997035,0.18116075563345485,0.033973412112259974,-1.9718852367336648,0.6996128142208187,0.13919419469432076,0.4507469689279501,0.28360413589364847,-1.4800422751654334,0.5131820777393425,0.22762806516629042,0.9655333279526794,0.24028577457570915,0.21339570529813404,1.2288031728837177,1.2378743877952112,0.9621795428975729,0.23760286980375606,0.0764371484908517,1.0763183266467722,1.0794343441275145,1.2426124461697619,36.24597232313665,0.03448174028740343,1.0437786434646055,1.0350831278831274,-2.8711709828884886,1.6681517215036683,0.07335967420863931,9.782656743418475,0.06834584526638336,0.9072584777763254,1.9543284048539036
5,2025_november_15_21,november,2025-11-15,reports/seeded_monthly_windows_salinity/11_train_lgcp/seed_5/runs/2025_november_15_21/2024+2025_2025_november_15_21_20261003-003601,-2.0942227840423584,0.1054520979523658,0.341563731431961,-1.0071371793746948,-0.3507434427738189,-0.6422297358512878,0.20406274497509,0.0674797669053077,0.0274425763636827,1.826605364010942,0.1999999939858436,0.0880633405809555,0.0099999993604912,0.1039441078391358,0.0099999993604912,0.7696818764145656,0.8000000028326788,0.070918105910755,14.003033983049145,197.45358118659968,0.0009999999040736,-0.7544504943882447,1.1149943055392744,0.9465980227910964,0.0469622142053883,0.0005420403948495,0.268750216398911,0.5246647114501245,0.39237958341153956,1.1112128738759177,1.4804995778384915,6.482694618109433,18.175073358747696,0.05268854258193828,1.407146269895178,1.0541012863221053,0.33803243628063656,0.13157894736842105,-2.9794098769224724,0.3652631671260446,0.050822816734256655,0.1802638100375407,0.033625730994152045,-1.9457230084107018,0.7041643891454403,0.1428838797366449,0.4507573357274379,0.28362573099415206,-1.424779332353736,0.526118011023026,0.24056154150094042,0.9639682452463987,0.24051199427139278,0.21169031861929205,1.2263750999172787,1.2357651323634467,0.9612857785192297,0.23827425707124955,0.07019740478138971,1.069808613839936,1.0727199203957476,1.2439055748112884,36.25170071481563,0.02206162342173439,1.0278225921018835,1.0223067805712818,-2.8486732784306033,1.672704331568856,0.04821147595208089,7.404766777215766,0.04599403561031504,0.8810198990041139,1.974535685592694
5,2025_november_22_28,november,2025-11-22,reports/seeded_monthly_windows_salinity/11_train_lgcp/seed_5/runs/2025_november_22_28/2024+2025_2025_november_22_28_20261003-005459,-2.0740275382995605,0.0918106362223625,0.3394284248352051,-1.0283420085906982,-0.3439855277538299,-0.6711414456367493,0.2044940590858459,0.0776329636573791,0.0398273319005966,1.4192580761702884,0.1999999939858436,0.1128489054579319,0.0099999993604912,0.0904280847377539,0.0099999993604912,0.9336123885707166,0.8000000028326788,0.0703470270034626,14.032424626523866,199.4743093525922,0.0009999999040736,-0.7894561422918052,1.1199623785932755,0.9478728424585132,0.0471623553948048,0.0001649571534168,0.26844784817648887,0.5258041533896964,0.34200548391806196,1.0961572299522742,1.407768017577393,6.453987880512588,18.15234515540144,0.05259204558782764,1.4041447868661732,1.0539995736240508,0.33657390639612594,0.13024602026049203,-3.055323033213411,0.3575993660086897,0.04710750102478681,0.17938003394903304,0.03328509406657019,-1.9176355371387985,0.708939187917716,0.146954018987335,0.45076749125623805,0.28364688856729375,-1.4888860857431265,0.5111248234884201,0.22562384122724022,0.9663941239124675,0.24111757582917392,0.21160523851070956,1.2269041668917766,1.2356599978042961,0.9596261426704892,0.2384299595380844,0.0808991754240237,1.080725920176697,1.0842615708423655,1.2453003898778716,36.25642938551081,0.03198210827228804,1.0406310748887848,1.0324990319483163,-2.863483680591366,1.5689395586257748,0.07951260405185943,10.324363180733513,0.0736560219430654,0.9116948137356341,1.9947429659603457
6,2025_may_01_07,may,2025-05-01,reports/seeded_monthly_windows_salinity/11_train_lgcp/seed_6/runs/2025_may_01_07/2024+2025_2025_may_01_07_20261002-222847,-2.1382322311401367,0.0704334303736686,0.3261139392852783,-0.9315994381904602,-0.3785088658332824,-0.7056032419204712,0.1937051713466644,0.0690152794122695,-0.0062254485674202,1.7561807199076642,0.1999999939858436,0.0917679995823612,0.0099999993604912,0.0958833805406826,0.0099999993604912,0.9250819329685372,0.8000000028326788,0.1001249107190085,14.047106319194423,140.295818676097,0.0009999999040736,-0.8370460472275255,1.1282121601343893,0.9327733180830736,0.0620296820075701,0.0002381073953638,0.2777668892288728,0.5579595013075074,0.25357028899018,1.0729731396322428,1.2886179519567014,6.429407184160369,16.272330222887106,0.050722240782742754,1.3855732311029116,1.0520306414897573,0.2898606637500495,0.09259259259259259,-3.2139560647449223,0.3939231505042366,0.040197275280555694,0.18885257457753857,0.037037037037037035,-2.004255788834244,0.6848818989794246,0.13476054869121878,0.4509131448827848,0.2839506172839506,-1.5648318305377709,0.4938105971360674,0.2091231783487883,0.9017655836168964,0.21206013269505333,0.21480656931897013,1.2137383853459371,1.2396220928284352,0.8885125585318879,0.20735701688082642,0.07767507476349599,1.0714525801889758,1.0807714316988684,1.2588469489758647,36.04353550934737,-0.004945357791497144,0.9937938893875548,0.9950668503575001,-2.975278278367662,1.8866915437430951,0.05225430306921155,9.647990379062948,0.04965938643994744,0.9060855650314739,1.4029580970405595
6,2025_may_08_14,may,2025-05-08,reports/seeded_monthly_windows_salinity/11_train_lgcp/seed_6/runs/2025_may_08_14/2024+2025_2025_may_08_14_20261002-224457,-2.145205497741699,0.0828682035207748,0.3011439442634582,-0.918576180934906,-0.3984661102294922,-0.7101472020149231,0.1928556263446808,0.0660107880830764,-0.0139730861410498,1.924445383131028,0.1999999939858436,0.0889251088370836,0.0099999993604912,0.0940777125041032,0.0099999993604912,0.898405044818269,0.8000000028326788,0.0985409193739952,14.024003544932391,142.31654863810112,0.0009999999040736,-0.8426323017918433,1.1428155934972086,0.9305874092897558,0.0636426594501747,0.0003734775329594,0.27666509195222844,0.5572405849934394,0.29952533200351705,1.086398615599711,1.3492182248443645,6.3865916875319915,16.29345218163233,0.04715252813975196,1.3514038543706286,1.0482818893727455,0.2880038839642541,0.09127789046653144,-3.189457615262286,0.39908686423580036,0.04119420799057853,0.1924948221357647,0.038539553752535496,-2.0700094984812525,0.6713490320710451,0.12618458313744918,0.4509251425620763,0.2839756592292089,-1.574867167485923,0.491571831770792,0.20703505184115906,0.8985378561896344,0.21157428488636834,0.21463272250154258,1.2127076978366513,1.239406607204072,0.8973009213647343,0.21016682535082998,0.07356594260783599,1.0682382413467244,1.076339510966021,1.2576599173413487,36.04713977468366,-0.011110385206986989,0.9861240843102252,0.988951107177349,-2.9878377995335423,1.9982354973800125,0.046208174893695615,9.549605543173524,0.044167285252183,0.9052097260027808,1.423165395368326
6,2025_may_15_21,may,2025-05-15,reports/seeded_monthly_windows_salinity/11_train_lgcp/seed_6/runs/2025_may_15_21/2024+2025_2025_may_15_21_20261002-230657,-2.1340131759643555,0.0771505162119865,0.3404396176338196,-0.9239373207092284,-0.3897541761398315,-0.7319977879524231,0.1889789402484893,0.0688047781586647,-0.000395786948502,1.963943329265232,0.1999999939858436,0.0930451198370765,0.0099999993604912,0.0976621917473527,0.0099999993604912,0.8659366432621988,0.8000000028326788,0.0971920491227269,14.028435863025573,144.33727850836334,0.0009999999040736,-0.8401917708973236,1.1639257465174195,0.9344552014203236,0.0594874832648535,0.0003078261915638,0.2758395597469081,0.5549743192250631,0.27969344311154876,1.0802046524695856,1.3227242599447655,6.344179785492751,16.31283825765337,0.05366172289321049,1.4055653660815541,1.055127616261084,0.2861817604250977,0.09,-3.2284982779363762,0.39695302878045896,0.03961694778387282,0.1911962342725241,0.038,-2.038503413117908,0.6772233316913441,0.13022345583144426,0.45093680266755154,0.284,-1.623282428096872,0.48094719916268786,0.19725017578124657,0.9129727991267401,0.21587755102040818,0.2069929579821523,1.208015511708517,1.2299739102520273,0.8964394338025207,0.21012244897959184,0.07675340415002528,1.071227061814451,1.0797757753344812,1.257472596385787,36.05697749834645,-0.0003147479711602195,0.9996042913648202,0.999685301556786,-2.974204946861679,1.9821116731830883,0.04737668264179872,8.866651748942255,0.045233661801884394,0.8986484954121134,1.4433726927786736
6,2025_may_22_28,may,2025-05-22,reports/seeded_monthly_windows_salinity/11_train_lgcp/seed_6/runs/2025_may_22_28/2024+2025_2025_may_22_28_20261002-232649,-2.098337888717652,0.093813419342041,0.3292043805122375,-0.9034706354141236,-0.406328946352005,-0.7079416513442993,0.1929548382759094,0.0633099004626274,0.015873622149229,1.8624072326903316,0.1999999939858436,0.0927758453553321,0.0099999993604912,0.0984118105985007,0.0099999993604912,0.8867061123500626,0.8000000028326788,0.0959789387910963,14.047286333327213,146.35800843664185,0.0009999999040736,-0.8457434353645854,1.1130018426261887,0.9364081015387676,0.0577941901659644,0.0004148742341072,0.2752428453490518,0.5532799530430212,0.34083872088689765,1.0983547950375028,1.4061264437480845,6.306627337196578,16.34582559642923,0.05219975161217873,1.3898618872458086,1.0535861770327792,0.2843932506674712,0.08875739644970414,-3.1768357135539516,0.4051610504797156,0.04171745245831624,0.1899235205871142,0.03747534516765286,-2.139434573958573,0.6660910231713355,0.11772138694498435,0.4509481392487028,0.28402366863905326,-1.5698959364235492,0.49265721484771746,0.20806683340928334,0.9163618041566388,0.21700277744233787,0.21056621675048184,1.2128280188779124,1.2343767869357847,0.9095822842273678,0.21406432395443384,0.06960326906147378,1.065356942688459,1.072082768469677,1.2575850170027345,36.06541530787405,0.01262230539853393,1.0160002773608636,1.012702302925389,-2.944081324082237,1.9260858928285227,0.04981501560285137,9.010159522088617,0.04745123175271534,0.9001014921097531,1.4635799907691842
6,2025_november_01_07,november,2025-11-01,reports/seeded_monthly_windows_salinity/11_train_lgcp/seed_6/runs/2025_november_01_07/2024+2025_2025_november_01_07_20261002-234400,-2.099249601364136,0.0799353420734405,0.3393206298351288,-1.0257811546325684,-0.3240731358528137,-0.6706125140190125,0.2060746997594833,0.0706937834620475,0.0421560704708099,1.6941433496220453,0.1999999939858436,0.096072576571714,0.0099999993604912,0.0947656049085708,0.0099999993604912,0.882380609625923,0.8000000028326788,0.0723996476467972,14.00296968203157,193.41212474327585,0.0009999999040736,-0.8252287666810576,1.1639503540729494,0.9455280564869964,0.0494374935949041,0.0003014501493642,0.26946874481334826,0.5225373608868387,0.2966404958349027,1.0832170268436658,1.3453315602008415,6.547204225713851,18.199494045622423,0.05182679784181196,1.403993435236387,1.0531933113605694,0.3410047659342545,0.13432835820895522,-3.0081138362457325,0.35851629932561285,0.049384738673855684,0.1742437435215362,0.03134328358208955,-1.8598839149295416,0.7231973487908007,0.15569070268520482,0.45073638419521106,0.2835820895522388,-1.4878153562339764,0.5113952450791335,0.22586555271272737,0.9667957927424997,0.23987206823027718,0.21315225128867527,1.228844994992455,1.237573058993637,0.9637910859842775,0.23728297289064879,0.07334969630877114,1.073252527871111,1.0761067816945662,1.2400474213818342,36.24631671452355,0.03399553093206203,1.0430572564851353,1.0345799831095546,-2.924478368045194,1.7493027154795946,0.05670864664029009,9.3111905999781,0.05366535688014868,0.9030179890184433,1.9341211237440028
6,2025_november_08_14,november,2025-11-08,reports/seeded_monthly_windows_salinity/11_train_lgcp/seed_6/runs/2025_november_08_14/2024+2025_2025_november_08_14_20261003-000350,-2.116629838943481,0.0866189524531364,0.3498378694057464,-1.034624099731445,-0.3442835509777069,-0.6666991114616394,0.2020253241062164,0.0697191283106803,0.0431056544184684,1.4806168133033912,0.1999999939858436,0.1063816499937359,0.0099999993604912,0.0908271494587843,0.0099999993604912,0.9424462110439666,0.8000000028326788,0.0717386025861006,14.020079772450655,195.4328529834933,0.0009999999040736,-0.7834453434721759,1.1669323727504777,0.9400038167410218,0.0552985324565838,0.0001500528092153,0.2696841066809183,0.5240959905996895,0.3211867155212866,1.0904810754021208,1.378762993312586,6.514134561462095,18.190381577098798,0.053704427826130975,1.4188374929783485,1.0551726763772968,0.3395092698856599,0.1329394387001477,-3.0474104582766954,0.35535993571700747,0.04748172122696738,0.18116075563345485,0.033973412112259974,-1.9004311931349014,0.7087279390554971,0.14950414016329247,0.4507469689279501,0.28360413589364847,-1.4790983798455855,0.5134004615896547,0.22784302366486775,0.9655333279526794,0.24028577457570915,0.20923702813510506,1.2238790013607448,1.2327371572934316,0.9621795428975729,0.23760286980375606,0.07245958285573541,1.0722069863700765,1.0751493507455754,1.2426124461697619,36.24597232313665,0.034689540211300475,1.0440481973286797,1.0352982404277398,-2.900075182415657,1.6398032352837242,0.07184954880823535,10.376261026133287,0.06703324070819752,0.9120976568924691,1.9543284048539036
6,2025_november_15_21,november,2025-11-15,reports/seeded_monthly_windows_salinity/11_train_lgcp/seed_6/runs/2025_november_15_21/2024+2025_2025_november_15_21_20261003-002641,-2.102776050567627,0.0927591919898986,0.3446257710456848,-1.0260409116744995,-0.3294166028499603,-0.6650494337081909,0.2010086625814438,0.0754946246743202,0.0449610464274883,1.625001065912064,0.1999999939858436,0.0967602666965895,0.0099999993604912,0.0917861829955357,0.0099999993604912,0.917079084246827,0.8000000028326788,0.0709174803103347,14.002910456005772,197.45358118659968,0.0009999999040736,-0.7993683375474381,1.1618345192952009,0.945957148922055,0.0491593071477272,0.0002068980323547,0.268750216398911,0.5246647114501245,0.3451502039061222,1.0971974895089742,1.4122020219978988,6.482694618109433,18.175073358747696,0.05316088314309475,1.411461611016881,1.0545992987216715,0.33803243628063656,0.13157894736842105,-3.0353327123396943,0.3584231842863831,0.04805867050260727,0.1802638100375407,0.033625730994152045,-1.8274139594706111,0.719343273856551,0.16082894061691755,0.4507573357274379,0.28362573099415206,-1.475404571364159,0.5142481058874856,0.22868618844402747,0.9639682452463987,0.24051199427139278,0.20852207899240935,1.2226353629558615,1.2318561279027875,0.9612857785192297,0.23827425707124955,0.07853504791323612,1.0784174308575618,1.081701265870041,1.2439055748112884,36.25170071481563,0.03614506385206071,1.0459871141802277,1.036806238689249,-2.9021443881150653,1.7370252069497958,0.05954474044746604,9.991472074739528,0.056198420108545075,0.9090203756876034,1.974535685592694
6,2025_november_22_28,november,2025-11-22,reports/seeded_monthly_windows_salinity/11_train_lgcp/seed_6/runs/2025_november_22_28/2024+2025_2025_november_22_28_20261003-004936,-2.089102268218994,0.0979259982705116,0.3230483829975128,-1.010889172554016,-0.3407876491546631,-0.6602653861045837,0.1999858021736145,0.0704301744699478,0.0402443669736385,1.604105542095471,0.1999999939858436,0.101300731574853,0.0099999993604912,0.0999575434688553,0.0099999993604912,0.8342914019576558,0.8000000028326788,0.0702250994398539,14.008103209981984,199.4743093525922,0.0009999999040736,-0.7917303524635616,1.1258088001656763,0.948073700380048,0.0463015874005169,0.0002812514588913,0.26844784817648887,0.5258041533896964,0.36478593118068486,1.102881166974827,1.4402056720200387,6.453987880512588,18.15234515540144,0.05005407338506742,1.3813321822804054,1.0513279436997784,0.33657390639612594,0.13024602026049203,-3.0034686389629504,0.3638952699894024,0.04961467416214764,0.17938003394903304,0.03328509406657019,-1.8998081428142137,0.7112099181996341,0.1495973177899262,0.45076749125623805,0.28364688856729375,-1.4647582155148295,0.5167141875286436,0.2311338693054575,0.9663941239124675,0.24111757582917392,0.20694020920157052,1.2213854170189662,1.2299090323392445,0.9596261426704892,0.2384299595380844,0.07339334699026817,1.0729696461406926,1.076153755514163,1.2453003898778716,36.25642938551081,0.03231699540187675,1.0410651450500605,1.0328448604889602,-2.880832620682556,1.5932740127002565,0.06315091427370925,8.34645763596225,0.05939976481782057,0.8930075929352835,1.9947429659603457
7,2025_may_01_07,may,2025-05-01,reports/seeded_monthly_windows_salinity/11_train_lgcp/seed_7/runs/2025_may_01_07/2024+2025_2025_may_01_07_20261002-222848,-2.1433300971984863,0.0754250511527061,0.3226397931575775,-0.9322774410247804,-0.397489994764328,-0.7146228551864624,0.1951438188552856,0.0770442709326744,-0.0050964336842298,2.073261181413947,0.1999999939858436,0.0864019518748396,0.0099999993604912,0.1083749104233327,0.0099999993604912,0.8301056578540397,0.8000000028326788,0.1001853719564786,14.055588778003465,140.295818676097,0.0009999999040736,-0.8302222546442549,1.1666242347217457,0.9486882081084524,0.0448196532656861,0.0006258843567971,0.2777668892288728,0.5579595013075074,0.27154082821785785,1.0783424041690928,1.3119844367494085,6.429407184160369,16.272330222887106,0.05018188830106143,1.3807678992731522,1.0514623276805402,0.2898606637500495,0.09259259259259259,-3.2162951294029156,0.3936561600120733,0.04010336113304975,0.18885257457753857,0.037037037037037035,-2.1047634412901672,0.6720046661790114,0.12187450133409637,0.4509131448827848,0.2839506172839506,-1.584834825279332,0.4893766428593984,0.20498164810719421,0.9017655836168964,0.21206013269505333,0.21640193682329525,1.2154857836938893,1.2416013240137411,0.8885125585318879,0.20735701688082642,0.08671151599700135,1.080089891921061,1.0905820188667479,1.2588469489758647,36.04353550934737,-0.004048493495079767,0.9949165310998476,0.9959596906065575,-2.9735523518427414,2.026801884616551,0.04167441741031112,7.659574108172191,0.040007143032193465,0.8845208797212922,1.4029580970405595
7,2025_may_08_14,may,2025-05-08,reports/seeded_monthly_windows_salinity/11_train_lgcp/seed_7/runs/2025_may_08_14/2024+2025_2025_may_08_14_20261002-225017,-2.126639604568481,0.0755036622285842,0.3201864957809448,-0.9168475866317748,-0.4056320786476135,-0.7388973236083984,0.1962755620479583,0.0726052746176719,-0.0006712331669405,2.27101414241077,0.1999999939858436,0.0788523768476481,0.0099999993604912,0.1096159359161299,0.0099999993604912,0.7909341239999098,0.8000000028326788,0.0985150324023298,14.020319400470276,142.31654863810112,0.0009999999040736,-0.8535925023835773,1.1538713558573668,0.9385211737864848,0.0539584124706874,0.0006361239768989,0.27666509195222844,0.5572405849934394,0.2729063565475813,1.0784271771576537,1.313777212430359,6.3865916875319915,16.29345218163233,0.05013417350697683,1.377384616804034,1.051412158569001,0.2880038839642541,0.09127789046653144,-3.183455632652407,0.39977732010288636,0.04144219838311496,0.1924948221357647,0.038539553752535496,-2.1072363097721416,0.666555362266237,0.12157349405009392,0.4509251425620763,0.2839756592292089,-1.6386252481068488,0.47764030793869333,0.19424690011088264,0.8985378561896344,0.21157428488636834,0.21843883448638446,1.2168621801721353,1.2441329162710015,0.8973009213647343,0.21016682535082998,0.08091519008722756,1.0753060025599928,1.0842789350652882,1.2576599173413487,36.04713977468366,-0.0005337159574580897,0.9993289920596456,0.9994664264435685,-2.9802321069520583,2.116172434712864,0.03472121788019481,7.215503087115679,0.03355610891146817,0.8782789088633788,1.423165395368326
7,2025_may_15_21,may,2025-05-15,reports/seeded_monthly_windows_salinity/11_train_lgcp/seed_7/runs/2025_may_15_21/2024+2025_2025_may_15_21_20261002-230550,-2.1349096298217773,0.0772912874817848,0.3326575458049774,-0.9167691469192504,-0.4009434878826141,-0.7347020506858826,0.1902939975261688,0.0664013400673866,0.0190033968538045,2.019432288779781,0.1999999939858436,0.0853669006917169,0.0099999993604912,0.0993138090617126,0.0099999993604912,0.8756789058427895,0.8000000028326788,0.097216313643701,14.031938137947284,144.33727850836334,0.0009999999040736,-0.8634759651760042,1.1539360284298985,0.9418967663390428,0.0522453322362755,0.0003316240444354,0.2758395597469081,0.5549743192250631,0.2802037806060237,1.080356724953623,1.3233994680068077,6.344179785492751,16.31283825765337,0.0524350754632878,1.3946696062232935,1.0538341401641091,0.2861817604250977,0.09,-3.2034506516329726,0.3998086797508538,0.04062179021146722,0.1911962342725241,0.038,-2.0970260706658266,0.6696879054501154,0.12282114707231383,0.45093680266755154,0.284,-1.6292794164053495,0.47964834858338457,0.19607080864325857,0.9129727991267401,0.21587755102040818,0.20843337031309728,1.2096051663130747,1.231746856419315,0.8964394338025207,0.21012244897959184,0.07407231048027986,1.0686555253918502,1.0768846727287684,1.257472596385787,36.05697749834645,0.015112374542732655,1.0191851106343486,1.0152271438918603,-2.9983855949977816,2.0521638760716114,0.04227272247058052,8.817292520707282,0.040558216251096145,0.8981389219185703,1.4433726927786736
7,2025_may_22_28,may,2025-05-22,reports/seeded_monthly_windows_salinity/11_train_lgcp/seed_7/runs/2025_may_22_28/2024+2025_2025_may_22_28_20261002-232842,-2.135742664337158,0.0918396562337875,0.3291087448596954,-0.9147794842720032,-0.4071010947227478,-0.7224040627479553,0.1942971050739288,0.0713362246751785,0.0221824161708354,1.9064899916132585,0.1999999939858436,0.089451799893867,0.0099999993604912,0.0984495936081349,0.0099999993604912,0.8782198788667299,0.8000000028326788,0.0957192464982873,14.009278286545335,146.35800843664185,0.0009999999040736,-0.8243061086248762,1.1686872275665552,0.9374689574673816,0.0560725977398703,0.0003771031271747,0.2752428453490518,0.5532799530430212,0.3336677330061756,1.096189040909186,1.3960791954640341,6.306627337196578,16.34582559642923,0.052184587302092085,1.389728973253038,1.0535702002464267,0.2843932506674712,0.08875739644970414,-3.216600542119108,0.4006049560449102,0.04009111492676642,0.1899235205871142,0.03747534516765286,-2.1435001492404333,0.6655769005880288,0.11724375336959986,0.4509481392487028,0.28402366863905326,-1.6019670553503307,0.48558347846406846,0.20149976671251638,0.9163618041566388,0.21700277744233787,0.21203099495482303,1.214457050712449,1.236186200020138,0.9095822842273678,0.21406432395443384,0.07842745611055307,1.07394225105669,1.0815848899415417,1.2575850170027345,36.06541530787405,0.017638899852436114,1.0224302752762138,1.0177953839616096,-2.9600487729620344,1.949375416601801,0.04691962731898399,8.920502834804617,0.0448168379831971,0.8991986579055602,1.4635799907691842
7,2025_november_01_07,november,2025-11-01,reports/seeded_monthly_windows_salinity/11_train_lgcp/seed_7/runs/2025_november_01_07/2024+2025_2025_november_01_07_20261002-235043,-2.0840277671813965,0.0873515978455543,0.3372880816459656,-1.0270925760269165,-0.3240517079830169,-0.673565685749054,0.2005708515644073,0.0739536583423614,0.025500101968646,1.6472448140905602,0.1999999939858436,0.097902269936097,0.0099999993604912,0.0989495022254951,0.0099999993604912,0.861073589877932,0.8000000028326788,0.0723998202612142,14.003003067752717,193.41212474327585,0.0009999999040736,-0.8152591149650318,1.1280073247665352,0.940348027593808,0.0539329231455097,0.0004301141432569,0.26946874481334826,0.5225373608868387,0.3241622619575407,1.0912803040773862,1.3828716763809266,6.547204225713851,18.199494045622423,0.05151635263205656,1.4011426490835595,1.052866403288259,0.3410047659342545,0.13432835820895522,-3.0119595930367122,0.3580464415385713,0.049195181708350084,0.1742437435215362,0.03134328358208955,-1.859760938520956,0.7232128455354585,0.1557098501459901,0.45073638419521106,0.2835820895522388,-1.4943672385172637,0.5098872349009758,0.22439054551276014,0.9667957927424997,0.23987206823027718,0.2074593756717228,1.2221001968834906,1.2305477256499024,0.9637910859842775,0.23728297289064879,0.07673204226290987,1.0767569056401267,1.079752709532624,1.2400474213818342,36.24631671452355,0.02056381193892587,1.0258280108727325,1.0207767039056415,-2.8992868821464284,1.675381499782551,0.0594339524390299,8.702151809876106,0.05609972410474574,0.8969300811205541,1.9341211237440028
7,2025_november_08_14,november,2025-11-08,reports/seeded_monthly_windows_salinity/11_train_lgcp/seed_7/runs/2025_november_08_14/2024+2025_2025_november_08_14_20261003-000636,-2.110093832015991,0.0838467702269554,0.3383353054523468,-1.0324549674987793,-0.3403161466121673,-0.657882571220398,0.2117990106344223,0.0792929753661155,0.0388888455927372,1.4006761723838046,0.1999999939858436,0.1080727367195527,0.0099999993604912,0.0903103590415303,0.0099999993604912,0.9329347281860714,0.8000000028326788,0.0716739963755334,14.007453596399053,195.4328529834933,0.0009999999040736,-0.7776412253750249,1.1309253607978544,0.9454984282571336,0.0496901484004307,0.0001469687929588,0.2696841066809183,0.5240959905996895,0.31090734733641623,1.087462249448036,1.3646627756874345,6.514134561462095,18.190381577098798,0.05193864238757874,1.4026107275910298,1.0533111118756329,0.3395092698856599,0.1329394387001477,-3.041021436164291,0.35613159502074004,0.04778605415349163,0.18116075563345485,0.033973412112259974,-1.8785312824634814,0.7115453345529311,0.15281438218015003,0.4507469689279501,0.28360413589364847,-1.4595385361882658,0.5179468898530263,0.23234346809734635,0.9655333279526794,0.24028577457570915,0.21935960624323733,1.2358994574658118,1.2452790062847594,0.9621795428975729,0.23760286980375606,0.08240974977219662,1.0825214277275899,1.0859006662340374,1.2426124461697619,36.24597232313665,0.031296037402979884,1.0396549150014596,1.0317909073795026,-2.887735057391016,1.5438199091000138,0.07715754636963959,10.330318006565006,0.0716306975053787,0.9117412239073448,1.9543284048539036
7,2025_november_15_21,november,2025-11-15,reports/seeded_monthly_windows_salinity/11_train_lgcp/seed_7/runs/2025_november_15_21/2024+2025_2025_november_15_21_20261003-002716,-2.116882562637329,0.0827530920505523,0.3310222923755646,-1.0208498239517212,-0.3504949808120727,-0.6754729747772217,0.21092189848423,0.0752774402499198,0.0405135080218315,1.5062539472874596,0.1999999939858436,0.1040753380458144,0.0099999993604912,0.0935300277274392,0.0099999993604912,0.9126707551770066,0.8000000028326788,0.0709717759086309,14.013631316332011,197.45358118659968,0.0009999999040736,-0.7762704434905927,1.154269715246489,0.9350036823717928,0.0600103403622421,0.0002092988810895,0.268750216398911,0.5246647114501245,0.30791823411118796,1.0862735658552896,1.3605897345598508,6.482694618109433,18.175073358747696,0.051062453482052426,1.3923908316615745,1.0523886165644354,0.33803243628063656,0.13157894736842105,-3.0199759383570086,0.36028862813014007,0.04880239261363389,0.1802638100375407,0.033625730994152045,-1.9443446842662466,0.7043393689479716,0.1430809558241041,0.4507573357274379,0.28362573099415206,-1.4985290781505192,0.5089156594044179,0.2234586086781101,0.9639682452463987,0.24051199427139278,0.2188058574795859,1.234815910300911,1.2445896254641327,0.9612857785192297,0.23827425707124955,0.0783091167393297,1.0781832408207124,1.0814569034388117,1.2439055748112884,36.25170071481563,0.03256960081393458,1.0413453761235874,1.0331057956459648,-2.893153006127922,1.6203145876362968,0.06909547904139184,9.758050728228893,0.06462984868605612,0.9070463576290805,1.974535685592694
7,2025_november_22_28,november,2025-11-22,reports/seeded_monthly_windows_salinity/11_train_lgcp/seed_7/runs/2025_november_22_28/2024+2025_2025_november_22_28_20261003-004849,-2.1046290397644043,0.096574530005455,0.3458542227745056,-1.017833948135376,-0.3398255705833435,-0.6708856225013733,0.2019515633583068,0.0768763646483421,0.0402136072516441,1.6937690625156296,0.1999999939858436,0.0999477491054541,0.0099999993604912,0.1024771174866381,0.0099999993604912,0.8205559314514279,0.8000000028326788,0.070301991730458,14.02344124654477,199.4743093525922,0.0009999999040736,-0.7825088525867017,1.1357962786236575,0.9407044160340876,0.0531907157636101,0.0003695127617821,0.26844784817648887,0.5258041533896964,0.35975155197356196,1.1013916648116946,1.432973350929542,6.453987880512588,18.15234515540144,0.05358767775483291,1.413196588923216,1.0550494920831255,0.33657390639612594,0.13024602026049203,-3.024102370364536,0.36137685404289804,0.04860142777773435,0.17938003394903304,0.03328509406657019,-1.8944447891000935,0.7118944872734594,0.15040181659726287,0.45076749125623805,0.28364688856729375,-1.4883185578260998,0.5112555977701636,0.22575192539811698,0.9663941239124675,0.24111757582917392,0.2089743287559547,1.223788730459519,1.2324133605400203,0.9596261426704892,0.2384299595380844,0.08011074441386853,1.0799085532649397,1.0834070423094573,1.2453003898778716,36.25642938551081,0.032292294757562796,1.041033122668123,1.0328193488705077,-2.887137892351106,1.6556598975620755,0.05900907704442843,8.007211283615774,0.05572103046473966,0.8889778458046153,1.9947429659603457
8,2025_may_01_07,may,2025-05-01,reports/seeded_monthly_windows_salinity/11_train_lgcp/seed_8/runs/2025_may_01_07/2024+2025_2025_may_01_07_20261002-222847,-2.119563579559326,0.0849599465727806,0.3018426299095154,-0.9372496008872986,-0.4156864285469055,-0.7246289849281311,0.1889629811048507,0.07172392308712,-0.001386618358083,2.14542117184751,0.1999999939858436,0.0768382348069217,0.0099999993604912,0.103098601330773,0.0099999993604912,0.8187697062888847,0.8000000028326788,0.100132812543288,14.048214912100748,140.295818676097,0.0009999999040736,-0.866855864028085,1.1559066596141785,0.9328039836772424,0.0609494705729418,0.0004791599139671,0.2777668892288728,0.5579595013075074,0.3058677973053,1.0886734607218953,1.3578027894941926,6.429407184160369,16.272330222887106,0.046947194549000044,1.3523483907742935,1.0480666639855374,0.2898606637500495,0.09259259259259259,-3.2334487500363305,0.3917036966560532,0.03942130983882201,0.18885257457753857,0.037037037037037035,-2.2011160264920515,0.6598871598209823,0.11067956808004094,0.4509131448827848,0.2839506172839506,-1.6070256393090936,0.48450429400841144,0.20048303699935216,0.9017655836168964,0.21206013269505333,0.20954778551975567,1.2079962329692844,1.2331202989973673,0.8885125585318879,0.20735701688082642,0.080723589552444,1.0743586974845345,1.0840712065425586,1.2588469489758647,36.04353550934737,-0.0011014987637783002,0.9986143425529622,0.998899107663305,-2.986419443587411,2.0486305183043854,0.03581498859767155,7.941617982401254,0.03457662709260399,0.8881634171837599,1.4029580970405595
8,2025_may_08_14,may,2025-05-08,reports/seeded_monthly_windows_salinity/11_train_lgcp/seed_8/runs/2025_may_08_14/2024+2025_2025_may_08_14_20261002-225017,-2.1251165866851807,0.0785496830940246,0.3166002333164215,-0.9129460453987122,-0.3993918001651764,-0.7372863292694092,0.1871962398290634,0.0724465698003768,-0.0024112332612276,2.2545686254600423,0.1999999939858436,0.0809794727027853,0.0099999993604912,0.1130703375979947,0.0099999993604912,0.7637944766865397,0.8000000028326788,0.0986364687213802,14.03760179827685,142.31654863810112,0.0009999999040736,-0.8463385282150983,1.1364717186410105,0.9369853581155329,0.0551954468797818,0.0008663188799544,0.27666509195222844,0.5572405849934394,0.2839161331838269,1.0817170968794705,1.3283215239841237,6.3865916875319915,16.29345218163233,0.049572643564249404,1.3724538009382226,1.0508219248922674,0.2880038839642541,0.09127789046653144,-3.1699087971744975,0.40134011447223916,0.042007428924952954,0.1924948221357647,0.038539553752535496,-2.0748184067179185,0.6707278585801072,0.12557922976725938,0.4509251425620763,0.2839756592292089,-1.6350526055838885,0.4784104039144317,0.1949421159856056,0.8985378561896344,0.21157428488636834,0.2083342827901466,1.2058639003581715,1.2316248117210635,0.8973009213647343,0.21016682535082998,0.08073832097507538,1.0751353598585875,1.084087176571295,1.2576599173413487,36.04713977468366,-0.0019172379019002743,0.9975916714265968,0.9980845988246845,-2.971455114900279,2.0479599493481455,0.035917945361393255,6.755038438127786,0.03467257761314562,0.8710515740214153,1.423165395368326
8,2025_may_15_21,may,2025-05-15,reports/seeded_monthly_windows_salinity/11_train_lgcp/seed_8/runs/2025_may_15_21/2024+2025_2025_may_15_21_20261002-231209,-2.11806583404541,0.0889935195446014,0.3245130181312561,-0.899660050868988,-0.3948719203472137,-0.6903882622718811,0.1945291757583618,0.059753879904747,0.0074020833708345,2.387949953666177,0.1999999939858436,0.0791623174773785,0.0099999993604912,0.1129641188115669,0.0099999993604912,0.7519505878618741,0.8000000028326788,0.0972481193019965,14.036528880106816,144.33727850836334,0.0009999999040736,-0.8409282963931506,1.0996603271190266,0.9294612740630676,0.0629011221373413,0.0010565268432608,0.2758395597469081,0.5549743192250631,0.322627833463249,1.0930735726888425,1.3807513858098865,6.344179785492751,16.31283825765337,0.05115129600729801,1.3833568122360977,1.0524821175800425,0.2861817604250977,0.09,-3.1436666317679456,0.40670789623848114,0.04312438641594263,0.1911962342725241,0.038,-2.0652703848987826,0.6737663294802771,0.12678400545263369,0.45093680266755154,0.284,-1.5310089089820036,0.5013813638027587,0.21631731270481394,0.9129727991267401,0.21587755102040818,0.21307225795163803,1.2147389232973391,1.2374740653542893,0.8964394338025207,0.21012244897959184,0.06665690692708902,1.0615752393911706,1.0689286732308592,1.257472596385787,36.05697749834645,0.005886476883957139,1.0074295465096113,1.005903836234099,-2.958994130438561,2.133841686326575,0.033150743949152704,6.65654365096396,0.032087034872022746,0.869392764465713,1.4433726927786736
8,2025_may_22_28,may,2025-05-22,reports/seeded_monthly_windows_salinity/11_train_lgcp/seed_8/runs/2025_may_22_28/2024+2025_2025_may_22_28_20261002-233447,-2.116387128829956,0.0862053707242012,0.3240896761417389,-0.9013217091560364,-0.4094657599925995,-0.7075347900390625,0.1982772499322891,0.0629171803593635,0.0065891551785171,1.8326123352351555,0.1999999939858436,0.096887509069389,0.0099999993604912,0.0978684069579557,0.0099999993604912,0.885500266900904,0.8000000028326788,0.0959806321600379,14.047534171433046,146.35800843664185,0.0009999999040736,-0.823450488894067,1.1307194554962323,0.9369454662081864,0.0574841992888275,0.0003646006072564,0.2752428453490518,0.5532799530430212,0.31319749879376174,1.0900301656040392,1.3677916415528,6.306627337196578,16.34582559642923,0.05138874691869826,1.3827713031550277,1.0527320600914585,0.2843932506674712,0.08875739644970414,-3.1692795347309883,0.40603264786368687,0.042033870940935074,0.1899235205871142,0.03747534516765286,-2.1559507675869223,0.6640048933747318,0.11579304598529125,0.4509481392487028,0.28402366863905326,-1.5689937011777964,0.49285769878699776,0.20825464335149182,0.9163618041566388,0.21700277744233787,0.21637441568701227,1.2193003979164339,1.2415671542046918,0.9095822842273678,0.21406432395443384,0.06917151031894563,1.0649386377436703,1.071619987273779,1.2575850170027345,36.06541530787405,0.005239530599864623,1.0066109114203348,1.0052532809449466,-2.939837617724023,1.8974097031046364,0.052868523913409474,9.047866358765962,0.050213794707151406,0.9004763833141969,1.4635799907691842
8,2025_november_01_07,november,2025-11-01,reports/seeded_monthly_windows_salinity/11_train_lgcp/seed_8/runs/2025_november_01_07/2024+2025_2025_november_01_07_20261002-235645,-2.097499132156372,0.089072085916996,0.3376863598823547,-1.028860330581665,-0.3121431469917297,-0.6636707186698914,0.1989182829856872,0.0759898424148559,0.0467928312718868,1.5752219583092764,0.1999999939858436,0.0949434498584901,0.0099999993604912,0.0912685271153292,0.0099999993604912,0.9174246552692896,0.8000000028326788,0.0723606990995862,13.995436560759824,193.41212474327585,0.0009999999040736,-0.7939076710715308,1.1572979803775552,0.9450631655655934,0.0503612004919031,0.0001851502121434,0.26946874481334826,0.5225373608868387,0.33054700269114023,1.0931594548878913,1.3917291999084276,6.547204225713851,18.199494045622423,0.05157718443486254,1.401700804850035,1.0529304529977948,0.3410047659342545,0.13432835820895522,-3.017143551536252,0.3574140624209425,0.04894081580877024,0.1742437435215362,0.03134328358208955,-1.7914166711710333,0.7318767547737264,0.16672380946983165,0.45073638419521106,0.2835820895522388,-1.4724143467026167,0.5149575964647674,0.2293710349366097,0.9667957927424997,0.23987206823027718,0.20575005029905824,1.2200822603465764,1.2284461158793323,0.9637910859842775,0.23728297289064879,0.07884472425603606,1.0789516145587312,1.0820362950346833,1.2400474213818342,36.24631671452355,0.037734711161080986,1.0479048934666864,1.0384557056245471,-2.8914068032279028,1.6846844606734501,0.060273061429638265,10.051927912784313,0.05684673469716188,0.90951804898734,1.9341211237440028
8,2025_november_08_14,november,2025-11-08,reports/seeded_monthly_windows_salinity/11_train_lgcp/seed_8/runs/2025_november_08_14/2024+2025_2025_november_08_14_20261003-001729,-2.115618705749512,0.1307498216629028,0.3739841878414154,-1.0629395246505735,-0.3405749201774597,-0.6310854554176331,0.1909535229206085,0.0762033686041832,0.0602866858243942,1.3911979456555426,0.1999999939858436,0.1134253654596333,0.0099999993604912,0.0906047882734856,0.0099999993604912,0.941082566409626,0.8000000028326788,0.0704220379779784,13.762779794948234,195.4328529834933,0.0009999999040736,-0.7968209541089235,1.1747573027509928,0.960349508877893,0.0357122498573852,0.0001242874262552,0.2696841066809183,0.5240959905996895,0.4848258329794787,1.1396826217399785,1.6238921557546888,6.514134561462095,18.190381577098798,0.057411185524769814,1.4535141670786298,1.0590912038480564,0.3395092698856599,0.1329394387001477,-3.1308114945095635,0.3454388902982589,0.04368233489101211,0.18116075563345485,0.033973412112259974,-1.8799597020148768,0.7113612292516617,0.15259625495459492,0.4507469689279501,0.28360413589364847,-1.400088073622763,0.5320140099910317,0.24657524621002347,0.9655333279526794,0.24028577457570915,0.19776999653187227,1.210403194768593,1.2186820604836024,0.9621795428975729,0.23760286980375606,0.07919869962595462,1.0791820235837617,1.082419377029279,1.2426124461697619,36.24597232313665,0.04851608078626795,1.0621410036707637,1.0497122518829678,-2.9124396598584354,1.5523008436389603,0.08153071661285875,10.386675851711276,0.07538455945865033,0.9121780567899707,1.9543284048539036
8,2025_november_15_21,november,2025-11-15,reports/seeded_monthly_windows_salinity/11_train_lgcp/seed_8/runs/2025_november_15_21/2024+2025_2025_november_15_21_20261003-003625,-2.1109938621521,0.0781014487147331,0.3316487371921539,-1.030491828918457,-0.3361124396324157,-0.6565687656402588,0.2039121091365814,0.0785790011286735,0.0395084545016288,1.48455033019473,0.1999999939858436,0.1063057645304196,0.0099999993604912,0.0906667419917944,0.0099999993604912,0.9039362018155872,0.8000000028326788,0.0709900529307899,14.01724017981074,197.45358118659968,0.0009999999040736,-0.7653608043362308,1.128445944666595,0.9443918384356648,0.0506229354042636,0.000154610038882,0.268750216398911,0.5246647114501245,0.2906098077286965,1.0812323427378339,1.337242700372645,6.482694618109433,18.175073358747696,0.05115908688120088,1.3932633609479257,1.0524903173674471,0.33803243628063656,0.13157894736842105,-3.048499842964586,0.3568314173939926,0.04743002353135975,0.1802638100375407,0.033625730994152045,-1.8645586130816767,0.7145427583739267,0.1549645941364949,0.4507573357274379,0.28362573099415206,-1.4565903061359606,0.518627818573162,0.23302948085725997,0.9639682452463987,0.24051199427139278,0.21153405222851474,1.2261903777890124,1.2355720388937665,0.9612857785192297,0.23827425707124955,0.08174364261345576,1.081748811163695,1.0851775808794788,1.2439055748112884,36.25170071481563,0.031761618648282516,1.0402992940598546,1.0322714017209498,-2.876354666488331,1.5822701549875484,0.07160805691005125,9.969876295956416,0.06682299227623471,0.9088412692157151,1.974535685592694
8,2025_november_22_28,november,2025-11-22,reports/seeded_monthly_windows_salinity/11_train_lgcp/seed_8/runs/2025_november_22_28/2024+2025_2025_november_22_28_20261003-005652,-2.084022283554077,0.0943576917052269,0.3249985575675964,-1.0069915056228638,-0.3461693227291107,-0.6588129997253418,0.196288913488388,0.0766719356179237,0.041192851960659,1.6869265610820434,0.1999999939858436,0.0946172116354099,0.0099999993604912,0.0985878950453539,0.0099999993604912,0.8382852090509443,0.8000000028326788,0.0702507711016055,14.013224046979817,199.4743093525922,0.0009999999040736,-0.7708502682737816,1.1193211757537749,0.943208394387828,0.050889180872942,0.0003272773953269,0.26844784817648887,0.5258041533896964,0.3514935669858385,1.0989527619110746,1.4211886046098376,6.453987880512588,18.15234515540144,0.05035623920969997,1.38402864961154,1.051645667075001,0.33657390639612594,0.13024602026049203,-2.9918882197531356,0.36531638025778973,0.05019257258259379,0.17938003394903304,0.03328509406657019,-1.9298096622474006,0.70739269930299,0.14517582829493164,0.45076749125623805,0.28364688856729375,-1.4615361855161835,0.5174652014257314,0.23187979061116099,0.9663941239124675,0.24111757582917392,0.20311476304689033,1.2168784271435051,1.2252130693643688,0.9596261426704892,0.2384299595380844,0.07989771454595611,1.0796878111702701,1.0831762688320332,1.2453003898778716,36.25642938551081,0.03307864696380513,1.0420530481422148,1.033631828049673,-2.854872551827859,1.6690804444292304,0.05608851850356763,8.502922277276573,0.05310967548728081,0.8947692119516536,1.9947429659603457
9,2025_may_01_07,may,2025-05-01,reports/seeded_monthly_windows_salinity/11_train_lgcp/seed_9/runs/2025_may_01_07/2024+2025_2025_may_01_07_20261002-222848,-2.11383318901062,0.0837987884879112,0.3301407098770141,-0.9359131455421448,-0.3937881588935852,-0.7208526134490967,0.1899994909763336,0.0700848028063774,-0.0108394846320152,2.1075885647008405,0.1999999939858436,0.0832609034779726,0.0099999993604912,0.0981241740132237,0.0099999993604912,0.9043095309831528,0.8000000028326788,0.0999140123696857,14.017518162618735,140.295818676097,0.0009999999040736,-0.8737238397269125,1.1774747049827612,0.929486437921054,0.0646347049319932,0.000426011212485,0.2777668892288728,0.5579595013075074,0.30168746433583427,1.087410072369946,1.3521385691393903,6.429407184160369,16.272330222887106,0.05134854589554635,1.3911638651887892,1.0526897400361983,0.2898606637500495,0.09259259259259259,-3.2288380680353184,0.39222754112456526,0.03960348862403967,0.18885257457753857,0.037037037037037035,-2.085161718205249,0.674496927282279,0.12428701906680714,0.4509131448827848,0.2839506172839506,-1.598650697212393,0.48633742131209234,0.2021691214001023,0.9017655836168964,0.21206013269505333,0.21069720826366384,1.2092489821207444,1.2345384904096024,0.8885125585318879,0.20735701688082642,0.07887879820424859,1.0725991368144385,1.082073164911512,1.2588469489758647,36.04353550934737,-0.008610645353538542,0.989219050892317,0.9914263200783344,-2.9875570287375326,2.196181349475829,0.03950529286051188,9.215970886657182,0.03800393622989756,0.9021140515086946,1.4029580970405595
9,2025_may_08_14,may,2025-05-08,reports/seeded_monthly_windows_salinity/11_train_lgcp/seed_9/runs/2025_may_08_14/2024+2025_2025_may_08_14_20261002-224523,-2.1207635402679443,0.0753674060106277,0.3363470137119293,-0.9222928285598756,-0.4124532639980316,-0.734976053237915,0.1861031651496887,0.0569069124758243,-0.0086779249832034,2.029422871588596,0.1999999939858436,0.08172038876942,0.0099999993604912,0.0963192871276767,0.0099999993604912,0.9109527203018244,0.8000000028326788,0.098562183725317,14.027029814021535,142.31654863810112,0.0009999999040736,-0.8918859911967199,1.1732129521560528,0.9450834594809708,0.0493045641108688,0.0003949700114707,0.27666509195222844,0.5572405849934394,0.2724138613903678,1.0782802447596065,1.31313034281873,6.3865916875319915,16.29345218163233,0.05266455570794536,1.3998246989030887,1.0540760020306212,0.2880038839642541,0.09127789046653144,-3.2023624677032028,0.3976063519651396,0.04066601825053013,0.1924948221357647,0.038539553752535496,-2.142671992014063,0.6620241363291695,0.11734088984778615,0.4509251425620763,0.2839756592292089,-1.629929191931752,0.4795169417155253,0.19594344801275165,0.8985378561896344,0.21157428488636834,0.20711777903146245,1.2045465211899924,1.2301274464682055,0.8973009213647343,0.21016682535082998,0.06342009811967285,1.0585572673337922,1.0654743489962917,1.2576599173413487,36.04713977468366,-0.006900056894194613,0.991359619526499,0.9931236938398418,-3.012649531464664,2.126495509832081,0.04026779727058597,9.457635614498523,0.038709068353590344,0.9043760906515431,1.423165395368326
9,2025_may_15_21,may,2025-05-15,reports/seeded_monthly_windows_salinity/11_train_lgcp/seed_9/runs/2025_may_15_21/2024+2025_2025_may_15_21_20261002-230702,-2.121304988861084,0.0699418485164642,0.3153211176395416,-0.912250816822052,-0.4018928408622741,-0.7219446897506714,0.1879489421844482,0.06352049857378,0.0191803686320781,1.8751941060232409,0.1999999939858436,0.0860981043003712,0.0099999993604912,0.0885783804554249,0.0099999993604912,0.9828735971296672,0.8000000028326788,0.0971630184542462,14.024245655343789,144.33727850836334,0.0009999999040736,-0.8686049941180772,1.190305843770986,0.9455797577247472,0.0498585769558817,0.0002451366701482,0.2758395597469081,0.5549743192250631,0.25355989032406434,1.0724458151257312,1.2886045521185385,6.344179785492751,16.31283825765337,0.04970242463187866,1.3706993960482523,1.0509583105335139,0.2861817604250977,0.09,-3.1876623285389822,0.40161923460368365,0.04126822983059297,0.1911962342725241,0.038,-2.1019914037084577,0.6690524369313273,0.12221281071857444,0.45093680266755154,0.284,-1.6009886207556174,0.48580659364462314,0.201697017537874,0.9129727991267401,0.21587755102040818,0.2058647775314025,1.2067718986395974,1.2285870601872118,0.8964394338025207,0.21012244897959184,0.07085866169936153,1.0655813284750746,1.0734294984449964,1.257472596385787,36.05697749834645,0.015253110634145105,1.0193654935966436,1.0153700330465822,-2.989909982979161,2.1014304173734706,0.04591423577101629,11.096089046517129,0.04389866224276955,0.9173286509255705,1.4433726927786736
9,2025_may_22_28,may,2025-05-22,reports/seeded_monthly_windows_salinity/11_train_lgcp/seed_9/runs/2025_may_22_28/2024+2025_2025_may_22_28_20261002-232505,-2.1085925102233887,0.0806090906262397,0.3306487798690796,-0.9184083342552184,-0.4051420092582702,-0.7341784834861755,0.1926651895046234,0.0710811614990234,0.0193760935217142,2.2169476399844554,0.1999999939858436,0.0756620476932489,0.0099999993604912,0.1023577368349982,0.0099999993604912,0.836670289008686,0.8000000028326788,0.0957555848189952,14.014596690794086,146.35800843664185,0.0009999999040736,-0.847433731996799,1.1728925637309209,0.9405823362524308,0.0524661462106269,0.0006651156046401,0.2752428453490518,0.5532799530430212,0.29286534414369436,1.0839470886592981,1.34026230411195,6.306627337196578,16.34582559642923,0.05242878042260534,1.3918708533872735,1.0538275062562046,0.2843932506674712,0.08875739644970414,-3.2293605143571913,0.3991538552628227,0.03958280333102284,0.1899235205871142,0.03747534516765286,-2.133185021032924,0.6668821007012997,0.11845939669664896,0.4509481392487028,0.28402366863905326,-1.628077420852308,0.4798995424788005,0.1963066265809929,0.9163618041566388,0.21700277744233787,0.21025013114982483,1.2124767756035102,1.233986679864511,0.9095822842273678,0.21406432395443384,0.07814703818621788,1.073668362866009,1.081281636672525,1.2575850170027345,36.06541530787405,0.01540738261011905,1.0195650283216957,1.0155266882713698,-2.9560262422201875,2.1528247490501,0.03412892859020316,8.17398190776148,0.03300258569957046,0.8909960789050644,1.4635799907691842
9,2025_november_01_07,november,2025-11-01,reports/seeded_monthly_windows_salinity/11_train_lgcp/seed_9/runs/2025_november_01_07/2024+2025_2025_november_01_07_20261002-234306,-2.079148054122925,0.0818512216210365,0.3480022847652435,-1.0503965616226196,-0.3262007236480713,-0.6592758893966675,0.206867977976799,0.0789408311247825,0.0432862788438797,1.875965032291748,0.1999999939858436,0.0873424306607134,0.0099999993604912,0.1027992514930247,0.0099999993604912,0.7929994315469995,0.8000000028326788,0.0723883077812889,14.000776414549309,193.41212474327585,0.0009999999040736,-0.8060599590959119,1.123553444821845,0.9361109316344912,0.0577933469014937,0.0003254270590772,0.26946874481334826,0.5225373608868387,0.3037503354154562,1.085294329486416,1.3549307356389129,6.547204225713851,18.199494045622423,0.05315280733087264,1.4162354855019408,1.0545907820101552,0.3410047659342545,0.13432835820895522,-3.0802987716163925,0.3497990047417164,0.045945527378707246,0.1742437435215362,0.03134328358208955,-1.8720943263466643,0.7216603186010843,0.15380121434252625,0.45073638419521106,0.2835820895522388,-1.4626640149625447,0.5172257275579868,0.2316184171753279,0.9667957927424997,0.23987206823027718,0.2139727743228782,1.2298201977118366,1.2385889329120296,0.9637910859842775,0.23728297289064879,0.0819065794161851,1.0821402911521596,1.0853544106505486,1.2400474213818342,36.24631671452355,0.03490695444182616,1.0442367949665812,1.0355233534685495,-2.8852080132188367,1.758728239715466,0.046558666690078264,7.714058419976019,0.044487392988037694,0.885242908435453,1.9341211237440028
9,2025_november_08_14,november,2025-11-08,reports/seeded_monthly_windows_salinity/11_train_lgcp/seed_9/runs/2025_november_08_14/2024+2025_2025_november_08_14_20261003-000205,-2.1011908054351807,0.0987692773342132,0.3456884622573852,-1.0362179279327393,-0.36585733294487,-0.6499795317649841,0.2105766534805297,0.0768285319209098,0.0482103303074836,1.636079067477591,0.1999999939858436,0.0988011293081632,0.0099999993604912,0.1000865802057104,0.0099999993604912,0.8366366153501059,0.8000000028326788,0.0716395714943488,14.00072584365554,195.4328529834933,0.0009999999040736,-0.7672100525772447,1.136667940899273,0.9428689590962404,0.0512802977835575,0.0002927434218558,0.2696841066809183,0.5240959905996895,0.3662406307505317,1.1038115958231347,1.442302263177019,6.514134561462095,18.190381577098798,0.053067442650401066,1.4129623561396534,1.0545007610473807,0.3395092698856599,0.1329394387001477,-3.0521049639726106,0.354794004148501,0.047259340408634026,0.18116075563345485,0.033973412112259974,-2.019517591796285,0.6936017482702038,0.13271947460286213,0.4507469689279501,0.28360413589364847,-1.4420053301986386,0.5220564622260198,0.23645311635909122,0.9655333279526794,0.24028577457570915,0.2180936145695118,1.234389669860315,1.243703490936422,0.9621795428975729,0.23760286980375606,0.07984843627993081,1.079856899528839,1.083122893098848,1.2426124461697619,36.24597232313665,0.038797559493378236,1.0493913509196802,1.0395600132912592,-2.8684008580124254,1.625102521839655,0.060388969746119237,8.359128802588181,0.056949828288555,0.8931524481505737,1.9543284048539036
9,2025_november_15_21,november,2025-11-15,reports/seeded_monthly_windows_salinity/11_train_lgcp/seed_9/runs/2025_november_15_21/2024+2025_2025_november_15_21_20261003-002139,-2.1197943687438965,0.16453917324543,0.3772375285625458,-1.037678599357605,-0.3393840193748474,-0.6462422013282776,0.1949808150529861,0.0803310498595237,0.0714151486754417,1.5982559266998777,0.1999999939858436,0.1150751719657135,0.0099999993604912,0.1033944102209233,0.0099999993604912,0.8342692485869841,0.8000000028326788,0.0722959635587946,14.275096910019917,197.45358118659968,0.0009999999040736,-0.8010585622824279,1.151634579069784,0.9609899886880758,0.0337124939817275,0.000270401720444,0.268750216398911,0.5246647114501245,0.6122382911915554,1.1788497480176252,1.8445554338441028,6.482694618109433,18.175073358747696,0.058191469872532826,1.4582506444167647,1.0599179186316303,0.33803243628063656,0.13157894736842105,-3.069760437120058,0.35427614498804016,0.04643227697514923,0.1802638100375407,0.033625730994152045,-1.8827074569441824,0.7122088945529855,0.1521775333784384,0.4507573357274379,0.28362573099415206,-1.4336809411772826,0.5240112102263079,0.23842965942791342,0.9639682452463987,0.24051199427139278,0.20226891914177866,1.215287671036503,1.2241771685241511,0.9612857785192297,0.23827425707124955,0.08356625225774808,1.0836457490739737,1.0871572395286129,1.2439055748112884,36.25170071481563,0.057412033615394015,1.074027014220075,1.0590921020537574,-2.9208529310263245,1.6065283067241503,0.07200046628534883,8.068804172337725,0.06716458485773037,0.8897318785369446,1.974535685592694
9,2025_november_22_28,november,2025-11-22,reports/seeded_monthly_windows_salinity/11_train_lgcp/seed_9/runs/2025_november_22_28/2024+2025_2025_november_22_28_20261003-004129,-2.0937395095825195,0.096391312777996,0.3290976285934448,-1.022387981414795,-0.3485771119594574,-0.6720016002655029,0.2017705589532852,0.0752898678183555,0.0436110496520996,1.681316847866586,0.1999999939858436,0.0950543418065184,0.0099999993604912,0.0953736280201259,0.0099999993604912,0.8604991454044851,0.8000000028326788,0.0704142478849649,14.0458334654356,199.4743093525922,0.0009999999040736,-0.7886487278732186,1.1332956325982124,0.949535348315793,0.0451635833604628,0.0002467939549974,0.26844784817648887,0.5258041533896964,0.3590690461211084,1.1011898893694543,1.4319956719049018,6.453987880512588,18.15234515540144,0.05099136141658005,1.3897135247416204,1.0523138027433703,0.33657390639612594,0.13024602026049203,-3.0376329299025033,0.35973487347802513,0.04794825214647823,0.17938003394903304,0.03328509406657019,-1.9432325007726226,0.70569149567176,0.14324017662638533,0.45076749125623805,0.28364688856729375,-1.4907942859692709,0.5106853661333597,0.2251937162751675,0.9663941239124675,0.24111757582917392,0.2087870300125716,1.2235672393545276,1.232182552681948,0.9596261426704892,0.2384299595380844,0.078457499718417,1.078196640099984,1.0816173851419806,1.2453003898778716,36.25642938551081,0.035020505900890786,1.0445759876714185,1.0356409453324689,-2.8823882374557384,1.6979848557044062,0.05653565056885758,9.022401299685288,0.053510405009445525,0.9002235123002507,1.9947429659603457
