transform,date,distance_bin,distance_min_km,distance_max_km,distance_mid_km,semivariance_mean,semivariance_median,n_pairs
y,2024-01-01,0,0.0,4.006581279503483,2.0032906397517416,0.0,0.0,40
y,2024-01-01,1,4.006581279503483,8.013162559006966,6.009871919255225,0.0,0.0,185
y,2024-01-01,2,8.013162559006966,12.01974383851045,10.016453198758708,0.0,0.0,161
y,2024-01-01,3,12.01974383851045,16.026325118013933,14.023034478262192,0.0,0.0,154
y,2024-01-01,4,16.026325118013933,20.032906397517415,18.029615757765676,0.0,0.0,162
y,2024-01-01,5,20.032906397517415,24.0394876770209,22.036197037269158,0.0,0.0,99
y,2024-01-01,6,24.0394876770209,28.046068956524383,26.04277831677264,0.0,0.0,96
y,2024-01-01,7,28.046068956524383,32.052650236027866,30.049359596276126,0.0,0.0,75
y,2024-01-01,8,32.052650236027866,36.05923151553135,34.05594087577961,0.0,0.0,96
y,2024-01-01,9,36.05923151553135,40.06581279503483,38.06252215528309,0.0,0.0,58
y,2024-01-01,10,40.06581279503483,44.072394074538316,42.06910343478657,0.0,0.0,38
y,2024-01-01,11,44.072394074538316,48.078975354041795,46.075684714290055,0.0,0.0,12
y,2024-01-02,0,0.0,4.006581279503483,2.0032906397517416,1.0,0.0,40
y,2024-01-02,1,4.006581279503483,8.013162559006966,6.009871919255225,1.1837837837837837,0.0,185
y,2024-01-02,2,8.013162559006966,12.01974383851045,10.016453198758708,1.593167701863354,0.0,161
y,2024-01-02,3,12.01974383851045,16.026325118013933,14.023034478262192,0.40584415584415584,0.0,154
y,2024-01-02,4,16.026325118013933,20.032906397517415,18.029615757765676,0.7623456790123457,0.0,162
y,2024-01-02,5,20.032906397517415,24.0394876770209,22.036197037269158,1.1565656565656566,0.0,99
y,2024-01-02,6,24.0394876770209,28.046068956524383,26.04277831677264,1.421875,0.0,96
y,2024-01-02,7,28.046068956524383,32.052650236027866,30.049359596276126,1.7933333333333332,0.0,75
y,2024-01-02,8,32.052650236027866,36.05923151553135,34.05594087577961,1.828125,0.0,96
y,2024-01-02,9,36.05923151553135,40.06581279503483,38.06252215528309,0.4224137931034483,0.0,58
y,2024-01-02,10,40.06581279503483,44.072394074538316,42.06910343478657,0.0,0.0,38
y,2024-01-02,11,44.072394074538316,48.078975354041795,46.075684714290055,0.0,0.0,12
y,2024-01-03,0,0.0,4.006581279503483,2.0032906397517416,0.7,0.0,40
y,2024-01-03,1,4.006581279503483,8.013162559006966,6.009871919255225,0.5945945945945946,0.0,185
y,2024-01-03,2,8.013162559006966,12.01974383851045,10.016453198758708,1.046583850931677,0.0,161
y,2024-01-03,3,12.01974383851045,16.026325118013933,14.023034478262192,0.7467532467532467,0.0,154
y,2024-01-03,4,16.026325118013933,20.032906397517415,18.029615757765676,1.126543209876543,0.0,162
y,2024-01-03,5,20.032906397517415,24.0394876770209,22.036197037269158,1.02020202020202,0.0,99
y,2024-01-03,6,24.0394876770209,28.046068956524383,26.04277831677264,1.4010416666666667,0.0,96
y,2024-01-03,7,28.046068956524383,32.052650236027866,30.049359596276126,0.86,0.0,75
y,2024-01-03,8,32.052650236027866,36.05923151553135,34.05594087577961,0.59375,0.0,96
y,2024-01-03,9,36.05923151553135,40.06581279503483,38.06252215528309,0.13793103448275862,0.0,58
y,2024-01-03,10,40.06581279503483,44.072394074538316,42.06910343478657,0.0,0.0,38
y,2024-01-03,11,44.072394074538316,48.078975354041795,46.075684714290055,0.0,0.0,12
y,2024-01-04,0,0.0,4.006581279503483,2.0032906397517416,0.1625,0.0,40
y,2024-01-04,1,4.006581279503483,8.013162559006966,6.009871919255225,0.15675675675675677,0.0,185
y,2024-01-04,2,8.013162559006966,12.01974383851045,10.016453198758708,0.2453416149068323,0.0,161
y,2024-01-04,3,12.01974383851045,16.026325118013933,14.023034478262192,0.262987012987013,0.0,154
y,2024-01-04,4,16.026325118013933,20.032906397517415,18.029615757765676,0.38580246913580246,0.0,162
y,2024-01-04,5,20.032906397517415,24.0394876770209,22.036197037269158,0.29292929292929293,0.0,99
y,2024-01-04,6,24.0394876770209,28.046068956524383,26.04277831677264,0.40625,0.0,96
y,2024-01-04,7,28.046068956524383,32.052650236027866,30.049359596276126,0.09333333333333334,0.0,75
y,2024-01-04,8,32.052650236027866,36.05923151553135,34.05594087577961,0.036458333333333336,0.0,96
y,2024-01-04,9,36.05923151553135,40.06581279503483,38.06252215528309,0.008620689655172414,0.0,58
y,2024-01-04,10,40.06581279503483,44.072394074538316,42.06910343478657,0.0,0.0,38
y,2024-01-04,11,44.072394074538316,48.078975354041795,46.075684714290055,0.0,0.0,12
y,2024-01-05,0,0.0,4.006581279503483,2.0032906397517416,0.0,0.0,40
y,2024-01-05,1,4.006581279503483,8.013162559006966,6.009871919255225,0.0,0.0,185
y,2024-01-05,2,8.013162559006966,12.01974383851045,10.016453198758708,0.0,0.0,161
y,2024-01-05,3,12.01974383851045,16.026325118013933,14.023034478262192,0.0,0.0,154
y,2024-01-05,4,16.026325118013933,20.032906397517415,18.029615757765676,0.0,0.0,162
y,2024-01-05,5,20.032906397517415,24.0394876770209,22.036197037269158,0.0,0.0,99
y,2024-01-05,6,24.0394876770209,28.046068956524383,26.04277831677264,0.0,0.0,96
y,2024-01-05,7,28.046068956524383,32.052650236027866,30.049359596276126,0.0,0.0,75
y,2024-01-05,8,32.052650236027866,36.05923151553135,34.05594087577961,0.0,0.0,96
y,2024-01-05,9,36.05923151553135,40.06581279503483,38.06252215528309,0.0,0.0,58
y,2024-01-05,10,40.06581279503483,44.072394074538316,42.06910343478657,0.0,0.0,38
y,2024-01-05,11,44.072394074538316,48.078975354041795,46.075684714290055,0.0,0.0,12
y,2024-01-06,0,0.0,4.006581279503483,2.0032906397517416,0.0,0.0,40
y,2024-01-06,1,4.006581279503483,8.013162559006966,6.009871919255225,0.0,0.0,185
y,2024-01-06,2,8.013162559006966,12.01974383851045,10.016453198758708,0.0,0.0,161
y,2024-01-06,3,12.01974383851045,16.026325118013933,14.023034478262192,0.0,0.0,154
y,2024-01-06,4,16.026325118013933,20.032906397517415,18.029615757765676,0.0,0.0,162
y,2024-01-06,5,20.032906397517415,24.0394876770209,22.036197037269158,0.0,0.0,99
y,2024-01-06,6,24.0394876770209,28.046068956524383,26.04277831677264,0.0,0.0,96
y,2024-01-06,7,28.046068956524383,32.052650236027866,30.049359596276126,0.0,0.0,75
y,2024-01-06,8,32.052650236027866,36.05923151553135,34.05594087577961,0.0,0.0,96
y,2024-01-06,9,36.05923151553135,40.06581279503483,38.06252215528309,0.0,0.0,58
y,2024-01-06,10,40.06581279503483,44.072394074538316,42.06910343478657,0.0,0.0,38
y,2024-01-06,11,44.072394074538316,48.078975354041795,46.075684714290055,0.0,0.0,12
y,2024-01-07,0,0.0,4.006581279503483,2.0032906397517416,0.0,0.0,40
y,2024-01-07,1,4.006581279503483,8.013162559006966,6.009871919255225,0.0,0.0,185
y,2024-01-07,2,8.013162559006966,12.01974383851045,10.016453198758708,0.0,0.0,161
y,2024-01-07,3,12.01974383851045,16.026325118013933,14.023034478262192,0.0,0.0,154
y,2024-01-07,4,16.026325118013933,20.032906397517415,18.029615757765676,0.0,0.0,162
y,2024-01-07,5,20.032906397517415,24.0394876770209,22.036197037269158,0.0,0.0,99
y,2024-01-07,6,24.0394876770209,28.046068956524383,26.04277831677264,0.0,0.0,96
y,2024-01-07,7,28.046068956524383,32.052650236027866,30.049359596276126,0.0,0.0,75
y,2024-01-07,8,32.052650236027866,36.05923151553135,34.05594087577961,0.0,0.0,96
y,2024-01-07,9,36.05923151553135,40.06581279503483,38.06252215528309,0.0,0.0,58
y,2024-01-07,10,40.06581279503483,44.072394074538316,42.06910343478657,0.0,0.0,38
y,2024-01-07,11,44.072394074538316,48.078975354041795,46.075684714290055,0.0,0.0,12
y,2024-01-08,0,0.0,4.006581279503483,2.0032906397517416,0.0,0.0,40
y,2024-01-08,1,4.006581279503483,8.013162559006966,6.009871919255225,0.0,0.0,185
y,2024-01-08,2,8.013162559006966,12.01974383851045,10.016453198758708,0.0,0.0,161
y,2024-01-08,3,12.01974383851045,16.026325118013933,14.023034478262192,0.0,0.0,154
y,2024-01-08,4,16.026325118013933,20.032906397517415,18.029615757765676,0.0,0.0,162
y,2024-01-08,5,20.032906397517415,24.0394876770209,22.036197037269158,0.0,0.0,99
y,2024-01-08,6,24.0394876770209,28.046068956524383,26.04277831677264,0.0,0.0,96
y,2024-01-08,7,28.046068956524383,32.052650236027866,30.049359596276126,0.0,0.0,75
y,2024-01-08,8,32.052650236027866,36.05923151553135,34.05594087577961,0.0,0.0,96
y,2024-01-08,9,36.05923151553135,40.06581279503483,38.06252215528309,0.0,0.0,58
y,2024-01-08,10,40.06581279503483,44.072394074538316,42.06910343478657,0.0,0.0,38
y,2024-01-08,11,44.072394074538316,48.078975354041795,46.075684714290055,0.0,0.0,12
y,2024-01-09,0,0.0,4.006581279503483,2.0032906397517416,0.0,0.0,40
y,2024-01-09,1,4.006581279503483,8.013162559006966,6.009871919255225,0.0,0.0,185
y,2024-01-09,2,8.013162559006966,12.01974383851045,10.016453198758708,0.0,0.0,161
y,2024-01-09,3,12.01974383851045,16.026325118013933,14.023034478262192,0.0,0.0,154
y,2024-01-09,4,16.026325118013933,20.032906397517415,18.029615757765676,0.0,0.0,162
y,2024-01-09,5,20.032906397517415,24.0394876770209,22.036197037269158,0.0,0.0,99
y,2024-01-09,6,24.0394876770209,28.046068956524383,26.04277831677264,0.0,0.0,96
y,2024-01-09,7,28.046068956524383,32.052650236027866,30.049359596276126,0.0,0.0,75
y,2024-01-09,8,32.052650236027866,36.05923151553135,34.05594087577961,0.0,0.0,96
y,2024-01-09,9,36.05923151553135,40.06581279503483,38.06252215528309,0.0,0.0,58
y,2024-01-09,10,40.06581279503483,44.072394074538316,42.06910343478657,0.0,0.0,38
y,2024-01-09,11,44.072394074538316,48.078975354041795,46.075684714290055,0.0,0.0,12
y,2024-01-10,0,0.0,4.006581279503483,2.0032906397517416,0.0,0.0,40
y,2024-01-10,1,4.006581279503483,8.013162559006966,6.009871919255225,0.0,0.0,185
y,2024-01-10,2,8.013162559006966,12.01974383851045,10.016453198758708,0.0,0.0,161
y,2024-01-10,3,12.01974383851045,16.026325118013933,14.023034478262192,0.0,0.0,154
y,2024-01-10,4,16.026325118013933,20.032906397517415,18.029615757765676,0.0,0.0,162
y,2024-01-10,5,20.032906397517415,24.0394876770209,22.036197037269158,0.0,0.0,99
y,2024-01-10,6,24.0394876770209,28.046068956524383,26.04277831677264,0.0,0.0,96
y,2024-01-10,7,28.046068956524383,32.052650236027866,30.049359596276126,0.0,0.0,75
y,2024-01-10,8,32.052650236027866,36.05923151553135,34.05594087577961,0.0,0.0,96
y,2024-01-10,9,36.05923151553135,40.06581279503483,38.06252215528309,0.0,0.0,58
y,2024-01-10,10,40.06581279503483,44.072394074538316,42.06910343478657,0.0,0.0,38
y,2024-01-10,11,44.072394074538316,48.078975354041795,46.075684714290055,0.0,0.0,12
y,2024-01-11,0,0.0,4.006581279503483,2.0032906397517416,0.0,0.0,40
y,2024-01-11,1,4.006581279503483,8.013162559006966,6.009871919255225,0.0,0.0,185
y,2024-01-11,2,8.013162559006966,12.01974383851045,10.016453198758708,0.0,0.0,161
y,2024-01-11,3,12.01974383851045,16.026325118013933,14.023034478262192,0.0,0.0,154
y,2024-01-11,4,16.026325118013933,20.032906397517415,18.029615757765676,0.0,0.0,162
y,2024-01-11,5,20.032906397517415,24.0394876770209,22.036197037269158,0.0,0.0,99
y,2024-01-11,6,24.0394876770209,28.046068956524383,26.04277831677264,0.0,0.0,96
y,2024-01-11,7,28.046068956524383,32.052650236027866,30.049359596276126,0.0,0.0,75
y,2024-01-11,8,32.052650236027866,36.05923151553135,34.05594087577961,0.0,0.0,96
y,2024-01-11,9,36.05923151553135,40.06581279503483,38.06252215528309,0.0,0.0,58
y,2024-01-11,10,40.06581279503483,44.072394074538316,42.06910343478657,0.0,0.0,38
y,2024-01-11,11,44.072394074538316,48.078975354041795,46.075684714290055,0.0,0.0,12
y,2024-01-12,0,0.0,4.006581279503483,2.0032906397517416,0.2875,0.0,40
y,2024-01-12,1,4.006581279503483,8.013162559006966,6.009871919255225,0.6621621621621622,0.0,185
y,2024-01-12,2,8.013162559006966,12.01974383851045,10.016453198758708,0.5496894409937888,0.0,161
y,2024-01-12,3,12.01974383851045,16.026325118013933,14.023034478262192,0.4805194805194805,0.0,154
y,2024-01-12,4,16.026325118013933,20.032906397517415,18.029615757765676,0.6327160493827161,0.0,162
y,2024-01-12,5,20.032906397517415,24.0394876770209,22.036197037269158,0.3383838383838384,0.0,99
y,2024-01-12,6,24.0394876770209,28.046068956524383,26.04277831677264,0.5104166666666666,0.0,96
y,2024-01-12,7,28.046068956524383,32.052650236027866,30.049359596276126,0.54,0.0,75
y,2024-01-12,8,32.052650236027866,36.05923151553135,34.05594087577961,0.7916666666666666,0.0,96
y,2024-01-12,9,36.05923151553135,40.06581279503483,38.06252215528309,0.3706896551724138,0.0,58
y,2024-01-12,10,40.06581279503483,44.072394074538316,42.06910343478657,0.039473684210526314,0.0,38
y,2024-01-12,11,44.072394074538316,48.078975354041795,46.075684714290055,0.0,0.0,12
y,2024-01-13,0,0.0,4.006581279503483,2.0032906397517416,0.0,0.0,40
y,2024-01-13,1,4.006581279503483,8.013162559006966,6.009871919255225,0.0,0.0,185
y,2024-01-13,2,8.013162559006966,12.01974383851045,10.016453198758708,0.0,0.0,161
y,2024-01-13,3,12.01974383851045,16.026325118013933,14.023034478262192,0.0,0.0,154
y,2024-01-13,4,16.026325118013933,20.032906397517415,18.029615757765676,0.0,0.0,162
y,2024-01-13,5,20.032906397517415,24.0394876770209,22.036197037269158,0.0,0.0,99
y,2024-01-13,6,24.0394876770209,28.046068956524383,26.04277831677264,0.0,0.0,96
y,2024-01-13,7,28.046068956524383,32.052650236027866,30.049359596276126,0.0,0.0,75
y,2024-01-13,8,32.052650236027866,36.05923151553135,34.05594087577961,0.0,0.0,96
y,2024-01-13,9,36.05923151553135,40.06581279503483,38.06252215528309,0.0,0.0,58
y,2024-01-13,10,40.06581279503483,44.072394074538316,42.06910343478657,0.0,0.0,38
y,2024-01-13,11,44.072394074538316,48.078975354041795,46.075684714290055,0.0,0.0,12
y,2024-01-14,0,0.0,4.006581279503483,2.0032906397517416,0.0,0.0,40
y,2024-01-14,1,4.006581279503483,8.013162559006966,6.009871919255225,0.0,0.0,185
y,2024-01-14,2,8.013162559006966,12.01974383851045,10.016453198758708,0.0,0.0,161
y,2024-01-14,3,12.01974383851045,16.026325118013933,14.023034478262192,0.0,0.0,154
y,2024-01-14,4,16.026325118013933,20.032906397517415,18.029615757765676,0.0,0.0,162
y,2024-01-14,5,20.032906397517415,24.0394876770209,22.036197037269158,0.0,0.0,99
y,2024-01-14,6,24.0394876770209,28.046068956524383,26.04277831677264,0.0,0.0,96
y,2024-01-14,7,28.046068956524383,32.052650236027866,30.049359596276126,0.0,0.0,75
y,2024-01-14,8,32.052650236027866,36.05923151553135,34.05594087577961,0.0,0.0,96
y,2024-01-14,9,36.05923151553135,40.06581279503483,38.06252215528309,0.0,0.0,58
y,2024-01-14,10,40.06581279503483,44.072394074538316,42.06910343478657,0.0,0.0,38
y,2024-01-14,11,44.072394074538316,48.078975354041795,46.075684714290055,0.0,0.0,12
y,2024-01-15,0,0.0,4.006581279503483,2.0032906397517416,0.0,0.0,40
y,2024-01-15,1,4.006581279503483,8.013162559006966,6.009871919255225,0.0,0.0,185
y,2024-01-15,2,8.013162559006966,12.01974383851045,10.016453198758708,0.0,0.0,161
y,2024-01-15,3,12.01974383851045,16.026325118013933,14.023034478262192,0.0,0.0,154
y,2024-01-15,4,16.026325118013933,20.032906397517415,18.029615757765676,0.0,0.0,162
y,2024-01-15,5,20.032906397517415,24.0394876770209,22.036197037269158,0.0,0.0,99
y,2024-01-15,6,24.0394876770209,28.046068956524383,26.04277831677264,0.0,0.0,96
y,2024-01-15,7,28.046068956524383,32.052650236027866,30.049359596276126,0.0,0.0,75
y,2024-01-15,8,32.052650236027866,36.05923151553135,34.05594087577961,0.0,0.0,96
y,2024-01-15,9,36.05923151553135,40.06581279503483,38.06252215528309,0.0,0.0,58
y,2024-01-15,10,40.06581279503483,44.072394074538316,42.06910343478657,0.0,0.0,38
y,2024-01-15,11,44.072394074538316,48.078975354041795,46.075684714290055,0.0,0.0,12
y,2024-01-16,0,0.0,4.006581279503483,2.0032906397517416,0.0,0.0,40
y,2024-01-16,1,4.006581279503483,8.013162559006966,6.009871919255225,0.0,0.0,185
y,2024-01-16,2,8.013162559006966,12.01974383851045,10.016453198758708,0.0,0.0,161
y,2024-01-16,3,12.01974383851045,16.026325118013933,14.023034478262192,0.0,0.0,154
y,2024-01-16,4,16.026325118013933,20.032906397517415,18.029615757765676,0.0,0.0,162
y,2024-01-16,5,20.032906397517415,24.0394876770209,22.036197037269158,0.0,0.0,99
y,2024-01-16,6,24.0394876770209,28.046068956524383,26.04277831677264,0.0,0.0,96
y,2024-01-16,7,28.046068956524383,32.052650236027866,30.049359596276126,0.0,0.0,75
y,2024-01-16,8,32.052650236027866,36.05923151553135,34.05594087577961,0.0,0.0,96
y,2024-01-16,9,36.05923151553135,40.06581279503483,38.06252215528309,0.0,0.0,58
y,2024-01-16,10,40.06581279503483,44.072394074538316,42.06910343478657,0.0,0.0,38
y,2024-01-16,11,44.072394074538316,48.078975354041795,46.075684714290055,0.0,0.0,12
y,2024-01-17,0,0.0,4.006581279503483,2.0032906397517416,0.3125,0.0,40
y,2024-01-17,1,4.006581279503483,8.013162559006966,6.009871919255225,0.4540540540540541,0.0,185
y,2024-01-17,2,8.013162559006966,12.01974383851045,10.016453198758708,0.6770186335403726,0.0,161
y,2024-01-17,3,12.01974383851045,16.026325118013933,14.023034478262192,0.7012987012987013,0.0,154
y,2024-01-17,4,16.026325118013933,20.032906397517415,18.029615757765676,1.0185185185185186,0.0,162
y,2024-01-17,5,20.032906397517415,24.0394876770209,22.036197037269158,0.7525252525252525,0.0,99
y,2024-01-17,6,24.0394876770209,28.046068956524383,26.04277831677264,1.1614583333333333,0.0,96
y,2024-01-17,7,28.046068956524383,32.052650236027866,30.049359596276126,0.3,0.0,75
y,2024-01-17,8,32.052650236027866,36.05923151553135,34.05594087577961,0.14583333333333334,0.0,96
y,2024-01-17,9,36.05923151553135,40.06581279503483,38.06252215528309,0.034482758620689655,0.0,58
y,2024-01-17,10,40.06581279503483,44.072394074538316,42.06910343478657,0.0,0.0,38
y,2024-01-17,11,44.072394074538316,48.078975354041795,46.075684714290055,0.0,0.0,12
y,2024-01-18,0,0.0,4.006581279503483,2.0032906397517416,0.025,0.0,40
y,2024-01-18,1,4.006581279503483,8.013162559006966,6.009871919255225,0.024324324324324326,0.0,185
y,2024-01-18,2,8.013162559006966,12.01974383851045,10.016453198758708,0.031055900621118012,0.0,161
y,2024-01-18,3,12.01974383851045,16.026325118013933,14.023034478262192,0.012987012987012988,0.0,154
y,2024-01-18,4,16.026325118013933,20.032906397517415,18.029615757765676,0.012345679012345678,0.0,162
y,2024-01-18,5,20.032906397517415,24.0394876770209,22.036197037269158,0.015151515151515152,0.0,99
y,2024-01-18,6,24.0394876770209,28.046068956524383,26.04277831677264,0.015625,0.0,96
y,2024-01-18,7,28.046068956524383,32.052650236027866,30.049359596276126,0.02,0.0,75
y,2024-01-18,8,32.052650236027866,36.05923151553135,34.05594087577961,0.026041666666666668,0.0,96
y,2024-01-18,9,36.05923151553135,40.06581279503483,38.06252215528309,0.04310344827586207,0.0,58
y,2024-01-18,10,40.06581279503483,44.072394074538316,42.06910343478657,0.0,0.0,38
y,2024-01-18,11,44.072394074538316,48.078975354041795,46.075684714290055,0.0,0.0,12
y,2024-01-19,0,0.0,4.006581279503483,2.0032906397517416,0.0,0.0,40
y,2024-01-19,1,4.006581279503483,8.013162559006966,6.009871919255225,0.0,0.0,185
y,2024-01-19,2,8.013162559006966,12.01974383851045,10.016453198758708,0.0,0.0,161
y,2024-01-19,3,12.01974383851045,16.026325118013933,14.023034478262192,0.0,0.0,154
y,2024-01-19,4,16.026325118013933,20.032906397517415,18.029615757765676,0.0,0.0,162
y,2024-01-19,5,20.032906397517415,24.0394876770209,22.036197037269158,0.0,0.0,99
y,2024-01-19,6,24.0394876770209,28.046068956524383,26.04277831677264,0.0,0.0,96
y,2024-01-19,7,28.046068956524383,32.052650236027866,30.049359596276126,0.0,0.0,75
y,2024-01-19,8,32.052650236027866,36.05923151553135,34.05594087577961,0.0,0.0,96
y,2024-01-19,9,36.05923151553135,40.06581279503483,38.06252215528309,0.0,0.0,58
y,2024-01-19,10,40.06581279503483,44.072394074538316,42.06910343478657,0.0,0.0,38
y,2024-01-19,11,44.072394074538316,48.078975354041795,46.075684714290055,0.0,0.0,12
y,2024-01-20,0,0.0,4.006581279503483,2.0032906397517416,0.0,0.0,40
y,2024-01-20,1,4.006581279503483,8.013162559006966,6.009871919255225,0.0,0.0,185
y,2024-01-20,2,8.013162559006966,12.01974383851045,10.016453198758708,0.0,0.0,161
y,2024-01-20,3,12.01974383851045,16.026325118013933,14.023034478262192,0.0,0.0,154
y,2024-01-20,4,16.026325118013933,20.032906397517415,18.029615757765676,0.0,0.0,162
y,2024-01-20,5,20.032906397517415,24.0394876770209,22.036197037269158,0.0,0.0,99
y,2024-01-20,6,24.0394876770209,28.046068956524383,26.04277831677264,0.0,0.0,96
y,2024-01-20,7,28.046068956524383,32.052650236027866,30.049359596276126,0.0,0.0,75
y,2024-01-20,8,32.052650236027866,36.05923151553135,34.05594087577961,0.0,0.0,96
y,2024-01-20,9,36.05923151553135,40.06581279503483,38.06252215528309,0.0,0.0,58
y,2024-01-20,10,40.06581279503483,44.072394074538316,42.06910343478657,0.0,0.0,38
y,2024-01-20,11,44.072394074538316,48.078975354041795,46.075684714290055,0.0,0.0,12
y,2024-01-21,0,0.0,4.006581279503483,2.0032906397517416,0.0,0.0,40
y,2024-01-21,1,4.006581279503483,8.013162559006966,6.009871919255225,0.0,0.0,185
y,2024-01-21,2,8.013162559006966,12.01974383851045,10.016453198758708,0.0,0.0,161
y,2024-01-21,3,12.01974383851045,16.026325118013933,14.023034478262192,0.0,0.0,154
y,2024-01-21,4,16.026325118013933,20.032906397517415,18.029615757765676,0.0,0.0,162
y,2024-01-21,5,20.032906397517415,24.0394876770209,22.036197037269158,0.0,0.0,99
y,2024-01-21,6,24.0394876770209,28.046068956524383,26.04277831677264,0.0,0.0,96
y,2024-01-21,7,28.046068956524383,32.052650236027866,30.049359596276126,0.0,0.0,75
y,2024-01-21,8,32.052650236027866,36.05923151553135,34.05594087577961,0.0,0.0,96
y,2024-01-21,9,36.05923151553135,40.06581279503483,38.06252215528309,0.0,0.0,58
y,2024-01-21,10,40.06581279503483,44.072394074538316,42.06910343478657,0.0,0.0,38
y,2024-01-21,11,44.072394074538316,48.078975354041795,46.075684714290055,0.0,0.0,12
y,2024-01-22,0,0.0,4.006581279503483,2.0032906397517416,0.0,0.0,40
y,2024-01-22,1,4.006581279503483,8.013162559006966,6.009871919255225,0.0,0.0,185
y,2024-01-22,2,8.013162559006966,12.01974383851045,10.016453198758708,0.0,0.0,161
y,2024-01-22,3,12.01974383851045,16.026325118013933,14.023034478262192,0.0,0.0,154
y,2024-01-22,4,16.026325118013933,20.032906397517415,18.029615757765676,0.0,0.0,162
y,2024-01-22,5,20.032906397517415,24.0394876770209,22.036197037269158,0.0,0.0,99
y,2024-01-22,6,24.0394876770209,28.046068956524383,26.04277831677264,0.0,0.0,96
y,2024-01-22,7,28.046068956524383,32.052650236027866,30.049359596276126,0.0,0.0,75
y,2024-01-22,8,32.052650236027866,36.05923151553135,34.05594087577961,0.0,0.0,96
y,2024-01-22,9,36.05923151553135,40.06581279503483,38.06252215528309,0.0,0.0,58
y,2024-01-22,10,40.06581279503483,44.072394074538316,42.06910343478657,0.0,0.0,38
y,2024-01-22,11,44.072394074538316,48.078975354041795,46.075684714290055,0.0,0.0,12
y,2024-01-23,0,0.0,4.006581279503483,2.0032906397517416,0.0,0.0,40
y,2024-01-23,1,4.006581279503483,8.013162559006966,6.009871919255225,0.0,0.0,185
y,2024-01-23,2,8.013162559006966,12.01974383851045,10.016453198758708,0.0,0.0,161
y,2024-01-23,3,12.01974383851045,16.026325118013933,14.023034478262192,0.0,0.0,154
y,2024-01-23,4,16.026325118013933,20.032906397517415,18.029615757765676,0.0,0.0,162
y,2024-01-23,5,20.032906397517415,24.0394876770209,22.036197037269158,0.0,0.0,99
y,2024-01-23,6,24.0394876770209,28.046068956524383,26.04277831677264,0.0,0.0,96
y,2024-01-23,7,28.046068956524383,32.052650236027866,30.049359596276126,0.0,0.0,75
y,2024-01-23,8,32.052650236027866,36.05923151553135,34.05594087577961,0.0,0.0,96
y,2024-01-23,9,36.05923151553135,40.06581279503483,38.06252215528309,0.0,0.0,58
y,2024-01-23,10,40.06581279503483,44.072394074538316,42.06910343478657,0.0,0.0,38
y,2024-01-23,11,44.072394074538316,48.078975354041795,46.075684714290055,0.0,0.0,12
y,2024-01-24,0,0.0,4.006581279503483,2.0032906397517416,0.0,0.0,40
y,2024-01-24,1,4.006581279503483,8.013162559006966,6.009871919255225,0.0,0.0,185
y,2024-01-24,2,8.013162559006966,12.01974383851045,10.016453198758708,0.0,0.0,161
y,2024-01-24,3,12.01974383851045,16.026325118013933,14.023034478262192,0.0,0.0,154
y,2024-01-24,4,16.026325118013933,20.032906397517415,18.029615757765676,0.0,0.0,162
y,2024-01-24,5,20.032906397517415,24.0394876770209,22.036197037269158,0.0,0.0,99
y,2024-01-24,6,24.0394876770209,28.046068956524383,26.04277831677264,0.0,0.0,96
y,2024-01-24,7,28.046068956524383,32.052650236027866,30.049359596276126,0.0,0.0,75
y,2024-01-24,8,32.052650236027866,36.05923151553135,34.05594087577961,0.0,0.0,96
y,2024-01-24,9,36.05923151553135,40.06581279503483,38.06252215528309,0.0,0.0,58
y,2024-01-24,10,40.06581279503483,44.072394074538316,42.06910343478657,0.0,0.0,38
y,2024-01-24,11,44.072394074538316,48.078975354041795,46.075684714290055,0.0,0.0,12
y,2024-01-25,0,0.0,4.006581279503483,2.0032906397517416,0.025,0.0,40
y,2024-01-25,1,4.006581279503483,8.013162559006966,6.009871919255225,0.016216216216216217,0.0,185
y,2024-01-25,2,8.013162559006966,12.01974383851045,10.016453198758708,0.015527950310559006,0.0,161
y,2024-01-25,3,12.01974383851045,16.026325118013933,14.023034478262192,0.012987012987012988,0.0,154
y,2024-01-25,4,16.026325118013933,20.032906397517415,18.029615757765676,0.015432098765432098,0.0,162
y,2024-01-25,5,20.032906397517415,24.0394876770209,22.036197037269158,0.010101010101010102,0.0,99
y,2024-01-25,6,24.0394876770209,28.046068956524383,26.04277831677264,0.015625,0.0,96
y,2024-01-25,7,28.046068956524383,32.052650236027866,30.049359596276126,0.02666666666666667,0.0,75
y,2024-01-25,8,32.052650236027866,36.05923151553135,34.05594087577961,0.041666666666666664,0.0,96
y,2024-01-25,9,36.05923151553135,40.06581279503483,38.06252215528309,0.05172413793103448,0.0,58
y,2024-01-25,10,40.06581279503483,44.072394074538316,42.06910343478657,0.039473684210526314,0.0,38
y,2024-01-25,11,44.072394074538316,48.078975354041795,46.075684714290055,0.0,0.0,12
y,2024-01-26,0,0.0,4.006581279503483,2.0032906397517416,0.075,0.0,40
y,2024-01-26,1,4.006581279503483,8.013162559006966,6.009871919255225,0.06486486486486487,0.0,185
y,2024-01-26,2,8.013162559006966,12.01974383851045,10.016453198758708,0.07142857142857142,0.0,161
y,2024-01-26,3,12.01974383851045,16.026325118013933,14.023034478262192,0.06168831168831169,0.0,154
y,2024-01-26,4,16.026325118013933,20.032906397517415,18.029615757765676,0.08641975308641975,0.0,162
y,2024-01-26,5,20.032906397517415,24.0394876770209,22.036197037269158,0.050505050505050504,0.0,99
y,2024-01-26,6,24.0394876770209,28.046068956524383,26.04277831677264,0.06770833333333333,0.0,96
y,2024-01-26,7,28.046068956524383,32.052650236027866,30.049359596276126,0.10666666666666667,0.0,75
y,2024-01-26,8,32.052650236027866,36.05923151553135,34.05594087577961,0.19270833333333334,0.0,96
y,2024-01-26,9,36.05923151553135,40.06581279503483,38.06252215528309,0.23275862068965517,0.0,58
y,2024-01-26,10,40.06581279503483,44.072394074538316,42.06910343478657,0.32894736842105265,0.0,38
y,2024-01-26,11,44.072394074538316,48.078975354041795,46.075684714290055,0.3333333333333333,0.0,12
y,2024-01-27,0,0.0,4.006581279503483,2.0032906397517416,0.0,0.0,40
y,2024-01-27,1,4.006581279503483,8.013162559006966,6.009871919255225,0.0,0.0,185
y,2024-01-27,2,8.013162559006966,12.01974383851045,10.016453198758708,0.0,0.0,161
y,2024-01-27,3,12.01974383851045,16.026325118013933,14.023034478262192,0.0,0.0,154
y,2024-01-27,4,16.026325118013933,20.032906397517415,18.029615757765676,0.0,0.0,162
y,2024-01-27,5,20.032906397517415,24.0394876770209,22.036197037269158,0.0,0.0,99
y,2024-01-27,6,24.0394876770209,28.046068956524383,26.04277831677264,0.0,0.0,96
y,2024-01-27,7,28.046068956524383,32.052650236027866,30.049359596276126,0.0,0.0,75
y,2024-01-27,8,32.052650236027866,36.05923151553135,34.05594087577961,0.0,0.0,96
y,2024-01-27,9,36.05923151553135,40.06581279503483,38.06252215528309,0.0,0.0,58
y,2024-01-27,10,40.06581279503483,44.072394074538316,42.06910343478657,0.0,0.0,38
y,2024-01-27,11,44.072394074538316,48.078975354041795,46.075684714290055,0.0,0.0,12
y,2024-01-28,0,0.0,4.006581279503483,2.0032906397517416,0.0,0.0,40
y,2024-01-28,1,4.006581279503483,8.013162559006966,6.009871919255225,0.0,0.0,185
y,2024-01-28,2,8.013162559006966,12.01974383851045,10.016453198758708,0.0,0.0,161
y,2024-01-28,3,12.01974383851045,16.026325118013933,14.023034478262192,0.0,0.0,154
y,2024-01-28,4,16.026325118013933,20.032906397517415,18.029615757765676,0.0,0.0,162
y,2024-01-28,5,20.032906397517415,24.0394876770209,22.036197037269158,0.0,0.0,99
y,2024-01-28,6,24.0394876770209,28.046068956524383,26.04277831677264,0.0,0.0,96
y,2024-01-28,7,28.046068956524383,32.052650236027866,30.049359596276126,0.0,0.0,75
y,2024-01-28,8,32.052650236027866,36.05923151553135,34.05594087577961,0.0,0.0,96
y,2024-01-28,9,36.05923151553135,40.06581279503483,38.06252215528309,0.0,0.0,58
y,2024-01-28,10,40.06581279503483,44.072394074538316,42.06910343478657,0.0,0.0,38
y,2024-01-28,11,44.072394074538316,48.078975354041795,46.075684714290055,0.0,0.0,12
y,2024-01-29,0,0.0,4.006581279503483,2.0032906397517416,0.0125,0.0,40
y,2024-01-29,1,4.006581279503483,8.013162559006966,6.009871919255225,0.013513513513513514,0.0,185
y,2024-01-29,2,8.013162559006966,12.01974383851045,10.016453198758708,0.012422360248447204,0.0,161
y,2024-01-29,3,12.01974383851045,16.026325118013933,14.023034478262192,0.012987012987012988,0.0,154
y,2024-01-29,4,16.026325118013933,20.032906397517415,18.029615757765676,0.018518518518518517,0.0,162
y,2024-01-29,5,20.032906397517415,24.0394876770209,22.036197037269158,0.010101010101010102,0.0,99
y,2024-01-29,6,24.0394876770209,28.046068956524383,26.04277831677264,0.010416666666666666,0.0,96
y,2024-01-29,7,28.046068956524383,32.052650236027866,30.049359596276126,0.02,0.0,75
y,2024-01-29,8,32.052650236027866,36.05923151553135,34.05594087577961,0.036458333333333336,0.0,96
y,2024-01-29,9,36.05923151553135,40.06581279503483,38.06252215528309,0.05172413793103448,0.0,58
y,2024-01-29,10,40.06581279503483,44.072394074538316,42.06910343478657,0.07894736842105263,0.0,38
y,2024-01-29,11,44.072394074538316,48.078975354041795,46.075684714290055,0.08333333333333333,0.0,12
y,2024-01-30,0,0.0,4.006581279503483,2.0032906397517416,0.325,0.0,40
y,2024-01-30,1,4.006581279503483,8.013162559006966,6.009871919255225,0.3027027027027027,0.0,185
y,2024-01-30,2,8.013162559006966,12.01974383851045,10.016453198758708,0.4906832298136646,0.0,161
y,2024-01-30,3,12.01974383851045,16.026325118013933,14.023034478262192,0.4577922077922078,0.0,154
y,2024-01-30,4,16.026325118013933,20.032906397517415,18.029615757765676,0.6820987654320988,0.0,162
y,2024-01-30,5,20.032906397517415,24.0394876770209,22.036197037269158,0.5303030303030303,0.0,99
y,2024-01-30,6,24.0394876770209,28.046068956524383,26.04277831677264,0.7760416666666666,0.0,96
y,2024-01-30,7,28.046068956524383,32.052650236027866,30.049359596276126,0.24,0.0,75
y,2024-01-30,8,32.052650236027866,36.05923151553135,34.05594087577961,0.14583333333333334,0.0,96
y,2024-01-30,9,36.05923151553135,40.06581279503483,38.06252215528309,0.034482758620689655,0.0,58
y,2024-01-30,10,40.06581279503483,44.072394074538316,42.06910343478657,0.0,0.0,38
y,2024-01-30,11,44.072394074538316,48.078975354041795,46.075684714290055,0.0,0.0,12
y,2024-01-31,0,0.0,4.006581279503483,2.0032906397517416,0.1125,0.0,40
y,2024-01-31,1,4.006581279503483,8.013162559006966,6.009871919255225,0.16486486486486487,0.0,185
y,2024-01-31,2,8.013162559006966,12.01974383851045,10.016453198758708,0.2795031055900621,0.0,161
y,2024-01-31,3,12.01974383851045,16.026325118013933,14.023034478262192,0.3116883116883117,0.0,154
y,2024-01-31,4,16.026325118013933,20.032906397517415,18.029615757765676,0.45987654320987653,0.0,162
y,2024-01-31,5,20.032906397517415,24.0394876770209,22.036197037269158,0.35858585858585856,0.0,99
y,2024-01-31,6,24.0394876770209,28.046068956524383,26.04277831677264,0.453125,0.0,96
y,2024-01-31,7,28.046068956524383,32.052650236027866,30.049359596276126,0.11333333333333333,0.0,75
y,2024-01-31,8,32.052650236027866,36.05923151553135,34.05594087577961,0.036458333333333336,0.0,96
y,2024-01-31,9,36.05923151553135,40.06581279503483,38.06252215528309,0.008620689655172414,0.0,58
y,2024-01-31,10,40.06581279503483,44.072394074538316,42.06910343478657,0.0,0.0,38
y,2024-01-31,11,44.072394074538316,48.078975354041795,46.075684714290055,0.0,0.0,12
y,2024-02-01,0,0.0,4.006581279503483,2.0032906397517416,0.15,0.0,40
y,2024-02-01,1,4.006581279503483,8.013162559006966,6.009871919255225,0.26756756756756755,0.0,185
y,2024-02-01,2,8.013162559006966,12.01974383851045,10.016453198758708,0.40683229813664595,0.0,161
y,2024-02-01,3,12.01974383851045,16.026325118013933,14.023034478262192,0.4935064935064935,0.0,154
y,2024-02-01,4,16.026325118013933,20.032906397517415,18.029615757765676,0.7067901234567902,0.0,162
y,2024-02-01,5,20.032906397517415,24.0394876770209,22.036197037269158,0.5151515151515151,0.0,99
y,2024-02-01,6,24.0394876770209,28.046068956524383,26.04277831677264,0.71875,0.0,96
y,2024-02-01,7,28.046068956524383,32.052650236027866,30.049359596276126,0.12666666666666668,0.0,75
y,2024-02-01,8,32.052650236027866,36.05923151553135,34.05594087577961,0.0,0.0,96
y,2024-02-01,9,36.05923151553135,40.06581279503483,38.06252215528309,0.0,0.0,58
y,2024-02-01,10,40.06581279503483,44.072394074538316,42.06910343478657,0.0,0.0,38
y,2024-02-01,11,44.072394074538316,48.078975354041795,46.075684714290055,0.0,0.0,12
y,2024-02-02,0,0.0,4.006581279503483,2.0032906397517416,0.1125,0.0,40
y,2024-02-02,1,4.006581279503483,8.013162559006966,6.009871919255225,0.20540540540540542,0.0,185
y,2024-02-02,2,8.013162559006966,12.01974383851045,10.016453198758708,0.32919254658385094,0.0,161
y,2024-02-02,3,12.01974383851045,16.026325118013933,14.023034478262192,0.3961038961038961,0.0,154
y,2024-02-02,4,16.026325118013933,20.032906397517415,18.029615757765676,0.5895061728395061,0.0,162
y,2024-02-02,5,20.032906397517415,24.0394876770209,22.036197037269158,0.46464646464646464,0.0,99
y,2024-02-02,6,24.0394876770209,28.046068956524383,26.04277831677264,0.5104166666666666,0.0,96
y,2024-02-02,7,28.046068956524383,32.052650236027866,30.049359596276126,0.12,0.0,75
y,2024-02-02,8,32.052650236027866,36.05923151553135,34.05594087577961,0.036458333333333336,0.0,96
y,2024-02-02,9,36.05923151553135,40.06581279503483,38.06252215528309,0.008620689655172414,0.0,58
y,2024-02-02,10,40.06581279503483,44.072394074538316,42.06910343478657,0.0,0.0,38
y,2024-02-02,11,44.072394074538316,48.078975354041795,46.075684714290055,0.0,0.0,12
y,2024-02-03,0,0.0,4.006581279503483,2.0032906397517416,0.0,0.0,40
y,2024-02-03,1,4.006581279503483,8.013162559006966,6.009871919255225,0.0,0.0,185
y,2024-02-03,2,8.013162559006966,12.01974383851045,10.016453198758708,0.0,0.0,161
y,2024-02-03,3,12.01974383851045,16.026325118013933,14.023034478262192,0.0,0.0,154
y,2024-02-03,4,16.026325118013933,20.032906397517415,18.029615757765676,0.0,0.0,162
y,2024-02-03,5,20.032906397517415,24.0394876770209,22.036197037269158,0.0,0.0,99
y,2024-02-03,6,24.0394876770209,28.046068956524383,26.04277831677264,0.0,0.0,96
y,2024-02-03,7,28.046068956524383,32.052650236027866,30.049359596276126,0.0,0.0,75
y,2024-02-03,8,32.052650236027866,36.05923151553135,34.05594087577961,0.0,0.0,96
y,2024-02-03,9,36.05923151553135,40.06581279503483,38.06252215528309,0.0,0.0,58
y,2024-02-03,10,40.06581279503483,44.072394074538316,42.06910343478657,0.0,0.0,38
y,2024-02-03,11,44.072394074538316,48.078975354041795,46.075684714290055,0.0,0.0,12
y,2024-02-04,0,0.0,4.006581279503483,2.0032906397517416,0.0,0.0,40
y,2024-02-04,1,4.006581279503483,8.013162559006966,6.009871919255225,0.0,0.0,185
y,2024-02-04,2,8.013162559006966,12.01974383851045,10.016453198758708,0.0,0.0,161
y,2024-02-04,3,12.01974383851045,16.026325118013933,14.023034478262192,0.0,0.0,154
y,2024-02-04,4,16.026325118013933,20.032906397517415,18.029615757765676,0.0,0.0,162
y,2024-02-04,5,20.032906397517415,24.0394876770209,22.036197037269158,0.0,0.0,99
y,2024-02-04,6,24.0394876770209,28.046068956524383,26.04277831677264,0.0,0.0,96
y,2024-02-04,7,28.046068956524383,32.052650236027866,30.049359596276126,0.0,0.0,75
y,2024-02-04,8,32.052650236027866,36.05923151553135,34.05594087577961,0.0,0.0,96
y,2024-02-04,9,36.05923151553135,40.06581279503483,38.06252215528309,0.0,0.0,58
y,2024-02-04,10,40.06581279503483,44.072394074538316,42.06910343478657,0.0,0.0,38
y,2024-02-04,11,44.072394074538316,48.078975354041795,46.075684714290055,0.0,0.0,12
y,2024-02-05,0,0.0,4.006581279503483,2.0032906397517416,0.0,0.0,40
y,2024-02-05,1,4.006581279503483,8.013162559006966,6.009871919255225,0.0,0.0,185
y,2024-02-05,2,8.013162559006966,12.01974383851045,10.016453198758708,0.0,0.0,161
y,2024-02-05,3,12.01974383851045,16.026325118013933,14.023034478262192,0.0,0.0,154
y,2024-02-05,4,16.026325118013933,20.032906397517415,18.029615757765676,0.0,0.0,162
y,2024-02-05,5,20.032906397517415,24.0394876770209,22.036197037269158,0.0,0.0,99
y,2024-02-05,6,24.0394876770209,28.046068956524383,26.04277831677264,0.0,0.0,96
y,2024-02-05,7,28.046068956524383,32.052650236027866,30.049359596276126,0.0,0.0,75
y,2024-02-05,8,32.052650236027866,36.05923151553135,34.05594087577961,0.0,0.0,96
y,2024-02-05,9,36.05923151553135,40.06581279503483,38.06252215528309,0.0,0.0,58
y,2024-02-05,10,40.06581279503483,44.072394074538316,42.06910343478657,0.0,0.0,38
y,2024-02-05,11,44.072394074538316,48.078975354041795,46.075684714290055,0.0,0.0,12
y,2024-02-06,0,0.0,4.006581279503483,2.0032906397517416,0.2375,0.0,40
y,2024-02-06,1,4.006581279503483,8.013162559006966,6.009871919255225,0.26756756756756755,0.0,185
y,2024-02-06,2,8.013162559006966,12.01974383851045,10.016453198758708,0.37267080745341613,0.0,161
y,2024-02-06,3,12.01974383851045,16.026325118013933,14.023034478262192,0.2077922077922078,0.0,154
y,2024-02-06,4,16.026325118013933,20.032906397517415,18.029615757765676,0.3395061728395062,0.0,162
y,2024-02-06,5,20.032906397517415,24.0394876770209,22.036197037269158,0.3888888888888889,0.0,99
y,2024-02-06,6,24.0394876770209,28.046068956524383,26.04277831677264,0.3697916666666667,0.0,96
y,2024-02-06,7,28.046068956524383,32.052650236027866,30.049359596276126,0.3466666666666667,0.0,75
y,2024-02-06,8,32.052650236027866,36.05923151553135,34.05594087577961,0.3385416666666667,0.0,96
y,2024-02-06,9,36.05923151553135,40.06581279503483,38.06252215528309,0.07758620689655173,0.0,58
y,2024-02-06,10,40.06581279503483,44.072394074538316,42.06910343478657,0.0,0.0,38
y,2024-02-06,11,44.072394074538316,48.078975354041795,46.075684714290055,0.0,0.0,12
y,2024-02-07,0,0.0,4.006581279503483,2.0032906397517416,0.0,0.0,40
y,2024-02-07,1,4.006581279503483,8.013162559006966,6.009871919255225,0.0,0.0,185
y,2024-02-07,2,8.013162559006966,12.01974383851045,10.016453198758708,0.0,0.0,161
y,2024-02-07,3,12.01974383851045,16.026325118013933,14.023034478262192,0.0,0.0,154
y,2024-02-07,4,16.026325118013933,20.032906397517415,18.029615757765676,0.0,0.0,162
y,2024-02-07,5,20.032906397517415,24.0394876770209,22.036197037269158,0.0,0.0,99
y,2024-02-07,6,24.0394876770209,28.046068956524383,26.04277831677264,0.0,0.0,96
y,2024-02-07,7,28.046068956524383,32.052650236027866,30.049359596276126,0.0,0.0,75
y,2024-02-07,8,32.052650236027866,36.05923151553135,34.05594087577961,0.0,0.0,96
y,2024-02-07,9,36.05923151553135,40.06581279503483,38.06252215528309,0.0,0.0,58
y,2024-02-07,10,40.06581279503483,44.072394074538316,42.06910343478657,0.0,0.0,38
y,2024-02-07,11,44.072394074538316,48.078975354041795,46.075684714290055,0.0,0.0,12
y,2024-02-08,0,0.0,4.006581279503483,2.0032906397517416,0.0,0.0,40
y,2024-02-08,1,4.006581279503483,8.013162559006966,6.009871919255225,0.0,0.0,185
y,2024-02-08,2,8.013162559006966,12.01974383851045,10.016453198758708,0.0,0.0,161
y,2024-02-08,3,12.01974383851045,16.026325118013933,14.023034478262192,0.0,0.0,154
y,2024-02-08,4,16.026325118013933,20.032906397517415,18.029615757765676,0.0,0.0,162
y,2024-02-08,5,20.032906397517415,24.0394876770209,22.036197037269158,0.0,0.0,99
y,2024-02-08,6,24.0394876770209,28.046068956524383,26.04277831677264,0.0,0.0,96
y,2024-02-08,7,28.046068956524383,32.052650236027866,30.049359596276126,0.0,0.0,75
y,2024-02-08,8,32.052650236027866,36.05923151553135,34.05594087577961,0.0,0.0,96
y,2024-02-08,9,36.05923151553135,40.06581279503483,38.06252215528309,0.0,0.0,58
y,2024-02-08,10,40.06581279503483,44.072394074538316,42.06910343478657,0.0,0.0,38
y,2024-02-08,11,44.072394074538316,48.078975354041795,46.075684714290055,0.0,0.0,12
y,2024-02-09,0,0.0,4.006581279503483,2.0032906397517416,0.0,0.0,40
y,2024-02-09,1,4.006581279503483,8.013162559006966,6.009871919255225,0.0,0.0,185
y,2024-02-09,2,8.013162559006966,12.01974383851045,10.016453198758708,0.0,0.0,161
y,2024-02-09,3,12.01974383851045,16.026325118013933,14.023034478262192,0.0,0.0,154
y,2024-02-09,4,16.026325118013933,20.032906397517415,18.029615757765676,0.0,0.0,162
y,2024-02-09,5,20.032906397517415,24.0394876770209,22.036197037269158,0.0,0.0,99
y,2024-02-09,6,24.0394876770209,28.046068956524383,26.04277831677264,0.0,0.0,96
y,2024-02-09,7,28.046068956524383,32.052650236027866,30.049359596276126,0.0,0.0,75
y,2024-02-09,8,32.052650236027866,36.05923151553135,34.05594087577961,0.0,0.0,96
y,2024-02-09,9,36.05923151553135,40.06581279503483,38.06252215528309,0.0,0.0,58
y,2024-02-09,10,40.06581279503483,44.072394074538316,42.06910343478657,0.0,0.0,38
y,2024-02-09,11,44.072394074538316,48.078975354041795,46.075684714290055,0.0,0.0,12
y,2024-02-10,0,0.0,4.006581279503483,2.0032906397517416,0.0,0.0,40
y,2024-02-10,1,4.006581279503483,8.013162559006966,6.009871919255225,0.0,0.0,185
y,2024-02-10,2,8.013162559006966,12.01974383851045,10.016453198758708,0.0,0.0,161
y,2024-02-10,3,12.01974383851045,16.026325118013933,14.023034478262192,0.0,0.0,154
y,2024-02-10,4,16.026325118013933,20.032906397517415,18.029615757765676,0.0,0.0,162
y,2024-02-10,5,20.032906397517415,24.0394876770209,22.036197037269158,0.0,0.0,99
y,2024-02-10,6,24.0394876770209,28.046068956524383,26.04277831677264,0.0,0.0,96
y,2024-02-10,7,28.046068956524383,32.052650236027866,30.049359596276126,0.0,0.0,75
y,2024-02-10,8,32.052650236027866,36.05923151553135,34.05594087577961,0.0,0.0,96
y,2024-02-10,9,36.05923151553135,40.06581279503483,38.06252215528309,0.0,0.0,58
y,2024-02-10,10,40.06581279503483,44.072394074538316,42.06910343478657,0.0,0.0,38
y,2024-02-10,11,44.072394074538316,48.078975354041795,46.075684714290055,0.0,0.0,12
y,2024-02-11,0,0.0,4.006581279503483,2.0032906397517416,0.0,0.0,40
y,2024-02-11,1,4.006581279503483,8.013162559006966,6.009871919255225,0.0,0.0,185
y,2024-02-11,2,8.013162559006966,12.01974383851045,10.016453198758708,0.0,0.0,161
y,2024-02-11,3,12.01974383851045,16.026325118013933,14.023034478262192,0.0,0.0,154
y,2024-02-11,4,16.026325118013933,20.032906397517415,18.029615757765676,0.0,0.0,162
y,2024-02-11,5,20.032906397517415,24.0394876770209,22.036197037269158,0.0,0.0,99
y,2024-02-11,6,24.0394876770209,28.046068956524383,26.04277831677264,0.0,0.0,96
y,2024-02-11,7,28.046068956524383,32.052650236027866,30.049359596276126,0.0,0.0,75
y,2024-02-11,8,32.052650236027866,36.05923151553135,34.05594087577961,0.0,0.0,96
y,2024-02-11,9,36.05923151553135,40.06581279503483,38.06252215528309,0.0,0.0,58
y,2024-02-11,10,40.06581279503483,44.072394074538316,42.06910343478657,0.0,0.0,38
y,2024-02-11,11,44.072394074538316,48.078975354041795,46.075684714290055,0.0,0.0,12
y,2024-02-12,0,0.0,4.006581279503483,2.0032906397517416,0.175,0.0,40
y,2024-02-12,1,4.006581279503483,8.013162559006966,6.009871919255225,0.9027027027027027,0.0,185
y,2024-02-12,2,8.013162559006966,12.01974383851045,10.016453198758708,0.7360248447204969,0.0,161
y,2024-02-12,3,12.01974383851045,16.026325118013933,14.023034478262192,0.6818181818181818,0.0,154
y,2024-02-12,4,16.026325118013933,20.032906397517415,18.029615757765676,0.8364197530864198,0.0,162
y,2024-02-12,5,20.032906397517415,24.0394876770209,22.036197037269158,0.48484848484848486,0.0,99
y,2024-02-12,6,24.0394876770209,28.046068956524383,26.04277831677264,0.6666666666666666,0.0,96
y,2024-02-12,7,28.046068956524383,32.052650236027866,30.049359596276126,0.74,0.0,75
y,2024-02-12,8,32.052650236027866,36.05923151553135,34.05594087577961,1.0364583333333333,0.0,96
y,2024-02-12,9,36.05923151553135,40.06581279503483,38.06252215528309,0.6896551724137931,0.0,58
y,2024-02-12,10,40.06581279503483,44.072394074538316,42.06910343478657,0.15789473684210525,0.0,38
y,2024-02-12,11,44.072394074538316,48.078975354041795,46.075684714290055,0.0,0.0,12
y,2024-02-13,0,0.0,4.006581279503483,2.0032906397517416,0.1375,0.0,40
y,2024-02-13,1,4.006581279503483,8.013162559006966,6.009871919255225,0.15945945945945947,0.0,185
y,2024-02-13,2,8.013162559006966,12.01974383851045,10.016453198758708,0.2484472049689441,0.0,161
y,2024-02-13,3,12.01974383851045,16.026325118013933,14.023034478262192,0.2597402597402597,0.0,154
y,2024-02-13,4,16.026325118013933,20.032906397517415,18.029615757765676,0.36419753086419754,0.0,162
y,2024-02-13,5,20.032906397517415,24.0394876770209,22.036197037269158,0.2676767676767677,0.0,99
y,2024-02-13,6,24.0394876770209,28.046068956524383,26.04277831677264,0.4322916666666667,0.0,96
y,2024-02-13,7,28.046068956524383,32.052650236027866,30.049359596276126,0.13333333333333333,0.0,75
y,2024-02-13,8,32.052650236027866,36.05923151553135,34.05594087577961,0.046875,0.0,96
y,2024-02-13,9,36.05923151553135,40.06581279503483,38.06252215528309,0.008620689655172414,0.0,58
y,2024-02-13,10,40.06581279503483,44.072394074538316,42.06910343478657,0.0,0.0,38
y,2024-02-13,11,44.072394074538316,48.078975354041795,46.075684714290055,0.0,0.0,12
y,2024-02-14,0,0.0,4.006581279503483,2.0032906397517416,0.05,0.0,40
y,2024-02-14,1,4.006581279503483,8.013162559006966,6.009871919255225,0.07567567567567568,0.0,185
y,2024-02-14,2,8.013162559006966,12.01974383851045,10.016453198758708,0.11180124223602485,0.0,161
y,2024-02-14,3,12.01974383851045,16.026325118013933,14.023034478262192,0.07792207792207792,0.0,154
y,2024-02-14,4,16.026325118013933,20.032906397517415,18.029615757765676,0.04938271604938271,0.0,162
y,2024-02-14,5,20.032906397517415,24.0394876770209,22.036197037269158,0.04040404040404041,0.0,99
y,2024-02-14,6,24.0394876770209,28.046068956524383,26.04277831677264,0.08333333333333333,0.0,96
y,2024-02-14,7,28.046068956524383,32.052650236027866,30.049359596276126,0.05333333333333334,0.0,75
y,2024-02-14,8,32.052650236027866,36.05923151553135,34.05594087577961,0.10416666666666667,0.0,96
y,2024-02-14,9,36.05923151553135,40.06581279503483,38.06252215528309,0.13793103448275862,0.0,58
y,2024-02-14,10,40.06581279503483,44.072394074538316,42.06910343478657,0.21052631578947367,0.0,38
y,2024-02-14,11,44.072394074538316,48.078975354041795,46.075684714290055,0.0,0.0,12
y,2024-02-15,0,0.0,4.006581279503483,2.0032906397517416,0.0,0.0,40
y,2024-02-15,1,4.006581279503483,8.013162559006966,6.009871919255225,0.0,0.0,185
y,2024-02-15,2,8.013162559006966,12.01974383851045,10.016453198758708,0.0,0.0,161
y,2024-02-15,3,12.01974383851045,16.026325118013933,14.023034478262192,0.0,0.0,154
y,2024-02-15,4,16.026325118013933,20.032906397517415,18.029615757765676,0.0,0.0,162
y,2024-02-15,5,20.032906397517415,24.0394876770209,22.036197037269158,0.0,0.0,99
y,2024-02-15,6,24.0394876770209,28.046068956524383,26.04277831677264,0.0,0.0,96
y,2024-02-15,7,28.046068956524383,32.052650236027866,30.049359596276126,0.0,0.0,75
y,2024-02-15,8,32.052650236027866,36.05923151553135,34.05594087577961,0.0,0.0,96
y,2024-02-15,9,36.05923151553135,40.06581279503483,38.06252215528309,0.0,0.0,58
y,2024-02-15,10,40.06581279503483,44.072394074538316,42.06910343478657,0.0,0.0,38
y,2024-02-15,11,44.072394074538316,48.078975354041795,46.075684714290055,0.0,0.0,12
y,2024-02-16,0,0.0,4.006581279503483,2.0032906397517416,0.0,0.0,40
y,2024-02-16,1,4.006581279503483,8.013162559006966,6.009871919255225,0.0,0.0,185
y,2024-02-16,2,8.013162559006966,12.01974383851045,10.016453198758708,0.0,0.0,161
y,2024-02-16,3,12.01974383851045,16.026325118013933,14.023034478262192,0.0,0.0,154
y,2024-02-16,4,16.026325118013933,20.032906397517415,18.029615757765676,0.0,0.0,162
y,2024-02-16,5,20.032906397517415,24.0394876770209,22.036197037269158,0.0,0.0,99
y,2024-02-16,6,24.0394876770209,28.046068956524383,26.04277831677264,0.0,0.0,96
y,2024-02-16,7,28.046068956524383,32.052650236027866,30.049359596276126,0.0,0.0,75
y,2024-02-16,8,32.052650236027866,36.05923151553135,34.05594087577961,0.0,0.0,96
y,2024-02-16,9,36.05923151553135,40.06581279503483,38.06252215528309,0.0,0.0,58
y,2024-02-16,10,40.06581279503483,44.072394074538316,42.06910343478657,0.0,0.0,38
y,2024-02-16,11,44.072394074538316,48.078975354041795,46.075684714290055,0.0,0.0,12
y,2024-02-17,0,0.0,4.006581279503483,2.0032906397517416,0.0,0.0,40
y,2024-02-17,1,4.006581279503483,8.013162559006966,6.009871919255225,0.0,0.0,185
y,2024-02-17,2,8.013162559006966,12.01974383851045,10.016453198758708,0.0,0.0,161
y,2024-02-17,3,12.01974383851045,16.026325118013933,14.023034478262192,0.0,0.0,154
y,2024-02-17,4,16.026325118013933,20.032906397517415,18.029615757765676,0.0,0.0,162
y,2024-02-17,5,20.032906397517415,24.0394876770209,22.036197037269158,0.0,0.0,99
y,2024-02-17,6,24.0394876770209,28.046068956524383,26.04277831677264,0.0,0.0,96
y,2024-02-17,7,28.046068956524383,32.052650236027866,30.049359596276126,0.0,0.0,75
y,2024-02-17,8,32.052650236027866,36.05923151553135,34.05594087577961,0.0,0.0,96
y,2024-02-17,9,36.05923151553135,40.06581279503483,38.06252215528309,0.0,0.0,58
y,2024-02-17,10,40.06581279503483,44.072394074538316,42.06910343478657,0.0,0.0,38
y,2024-02-17,11,44.072394074538316,48.078975354041795,46.075684714290055,0.0,0.0,12
y,2024-02-18,0,0.0,4.006581279503483,2.0032906397517416,0.0,0.0,40
y,2024-02-18,1,4.006581279503483,8.013162559006966,6.009871919255225,0.0,0.0,185
y,2024-02-18,2,8.013162559006966,12.01974383851045,10.016453198758708,0.0,0.0,161
y,2024-02-18,3,12.01974383851045,16.026325118013933,14.023034478262192,0.0,0.0,154
y,2024-02-18,4,16.026325118013933,20.032906397517415,18.029615757765676,0.0,0.0,162
y,2024-02-18,5,20.032906397517415,24.0394876770209,22.036197037269158,0.0,0.0,99
y,2024-02-18,6,24.0394876770209,28.046068956524383,26.04277831677264,0.0,0.0,96
y,2024-02-18,7,28.046068956524383,32.052650236027866,30.049359596276126,0.0,0.0,75
y,2024-02-18,8,32.052650236027866,36.05923151553135,34.05594087577961,0.0,0.0,96
y,2024-02-18,9,36.05923151553135,40.06581279503483,38.06252215528309,0.0,0.0,58
y,2024-02-18,10,40.06581279503483,44.072394074538316,42.06910343478657,0.0,0.0,38
y,2024-02-18,11,44.072394074538316,48.078975354041795,46.075684714290055,0.0,0.0,12
y,2024-02-19,0,0.0,4.006581279503483,2.0032906397517416,0.1,0.0,40
y,2024-02-19,1,4.006581279503483,8.013162559006966,6.009871919255225,0.14054054054054055,0.0,185
y,2024-02-19,2,8.013162559006966,12.01974383851045,10.016453198758708,0.14906832298136646,0.0,161
y,2024-02-19,3,12.01974383851045,16.026325118013933,14.023034478262192,0.237012987012987,0.0,154
y,2024-02-19,4,16.026325118013933,20.032906397517415,18.029615757765676,0.2777777777777778,0.0,162
y,2024-02-19,5,20.032906397517415,24.0394876770209,22.036197037269158,0.24242424242424243,0.0,99
y,2024-02-19,6,24.0394876770209,28.046068956524383,26.04277831677264,0.171875,0.0,96
y,2024-02-19,7,28.046068956524383,32.052650236027866,30.049359596276126,0.02666666666666667,0.0,75
y,2024-02-19,8,32.052650236027866,36.05923151553135,34.05594087577961,0.0,0.0,96
y,2024-02-19,9,36.05923151553135,40.06581279503483,38.06252215528309,0.0,0.0,58
y,2024-02-19,10,40.06581279503483,44.072394074538316,42.06910343478657,0.0,0.0,38
y,2024-02-19,11,44.072394074538316,48.078975354041795,46.075684714290055,0.0,0.0,12
y,2024-02-20,0,0.0,4.006581279503483,2.0032906397517416,0.0,0.0,40
y,2024-02-20,1,4.006581279503483,8.013162559006966,6.009871919255225,0.0,0.0,185
y,2024-02-20,2,8.013162559006966,12.01974383851045,10.016453198758708,0.0,0.0,161
y,2024-02-20,3,12.01974383851045,16.026325118013933,14.023034478262192,0.0,0.0,154
y,2024-02-20,4,16.026325118013933,20.032906397517415,18.029615757765676,0.0,0.0,162
y,2024-02-20,5,20.032906397517415,24.0394876770209,22.036197037269158,0.0,0.0,99
y,2024-02-20,6,24.0394876770209,28.046068956524383,26.04277831677264,0.0,0.0,96
y,2024-02-20,7,28.046068956524383,32.052650236027866,30.049359596276126,0.0,0.0,75
y,2024-02-20,8,32.052650236027866,36.05923151553135,34.05594087577961,0.0,0.0,96
y,2024-02-20,9,36.05923151553135,40.06581279503483,38.06252215528309,0.0,0.0,58
y,2024-02-20,10,40.06581279503483,44.072394074538316,42.06910343478657,0.0,0.0,38
y,2024-02-20,11,44.072394074538316,48.078975354041795,46.075684714290055,0.0,0.0,12
y,2024-02-21,0,0.0,4.006581279503483,2.0032906397517416,0.0,0.0,40
y,2024-02-21,1,4.006581279503483,8.013162559006966,6.009871919255225,0.0,0.0,185
y,2024-02-21,2,8.013162559006966,12.01974383851045,10.016453198758708,0.0,0.0,161
y,2024-02-21,3,12.01974383851045,16.026325118013933,14.023034478262192,0.0,0.0,154
y,2024-02-21,4,16.026325118013933,20.032906397517415,18.029615757765676,0.0,0.0,162
y,2024-02-21,5,20.032906397517415,24.0394876770209,22.036197037269158,0.0,0.0,99
y,2024-02-21,6,24.0394876770209,28.046068956524383,26.04277831677264,0.0,0.0,96
y,2024-02-21,7,28.046068956524383,32.052650236027866,30.049359596276126,0.0,0.0,75
y,2024-02-21,8,32.052650236027866,36.05923151553135,34.05594087577961,0.0,0.0,96
y,2024-02-21,9,36.05923151553135,40.06581279503483,38.06252215528309,0.0,0.0,58
y,2024-02-21,10,40.06581279503483,44.072394074538316,42.06910343478657,0.0,0.0,38
y,2024-02-21,11,44.072394074538316,48.078975354041795,46.075684714290055,0.0,0.0,12
y,2024-02-22,0,0.0,4.006581279503483,2.0032906397517416,0.0125,0.0,40
y,2024-02-22,1,4.006581279503483,8.013162559006966,6.009871919255225,0.01891891891891892,0.0,185
y,2024-02-22,2,8.013162559006966,12.01974383851045,10.016453198758708,0.027950310559006212,0.0,161
y,2024-02-22,3,12.01974383851045,16.026325118013933,14.023034478262192,0.01948051948051948,0.0,154
y,2024-02-22,4,16.026325118013933,20.032906397517415,18.029615757765676,0.012345679012345678,0.0,162
y,2024-02-22,5,20.032906397517415,24.0394876770209,22.036197037269158,0.010101010101010102,0.0,99
y,2024-02-22,6,24.0394876770209,28.046068956524383,26.04277831677264,0.020833333333333332,0.0,96
y,2024-02-22,7,28.046068956524383,32.052650236027866,30.049359596276126,0.013333333333333334,0.0,75
y,2024-02-22,8,32.052650236027866,36.05923151553135,34.05594087577961,0.026041666666666668,0.0,96
y,2024-02-22,9,36.05923151553135,40.06581279503483,38.06252215528309,0.034482758620689655,0.0,58
y,2024-02-22,10,40.06581279503483,44.072394074538316,42.06910343478657,0.05263157894736842,0.0,38
y,2024-02-22,11,44.072394074538316,48.078975354041795,46.075684714290055,0.0,0.0,12
y,2024-02-23,0,0.0,4.006581279503483,2.0032906397517416,0.0,0.0,40
y,2024-02-23,1,4.006581279503483,8.013162559006966,6.009871919255225,0.0,0.0,185
y,2024-02-23,2,8.013162559006966,12.01974383851045,10.016453198758708,0.0,0.0,161
y,2024-02-23,3,12.01974383851045,16.026325118013933,14.023034478262192,0.0,0.0,154
y,2024-02-23,4,16.026325118013933,20.032906397517415,18.029615757765676,0.0,0.0,162
y,2024-02-23,5,20.032906397517415,24.0394876770209,22.036197037269158,0.0,0.0,99
y,2024-02-23,6,24.0394876770209,28.046068956524383,26.04277831677264,0.0,0.0,96
y,2024-02-23,7,28.046068956524383,32.052650236027866,30.049359596276126,0.0,0.0,75
y,2024-02-23,8,32.052650236027866,36.05923151553135,34.05594087577961,0.0,0.0,96
y,2024-02-23,9,36.05923151553135,40.06581279503483,38.06252215528309,0.0,0.0,58
y,2024-02-23,10,40.06581279503483,44.072394074538316,42.06910343478657,0.0,0.0,38
y,2024-02-23,11,44.072394074538316,48.078975354041795,46.075684714290055,0.0,0.0,12
y,2024-02-24,0,0.0,4.006581279503483,2.0032906397517416,0.0,0.0,40
y,2024-02-24,1,4.006581279503483,8.013162559006966,6.009871919255225,0.0,0.0,185
y,2024-02-24,2,8.013162559006966,12.01974383851045,10.016453198758708,0.0,0.0,161
y,2024-02-24,3,12.01974383851045,16.026325118013933,14.023034478262192,0.0,0.0,154
y,2024-02-24,4,16.026325118013933,20.032906397517415,18.029615757765676,0.0,0.0,162
y,2024-02-24,5,20.032906397517415,24.0394876770209,22.036197037269158,0.0,0.0,99
y,2024-02-24,6,24.0394876770209,28.046068956524383,26.04277831677264,0.0,0.0,96
y,2024-02-24,7,28.046068956524383,32.052650236027866,30.049359596276126,0.0,0.0,75
y,2024-02-24,8,32.052650236027866,36.05923151553135,34.05594087577961,0.0,0.0,96
y,2024-02-24,9,36.05923151553135,40.06581279503483,38.06252215528309,0.0,0.0,58
y,2024-02-24,10,40.06581279503483,44.072394074538316,42.06910343478657,0.0,0.0,38
y,2024-02-24,11,44.072394074538316,48.078975354041795,46.075684714290055,0.0,0.0,12
y,2024-02-25,0,0.0,4.006581279503483,2.0032906397517416,0.0,0.0,40
y,2024-02-25,1,4.006581279503483,8.013162559006966,6.009871919255225,0.0,0.0,185
y,2024-02-25,2,8.013162559006966,12.01974383851045,10.016453198758708,0.0,0.0,161
y,2024-02-25,3,12.01974383851045,16.026325118013933,14.023034478262192,0.0,0.0,154
y,2024-02-25,4,16.026325118013933,20.032906397517415,18.029615757765676,0.0,0.0,162
y,2024-02-25,5,20.032906397517415,24.0394876770209,22.036197037269158,0.0,0.0,99
y,2024-02-25,6,24.0394876770209,28.046068956524383,26.04277831677264,0.0,0.0,96
y,2024-02-25,7,28.046068956524383,32.052650236027866,30.049359596276126,0.0,0.0,75
y,2024-02-25,8,32.052650236027866,36.05923151553135,34.05594087577961,0.0,0.0,96
y,2024-02-25,9,36.05923151553135,40.06581279503483,38.06252215528309,0.0,0.0,58
y,2024-02-25,10,40.06581279503483,44.072394074538316,42.06910343478657,0.0,0.0,38
y,2024-02-25,11,44.072394074538316,48.078975354041795,46.075684714290055,0.0,0.0,12
y,2024-02-26,0,0.0,4.006581279503483,2.0032906397517416,0.45,0.0,40
y,2024-02-26,1,4.006581279503483,8.013162559006966,6.009871919255225,1.9567567567567568,0.0,185
y,2024-02-26,2,8.013162559006966,12.01974383851045,10.016453198758708,1.5559006211180124,0.0,161
y,2024-02-26,3,12.01974383851045,16.026325118013933,14.023034478262192,1.4155844155844155,0.0,154
y,2024-02-26,4,16.026325118013933,20.032906397517415,18.029615757765676,1.7685185185185186,0.0,162
y,2024-02-26,5,20.032906397517415,24.0394876770209,22.036197037269158,1.106060606060606,0.0,99
y,2024-02-26,6,24.0394876770209,28.046068956524383,26.04277831677264,1.5104166666666667,0.0,96
y,2024-02-26,7,28.046068956524383,32.052650236027866,30.049359596276126,1.5,0.0,75
y,2024-02-26,8,32.052650236027866,36.05923151553135,34.05594087577961,2.0208333333333335,0.0,96
y,2024-02-26,9,36.05923151553135,40.06581279503483,38.06252215528309,1.0,0.0,58
y,2024-02-26,10,40.06581279503483,44.072394074538316,42.06910343478657,0.15789473684210525,0.0,38
y,2024-02-26,11,44.072394074538316,48.078975354041795,46.075684714290055,0.0,0.0,12
y,2024-02-27,0,0.0,4.006581279503483,2.0032906397517416,0.225,0.0,40
y,2024-02-27,1,4.006581279503483,8.013162559006966,6.009871919255225,0.27297297297297296,0.0,185
y,2024-02-27,2,8.013162559006966,12.01974383851045,10.016453198758708,0.2577639751552795,0.0,161
y,2024-02-27,3,12.01974383851045,16.026325118013933,14.023034478262192,0.30844155844155846,0.0,154
y,2024-02-27,4,16.026325118013933,20.032906397517415,18.029615757765676,0.4012345679012346,0.0,162
y,2024-02-27,5,20.032906397517415,24.0394876770209,22.036197037269158,0.45454545454545453,0.0,99
y,2024-02-27,6,24.0394876770209,28.046068956524383,26.04277831677264,0.3229166666666667,0.0,96
y,2024-02-27,7,28.046068956524383,32.052650236027866,30.049359596276126,0.32,0.0,75
y,2024-02-27,8,32.052650236027866,36.05923151553135,34.05594087577961,0.10416666666666667,0.0,96
y,2024-02-27,9,36.05923151553135,40.06581279503483,38.06252215528309,0.0603448275862069,0.0,58
y,2024-02-27,10,40.06581279503483,44.072394074538316,42.06910343478657,0.0,0.0,38
y,2024-02-27,11,44.072394074538316,48.078975354041795,46.075684714290055,0.0,0.0,12
y,2024-02-28,0,0.0,4.006581279503483,2.0032906397517416,0.2625,0.0,40
y,2024-02-28,1,4.006581279503483,8.013162559006966,6.009871919255225,0.3081081081081081,0.0,185
y,2024-02-28,2,8.013162559006966,12.01974383851045,10.016453198758708,0.35093167701863354,0.0,161
y,2024-02-28,3,12.01974383851045,16.026325118013933,14.023034478262192,0.4837662337662338,0.0,154
y,2024-02-28,4,16.026325118013933,20.032906397517415,18.029615757765676,0.7067901234567902,0.0,162
y,2024-02-28,5,20.032906397517415,24.0394876770209,22.036197037269158,0.7222222222222222,0.0,99
y,2024-02-28,6,24.0394876770209,28.046068956524383,26.04277831677264,0.3020833333333333,0.0,96
y,2024-02-28,7,28.046068956524383,32.052650236027866,30.049359596276126,0.12666666666666668,0.0,75
y,2024-02-28,8,32.052650236027866,36.05923151553135,34.05594087577961,0.015625,0.0,96
y,2024-02-28,9,36.05923151553135,40.06581279503483,38.06252215528309,0.008620689655172414,0.0,58
y,2024-02-28,10,40.06581279503483,44.072394074538316,42.06910343478657,0.0,0.0,38
y,2024-02-28,11,44.072394074538316,48.078975354041795,46.075684714290055,0.0,0.0,12
y,2024-02-29,0,0.0,4.006581279503483,2.0032906397517416,0.6125,0.0,40
y,2024-02-29,1,4.006581279503483,8.013162559006966,6.009871919255225,0.9540540540540541,0.0,185
y,2024-02-29,2,8.013162559006966,12.01974383851045,10.016453198758708,1.0807453416149069,0.0,161
y,2024-02-29,3,12.01974383851045,16.026325118013933,14.023034478262192,1.1850649350649352,0.0,154
y,2024-02-29,4,16.026325118013933,20.032906397517415,18.029615757765676,1.4938271604938271,0.0,162
y,2024-02-29,5,20.032906397517415,24.0394876770209,22.036197037269158,1.3232323232323233,0.0,99
y,2024-02-29,6,24.0394876770209,28.046068956524383,26.04277831677264,1.8020833333333333,0.0,96
y,2024-02-29,7,28.046068956524383,32.052650236027866,30.049359596276126,1.3666666666666667,0.0,75
y,2024-02-29,8,32.052650236027866,36.05923151553135,34.05594087577961,0.328125,0.0,96
y,2024-02-29,9,36.05923151553135,40.06581279503483,38.06252215528309,0.11206896551724138,0.0,58
y,2024-02-29,10,40.06581279503483,44.072394074538316,42.06910343478657,0.0,0.0,38
y,2024-02-29,11,44.072394074538316,48.078975354041795,46.075684714290055,0.0,0.0,12
y,2024-03-01,0,0.0,4.006581279503483,2.0032906397517416,0.2625,0.0,40
y,2024-03-01,1,4.006581279503483,8.013162559006966,6.009871919255225,0.35405405405405405,0.0,185
y,2024-03-01,2,8.013162559006966,12.01974383851045,10.016453198758708,0.3136645962732919,0.0,161
y,2024-03-01,3,12.01974383851045,16.026325118013933,14.023034478262192,0.3409090909090909,0.0,154
y,2024-03-01,4,16.026325118013933,20.032906397517415,18.029615757765676,0.35185185185185186,0.0,162
y,2024-03-01,5,20.032906397517415,24.0394876770209,22.036197037269158,0.37373737373737376,0.0,99
y,2024-03-01,6,24.0394876770209,28.046068956524383,26.04277831677264,0.4635416666666667,0.0,96
y,2024-03-01,7,28.046068956524383,32.052650236027866,30.049359596276126,0.4666666666666667,0.0,75
y,2024-03-01,8,32.052650236027866,36.05923151553135,34.05594087577961,0.17708333333333334,0.0,96
y,2024-03-01,9,36.05923151553135,40.06581279503483,38.06252215528309,0.0603448275862069,0.0,58
y,2024-03-01,10,40.06581279503483,44.072394074538316,42.06910343478657,0.07894736842105263,0.0,38
y,2024-03-01,11,44.072394074538316,48.078975354041795,46.075684714290055,0.0,0.0,12
y,2024-03-02,0,0.0,4.006581279503483,2.0032906397517416,0.0,0.0,40
y,2024-03-02,1,4.006581279503483,8.013162559006966,6.009871919255225,0.0,0.0,185
y,2024-03-02,2,8.013162559006966,12.01974383851045,10.016453198758708,0.0,0.0,161
y,2024-03-02,3,12.01974383851045,16.026325118013933,14.023034478262192,0.0,0.0,154
y,2024-03-02,4,16.026325118013933,20.032906397517415,18.029615757765676,0.0,0.0,162
y,2024-03-02,5,20.032906397517415,24.0394876770209,22.036197037269158,0.0,0.0,99
y,2024-03-02,6,24.0394876770209,28.046068956524383,26.04277831677264,0.0,0.0,96
y,2024-03-02,7,28.046068956524383,32.052650236027866,30.049359596276126,0.0,0.0,75
y,2024-03-02,8,32.052650236027866,36.05923151553135,34.05594087577961,0.0,0.0,96
y,2024-03-02,9,36.05923151553135,40.06581279503483,38.06252215528309,0.0,0.0,58
y,2024-03-02,10,40.06581279503483,44.072394074538316,42.06910343478657,0.0,0.0,38
y,2024-03-02,11,44.072394074538316,48.078975354041795,46.075684714290055,0.0,0.0,12
y,2024-03-03,0,0.0,4.006581279503483,2.0032906397517416,0.0,0.0,40
y,2024-03-03,1,4.006581279503483,8.013162559006966,6.009871919255225,0.0,0.0,185
y,2024-03-03,2,8.013162559006966,12.01974383851045,10.016453198758708,0.0,0.0,161
y,2024-03-03,3,12.01974383851045,16.026325118013933,14.023034478262192,0.0,0.0,154
y,2024-03-03,4,16.026325118013933,20.032906397517415,18.029615757765676,0.0,0.0,162
y,2024-03-03,5,20.032906397517415,24.0394876770209,22.036197037269158,0.0,0.0,99
y,2024-03-03,6,24.0394876770209,28.046068956524383,26.04277831677264,0.0,0.0,96
y,2024-03-03,7,28.046068956524383,32.052650236027866,30.049359596276126,0.0,0.0,75
y,2024-03-03,8,32.052650236027866,36.05923151553135,34.05594087577961,0.0,0.0,96
y,2024-03-03,9,36.05923151553135,40.06581279503483,38.06252215528309,0.0,0.0,58
y,2024-03-03,10,40.06581279503483,44.072394074538316,42.06910343478657,0.0,0.0,38
y,2024-03-03,11,44.072394074538316,48.078975354041795,46.075684714290055,0.0,0.0,12
y,2024-03-04,0,0.0,4.006581279503483,2.0032906397517416,0.5375,0.0,40
y,2024-03-04,1,4.006581279503483,8.013162559006966,6.009871919255225,0.7864864864864864,0.0,185
y,2024-03-04,2,8.013162559006966,12.01974383851045,10.016453198758708,0.7080745341614907,0.0,161
y,2024-03-04,3,12.01974383851045,16.026325118013933,14.023034478262192,0.737012987012987,0.0,154
y,2024-03-04,4,16.026325118013933,20.032906397517415,18.029615757765676,0.9567901234567902,0.0,162
y,2024-03-04,5,20.032906397517415,24.0394876770209,22.036197037269158,0.8484848484848485,0.0,99
y,2024-03-04,6,24.0394876770209,28.046068956524383,26.04277831677264,0.6197916666666666,0.0,96
y,2024-03-04,7,28.046068956524383,32.052650236027866,30.049359596276126,0.5533333333333333,0.0,75
y,2024-03-04,8,32.052650236027866,36.05923151553135,34.05594087577961,0.671875,0.0,96
y,2024-03-04,9,36.05923151553135,40.06581279503483,38.06252215528309,0.1810344827586207,0.0,58
y,2024-03-04,10,40.06581279503483,44.072394074538316,42.06910343478657,0.039473684210526314,0.0,38
y,2024-03-04,11,44.072394074538316,48.078975354041795,46.075684714290055,0.0,0.0,12
y,2024-03-05,0,0.0,4.006581279503483,2.0032906397517416,0.2625,0.0,40
y,2024-03-05,1,4.006581279503483,8.013162559006966,6.009871919255225,0.7756756756756756,0.0,185
y,2024-03-05,2,8.013162559006966,12.01974383851045,10.016453198758708,0.6180124223602484,0.0,161
y,2024-03-05,3,12.01974383851045,16.026325118013933,14.023034478262192,0.6266233766233766,0.0,154
y,2024-03-05,4,16.026325118013933,20.032906397517415,18.029615757765676,0.7253086419753086,0.0,162
y,2024-03-05,5,20.032906397517415,24.0394876770209,22.036197037269158,0.601010101010101,0.0,99
y,2024-03-05,6,24.0394876770209,28.046068956524383,26.04277831677264,0.5833333333333334,0.0,96
y,2024-03-05,7,28.046068956524383,32.052650236027866,30.049359596276126,0.62,0.0,75
y,2024-03-05,8,32.052650236027866,36.05923151553135,34.05594087577961,0.6458333333333334,0.0,96
y,2024-03-05,9,36.05923151553135,40.06581279503483,38.06252215528309,0.3448275862068966,0.0,58
y,2024-03-05,10,40.06581279503483,44.072394074538316,42.06910343478657,0.039473684210526314,0.0,38
y,2024-03-05,11,44.072394074538316,48.078975354041795,46.075684714290055,0.0,0.0,12
y,2024-03-06,0,0.0,4.006581279503483,2.0032906397517416,0.1875,0.0,40
y,2024-03-06,1,4.006581279503483,8.013162559006966,6.009871919255225,0.7054054054054054,0.0,185
y,2024-03-06,2,8.013162559006966,12.01974383851045,10.016453198758708,0.7111801242236024,0.0,161
y,2024-03-06,3,12.01974383851045,16.026325118013933,14.023034478262192,0.8311688311688312,0.0,154
y,2024-03-06,4,16.026325118013933,20.032906397517415,18.029615757765676,0.8518518518518519,0.0,162
y,2024-03-06,5,20.032906397517415,24.0394876770209,22.036197037269158,0.6060606060606061,0.0,99
y,2024-03-06,6,24.0394876770209,28.046068956524383,26.04277831677264,0.7604166666666666,0.0,96
y,2024-03-06,7,28.046068956524383,32.052650236027866,30.049359596276126,0.5133333333333333,0.0,75
y,2024-03-06,8,32.052650236027866,36.05923151553135,34.05594087577961,0.6197916666666666,0.0,96
y,2024-03-06,9,36.05923151553135,40.06581279503483,38.06252215528309,0.6551724137931034,0.0,58
y,2024-03-06,10,40.06581279503483,44.072394074538316,42.06910343478657,0.40789473684210525,0.0,38
y,2024-03-06,11,44.072394074538316,48.078975354041795,46.075684714290055,0.0,0.0,12
y,2024-03-07,0,0.0,4.006581279503483,2.0032906397517416,0.1625,0.0,40
y,2024-03-07,1,4.006581279503483,8.013162559006966,6.009871919255225,0.2918918918918919,0.0,185
y,2024-03-07,2,8.013162559006966,12.01974383851045,10.016453198758708,0.4192546583850932,0.0,161
y,2024-03-07,3,12.01974383851045,16.026325118013933,14.023034478262192,0.4805194805194805,0.0,154
y,2024-03-07,4,16.026325118013933,20.032906397517415,18.029615757765676,0.6666666666666666,0.0,162
y,2024-03-07,5,20.032906397517415,24.0394876770209,22.036197037269158,0.46464646464646464,0.0,99
y,2024-03-07,6,24.0394876770209,28.046068956524383,26.04277831677264,0.6927083333333334,0.0,96
y,2024-03-07,7,28.046068956524383,32.052650236027866,30.049359596276126,0.14666666666666667,0.0,75
y,2024-03-07,8,32.052650236027866,36.05923151553135,34.05594087577961,0.036458333333333336,0.0,96
y,2024-03-07,9,36.05923151553135,40.06581279503483,38.06252215528309,0.034482758620689655,0.0,58
y,2024-03-07,10,40.06581279503483,44.072394074538316,42.06910343478657,0.05263157894736842,0.0,38
y,2024-03-07,11,44.072394074538316,48.078975354041795,46.075684714290055,0.0,0.0,12
y,2024-03-08,0,0.0,4.006581279503483,2.0032906397517416,0.0,0.0,40
y,2024-03-08,1,4.006581279503483,8.013162559006966,6.009871919255225,0.0,0.0,185
y,2024-03-08,2,8.013162559006966,12.01974383851045,10.016453198758708,0.0,0.0,161
y,2024-03-08,3,12.01974383851045,16.026325118013933,14.023034478262192,0.0,0.0,154
y,2024-03-08,4,16.026325118013933,20.032906397517415,18.029615757765676,0.0,0.0,162
y,2024-03-08,5,20.032906397517415,24.0394876770209,22.036197037269158,0.0,0.0,99
y,2024-03-08,6,24.0394876770209,28.046068956524383,26.04277831677264,0.0,0.0,96
y,2024-03-08,7,28.046068956524383,32.052650236027866,30.049359596276126,0.0,0.0,75
y,2024-03-08,8,32.052650236027866,36.05923151553135,34.05594087577961,0.0,0.0,96
y,2024-03-08,9,36.05923151553135,40.06581279503483,38.06252215528309,0.0,0.0,58
y,2024-03-08,10,40.06581279503483,44.072394074538316,42.06910343478657,0.0,0.0,38
y,2024-03-08,11,44.072394074538316,48.078975354041795,46.075684714290055,0.0,0.0,12
y,2024-03-09,0,0.0,4.006581279503483,2.0032906397517416,0.0,0.0,40
y,2024-03-09,1,4.006581279503483,8.013162559006966,6.009871919255225,0.0,0.0,185
y,2024-03-09,2,8.013162559006966,12.01974383851045,10.016453198758708,0.0,0.0,161
y,2024-03-09,3,12.01974383851045,16.026325118013933,14.023034478262192,0.0,0.0,154
y,2024-03-09,4,16.026325118013933,20.032906397517415,18.029615757765676,0.0,0.0,162
y,2024-03-09,5,20.032906397517415,24.0394876770209,22.036197037269158,0.0,0.0,99
y,2024-03-09,6,24.0394876770209,28.046068956524383,26.04277831677264,0.0,0.0,96
y,2024-03-09,7,28.046068956524383,32.052650236027866,30.049359596276126,0.0,0.0,75
y,2024-03-09,8,32.052650236027866,36.05923151553135,34.05594087577961,0.0,0.0,96
y,2024-03-09,9,36.05923151553135,40.06581279503483,38.06252215528309,0.0,0.0,58
y,2024-03-09,10,40.06581279503483,44.072394074538316,42.06910343478657,0.0,0.0,38
y,2024-03-09,11,44.072394074538316,48.078975354041795,46.075684714290055,0.0,0.0,12
y,2024-03-10,0,0.0,4.006581279503483,2.0032906397517416,0.0,0.0,40
y,2024-03-10,1,4.006581279503483,8.013162559006966,6.009871919255225,0.0,0.0,185
y,2024-03-10,2,8.013162559006966,12.01974383851045,10.016453198758708,0.0,0.0,161
y,2024-03-10,3,12.01974383851045,16.026325118013933,14.023034478262192,0.0,0.0,154
y,2024-03-10,4,16.026325118013933,20.032906397517415,18.029615757765676,0.0,0.0,162
y,2024-03-10,5,20.032906397517415,24.0394876770209,22.036197037269158,0.0,0.0,99
y,2024-03-10,6,24.0394876770209,28.046068956524383,26.04277831677264,0.0,0.0,96
y,2024-03-10,7,28.046068956524383,32.052650236027866,30.049359596276126,0.0,0.0,75
y,2024-03-10,8,32.052650236027866,36.05923151553135,34.05594087577961,0.0,0.0,96
y,2024-03-10,9,36.05923151553135,40.06581279503483,38.06252215528309,0.0,0.0,58
y,2024-03-10,10,40.06581279503483,44.072394074538316,42.06910343478657,0.0,0.0,38
y,2024-03-10,11,44.072394074538316,48.078975354041795,46.075684714290055,0.0,0.0,12
y,2024-03-11,0,0.0,4.006581279503483,2.0032906397517416,0.325,0.0,40
y,2024-03-11,1,4.006581279503483,8.013162559006966,6.009871919255225,0.5513513513513514,0.0,185
y,2024-03-11,2,8.013162559006966,12.01974383851045,10.016453198758708,0.4409937888198758,0.0,161
y,2024-03-11,3,12.01974383851045,16.026325118013933,14.023034478262192,0.474025974025974,0.0,154
y,2024-03-11,4,16.026325118013933,20.032906397517415,18.029615757765676,0.49074074074074076,0.0,162
y,2024-03-11,5,20.032906397517415,24.0394876770209,22.036197037269158,0.3686868686868687,0.0,99
y,2024-03-11,6,24.0394876770209,28.046068956524383,26.04277831677264,0.3489583333333333,0.0,96
y,2024-03-11,7,28.046068956524383,32.052650236027866,30.049359596276126,0.43333333333333335,0.0,75
y,2024-03-11,8,32.052650236027866,36.05923151553135,34.05594087577961,0.53125,0.0,96
y,2024-03-11,9,36.05923151553135,40.06581279503483,38.06252215528309,0.6896551724137931,0.0,58
y,2024-03-11,10,40.06581279503483,44.072394074538316,42.06910343478657,0.15789473684210525,0.0,38
y,2024-03-11,11,44.072394074538316,48.078975354041795,46.075684714290055,0.0,0.0,12
y,2024-03-12,0,0.0,4.006581279503483,2.0032906397517416,0.55,0.0,40
y,2024-03-12,1,4.006581279503483,8.013162559006966,6.009871919255225,0.6486486486486487,0.0,185
y,2024-03-12,2,8.013162559006966,12.01974383851045,10.016453198758708,1.0434782608695652,0.0,161
y,2024-03-12,3,12.01974383851045,16.026325118013933,14.023034478262192,1.1785714285714286,0.0,154
y,2024-03-12,4,16.026325118013933,20.032906397517415,18.029615757765676,1.6388888888888888,0.0,162
y,2024-03-12,5,20.032906397517415,24.0394876770209,22.036197037269158,1.2272727272727273,0.0,99
y,2024-03-12,6,24.0394876770209,28.046068956524383,26.04277831677264,1.8958333333333333,0.0,96
y,2024-03-12,7,28.046068956524383,32.052650236027866,30.049359596276126,0.62,0.0,75
y,2024-03-12,8,32.052650236027866,36.05923151553135,34.05594087577961,0.1875,0.0,96
y,2024-03-12,9,36.05923151553135,40.06581279503483,38.06252215528309,0.034482758620689655,0.0,58
y,2024-03-12,10,40.06581279503483,44.072394074538316,42.06910343478657,0.0,0.0,38
y,2024-03-12,11,44.072394074538316,48.078975354041795,46.075684714290055,0.0,0.0,12
y,2024-03-13,0,0.0,4.006581279503483,2.0032906397517416,0.4,0.0,40
y,2024-03-13,1,4.006581279503483,8.013162559006966,6.009871919255225,0.9756756756756757,0.0,185
y,2024-03-13,2,8.013162559006966,12.01974383851045,10.016453198758708,1.1832298136645962,0.0,161
y,2024-03-13,3,12.01974383851045,16.026325118013933,14.023034478262192,1.1785714285714286,0.0,154
y,2024-03-13,4,16.026325118013933,20.032906397517415,18.029615757765676,1.4598765432098766,0.5,162
y,2024-03-13,5,20.032906397517415,24.0394876770209,22.036197037269158,1.3737373737373737,0.0,99
y,2024-03-13,6,24.0394876770209,28.046068956524383,26.04277831677264,1.7916666666666667,0.0,96
y,2024-03-13,7,28.046068956524383,32.052650236027866,30.049359596276126,1.4866666666666666,0.0,75
y,2024-03-13,8,32.052650236027866,36.05923151553135,34.05594087577961,0.4114583333333333,0.0,96
y,2024-03-13,9,36.05923151553135,40.06581279503483,38.06252215528309,0.06896551724137931,0.0,58
y,2024-03-13,10,40.06581279503483,44.072394074538316,42.06910343478657,0.05263157894736842,0.0,38
y,2024-03-13,11,44.072394074538316,48.078975354041795,46.075684714290055,0.0,0.0,12
y,2024-03-14,0,0.0,4.006581279503483,2.0032906397517416,0.2125,0.0,40
y,2024-03-14,1,4.006581279503483,8.013162559006966,6.009871919255225,0.4243243243243243,0.0,185
y,2024-03-14,2,8.013162559006966,12.01974383851045,10.016453198758708,0.7329192546583851,0.0,161
y,2024-03-14,3,12.01974383851045,16.026325118013933,14.023034478262192,0.974025974025974,0.0,154
y,2024-03-14,4,16.026325118013933,20.032906397517415,18.029615757765676,1.382716049382716,0.5,162
y,2024-03-14,5,20.032906397517415,24.0394876770209,22.036197037269158,1.2575757575757576,0.5,99
y,2024-03-14,6,24.0394876770209,28.046068956524383,26.04277831677264,0.8229166666666666,0.0,96
y,2024-03-14,7,28.046068956524383,32.052650236027866,30.049359596276126,0.29333333333333333,0.0,75
y,2024-03-14,8,32.052650236027866,36.05923151553135,34.05594087577961,0.09375,0.0,96
y,2024-03-14,9,36.05923151553135,40.06581279503483,38.06252215528309,0.04310344827586207,0.0,58
y,2024-03-14,10,40.06581279503483,44.072394074538316,42.06910343478657,0.05263157894736842,0.0,38
y,2024-03-14,11,44.072394074538316,48.078975354041795,46.075684714290055,0.0,0.0,12
y,2024-03-15,0,0.0,4.006581279503483,2.0032906397517416,0.4125,0.0,40
y,2024-03-15,1,4.006581279503483,8.013162559006966,6.009871919255225,0.6702702702702703,0.0,185
y,2024-03-15,2,8.013162559006966,12.01974383851045,10.016453198758708,0.7391304347826086,0.0,161
y,2024-03-15,3,12.01974383851045,16.026325118013933,14.023034478262192,0.9155844155844156,0.0,154
y,2024-03-15,4,16.026325118013933,20.032906397517415,18.029615757765676,1.2685185185185186,0.0,162
y,2024-03-15,5,20.032906397517415,24.0394876770209,22.036197037269158,1.1313131313131313,0.0,99
y,2024-03-15,6,24.0394876770209,28.046068956524383,26.04277831677264,1.0729166666666667,0.0,96
y,2024-03-15,7,28.046068956524383,32.052650236027866,30.049359596276126,0.7066666666666667,0.0,75
y,2024-03-15,8,32.052650236027866,36.05923151553135,34.05594087577961,0.078125,0.0,96
y,2024-03-15,9,36.05923151553135,40.06581279503483,38.06252215528309,0.008620689655172414,0.0,58
y,2024-03-15,10,40.06581279503483,44.072394074538316,42.06910343478657,0.0,0.0,38
y,2024-03-15,11,44.072394074538316,48.078975354041795,46.075684714290055,0.0,0.0,12
y,2024-03-16,0,0.0,4.006581279503483,2.0032906397517416,0.0,0.0,40
y,2024-03-16,1,4.006581279503483,8.013162559006966,6.009871919255225,0.0,0.0,185
y,2024-03-16,2,8.013162559006966,12.01974383851045,10.016453198758708,0.0,0.0,161
y,2024-03-16,3,12.01974383851045,16.026325118013933,14.023034478262192,0.0,0.0,154
y,2024-03-16,4,16.026325118013933,20.032906397517415,18.029615757765676,0.0,0.0,162
y,2024-03-16,5,20.032906397517415,24.0394876770209,22.036197037269158,0.0,0.0,99
y,2024-03-16,6,24.0394876770209,28.046068956524383,26.04277831677264,0.0,0.0,96
y,2024-03-16,7,28.046068956524383,32.052650236027866,30.049359596276126,0.0,0.0,75
y,2024-03-16,8,32.052650236027866,36.05923151553135,34.05594087577961,0.0,0.0,96
y,2024-03-16,9,36.05923151553135,40.06581279503483,38.06252215528309,0.0,0.0,58
y,2024-03-16,10,40.06581279503483,44.072394074538316,42.06910343478657,0.0,0.0,38
y,2024-03-16,11,44.072394074538316,48.078975354041795,46.075684714290055,0.0,0.0,12
y,2024-03-17,0,0.0,4.006581279503483,2.0032906397517416,0.0,0.0,40
y,2024-03-17,1,4.006581279503483,8.013162559006966,6.009871919255225,0.0,0.0,185
y,2024-03-17,2,8.013162559006966,12.01974383851045,10.016453198758708,0.0,0.0,161
y,2024-03-17,3,12.01974383851045,16.026325118013933,14.023034478262192,0.0,0.0,154
y,2024-03-17,4,16.026325118013933,20.032906397517415,18.029615757765676,0.0,0.0,162
y,2024-03-17,5,20.032906397517415,24.0394876770209,22.036197037269158,0.0,0.0,99
y,2024-03-17,6,24.0394876770209,28.046068956524383,26.04277831677264,0.0,0.0,96
y,2024-03-17,7,28.046068956524383,32.052650236027866,30.049359596276126,0.0,0.0,75
y,2024-03-17,8,32.052650236027866,36.05923151553135,34.05594087577961,0.0,0.0,96
y,2024-03-17,9,36.05923151553135,40.06581279503483,38.06252215528309,0.0,0.0,58
y,2024-03-17,10,40.06581279503483,44.072394074538316,42.06910343478657,0.0,0.0,38
y,2024-03-17,11,44.072394074538316,48.078975354041795,46.075684714290055,0.0,0.0,12
y,2024-03-18,0,0.0,4.006581279503483,2.0032906397517416,0.325,0.0,40
y,2024-03-18,1,4.006581279503483,8.013162559006966,6.009871919255225,0.2756756756756757,0.0,185
y,2024-03-18,2,8.013162559006966,12.01974383851045,10.016453198758708,0.36645962732919257,0.0,161
y,2024-03-18,3,12.01974383851045,16.026325118013933,14.023034478262192,0.5551948051948052,0.0,154
y,2024-03-18,4,16.026325118013933,20.032906397517415,18.029615757765676,0.7654320987654321,0.0,162
y,2024-03-18,5,20.032906397517415,24.0394876770209,22.036197037269158,0.6818181818181818,0.0,99
y,2024-03-18,6,24.0394876770209,28.046068956524383,26.04277831677264,0.3645833333333333,0.0,96
y,2024-03-18,7,28.046068956524383,32.052650236027866,30.049359596276126,0.06666666666666667,0.0,75
y,2024-03-18,8,32.052650236027866,36.05923151553135,34.05594087577961,0.0,0.0,96
y,2024-03-18,9,36.05923151553135,40.06581279503483,38.06252215528309,0.0,0.0,58
y,2024-03-18,10,40.06581279503483,44.072394074538316,42.06910343478657,0.0,0.0,38
y,2024-03-18,11,44.072394074538316,48.078975354041795,46.075684714290055,0.0,0.0,12
y,2024-03-19,0,0.0,4.006581279503483,2.0032906397517416,0.1,0.0,40
y,2024-03-19,1,4.006581279503483,8.013162559006966,6.009871919255225,0.15945945945945947,0.0,185
y,2024-03-19,2,8.013162559006966,12.01974383851045,10.016453198758708,0.11801242236024845,0.0,161
y,2024-03-19,3,12.01974383851045,16.026325118013933,14.023034478262192,0.14285714285714285,0.0,154
y,2024-03-19,4,16.026325118013933,20.032906397517415,18.029615757765676,0.12962962962962962,0.0,162
y,2024-03-19,5,20.032906397517415,24.0394876770209,22.036197037269158,0.17676767676767677,0.0,99
y,2024-03-19,6,24.0394876770209,28.046068956524383,26.04277831677264,0.17708333333333334,0.0,96
y,2024-03-19,7,28.046068956524383,32.052650236027866,30.049359596276126,0.22,0.0,75
y,2024-03-19,8,32.052650236027866,36.05923151553135,34.05594087577961,0.09375,0.0,96
y,2024-03-19,9,36.05923151553135,40.06581279503483,38.06252215528309,0.0603448275862069,0.0,58
y,2024-03-19,10,40.06581279503483,44.072394074538316,42.06910343478657,0.0,0.0,38
y,2024-03-19,11,44.072394074538316,48.078975354041795,46.075684714290055,0.0,0.0,12
y,2024-03-20,0,0.0,4.006581279503483,2.0032906397517416,0.3875,0.0,40
y,2024-03-20,1,4.006581279503483,8.013162559006966,6.009871919255225,0.46756756756756757,0.0,185
y,2024-03-20,2,8.013162559006966,12.01974383851045,10.016453198758708,0.5372670807453416,0.0,161
y,2024-03-20,3,12.01974383851045,16.026325118013933,14.023034478262192,0.6428571428571429,0.0,154
y,2024-03-20,4,16.026325118013933,20.032906397517415,18.029615757765676,0.8888888888888888,0.0,162
y,2024-03-20,5,20.032906397517415,24.0394876770209,22.036197037269158,0.6919191919191919,0.0,99
y,2024-03-20,6,24.0394876770209,28.046068956524383,26.04277831677264,0.921875,0.0,96
y,2024-03-20,7,28.046068956524383,32.052650236027866,30.049359596276126,0.42,0.0,75
y,2024-03-20,8,32.052650236027866,36.05923151553135,34.05594087577961,0.010416666666666666,0.0,96
y,2024-03-20,9,36.05923151553135,40.06581279503483,38.06252215528309,0.0,0.0,58
y,2024-03-20,10,40.06581279503483,44.072394074538316,42.06910343478657,0.0,0.0,38
y,2024-03-20,11,44.072394074538316,48.078975354041795,46.075684714290055,0.0,0.0,12
y,2024-03-21,0,0.0,4.006581279503483,2.0032906397517416,0.2125,0.0,40
y,2024-03-21,1,4.006581279503483,8.013162559006966,6.009871919255225,0.23243243243243245,0.0,185
y,2024-03-21,2,8.013162559006966,12.01974383851045,10.016453198758708,0.2453416149068323,0.0,161
y,2024-03-21,3,12.01974383851045,16.026325118013933,14.023034478262192,0.2922077922077922,0.0,154
y,2024-03-21,4,16.026325118013933,20.032906397517415,18.029615757765676,0.4104938271604938,0.0,162
y,2024-03-21,5,20.032906397517415,24.0394876770209,22.036197037269158,0.3434343434343434,0.0,99
y,2024-03-21,6,24.0394876770209,28.046068956524383,26.04277831677264,0.3802083333333333,0.0,96
y,2024-03-21,7,28.046068956524383,32.052650236027866,30.049359596276126,0.22666666666666666,0.0,75
y,2024-03-21,8,32.052650236027866,36.05923151553135,34.05594087577961,0.036458333333333336,0.0,96
y,2024-03-21,9,36.05923151553135,40.06581279503483,38.06252215528309,0.008620689655172414,0.0,58
y,2024-03-21,10,40.06581279503483,44.072394074538316,42.06910343478657,0.0,0.0,38
y,2024-03-21,11,44.072394074538316,48.078975354041795,46.075684714290055,0.0,0.0,12
y,2024-03-22,0,0.0,4.006581279503483,2.0032906397517416,0.1875,0.0,40
y,2024-03-22,1,4.006581279503483,8.013162559006966,6.009871919255225,0.2945945945945946,0.0,185
y,2024-03-22,2,8.013162559006966,12.01974383851045,10.016453198758708,0.2981366459627329,0.0,161
y,2024-03-22,3,12.01974383851045,16.026325118013933,14.023034478262192,0.3344155844155844,0.0,154
y,2024-03-22,4,16.026325118013933,20.032906397517415,18.029615757765676,0.43209876543209874,0.0,162
y,2024-03-22,5,20.032906397517415,24.0394876770209,22.036197037269158,0.37373737373737376,0.0,99
y,2024-03-22,6,24.0394876770209,28.046068956524383,26.04277831677264,0.4635416666666667,0.0,96
y,2024-03-22,7,28.046068956524383,32.052650236027866,30.049359596276126,0.3466666666666667,0.0,75
y,2024-03-22,8,32.052650236027866,36.05923151553135,34.05594087577961,0.041666666666666664,0.0,96
y,2024-03-22,9,36.05923151553135,40.06581279503483,38.06252215528309,0.0,0.0,58
y,2024-03-22,10,40.06581279503483,44.072394074538316,42.06910343478657,0.0,0.0,38
y,2024-03-22,11,44.072394074538316,48.078975354041795,46.075684714290055,0.0,0.0,12
y,2024-03-23,0,0.0,4.006581279503483,2.0032906397517416,0.0,0.0,40
y,2024-03-23,1,4.006581279503483,8.013162559006966,6.009871919255225,0.0,0.0,185
y,2024-03-23,2,8.013162559006966,12.01974383851045,10.016453198758708,0.0,0.0,161
y,2024-03-23,3,12.01974383851045,16.026325118013933,14.023034478262192,0.0,0.0,154
y,2024-03-23,4,16.026325118013933,20.032906397517415,18.029615757765676,0.0,0.0,162
y,2024-03-23,5,20.032906397517415,24.0394876770209,22.036197037269158,0.0,0.0,99
y,2024-03-23,6,24.0394876770209,28.046068956524383,26.04277831677264,0.0,0.0,96
y,2024-03-23,7,28.046068956524383,32.052650236027866,30.049359596276126,0.0,0.0,75
y,2024-03-23,8,32.052650236027866,36.05923151553135,34.05594087577961,0.0,0.0,96
y,2024-03-23,9,36.05923151553135,40.06581279503483,38.06252215528309,0.0,0.0,58
y,2024-03-23,10,40.06581279503483,44.072394074538316,42.06910343478657,0.0,0.0,38
y,2024-03-23,11,44.072394074538316,48.078975354041795,46.075684714290055,0.0,0.0,12
y,2024-03-24,0,0.0,4.006581279503483,2.0032906397517416,0.0,0.0,40
y,2024-03-24,1,4.006581279503483,8.013162559006966,6.009871919255225,0.0,0.0,185
y,2024-03-24,2,8.013162559006966,12.01974383851045,10.016453198758708,0.0,0.0,161
y,2024-03-24,3,12.01974383851045,16.026325118013933,14.023034478262192,0.0,0.0,154
y,2024-03-24,4,16.026325118013933,20.032906397517415,18.029615757765676,0.0,0.0,162
y,2024-03-24,5,20.032906397517415,24.0394876770209,22.036197037269158,0.0,0.0,99
y,2024-03-24,6,24.0394876770209,28.046068956524383,26.04277831677264,0.0,0.0,96
y,2024-03-24,7,28.046068956524383,32.052650236027866,30.049359596276126,0.0,0.0,75
y,2024-03-24,8,32.052650236027866,36.05923151553135,34.05594087577961,0.0,0.0,96
y,2024-03-24,9,36.05923151553135,40.06581279503483,38.06252215528309,0.0,0.0,58
y,2024-03-24,10,40.06581279503483,44.072394074538316,42.06910343478657,0.0,0.0,38
y,2024-03-24,11,44.072394074538316,48.078975354041795,46.075684714290055,0.0,0.0,12
y,2024-03-25,0,0.0,4.006581279503483,2.0032906397517416,0.1625,0.0,40
y,2024-03-25,1,4.006581279503483,8.013162559006966,6.009871919255225,0.25135135135135134,0.0,185
y,2024-03-25,2,8.013162559006966,12.01974383851045,10.016453198758708,0.21428571428571427,0.0,161
y,2024-03-25,3,12.01974383851045,16.026325118013933,14.023034478262192,0.30194805194805197,0.0,154
y,2024-03-25,4,16.026325118013933,20.032906397517415,18.029615757765676,0.37037037037037035,0.0,162
y,2024-03-25,5,20.032906397517415,24.0394876770209,22.036197037269158,0.3282828282828283,0.0,99
y,2024-03-25,6,24.0394876770209,28.046068956524383,26.04277831677264,0.2708333333333333,0.0,96
y,2024-03-25,7,28.046068956524383,32.052650236027866,30.049359596276126,0.18,0.0,75
y,2024-03-25,8,32.052650236027866,36.05923151553135,34.05594087577961,0.0625,0.0,96
y,2024-03-25,9,36.05923151553135,40.06581279503483,38.06252215528309,0.06896551724137931,0.0,58
y,2024-03-25,10,40.06581279503483,44.072394074538316,42.06910343478657,0.05263157894736842,0.0,38
y,2024-03-25,11,44.072394074538316,48.078975354041795,46.075684714290055,0.0,0.0,12
y,2024-03-26,0,0.0,4.006581279503483,2.0032906397517416,0.675,0.0,40
y,2024-03-26,1,4.006581279503483,8.013162559006966,6.009871919255225,1.135135135135135,0.0,185
y,2024-03-26,2,8.013162559006966,12.01974383851045,10.016453198758708,1.0559006211180124,0.0,161
y,2024-03-26,3,12.01974383851045,16.026325118013933,14.023034478262192,1.0162337662337662,0.0,154
y,2024-03-26,4,16.026325118013933,20.032906397517415,18.029615757765676,0.9691358024691358,0.0,162
y,2024-03-26,5,20.032906397517415,24.0394876770209,22.036197037269158,1.005050505050505,0.0,99
y,2024-03-26,6,24.0394876770209,28.046068956524383,26.04277831677264,1.4947916666666667,0.0,96
y,2024-03-26,7,28.046068956524383,32.052650236027866,30.049359596276126,1.5933333333333333,0.0,75
y,2024-03-26,8,32.052650236027866,36.05923151553135,34.05594087577961,0.4947916666666667,0.0,96
y,2024-03-26,9,36.05923151553135,40.06581279503483,38.06252215528309,0.11206896551724138,0.0,58
y,2024-03-26,10,40.06581279503483,44.072394074538316,42.06910343478657,0.0,0.0,38
y,2024-03-26,11,44.072394074538316,48.078975354041795,46.075684714290055,0.0,0.0,12
y,2024-03-27,0,0.0,4.006581279503483,2.0032906397517416,0.0,0.0,40
y,2024-03-27,1,4.006581279503483,8.013162559006966,6.009871919255225,0.0,0.0,185
y,2024-03-27,2,8.013162559006966,12.01974383851045,10.016453198758708,0.0,0.0,161
y,2024-03-27,3,12.01974383851045,16.026325118013933,14.023034478262192,0.0,0.0,154
y,2024-03-27,4,16.026325118013933,20.032906397517415,18.029615757765676,0.0,0.0,162
y,2024-03-27,5,20.032906397517415,24.0394876770209,22.036197037269158,0.0,0.0,99
y,2024-03-27,6,24.0394876770209,28.046068956524383,26.04277831677264,0.0,0.0,96
y,2024-03-27,7,28.046068956524383,32.052650236027866,30.049359596276126,0.0,0.0,75
y,2024-03-27,8,32.052650236027866,36.05923151553135,34.05594087577961,0.0,0.0,96
y,2024-03-27,9,36.05923151553135,40.06581279503483,38.06252215528309,0.0,0.0,58
y,2024-03-27,10,40.06581279503483,44.072394074538316,42.06910343478657,0.0,0.0,38
y,2024-03-27,11,44.072394074538316,48.078975354041795,46.075684714290055,0.0,0.0,12
y,2024-03-28,0,0.0,4.006581279503483,2.0032906397517416,0.0,0.0,40
y,2024-03-28,1,4.006581279503483,8.013162559006966,6.009871919255225,0.0,0.0,185
y,2024-03-28,2,8.013162559006966,12.01974383851045,10.016453198758708,0.0,0.0,161
y,2024-03-28,3,12.01974383851045,16.026325118013933,14.023034478262192,0.0,0.0,154
y,2024-03-28,4,16.026325118013933,20.032906397517415,18.029615757765676,0.0,0.0,162
y,2024-03-28,5,20.032906397517415,24.0394876770209,22.036197037269158,0.0,0.0,99
y,2024-03-28,6,24.0394876770209,28.046068956524383,26.04277831677264,0.0,0.0,96
y,2024-03-28,7,28.046068956524383,32.052650236027866,30.049359596276126,0.0,0.0,75
y,2024-03-28,8,32.052650236027866,36.05923151553135,34.05594087577961,0.0,0.0,96
y,2024-03-28,9,36.05923151553135,40.06581279503483,38.06252215528309,0.0,0.0,58
y,2024-03-28,10,40.06581279503483,44.072394074538316,42.06910343478657,0.0,0.0,38
y,2024-03-28,11,44.072394074538316,48.078975354041795,46.075684714290055,0.0,0.0,12
y,2024-03-29,0,0.0,4.006581279503483,2.0032906397517416,0.0125,0.0,40
y,2024-03-29,1,4.006581279503483,8.013162559006966,6.009871919255225,0.01891891891891892,0.0,185
y,2024-03-29,2,8.013162559006966,12.01974383851045,10.016453198758708,0.018633540372670808,0.0,161
y,2024-03-29,3,12.01974383851045,16.026325118013933,14.023034478262192,0.022727272727272728,0.0,154
y,2024-03-29,4,16.026325118013933,20.032906397517415,18.029615757765676,0.018518518518518517,0.0,162
y,2024-03-29,5,20.032906397517415,24.0394876770209,22.036197037269158,0.015151515151515152,0.0,99
y,2024-03-29,6,24.0394876770209,28.046068956524383,26.04277831677264,0.015625,0.0,96
y,2024-03-29,7,28.046068956524383,32.052650236027866,30.049359596276126,0.02,0.0,75
y,2024-03-29,8,32.052650236027866,36.05923151553135,34.05594087577961,0.026041666666666668,0.0,96
y,2024-03-29,9,36.05923151553135,40.06581279503483,38.06252215528309,0.034482758620689655,0.0,58
y,2024-03-29,10,40.06581279503483,44.072394074538316,42.06910343478657,0.039473684210526314,0.0,38
y,2024-03-29,11,44.072394074538316,48.078975354041795,46.075684714290055,0.0,0.0,12
y,2024-03-30,0,0.0,4.006581279503483,2.0032906397517416,0.0,0.0,40
y,2024-03-30,1,4.006581279503483,8.013162559006966,6.009871919255225,0.0,0.0,185
y,2024-03-30,2,8.013162559006966,12.01974383851045,10.016453198758708,0.0,0.0,161
y,2024-03-30,3,12.01974383851045,16.026325118013933,14.023034478262192,0.0,0.0,154
y,2024-03-30,4,16.026325118013933,20.032906397517415,18.029615757765676,0.0,0.0,162
y,2024-03-30,5,20.032906397517415,24.0394876770209,22.036197037269158,0.0,0.0,99
y,2024-03-30,6,24.0394876770209,28.046068956524383,26.04277831677264,0.0,0.0,96
y,2024-03-30,7,28.046068956524383,32.052650236027866,30.049359596276126,0.0,0.0,75
y,2024-03-30,8,32.052650236027866,36.05923151553135,34.05594087577961,0.0,0.0,96
y,2024-03-30,9,36.05923151553135,40.06581279503483,38.06252215528309,0.0,0.0,58
y,2024-03-30,10,40.06581279503483,44.072394074538316,42.06910343478657,0.0,0.0,38
y,2024-03-30,11,44.072394074538316,48.078975354041795,46.075684714290055,0.0,0.0,12
y,2024-03-31,0,0.0,4.006581279503483,2.0032906397517416,0.0,0.0,40
y,2024-03-31,1,4.006581279503483,8.013162559006966,6.009871919255225,0.0,0.0,185
y,2024-03-31,2,8.013162559006966,12.01974383851045,10.016453198758708,0.0,0.0,161
y,2024-03-31,3,12.01974383851045,16.026325118013933,14.023034478262192,0.0,0.0,154
y,2024-03-31,4,16.026325118013933,20.032906397517415,18.029615757765676,0.0,0.0,162
y,2024-03-31,5,20.032906397517415,24.0394876770209,22.036197037269158,0.0,0.0,99
y,2024-03-31,6,24.0394876770209,28.046068956524383,26.04277831677264,0.0,0.0,96
y,2024-03-31,7,28.046068956524383,32.052650236027866,30.049359596276126,0.0,0.0,75
y,2024-03-31,8,32.052650236027866,36.05923151553135,34.05594087577961,0.0,0.0,96
y,2024-03-31,9,36.05923151553135,40.06581279503483,38.06252215528309,0.0,0.0,58
y,2024-03-31,10,40.06581279503483,44.072394074538316,42.06910343478657,0.0,0.0,38
y,2024-03-31,11,44.072394074538316,48.078975354041795,46.075684714290055,0.0,0.0,12
y,2024-04-01,0,0.0,4.006581279503483,2.0032906397517416,0.0,0.0,40
y,2024-04-01,1,4.006581279503483,8.013162559006966,6.009871919255225,0.0,0.0,185
y,2024-04-01,2,8.013162559006966,12.01974383851045,10.016453198758708,0.0,0.0,161
y,2024-04-01,3,12.01974383851045,16.026325118013933,14.023034478262192,0.0,0.0,154
y,2024-04-01,4,16.026325118013933,20.032906397517415,18.029615757765676,0.0,0.0,162
y,2024-04-01,5,20.032906397517415,24.0394876770209,22.036197037269158,0.0,0.0,99
y,2024-04-01,6,24.0394876770209,28.046068956524383,26.04277831677264,0.0,0.0,96
y,2024-04-01,7,28.046068956524383,32.052650236027866,30.049359596276126,0.0,0.0,75
y,2024-04-01,8,32.052650236027866,36.05923151553135,34.05594087577961,0.0,0.0,96
y,2024-04-01,9,36.05923151553135,40.06581279503483,38.06252215528309,0.0,0.0,58
y,2024-04-01,10,40.06581279503483,44.072394074538316,42.06910343478657,0.0,0.0,38
y,2024-04-01,11,44.072394074538316,48.078975354041795,46.075684714290055,0.0,0.0,12
y,2024-04-02,0,0.0,4.006581279503483,2.0032906397517416,0.2125,0.0,40
y,2024-04-02,1,4.006581279503483,8.013162559006966,6.009871919255225,0.2756756756756757,0.0,185
y,2024-04-02,2,8.013162559006966,12.01974383851045,10.016453198758708,0.2080745341614907,0.0,161
y,2024-04-02,3,12.01974383851045,16.026325118013933,14.023034478262192,0.24675324675324675,0.0,154
y,2024-04-02,4,16.026325118013933,20.032906397517415,18.029615757765676,0.25617283950617287,0.0,162
y,2024-04-02,5,20.032906397517415,24.0394876770209,22.036197037269158,0.30808080808080807,0.0,99
y,2024-04-02,6,24.0394876770209,28.046068956524383,26.04277831677264,0.3072916666666667,0.0,96
y,2024-04-02,7,28.046068956524383,32.052650236027866,30.049359596276126,0.29333333333333333,0.0,75
y,2024-04-02,8,32.052650236027866,36.05923151553135,34.05594087577961,0.140625,0.0,96
y,2024-04-02,9,36.05923151553135,40.06581279503483,38.06252215528309,0.12931034482758622,0.0,58
y,2024-04-02,10,40.06581279503483,44.072394074538316,42.06910343478657,0.06578947368421052,0.0,38
y,2024-04-02,11,44.072394074538316,48.078975354041795,46.075684714290055,0.0,0.0,12
y,2024-04-03,0,0.0,4.006581279503483,2.0032906397517416,0.625,0.0,40
y,2024-04-03,1,4.006581279503483,8.013162559006966,6.009871919255225,0.8756756756756757,0.0,185
y,2024-04-03,2,8.013162559006966,12.01974383851045,10.016453198758708,0.7204968944099379,0.0,161
y,2024-04-03,3,12.01974383851045,16.026325118013933,14.023034478262192,0.6818181818181818,0.0,154
y,2024-04-03,4,16.026325118013933,20.032906397517415,18.029615757765676,0.6790123456790124,0.0,162
y,2024-04-03,5,20.032906397517415,24.0394876770209,22.036197037269158,0.5353535353535354,0.0,99
y,2024-04-03,6,24.0394876770209,28.046068956524383,26.04277831677264,0.7760416666666666,0.0,96
y,2024-04-03,7,28.046068956524383,32.052650236027866,30.049359596276126,0.68,0.0,75
y,2024-04-03,8,32.052650236027866,36.05923151553135,34.05594087577961,0.8072916666666666,0.0,96
y,2024-04-03,9,36.05923151553135,40.06581279503483,38.06252215528309,0.4482758620689655,0.0,58
y,2024-04-03,10,40.06581279503483,44.072394074538316,42.06910343478657,0.47368421052631576,0.0,38
y,2024-04-03,11,44.072394074538316,48.078975354041795,46.075684714290055,0.0,0.0,12
y,2024-04-04,0,0.0,4.006581279503483,2.0032906397517416,1.1625,0.0,40
y,2024-04-04,1,4.006581279503483,8.013162559006966,6.009871919255225,1.3675675675675676,0.0,185
y,2024-04-04,2,8.013162559006966,12.01974383851045,10.016453198758708,1.1645962732919255,0.0,161
y,2024-04-04,3,12.01974383851045,16.026325118013933,14.023034478262192,1.275974025974026,0.0,154
y,2024-04-04,4,16.026325118013933,20.032906397517415,18.029615757765676,1.441358024691358,0.0,162
y,2024-04-04,5,20.032906397517415,24.0394876770209,22.036197037269158,1.005050505050505,0.0,99
y,2024-04-04,6,24.0394876770209,28.046068956524383,26.04277831677264,1.328125,0.0,96
y,2024-04-04,7,28.046068956524383,32.052650236027866,30.049359596276126,1.1933333333333334,0.0,75
y,2024-04-04,8,32.052650236027866,36.05923151553135,34.05594087577961,0.828125,0.0,96
y,2024-04-04,9,36.05923151553135,40.06581279503483,38.06252215528309,0.9137931034482759,0.0,58
y,2024-04-04,10,40.06581279503483,44.072394074538316,42.06910343478657,0.05263157894736842,0.0,38
y,2024-04-04,11,44.072394074538316,48.078975354041795,46.075684714290055,0.0,0.0,12
y,2024-04-05,0,0.0,4.006581279503483,2.0032906397517416,0.125,0.0,40
y,2024-04-05,1,4.006581279503483,8.013162559006966,6.009871919255225,0.17027027027027028,0.0,185
y,2024-04-05,2,8.013162559006966,12.01974383851045,10.016453198758708,0.18944099378881987,0.0,161
y,2024-04-05,3,12.01974383851045,16.026325118013933,14.023034478262192,0.14935064935064934,0.0,154
y,2024-04-05,4,16.026325118013933,20.032906397517415,18.029615757765676,0.15432098765432098,0.0,162
y,2024-04-05,5,20.032906397517415,24.0394876770209,22.036197037269158,0.1414141414141414,0.0,99
y,2024-04-05,6,24.0394876770209,28.046068956524383,26.04277831677264,0.16145833333333334,0.0,96
y,2024-04-05,7,28.046068956524383,32.052650236027866,30.049359596276126,0.15333333333333332,0.0,75
y,2024-04-05,8,32.052650236027866,36.05923151553135,34.05594087577961,0.14583333333333334,0.0,96
y,2024-04-05,9,36.05923151553135,40.06581279503483,38.06252215528309,0.07758620689655173,0.0,58
y,2024-04-05,10,40.06581279503483,44.072394074538316,42.06910343478657,0.09210526315789473,0.0,38
y,2024-04-05,11,44.072394074538316,48.078975354041795,46.075684714290055,0.0,0.0,12
y,2024-04-06,0,0.0,4.006581279503483,2.0032906397517416,0.125,0.0,40
y,2024-04-06,1,4.006581279503483,8.013162559006966,6.009871919255225,0.16756756756756758,0.0,185
y,2024-04-06,2,8.013162559006966,12.01974383851045,10.016453198758708,0.12111801242236025,0.0,161
y,2024-04-06,3,12.01974383851045,16.026325118013933,14.023034478262192,0.11688311688311688,0.0,154
y,2024-04-06,4,16.026325118013933,20.032906397517415,18.029615757765676,0.14506172839506173,0.0,162
y,2024-04-06,5,20.032906397517415,24.0394876770209,22.036197037269158,0.09595959595959595,0.0,99
y,2024-04-06,6,24.0394876770209,28.046068956524383,26.04277831677264,0.13020833333333334,0.0,96
y,2024-04-06,7,28.046068956524383,32.052650236027866,30.049359596276126,0.10666666666666667,0.0,75
y,2024-04-06,8,32.052650236027866,36.05923151553135,34.05594087577961,0.125,0.0,96
y,2024-04-06,9,36.05923151553135,40.06581279503483,38.06252215528309,0.0,0.0,58
y,2024-04-06,10,40.06581279503483,44.072394074538316,42.06910343478657,0.0,0.0,38
y,2024-04-06,11,44.072394074538316,48.078975354041795,46.075684714290055,0.0,0.0,12
y,2024-04-07,0,0.0,4.006581279503483,2.0032906397517416,0.0125,0.0,40
y,2024-04-07,1,4.006581279503483,8.013162559006966,6.009871919255225,0.01891891891891892,0.0,185
y,2024-04-07,2,8.013162559006966,12.01974383851045,10.016453198758708,0.027950310559006212,0.0,161
y,2024-04-07,3,12.01974383851045,16.026325118013933,14.023034478262192,0.01948051948051948,0.0,154
y,2024-04-07,4,16.026325118013933,20.032906397517415,18.029615757765676,0.012345679012345678,0.0,162
y,2024-04-07,5,20.032906397517415,24.0394876770209,22.036197037269158,0.010101010101010102,0.0,99
y,2024-04-07,6,24.0394876770209,28.046068956524383,26.04277831677264,0.020833333333333332,0.0,96
y,2024-04-07,7,28.046068956524383,32.052650236027866,30.049359596276126,0.013333333333333334,0.0,75
y,2024-04-07,8,32.052650236027866,36.05923151553135,34.05594087577961,0.026041666666666668,0.0,96
y,2024-04-07,9,36.05923151553135,40.06581279503483,38.06252215528309,0.034482758620689655,0.0,58
y,2024-04-07,10,40.06581279503483,44.072394074538316,42.06910343478657,0.05263157894736842,0.0,38
y,2024-04-07,11,44.072394074538316,48.078975354041795,46.075684714290055,0.0,0.0,12
y,2024-04-08,0,0.0,4.006581279503483,2.0032906397517416,0.725,0.0,40
y,2024-04-08,1,4.006581279503483,8.013162559006966,6.009871919255225,1.518918918918919,0.0,185
y,2024-04-08,2,8.013162559006966,12.01974383851045,10.016453198758708,1.4751552795031055,0.0,161
y,2024-04-08,3,12.01974383851045,16.026325118013933,14.023034478262192,1.3571428571428572,0.0,154
y,2024-04-08,4,16.026325118013933,20.032906397517415,18.029615757765676,1.4691358024691359,0.0,162
y,2024-04-08,5,20.032906397517415,24.0394876770209,22.036197037269158,1.1262626262626263,0.0,99
y,2024-04-08,6,24.0394876770209,28.046068956524383,26.04277831677264,1.4427083333333333,0.0,96
y,2024-04-08,7,28.046068956524383,32.052650236027866,30.049359596276126,1.2466666666666666,0.0,75
y,2024-04-08,8,32.052650236027866,36.05923151553135,34.05594087577961,1.1614583333333333,0.0,96
y,2024-04-08,9,36.05923151553135,40.06581279503483,38.06252215528309,0.35344827586206895,0.0,58
y,2024-04-08,10,40.06581279503483,44.072394074538316,42.06910343478657,0.0,0.0,38
y,2024-04-08,11,44.072394074538316,48.078975354041795,46.075684714290055,0.0,0.0,12
y,2024-04-09,0,0.0,4.006581279503483,2.0032906397517416,0.875,0.0,40
y,2024-04-09,1,4.006581279503483,8.013162559006966,6.009871919255225,1.6405405405405404,0.0,185
y,2024-04-09,2,8.013162559006966,12.01974383851045,10.016453198758708,1.6459627329192548,0.0,161
y,2024-04-09,3,12.01974383851045,16.026325118013933,14.023034478262192,1.2824675324675325,0.0,154
y,2024-04-09,4,16.026325118013933,20.032906397517415,18.029615757765676,1.3703703703703705,0.0,162
y,2024-04-09,5,20.032906397517415,24.0394876770209,22.036197037269158,0.7676767676767676,0.0,99
y,2024-04-09,6,24.0394876770209,28.046068956524383,26.04277831677264,1.4375,0.0,96
y,2024-04-09,7,28.046068956524383,32.052650236027866,30.049359596276126,1.5933333333333333,0.0,75
y,2024-04-09,8,32.052650236027866,36.05923151553135,34.05594087577961,1.5729166666666667,0.0,96
y,2024-04-09,9,36.05923151553135,40.06581279503483,38.06252215528309,0.25,0.0,58
y,2024-04-09,10,40.06581279503483,44.072394074538316,42.06910343478657,0.0,0.0,38
y,2024-04-09,11,44.072394074538316,48.078975354041795,46.075684714290055,0.0,0.0,12
y,2024-04-10,0,0.0,4.006581279503483,2.0032906397517416,0.6625,0.0,40
y,2024-04-10,1,4.006581279503483,8.013162559006966,6.009871919255225,1.345945945945946,0.0,185
y,2024-04-10,2,8.013162559006966,12.01974383851045,10.016453198758708,1.406832298136646,0.0,161
y,2024-04-10,3,12.01974383851045,16.026325118013933,14.023034478262192,1.2792207792207793,0.0,154
y,2024-04-10,4,16.026325118013933,20.032906397517415,18.029615757765676,1.5771604938271604,0.0,162
y,2024-04-10,5,20.032906397517415,24.0394876770209,22.036197037269158,1.0606060606060606,0.0,99
y,2024-04-10,6,24.0394876770209,28.046068956524383,26.04277831677264,1.5,0.0,96
y,2024-04-10,7,28.046068956524383,32.052650236027866,30.049359596276126,1.2,0.0,75
y,2024-04-10,8,32.052650236027866,36.05923151553135,34.05594087577961,1.5572916666666667,0.0,96
y,2024-04-10,9,36.05923151553135,40.06581279503483,38.06252215528309,0.3879310344827586,0.0,58
y,2024-04-10,10,40.06581279503483,44.072394074538316,42.06910343478657,0.25,0.0,38
y,2024-04-10,11,44.072394074538316,48.078975354041795,46.075684714290055,0.0,0.0,12
y,2024-04-11,0,0.0,4.006581279503483,2.0032906397517416,0.4625,0.0,40
y,2024-04-11,1,4.006581279503483,8.013162559006966,6.009871919255225,1.4945945945945946,0.0,185
y,2024-04-11,2,8.013162559006966,12.01974383851045,10.016453198758708,1.5807453416149069,0.0,161
y,2024-04-11,3,12.01974383851045,16.026325118013933,14.023034478262192,1.5032467532467533,0.0,154
y,2024-04-11,4,16.026325118013933,20.032906397517415,18.029615757765676,1.6141975308641976,0.0,162
y,2024-04-11,5,20.032906397517415,24.0394876770209,22.036197037269158,1.2474747474747474,0.0,99
y,2024-04-11,6,24.0394876770209,28.046068956524383,26.04277831677264,1.4739583333333333,0.0,96
y,2024-04-11,7,28.046068956524383,32.052650236027866,30.049359596276126,1.46,0.0,75
y,2024-04-11,8,32.052650236027866,36.05923151553135,34.05594087577961,1.3177083333333333,0.0,96
y,2024-04-11,9,36.05923151553135,40.06581279503483,38.06252215528309,0.3879310344827586,0.0,58
y,2024-04-11,10,40.06581279503483,44.072394074538316,42.06910343478657,0.05263157894736842,0.0,38
y,2024-04-11,11,44.072394074538316,48.078975354041795,46.075684714290055,0.0,0.0,12
y,2024-04-12,0,0.0,4.006581279503483,2.0032906397517416,0.4,0.0,40
y,2024-04-12,1,4.006581279503483,8.013162559006966,6.009871919255225,2.2486486486486488,0.0,185
y,2024-04-12,2,8.013162559006966,12.01974383851045,10.016453198758708,1.9006211180124224,0.0,161
y,2024-04-12,3,12.01974383851045,16.026325118013933,14.023034478262192,1.698051948051948,0.0,154
y,2024-04-12,4,16.026325118013933,20.032906397517415,18.029615757765676,2.126543209876543,0.0,162
y,2024-04-12,5,20.032906397517415,24.0394876770209,22.036197037269158,1.3434343434343434,0.0,99
y,2024-04-12,6,24.0394876770209,28.046068956524383,26.04277831677264,1.7552083333333333,0.0,96
y,2024-04-12,7,28.046068956524383,32.052650236027866,30.049359596276126,1.86,0.0,75
y,2024-04-12,8,32.052650236027866,36.05923151553135,34.05594087577961,2.4166666666666665,0.0,96
y,2024-04-12,9,36.05923151553135,40.06581279503483,38.06252215528309,1.3793103448275863,0.0,58
y,2024-04-12,10,40.06581279503483,44.072394074538316,42.06910343478657,0.15789473684210525,0.0,38
y,2024-04-12,11,44.072394074538316,48.078975354041795,46.075684714290055,0.0,0.0,12
y,2024-04-13,0,0.0,4.006581279503483,2.0032906397517416,0.0,0.0,40
y,2024-04-13,1,4.006581279503483,8.013162559006966,6.009871919255225,0.0,0.0,185
y,2024-04-13,2,8.013162559006966,12.01974383851045,10.016453198758708,0.0,0.0,161
y,2024-04-13,3,12.01974383851045,16.026325118013933,14.023034478262192,0.0,0.0,154
y,2024-04-13,4,16.026325118013933,20.032906397517415,18.029615757765676,0.0,0.0,162
y,2024-04-13,5,20.032906397517415,24.0394876770209,22.036197037269158,0.0,0.0,99
y,2024-04-13,6,24.0394876770209,28.046068956524383,26.04277831677264,0.0,0.0,96
y,2024-04-13,7,28.046068956524383,32.052650236027866,30.049359596276126,0.0,0.0,75
y,2024-04-13,8,32.052650236027866,36.05923151553135,34.05594087577961,0.0,0.0,96
y,2024-04-13,9,36.05923151553135,40.06581279503483,38.06252215528309,0.0,0.0,58
y,2024-04-13,10,40.06581279503483,44.072394074538316,42.06910343478657,0.0,0.0,38
y,2024-04-13,11,44.072394074538316,48.078975354041795,46.075684714290055,0.0,0.0,12
y,2024-04-14,0,0.0,4.006581279503483,2.0032906397517416,0.075,0.0,40
y,2024-04-14,1,4.006581279503483,8.013162559006966,6.009871919255225,0.14594594594594595,0.0,185
y,2024-04-14,2,8.013162559006966,12.01974383851045,10.016453198758708,0.11490683229813664,0.0,161
y,2024-04-14,3,12.01974383851045,16.026325118013933,14.023034478262192,0.08441558441558442,0.0,154
y,2024-04-14,4,16.026325118013933,20.032906397517415,18.029615757765676,0.12037037037037036,0.0,162
y,2024-04-14,5,20.032906397517415,24.0394876770209,22.036197037269158,0.06060606060606061,0.0,99
y,2024-04-14,6,24.0394876770209,28.046068956524383,26.04277831677264,0.10416666666666667,0.0,96
y,2024-04-14,7,28.046068956524383,32.052650236027866,30.049359596276126,0.1,0.0,75
y,2024-04-14,8,32.052650236027866,36.05923151553135,34.05594087577961,0.140625,0.0,96
y,2024-04-14,9,36.05923151553135,40.06581279503483,38.06252215528309,0.0,0.0,58
y,2024-04-14,10,40.06581279503483,44.072394074538316,42.06910343478657,0.0,0.0,38
y,2024-04-14,11,44.072394074538316,48.078975354041795,46.075684714290055,0.0,0.0,12
y,2024-04-15,0,0.0,4.006581279503483,2.0032906397517416,0.3,0.0,40
y,2024-04-15,1,4.006581279503483,8.013162559006966,6.009871919255225,1.2540540540540541,0.0,185
y,2024-04-15,2,8.013162559006966,12.01974383851045,10.016453198758708,1.34472049689441,0.0,161
y,2024-04-15,3,12.01974383851045,16.026325118013933,14.023034478262192,1.12987012987013,0.0,154
y,2024-04-15,4,16.026325118013933,20.032906397517415,18.029615757765676,1.3919753086419753,0.0,162
y,2024-04-15,5,20.032906397517415,24.0394876770209,22.036197037269158,0.9797979797979798,0.0,99
y,2024-04-15,6,24.0394876770209,28.046068956524383,26.04277831677264,1.2864583333333333,0.0,96
y,2024-04-15,7,28.046068956524383,32.052650236027866,30.049359596276126,1.2533333333333334,0.0,75
y,2024-04-15,8,32.052650236027866,36.05923151553135,34.05594087577961,1.53125,0.0,96
y,2024-04-15,9,36.05923151553135,40.06581279503483,38.06252215528309,0.6810344827586207,0.0,58
y,2024-04-15,10,40.06581279503483,44.072394074538316,42.06910343478657,0.2894736842105263,0.0,38
y,2024-04-15,11,44.072394074538316,48.078975354041795,46.075684714290055,0.0,0.0,12
y,2024-04-16,0,0.0,4.006581279503483,2.0032906397517416,0.125,0.0,40
y,2024-04-16,1,4.006581279503483,8.013162559006966,6.009871919255225,0.11621621621621622,0.0,185
y,2024-04-16,2,8.013162559006966,12.01974383851045,10.016453198758708,0.13354037267080746,0.0,161
y,2024-04-16,3,12.01974383851045,16.026325118013933,14.023034478262192,0.1331168831168831,0.0,154
y,2024-04-16,4,16.026325118013933,20.032906397517415,18.029615757765676,0.1111111111111111,0.0,162
y,2024-04-16,5,20.032906397517415,24.0394876770209,22.036197037269158,0.1111111111111111,0.0,99
y,2024-04-16,6,24.0394876770209,28.046068956524383,26.04277831677264,0.10416666666666667,0.0,96
y,2024-04-16,7,28.046068956524383,32.052650236027866,30.049359596276126,0.1,0.0,75
y,2024-04-16,8,32.052650236027866,36.05923151553135,34.05594087577961,0.03125,0.0,96
y,2024-04-16,9,36.05923151553135,40.06581279503483,38.06252215528309,0.0,0.0,58
y,2024-04-16,10,40.06581279503483,44.072394074538316,42.06910343478657,0.0,0.0,38
y,2024-04-16,11,44.072394074538316,48.078975354041795,46.075684714290055,0.0,0.0,12
y,2024-04-17,0,0.0,4.006581279503483,2.0032906397517416,0.15,0.0,40
y,2024-04-17,1,4.006581279503483,8.013162559006966,6.009871919255225,0.22162162162162163,0.0,185
y,2024-04-17,2,8.013162559006966,12.01974383851045,10.016453198758708,0.2515527950310559,0.0,161
y,2024-04-17,3,12.01974383851045,16.026325118013933,14.023034478262192,0.237012987012987,0.0,154
y,2024-04-17,4,16.026325118013933,20.032906397517415,18.029615757765676,0.2222222222222222,0.0,162
y,2024-04-17,5,20.032906397517415,24.0394876770209,22.036197037269158,0.18181818181818182,0.0,99
y,2024-04-17,6,24.0394876770209,28.046068956524383,26.04277831677264,0.20833333333333334,0.0,96
y,2024-04-17,7,28.046068956524383,32.052650236027866,30.049359596276126,0.20666666666666667,0.0,75
y,2024-04-17,8,32.052650236027866,36.05923151553135,34.05594087577961,0.140625,0.0,96
y,2024-04-17,9,36.05923151553135,40.06581279503483,38.06252215528309,0.0,0.0,58
y,2024-04-17,10,40.06581279503483,44.072394074538316,42.06910343478657,0.0,0.0,38
y,2024-04-17,11,44.072394074538316,48.078975354041795,46.075684714290055,0.0,0.0,12
y,2024-04-18,0,0.0,4.006581279503483,2.0032906397517416,0.2375,0.0,40
y,2024-04-18,1,4.006581279503483,8.013162559006966,6.009871919255225,0.3945945945945946,0.0,185
y,2024-04-18,2,8.013162559006966,12.01974383851045,10.016453198758708,0.48757763975155277,0.0,161
y,2024-04-18,3,12.01974383851045,16.026325118013933,14.023034478262192,0.38636363636363635,0.0,154
y,2024-04-18,4,16.026325118013933,20.032906397517415,18.029615757765676,0.43209876543209874,0.0,162
y,2024-04-18,5,20.032906397517415,24.0394876770209,22.036197037269158,0.3484848484848485,0.0,99
y,2024-04-18,6,24.0394876770209,28.046068956524383,26.04277831677264,0.4322916666666667,0.0,96
y,2024-04-18,7,28.046068956524383,32.052650236027866,30.049359596276126,0.43333333333333335,0.0,75
y,2024-04-18,8,32.052650236027866,36.05923151553135,34.05594087577961,0.4635416666666667,0.0,96
y,2024-04-18,9,36.05923151553135,40.06581279503483,38.06252215528309,0.25,0.0,58
y,2024-04-18,10,40.06581279503483,44.072394074538316,42.06910343478657,0.2236842105263158,0.0,38
y,2024-04-18,11,44.072394074538316,48.078975354041795,46.075684714290055,0.041666666666666664,0.0,12
y,2024-04-19,0,0.0,4.006581279503483,2.0032906397517416,0.0375,0.0,40
y,2024-04-19,1,4.006581279503483,8.013162559006966,6.009871919255225,0.08378378378378379,0.0,185
y,2024-04-19,2,8.013162559006966,12.01974383851045,10.016453198758708,0.10248447204968944,0.0,161
y,2024-04-19,3,12.01974383851045,16.026325118013933,14.023034478262192,0.06818181818181818,0.0,154
y,2024-04-19,4,16.026325118013933,20.032906397517415,18.029615757765676,0.07098765432098765,0.0,162
y,2024-04-19,5,20.032906397517415,24.0394876770209,22.036197037269158,0.05555555555555555,0.0,99
y,2024-04-19,6,24.0394876770209,28.046068956524383,26.04277831677264,0.078125,0.0,96
y,2024-04-19,7,28.046068956524383,32.052650236027866,30.049359596276126,0.07333333333333333,0.0,75
y,2024-04-19,8,32.052650236027866,36.05923151553135,34.05594087577961,0.09895833333333333,0.0,96
y,2024-04-19,9,36.05923151553135,40.06581279503483,38.06252215528309,0.07758620689655173,0.0,58
y,2024-04-19,10,40.06581279503483,44.072394074538316,42.06910343478657,0.05263157894736842,0.0,38
y,2024-04-19,11,44.072394074538316,48.078975354041795,46.075684714290055,0.0,0.0,12
y,2024-04-20,0,0.0,4.006581279503483,2.0032906397517416,0.0,0.0,40
y,2024-04-20,1,4.006581279503483,8.013162559006966,6.009871919255225,0.0,0.0,185
y,2024-04-20,2,8.013162559006966,12.01974383851045,10.016453198758708,0.0,0.0,161
y,2024-04-20,3,12.01974383851045,16.026325118013933,14.023034478262192,0.0,0.0,154
y,2024-04-20,4,16.026325118013933,20.032906397517415,18.029615757765676,0.0,0.0,162
y,2024-04-20,5,20.032906397517415,24.0394876770209,22.036197037269158,0.0,0.0,99
y,2024-04-20,6,24.0394876770209,28.046068956524383,26.04277831677264,0.0,0.0,96
y,2024-04-20,7,28.046068956524383,32.052650236027866,30.049359596276126,0.0,0.0,75
y,2024-04-20,8,32.052650236027866,36.05923151553135,34.05594087577961,0.0,0.0,96
y,2024-04-20,9,36.05923151553135,40.06581279503483,38.06252215528309,0.0,0.0,58
y,2024-04-20,10,40.06581279503483,44.072394074538316,42.06910343478657,0.0,0.0,38
y,2024-04-20,11,44.072394074538316,48.078975354041795,46.075684714290055,0.0,0.0,12
y,2024-04-21,0,0.0,4.006581279503483,2.0032906397517416,0.125,0.0,40
y,2024-04-21,1,4.006581279503483,8.013162559006966,6.009871919255225,0.0972972972972973,0.0,185
y,2024-04-21,2,8.013162559006966,12.01974383851045,10.016453198758708,0.11490683229813664,0.0,161
y,2024-04-21,3,12.01974383851045,16.026325118013933,14.023034478262192,0.1396103896103896,0.0,154
y,2024-04-21,4,16.026325118013933,20.032906397517415,18.029615757765676,0.14506172839506173,0.0,162
y,2024-04-21,5,20.032906397517415,24.0394876770209,22.036197037269158,0.14646464646464646,0.0,99
y,2024-04-21,6,24.0394876770209,28.046068956524383,26.04277831677264,0.09895833333333333,0.0,96
y,2024-04-21,7,28.046068956524383,32.052650236027866,30.049359596276126,0.12,0.0,75
y,2024-04-21,8,32.052650236027866,36.05923151553135,34.05594087577961,0.16145833333333334,0.0,96
y,2024-04-21,9,36.05923151553135,40.06581279503483,38.06252215528309,0.06896551724137931,0.0,58
y,2024-04-21,10,40.06581279503483,44.072394074538316,42.06910343478657,0.0,0.0,38
y,2024-04-21,11,44.072394074538316,48.078975354041795,46.075684714290055,0.0,0.0,12
y,2024-04-22,0,0.0,4.006581279503483,2.0032906397517416,0.05,0.0,40
y,2024-04-22,1,4.006581279503483,8.013162559006966,6.009871919255225,0.15675675675675677,0.0,185
y,2024-04-22,2,8.013162559006966,12.01974383851045,10.016453198758708,0.16149068322981366,0.0,161
y,2024-04-22,3,12.01974383851045,16.026325118013933,14.023034478262192,0.12337662337662338,0.0,154
y,2024-04-22,4,16.026325118013933,20.032906397517415,18.029615757765676,0.13271604938271606,0.0,162
y,2024-04-22,5,20.032906397517415,24.0394876770209,22.036197037269158,0.11616161616161616,0.0,99
y,2024-04-22,6,24.0394876770209,28.046068956524383,26.04277831677264,0.125,0.0,96
y,2024-04-22,7,28.046068956524383,32.052650236027866,30.049359596276126,0.12,0.0,75
y,2024-04-22,8,32.052650236027866,36.05923151553135,34.05594087577961,0.09375,0.0,96
y,2024-04-22,9,36.05923151553135,40.06581279503483,38.06252215528309,0.0,0.0,58
y,2024-04-22,10,40.06581279503483,44.072394074538316,42.06910343478657,0.0,0.0,38
y,2024-04-22,11,44.072394074538316,48.078975354041795,46.075684714290055,0.0,0.0,12
y,2024-04-23,0,0.0,4.006581279503483,2.0032906397517416,0.075,0.0,40
y,2024-04-23,1,4.006581279503483,8.013162559006966,6.009871919255225,0.08648648648648649,0.0,185
y,2024-04-23,2,8.013162559006966,12.01974383851045,10.016453198758708,0.09937888198757763,0.0,161
y,2024-04-23,3,12.01974383851045,16.026325118013933,14.023034478262192,0.06493506493506493,0.0,154
y,2024-04-23,4,16.026325118013933,20.032906397517415,18.029615757765676,0.06172839506172839,0.0,162
y,2024-04-23,5,20.032906397517415,24.0394876770209,22.036197037269158,0.050505050505050504,0.0,99
y,2024-04-23,6,24.0394876770209,28.046068956524383,26.04277831677264,0.07291666666666667,0.0,96
y,2024-04-23,7,28.046068956524383,32.052650236027866,30.049359596276126,0.08,0.0,75
y,2024-04-23,8,32.052650236027866,36.05923151553135,34.05594087577961,0.109375,0.0,96
y,2024-04-23,9,36.05923151553135,40.06581279503483,38.06252215528309,0.09482758620689655,0.0,58
y,2024-04-23,10,40.06581279503483,44.072394074538316,42.06910343478657,0.02631578947368421,0.0,38
y,2024-04-23,11,44.072394074538316,48.078975354041795,46.075684714290055,0.0,0.0,12
y,2024-04-24,0,0.0,4.006581279503483,2.0032906397517416,0.2125,0.0,40
y,2024-04-24,1,4.006581279503483,8.013162559006966,6.009871919255225,0.6459459459459459,0.0,185
y,2024-04-24,2,8.013162559006966,12.01974383851045,10.016453198758708,0.5496894409937888,0.0,161
y,2024-04-24,3,12.01974383851045,16.026325118013933,14.023034478262192,0.43506493506493504,0.0,154
y,2024-04-24,4,16.026325118013933,20.032906397517415,18.029615757765676,0.5802469135802469,0.0,162
y,2024-04-24,5,20.032906397517415,24.0394876770209,22.036197037269158,0.31313131313131315,0.0,99
y,2024-04-24,6,24.0394876770209,28.046068956524383,26.04277831677264,0.5,0.0,96
y,2024-04-24,7,28.046068956524383,32.052650236027866,30.049359596276126,0.49333333333333335,0.0,75
y,2024-04-24,8,32.052650236027866,36.05923151553135,34.05594087577961,0.6927083333333334,0.0,96
y,2024-04-24,9,36.05923151553135,40.06581279503483,38.06252215528309,0.1724137931034483,0.0,58
y,2024-04-24,10,40.06581279503483,44.072394074538316,42.06910343478657,0.05263157894736842,0.0,38
y,2024-04-24,11,44.072394074538316,48.078975354041795,46.075684714290055,0.0,0.0,12
y,2024-04-25,0,0.0,4.006581279503483,2.0032906397517416,0.025,0.0,40
y,2024-04-25,1,4.006581279503483,8.013162559006966,6.009871919255225,0.024324324324324326,0.0,185
y,2024-04-25,2,8.013162559006966,12.01974383851045,10.016453198758708,0.034161490683229816,0.0,161
y,2024-04-25,3,12.01974383851045,16.026325118013933,14.023034478262192,0.04220779220779221,0.0,154
y,2024-04-25,4,16.026325118013933,20.032906397517415,18.029615757765676,0.043209876543209874,0.0,162
y,2024-04-25,5,20.032906397517415,24.0394876770209,22.036197037269158,0.04040404040404041,0.0,99
y,2024-04-25,6,24.0394876770209,28.046068956524383,26.04277831677264,0.036458333333333336,0.0,96
y,2024-04-25,7,28.046068956524383,32.052650236027866,30.049359596276126,0.04,0.0,75
y,2024-04-25,8,32.052650236027866,36.05923151553135,34.05594087577961,0.057291666666666664,0.0,96
y,2024-04-25,9,36.05923151553135,40.06581279503483,38.06252215528309,0.0603448275862069,0.0,58
y,2024-04-25,10,40.06581279503483,44.072394074538316,42.06910343478657,0.07894736842105263,0.0,38
y,2024-04-25,11,44.072394074538316,48.078975354041795,46.075684714290055,0.0,0.0,12
y,2024-04-26,0,0.0,4.006581279503483,2.0032906397517416,0.05,0.0,40
y,2024-04-26,1,4.006581279503483,8.013162559006966,6.009871919255225,0.07567567567567568,0.0,185
y,2024-04-26,2,8.013162559006966,12.01974383851045,10.016453198758708,0.11180124223602485,0.0,161
y,2024-04-26,3,12.01974383851045,16.026325118013933,14.023034478262192,0.07792207792207792,0.0,154
y,2024-04-26,4,16.026325118013933,20.032906397517415,18.029615757765676,0.04938271604938271,0.0,162
y,2024-04-26,5,20.032906397517415,24.0394876770209,22.036197037269158,0.04040404040404041,0.0,99
y,2024-04-26,6,24.0394876770209,28.046068956524383,26.04277831677264,0.08333333333333333,0.0,96
y,2024-04-26,7,28.046068956524383,32.052650236027866,30.049359596276126,0.05333333333333334,0.0,75
y,2024-04-26,8,32.052650236027866,36.05923151553135,34.05594087577961,0.10416666666666667,0.0,96
y,2024-04-26,9,36.05923151553135,40.06581279503483,38.06252215528309,0.13793103448275862,0.0,58
y,2024-04-26,10,40.06581279503483,44.072394074538316,42.06910343478657,0.21052631578947367,0.0,38
y,2024-04-26,11,44.072394074538316,48.078975354041795,46.075684714290055,0.0,0.0,12
y,2024-04-27,0,0.0,4.006581279503483,2.0032906397517416,0.0,0.0,40
y,2024-04-27,1,4.006581279503483,8.013162559006966,6.009871919255225,0.0,0.0,185
y,2024-04-27,2,8.013162559006966,12.01974383851045,10.016453198758708,0.0,0.0,161
y,2024-04-27,3,12.01974383851045,16.026325118013933,14.023034478262192,0.0,0.0,154
y,2024-04-27,4,16.026325118013933,20.032906397517415,18.029615757765676,0.0,0.0,162
y,2024-04-27,5,20.032906397517415,24.0394876770209,22.036197037269158,0.0,0.0,99
y,2024-04-27,6,24.0394876770209,28.046068956524383,26.04277831677264,0.0,0.0,96
y,2024-04-27,7,28.046068956524383,32.052650236027866,30.049359596276126,0.0,0.0,75
y,2024-04-27,8,32.052650236027866,36.05923151553135,34.05594087577961,0.0,0.0,96
y,2024-04-27,9,36.05923151553135,40.06581279503483,38.06252215528309,0.0,0.0,58
y,2024-04-27,10,40.06581279503483,44.072394074538316,42.06910343478657,0.0,0.0,38
y,2024-04-27,11,44.072394074538316,48.078975354041795,46.075684714290055,0.0,0.0,12
y,2024-04-28,0,0.0,4.006581279503483,2.0032906397517416,0.05,0.0,40
y,2024-04-28,1,4.006581279503483,8.013162559006966,6.009871919255225,0.051351351351351354,0.0,185
y,2024-04-28,2,8.013162559006966,12.01974383851045,10.016453198758708,0.046583850931677016,0.0,161
y,2024-04-28,3,12.01974383851045,16.026325118013933,14.023034478262192,0.032467532467532464,0.0,154
y,2024-04-28,4,16.026325118013933,20.032906397517415,18.029615757765676,0.037037037037037035,0.0,162
y,2024-04-28,5,20.032906397517415,24.0394876770209,22.036197037269158,0.025252525252525252,0.0,99
y,2024-04-28,6,24.0394876770209,28.046068956524383,26.04277831677264,0.036458333333333336,0.0,96
y,2024-04-28,7,28.046068956524383,32.052650236027866,30.049359596276126,0.04,0.0,75
y,2024-04-28,8,32.052650236027866,36.05923151553135,34.05594087577961,0.057291666666666664,0.0,96
y,2024-04-28,9,36.05923151553135,40.06581279503483,38.06252215528309,0.04310344827586207,0.0,58
y,2024-04-28,10,40.06581279503483,44.072394074538316,42.06910343478657,0.0,0.0,38
y,2024-04-28,11,44.072394074538316,48.078975354041795,46.075684714290055,0.0,0.0,12
y,2024-04-29,0,0.0,4.006581279503483,2.0032906397517416,0.8625,0.0,40
y,2024-04-29,1,4.006581279503483,8.013162559006966,6.009871919255225,2.235135135135135,0.0,185
y,2024-04-29,2,8.013162559006966,12.01974383851045,10.016453198758708,3.3664596273291925,0.0,161
y,2024-04-29,3,12.01974383851045,16.026325118013933,14.023034478262192,2.6363636363636362,0.0,154
y,2024-04-29,4,16.026325118013933,20.032906397517415,18.029615757765676,2.2623456790123457,0.0,162
y,2024-04-29,5,20.032906397517415,24.0394876770209,22.036197037269158,1.6363636363636365,0.0,99
y,2024-04-29,6,24.0394876770209,28.046068956524383,26.04277831677264,2.5052083333333335,0.0,96
y,2024-04-29,7,28.046068956524383,32.052650236027866,30.049359596276126,2.3,0.0,75
y,2024-04-29,8,32.052650236027866,36.05923151553135,34.05594087577961,3.4010416666666665,0.0,96
y,2024-04-29,9,36.05923151553135,40.06581279503483,38.06252215528309,3.6293103448275863,0.0,58
y,2024-04-29,10,40.06581279503483,44.072394074538316,42.06910343478657,3.6710526315789473,0.0,38
y,2024-04-29,11,44.072394074538316,48.078975354041795,46.075684714290055,0.16666666666666666,0.0,12
y,2024-04-30,0,0.0,4.006581279503483,2.0032906397517416,0.6125,0.0,40
y,2024-04-30,1,4.006581279503483,8.013162559006966,6.009871919255225,0.8567567567567568,0.0,185
y,2024-04-30,2,8.013162559006966,12.01974383851045,10.016453198758708,1.046583850931677,0.0,161
y,2024-04-30,3,12.01974383851045,16.026325118013933,14.023034478262192,0.672077922077922,0.0,154
y,2024-04-30,4,16.026325118013933,20.032906397517415,18.029615757765676,0.6234567901234568,0.0,162
y,2024-04-30,5,20.032906397517415,24.0394876770209,22.036197037269158,0.601010101010101,0.0,99
y,2024-04-30,6,24.0394876770209,28.046068956524383,26.04277831677264,0.7395833333333334,0.0,96
y,2024-04-30,7,28.046068956524383,32.052650236027866,30.049359596276126,0.9133333333333333,0.0,75
y,2024-04-30,8,32.052650236027866,36.05923151553135,34.05594087577961,0.734375,0.0,96
y,2024-04-30,9,36.05923151553135,40.06581279503483,38.06252215528309,0.8362068965517241,0.0,58
y,2024-04-30,10,40.06581279503483,44.072394074538316,42.06910343478657,0.21052631578947367,0.0,38
y,2024-04-30,11,44.072394074538316,48.078975354041795,46.075684714290055,0.0,0.0,12
y,2024-05-01,0,0.0,4.006581279503483,2.0032906397517416,0.075,0.0,40
y,2024-05-01,1,4.006581279503483,8.013162559006966,6.009871919255225,0.07567567567567568,0.0,185
y,2024-05-01,2,8.013162559006966,12.01974383851045,10.016453198758708,0.07763975155279502,0.0,161
y,2024-05-01,3,12.01974383851045,16.026325118013933,14.023034478262192,0.09090909090909091,0.0,154
y,2024-05-01,4,16.026325118013933,20.032906397517415,18.029615757765676,0.11419753086419752,0.0,162
y,2024-05-01,5,20.032906397517415,24.0394876770209,22.036197037269158,0.1111111111111111,0.0,99
y,2024-05-01,6,24.0394876770209,28.046068956524383,26.04277831677264,0.10416666666666667,0.0,96
y,2024-05-01,7,28.046068956524383,32.052650236027866,30.049359596276126,0.1,0.0,75
y,2024-05-01,8,32.052650236027866,36.05923151553135,34.05594087577961,0.15625,0.0,96
y,2024-05-01,9,36.05923151553135,40.06581279503483,38.06252215528309,0.11206896551724138,0.0,58
y,2024-05-01,10,40.06581279503483,44.072394074538316,42.06910343478657,0.15789473684210525,0.0,38
y,2024-05-01,11,44.072394074538316,48.078975354041795,46.075684714290055,0.0,0.0,12
y,2024-05-02,0,0.0,4.006581279503483,2.0032906397517416,0.4375,0.0,40
y,2024-05-02,1,4.006581279503483,8.013162559006966,6.009871919255225,1.3432432432432433,0.0,185
y,2024-05-02,2,8.013162559006966,12.01974383851045,10.016453198758708,2.3043478260869565,0.0,161
y,2024-05-02,3,12.01974383851045,16.026325118013933,14.023034478262192,1.5227272727272727,0.0,154
y,2024-05-02,4,16.026325118013933,20.032906397517415,18.029615757765676,1.1018518518518519,0.0,162
y,2024-05-02,5,20.032906397517415,24.0394876770209,22.036197037269158,0.8939393939393939,0.0,99
y,2024-05-02,6,24.0394876770209,28.046068956524383,26.04277831677264,1.671875,0.0,96
y,2024-05-02,7,28.046068956524383,32.052650236027866,30.049359596276126,1.2333333333333334,0.0,75
y,2024-05-02,8,32.052650236027866,36.05923151553135,34.05594087577961,2.203125,0.0,96
y,2024-05-02,9,36.05923151553135,40.06581279503483,38.06252215528309,2.6982758620689653,0.0,58
y,2024-05-02,10,40.06581279503483,44.072394074538316,42.06910343478657,3.4078947368421053,0.0,38
y,2024-05-02,11,44.072394074538316,48.078975354041795,46.075684714290055,0.0,0.0,12
y,2024-05-03,0,0.0,4.006581279503483,2.0032906397517416,0.7625,0.0,40
y,2024-05-03,1,4.006581279503483,8.013162559006966,6.009871919255225,0.9918918918918919,0.0,185
y,2024-05-03,2,8.013162559006966,12.01974383851045,10.016453198758708,1.5062111801242235,0.0,161
y,2024-05-03,3,12.01974383851045,16.026325118013933,14.023034478262192,1.2662337662337662,0.0,154
y,2024-05-03,4,16.026325118013933,20.032906397517415,18.029615757765676,1.0740740740740742,0.0,162
y,2024-05-03,5,20.032906397517415,24.0394876770209,22.036197037269158,0.9191919191919192,0.0,99
y,2024-05-03,6,24.0394876770209,28.046068956524383,26.04277831677264,1.0833333333333333,0.0,96
y,2024-05-03,7,28.046068956524383,32.052650236027866,30.049359596276126,1.24,0.0,75
y,2024-05-03,8,32.052650236027866,36.05923151553135,34.05594087577961,1.7135416666666667,0.0,96
y,2024-05-03,9,36.05923151553135,40.06581279503483,38.06252215528309,2.2413793103448274,0.0,58
y,2024-05-03,10,40.06581279503483,44.072394074538316,42.06910343478657,1.894736842105263,0.0,38
y,2024-05-03,11,44.072394074538316,48.078975354041795,46.075684714290055,0.0,0.0,12
y,2024-05-04,0,0.0,4.006581279503483,2.0032906397517416,0.0,0.0,40
y,2024-05-04,1,4.006581279503483,8.013162559006966,6.009871919255225,0.0,0.0,185
y,2024-05-04,2,8.013162559006966,12.01974383851045,10.016453198758708,0.0,0.0,161
y,2024-05-04,3,12.01974383851045,16.026325118013933,14.023034478262192,0.0,0.0,154
y,2024-05-04,4,16.026325118013933,20.032906397517415,18.029615757765676,0.0,0.0,162
y,2024-05-04,5,20.032906397517415,24.0394876770209,22.036197037269158,0.0,0.0,99
y,2024-05-04,6,24.0394876770209,28.046068956524383,26.04277831677264,0.0,0.0,96
y,2024-05-04,7,28.046068956524383,32.052650236027866,30.049359596276126,0.0,0.0,75
y,2024-05-04,8,32.052650236027866,36.05923151553135,34.05594087577961,0.0,0.0,96
y,2024-05-04,9,36.05923151553135,40.06581279503483,38.06252215528309,0.0,0.0,58
y,2024-05-04,10,40.06581279503483,44.072394074538316,42.06910343478657,0.0,0.0,38
y,2024-05-04,11,44.072394074538316,48.078975354041795,46.075684714290055,0.0,0.0,12
y,2024-05-05,0,0.0,4.006581279503483,2.0032906397517416,0.0625,0.0,40
y,2024-05-05,1,4.006581279503483,8.013162559006966,6.009871919255225,0.06486486486486487,0.0,185
y,2024-05-05,2,8.013162559006966,12.01974383851045,10.016453198758708,0.06832298136645963,0.0,161
y,2024-05-05,3,12.01974383851045,16.026325118013933,14.023034478262192,0.05194805194805195,0.0,154
y,2024-05-05,4,16.026325118013933,20.032906397517415,18.029615757765676,0.05864197530864197,0.0,162
y,2024-05-05,5,20.032906397517415,24.0394876770209,22.036197037269158,0.03535353535353535,0.0,99
y,2024-05-05,6,24.0394876770209,28.046068956524383,26.04277831677264,0.057291666666666664,0.0,96
y,2024-05-05,7,28.046068956524383,32.052650236027866,30.049359596276126,0.06,0.0,75
y,2024-05-05,8,32.052650236027866,36.05923151553135,34.05594087577961,0.08854166666666667,0.0,96
y,2024-05-05,9,36.05923151553135,40.06581279503483,38.06252215528309,0.04310344827586207,0.0,58
y,2024-05-05,10,40.06581279503483,44.072394074538316,42.06910343478657,0.039473684210526314,0.0,38
y,2024-05-05,11,44.072394074538316,48.078975354041795,46.075684714290055,0.0,0.0,12
y,2024-05-06,0,0.0,4.006581279503483,2.0032906397517416,0.6625,0.0,40
y,2024-05-06,1,4.006581279503483,8.013162559006966,6.009871919255225,1.9486486486486487,0.0,185
y,2024-05-06,2,8.013162559006966,12.01974383851045,10.016453198758708,3.229813664596273,0.0,161
y,2024-05-06,3,12.01974383851045,16.026325118013933,14.023034478262192,2.425324675324675,0.0,154
y,2024-05-06,4,16.026325118013933,20.032906397517415,18.029615757765676,2.287037037037037,0.0,162
y,2024-05-06,5,20.032906397517415,24.0394876770209,22.036197037269158,1.6919191919191918,0.0,99
y,2024-05-06,6,24.0394876770209,28.046068956524383,26.04277831677264,2.5208333333333335,0.0,96
y,2024-05-06,7,28.046068956524383,32.052650236027866,30.049359596276126,2.3933333333333335,0.0,75
y,2024-05-06,8,32.052650236027866,36.05923151553135,34.05594087577961,3.6770833333333335,0.0,96
y,2024-05-06,9,36.05923151553135,40.06581279503483,38.06252215528309,4.017241379310345,0.0,58
y,2024-05-06,10,40.06581279503483,44.072394074538316,42.06910343478657,3.0,0.0,38
y,2024-05-06,11,44.072394074538316,48.078975354041795,46.075684714290055,0.0,0.0,12
y,2024-05-07,0,0.0,4.006581279503483,2.0032906397517416,0.9375,0.0,40
y,2024-05-07,1,4.006581279503483,8.013162559006966,6.009871919255225,2.2675675675675677,0.0,185
y,2024-05-07,2,8.013162559006966,12.01974383851045,10.016453198758708,3.9906832298136647,0.0,161
y,2024-05-07,3,12.01974383851045,16.026325118013933,14.023034478262192,3.353896103896104,0.0,154
y,2024-05-07,4,16.026325118013933,20.032906397517415,18.029615757765676,3.04320987654321,0.0,162
y,2024-05-07,5,20.032906397517415,24.0394876770209,22.036197037269158,2.1565656565656566,0.0,99
y,2024-05-07,6,24.0394876770209,28.046068956524383,26.04277831677264,3.546875,0.0,96
y,2024-05-07,7,28.046068956524383,32.052650236027866,30.049359596276126,3.0733333333333333,0.0,75
y,2024-05-07,8,32.052650236027866,36.05923151553135,34.05594087577961,4.848958333333333,0.5,96
y,2024-05-07,9,36.05923151553135,40.06581279503483,38.06252215528309,4.491379310344827,0.0,58
y,2024-05-07,10,40.06581279503483,44.072394074538316,42.06910343478657,5.315789473684211,0.0,38
y,2024-05-07,11,44.072394074538316,48.078975354041795,46.075684714290055,0.041666666666666664,0.0,12
y,2024-05-08,0,0.0,4.006581279503483,2.0032906397517416,0.85,0.0,40
y,2024-05-08,1,4.006581279503483,8.013162559006966,6.009871919255225,2.383783783783784,0.0,185
y,2024-05-08,2,8.013162559006966,12.01974383851045,10.016453198758708,2.9906832298136647,0.0,161
y,2024-05-08,3,12.01974383851045,16.026325118013933,14.023034478262192,2.438311688311688,0.0,154
y,2024-05-08,4,16.026325118013933,20.032906397517415,18.029615757765676,2.626543209876543,0.0,162
y,2024-05-08,5,20.032906397517415,24.0394876770209,22.036197037269158,1.8282828282828283,0.0,99
y,2024-05-08,6,24.0394876770209,28.046068956524383,26.04277831677264,2.5989583333333335,0.0,96
y,2024-05-08,7,28.046068956524383,32.052650236027866,30.049359596276126,2.48,0.0,75
y,2024-05-08,8,32.052650236027866,36.05923151553135,34.05594087577961,3.40625,0.0,96
y,2024-05-08,9,36.05923151553135,40.06581279503483,38.06252215528309,2.8793103448275863,0.0,58
y,2024-05-08,10,40.06581279503483,44.072394074538316,42.06910343478657,1.894736842105263,0.0,38
y,2024-05-08,11,44.072394074538316,48.078975354041795,46.075684714290055,0.0,0.0,12
y,2024-05-09,0,0.0,4.006581279503483,2.0032906397517416,0.7875,0.0,40
y,2024-05-09,1,4.006581279503483,8.013162559006966,6.009871919255225,3.1432432432432433,0.0,185
y,2024-05-09,2,8.013162559006966,12.01974383851045,10.016453198758708,3.3354037267080745,0.0,161
y,2024-05-09,3,12.01974383851045,16.026325118013933,14.023034478262192,2.7662337662337664,0.0,154
y,2024-05-09,4,16.026325118013933,20.032906397517415,18.029615757765676,3.2777777777777777,0.0,162
y,2024-05-09,5,20.032906397517415,24.0394876770209,22.036197037269158,2.5303030303030303,0.0,99
y,2024-05-09,6,24.0394876770209,28.046068956524383,26.04277831677264,3.046875,0.0,96
y,2024-05-09,7,28.046068956524383,32.052650236027866,30.049359596276126,2.86,0.0,75
y,2024-05-09,8,32.052650236027866,36.05923151553135,34.05594087577961,2.8697916666666665,0.0,96
y,2024-05-09,9,36.05923151553135,40.06581279503483,38.06252215528309,0.4827586206896552,0.0,58
y,2024-05-09,10,40.06581279503483,44.072394074538316,42.06910343478657,0.21052631578947367,0.0,38
y,2024-05-09,11,44.072394074538316,48.078975354041795,46.075684714290055,0.0,0.0,12
y,2024-05-10,0,0.0,4.006581279503483,2.0032906397517416,0.55,0.0,40
y,2024-05-10,1,4.006581279503483,8.013162559006966,6.009871919255225,1.8297297297297297,0.0,185
y,2024-05-10,2,8.013162559006966,12.01974383851045,10.016453198758708,1.546583850931677,0.0,161
y,2024-05-10,3,12.01974383851045,16.026325118013933,14.023034478262192,1.2922077922077921,0.0,154
y,2024-05-10,4,16.026325118013933,20.032906397517415,18.029615757765676,1.7345679012345678,0.0,162
y,2024-05-10,5,20.032906397517415,24.0394876770209,22.036197037269158,0.9646464646464646,0.0,99
y,2024-05-10,6,24.0394876770209,28.046068956524383,26.04277831677264,1.4947916666666667,0.0,96
y,2024-05-10,7,28.046068956524383,32.052650236027866,30.049359596276126,1.4533333333333334,0.0,75
y,2024-05-10,8,32.052650236027866,36.05923151553135,34.05594087577961,1.9583333333333333,0.0,96
y,2024-05-10,9,36.05923151553135,40.06581279503483,38.06252215528309,0.3793103448275862,0.0,58
y,2024-05-10,10,40.06581279503483,44.072394074538316,42.06910343478657,0.09210526315789473,0.0,38
y,2024-05-10,11,44.072394074538316,48.078975354041795,46.075684714290055,0.0,0.0,12
y,2024-05-11,0,0.0,4.006581279503483,2.0032906397517416,0.0,0.0,40
y,2024-05-11,1,4.006581279503483,8.013162559006966,6.009871919255225,0.0,0.0,185
y,2024-05-11,2,8.013162559006966,12.01974383851045,10.016453198758708,0.0,0.0,161
y,2024-05-11,3,12.01974383851045,16.026325118013933,14.023034478262192,0.0,0.0,154
y,2024-05-11,4,16.026325118013933,20.032906397517415,18.029615757765676,0.0,0.0,162
y,2024-05-11,5,20.032906397517415,24.0394876770209,22.036197037269158,0.0,0.0,99
y,2024-05-11,6,24.0394876770209,28.046068956524383,26.04277831677264,0.0,0.0,96
y,2024-05-11,7,28.046068956524383,32.052650236027866,30.049359596276126,0.0,0.0,75
y,2024-05-11,8,32.052650236027866,36.05923151553135,34.05594087577961,0.0,0.0,96
y,2024-05-11,9,36.05923151553135,40.06581279503483,38.06252215528309,0.0,0.0,58
y,2024-05-11,10,40.06581279503483,44.072394074538316,42.06910343478657,0.0,0.0,38
y,2024-05-11,11,44.072394074538316,48.078975354041795,46.075684714290055,0.0,0.0,12
y,2024-05-12,0,0.0,4.006581279503483,2.0032906397517416,0.1625,0.0,40
y,2024-05-12,1,4.006581279503483,8.013162559006966,6.009871919255225,0.2945945945945946,0.0,185
y,2024-05-12,2,8.013162559006966,12.01974383851045,10.016453198758708,0.2329192546583851,0.0,161
y,2024-05-12,3,12.01974383851045,16.026325118013933,14.023034478262192,0.18831168831168832,0.0,154
y,2024-05-12,4,16.026325118013933,20.032906397517415,18.029615757765676,0.2623456790123457,0.0,162
y,2024-05-12,5,20.032906397517415,24.0394876770209,22.036197037269158,0.12121212121212122,0.0,99
y,2024-05-12,6,24.0394876770209,28.046068956524383,26.04277831677264,0.21875,0.0,96
y,2024-05-12,7,28.046068956524383,32.052650236027866,30.049359596276126,0.22,0.0,75
y,2024-05-12,8,32.052650236027866,36.05923151553135,34.05594087577961,0.3333333333333333,0.0,96
y,2024-05-12,9,36.05923151553135,40.06581279503483,38.06252215528309,0.06896551724137931,0.0,58
y,2024-05-12,10,40.06581279503483,44.072394074538316,42.06910343478657,0.039473684210526314,0.0,38
y,2024-05-12,11,44.072394074538316,48.078975354041795,46.075684714290055,0.0,0.0,12
y,2024-05-13,0,0.0,4.006581279503483,2.0032906397517416,2.3625,0.0,40
y,2024-05-13,1,4.006581279503483,8.013162559006966,6.009871919255225,6.818918918918919,0.0,185
y,2024-05-13,2,8.013162559006966,12.01974383851045,10.016453198758708,6.670807453416149,0.0,161
y,2024-05-13,3,12.01974383851045,16.026325118013933,14.023034478262192,6.6688311688311686,0.0,154
y,2024-05-13,4,16.026325118013933,20.032906397517415,18.029615757765676,7.746913580246914,0.0,162
y,2024-05-13,5,20.032906397517415,24.0394876770209,22.036197037269158,5.9646464646464645,0.0,99
y,2024-05-13,6,24.0394876770209,28.046068956524383,26.04277831677264,6.645833333333333,0.0,96
y,2024-05-13,7,28.046068956524383,32.052650236027866,30.049359596276126,6.673333333333333,0.0,75
y,2024-05-13,8,32.052650236027866,36.05923151553135,34.05594087577961,6.838541666666667,0.0,96
y,2024-05-13,9,36.05923151553135,40.06581279503483,38.06252215528309,3.8793103448275863,0.0,58
y,2024-05-13,10,40.06581279503483,44.072394074538316,42.06910343478657,0.6447368421052632,0.0,38
y,2024-05-13,11,44.072394074538316,48.078975354041795,46.075684714290055,0.08333333333333333,0.0,12
y,2024-05-14,0,0.0,4.006581279503483,2.0032906397517416,1.0375,0.0,40
y,2024-05-14,1,4.006581279503483,8.013162559006966,6.009871919255225,4.867567567567567,0.0,185
y,2024-05-14,2,8.013162559006966,12.01974383851045,10.016453198758708,4.84472049689441,0.0,161
y,2024-05-14,3,12.01974383851045,16.026325118013933,14.023034478262192,4.23051948051948,0.0,154
y,2024-05-14,4,16.026325118013933,20.032906397517415,18.029615757765676,4.833333333333333,0.0,162
y,2024-05-14,5,20.032906397517415,24.0394876770209,22.036197037269158,3.742424242424242,0.0,99
y,2024-05-14,6,24.0394876770209,28.046068956524383,26.04277831677264,4.255208333333333,0.0,96
y,2024-05-14,7,28.046068956524383,32.052650236027866,30.049359596276126,3.88,0.0,75
y,2024-05-14,8,32.052650236027866,36.05923151553135,34.05594087577961,3.5,0.0,96
y,2024-05-14,9,36.05923151553135,40.06581279503483,38.06252215528309,0.6551724137931034,0.0,58
y,2024-05-14,10,40.06581279503483,44.072394074538316,42.06910343478657,0.3026315789473684,0.0,38
y,2024-05-14,11,44.072394074538316,48.078975354041795,46.075684714290055,0.3333333333333333,0.0,12
y,2024-05-15,0,0.0,4.006581279503483,2.0032906397517416,0.8375,0.0,40
y,2024-05-15,1,4.006581279503483,8.013162559006966,6.009871919255225,4.356756756756757,0.0,185
y,2024-05-15,2,8.013162559006966,12.01974383851045,10.016453198758708,4.245341614906832,0.0,161
y,2024-05-15,3,12.01974383851045,16.026325118013933,14.023034478262192,3.6525974025974026,0.0,154
y,2024-05-15,4,16.026325118013933,20.032906397517415,18.029615757765676,4.404320987654321,0.0,162
y,2024-05-15,5,20.032906397517415,24.0394876770209,22.036197037269158,3.1717171717171717,0.0,99
y,2024-05-15,6,24.0394876770209,28.046068956524383,26.04277831677264,3.9947916666666665,0.0,96
y,2024-05-15,7,28.046068956524383,32.052650236027866,30.049359596276126,3.7,0.0,75
y,2024-05-15,8,32.052650236027866,36.05923151553135,34.05594087577961,3.8958333333333335,0.0,96
y,2024-05-15,9,36.05923151553135,40.06581279503483,38.06252215528309,0.4827586206896552,0.0,58
y,2024-05-15,10,40.06581279503483,44.072394074538316,42.06910343478657,0.21052631578947367,0.0,38
y,2024-05-15,11,44.072394074538316,48.078975354041795,46.075684714290055,0.0,0.0,12
y,2024-05-16,0,0.0,4.006581279503483,2.0032906397517416,0.2875,0.0,40
y,2024-05-16,1,4.006581279503483,8.013162559006966,6.009871919255225,1.4513513513513514,0.0,185
y,2024-05-16,2,8.013162559006966,12.01974383851045,10.016453198758708,1.3975155279503106,0.0,161
y,2024-05-16,3,12.01974383851045,16.026325118013933,14.023034478262192,1.1396103896103895,0.0,154
y,2024-05-16,4,16.026325118013933,20.032906397517415,18.029615757765676,1.3919753086419753,0.0,162
y,2024-05-16,5,20.032906397517415,24.0394876770209,22.036197037269158,0.9797979797979798,0.0,99
y,2024-05-16,6,24.0394876770209,28.046068956524383,26.04277831677264,1.25,0.0,96
y,2024-05-16,7,28.046068956524383,32.052650236027866,30.049359596276126,1.2066666666666668,0.0,75
y,2024-05-16,8,32.052650236027866,36.05923151553135,34.05594087577961,1.3020833333333333,0.0,96
y,2024-05-16,9,36.05923151553135,40.06581279503483,38.06252215528309,0.1724137931034483,0.0,58
y,2024-05-16,10,40.06581279503483,44.072394074538316,42.06910343478657,0.039473684210526314,0.0,38
y,2024-05-16,11,44.072394074538316,48.078975354041795,46.075684714290055,0.0,0.0,12
y,2024-05-17,0,0.0,4.006581279503483,2.0032906397517416,0.475,0.0,40
y,2024-05-17,1,4.006581279503483,8.013162559006966,6.009871919255225,0.9513513513513514,0.0,185
y,2024-05-17,2,8.013162559006966,12.01974383851045,10.016453198758708,0.7857142857142857,0.0,161
y,2024-05-17,3,12.01974383851045,16.026325118013933,14.023034478262192,0.8441558441558441,0.0,154
y,2024-05-17,4,16.026325118013933,20.032906397517415,18.029615757765676,0.9444444444444444,0.0,162
y,2024-05-17,5,20.032906397517415,24.0394876770209,22.036197037269158,0.7424242424242424,0.0,99
y,2024-05-17,6,24.0394876770209,28.046068956524383,26.04277831677264,0.7395833333333334,0.0,96
y,2024-05-17,7,28.046068956524383,32.052650236027866,30.049359596276126,0.78,0.0,75
y,2024-05-17,8,32.052650236027866,36.05923151553135,34.05594087577961,0.8229166666666666,0.0,96
y,2024-05-17,9,36.05923151553135,40.06581279503483,38.06252215528309,0.8620689655172413,0.0,58
y,2024-05-17,10,40.06581279503483,44.072394074538316,42.06910343478657,0.09210526315789473,0.0,38
y,2024-05-17,11,44.072394074538316,48.078975354041795,46.075684714290055,0.08333333333333333,0.0,12
y,2024-05-18,0,0.0,4.006581279503483,2.0032906397517416,0.0125,0.0,40
y,2024-05-18,1,4.006581279503483,8.013162559006966,6.009871919255225,0.013513513513513514,0.0,185
y,2024-05-18,2,8.013162559006966,12.01974383851045,10.016453198758708,0.012422360248447204,0.0,161
y,2024-05-18,3,12.01974383851045,16.026325118013933,14.023034478262192,0.012987012987012988,0.0,154
y,2024-05-18,4,16.026325118013933,20.032906397517415,18.029615757765676,0.018518518518518517,0.0,162
y,2024-05-18,5,20.032906397517415,24.0394876770209,22.036197037269158,0.010101010101010102,0.0,99
y,2024-05-18,6,24.0394876770209,28.046068956524383,26.04277831677264,0.010416666666666666,0.0,96
y,2024-05-18,7,28.046068956524383,32.052650236027866,30.049359596276126,0.02,0.0,75
y,2024-05-18,8,32.052650236027866,36.05923151553135,34.05594087577961,0.036458333333333336,0.0,96
y,2024-05-18,9,36.05923151553135,40.06581279503483,38.06252215528309,0.05172413793103448,0.0,58
y,2024-05-18,10,40.06581279503483,44.072394074538316,42.06910343478657,0.07894736842105263,0.0,38
y,2024-05-18,11,44.072394074538316,48.078975354041795,46.075684714290055,0.08333333333333333,0.0,12
y,2024-05-19,0,0.0,4.006581279503483,2.0032906397517416,0.025,0.0,40
y,2024-05-19,1,4.006581279503483,8.013162559006966,6.009871919255225,0.02972972972972973,0.0,185
y,2024-05-19,2,8.013162559006966,12.01974383851045,10.016453198758708,0.021739130434782608,0.0,161
y,2024-05-19,3,12.01974383851045,16.026325118013933,14.023034478262192,0.016233766233766232,0.0,154
y,2024-05-19,4,16.026325118013933,20.032906397517415,18.029615757765676,0.024691358024691357,0.0,162
y,2024-05-19,5,20.032906397517415,24.0394876770209,22.036197037269158,0.010101010101010102,0.0,99
y,2024-05-19,6,24.0394876770209,28.046068956524383,26.04277831677264,0.020833333333333332,0.0,96
y,2024-05-19,7,28.046068956524383,32.052650236027866,30.049359596276126,0.02,0.0,75
y,2024-05-19,8,32.052650236027866,36.05923151553135,34.05594087577961,0.03125,0.0,96
y,2024-05-19,9,36.05923151553135,40.06581279503483,38.06252215528309,0.0,0.0,58
y,2024-05-19,10,40.06581279503483,44.072394074538316,42.06910343478657,0.0,0.0,38
y,2024-05-19,11,44.072394074538316,48.078975354041795,46.075684714290055,0.0,0.0,12
y,2024-05-20,0,0.0,4.006581279503483,2.0032906397517416,1.35,0.0,40
y,2024-05-20,1,4.006581279503483,8.013162559006966,6.009871919255225,4.097297297297297,0.0,185
y,2024-05-20,2,8.013162559006966,12.01974383851045,10.016453198758708,3.9440993788819876,0.0,161
y,2024-05-20,3,12.01974383851045,16.026325118013933,14.023034478262192,3.5551948051948052,0.0,154
y,2024-05-20,4,16.026325118013933,20.032906397517415,18.029615757765676,4.098765432098766,0.0,162
y,2024-05-20,5,20.032906397517415,24.0394876770209,22.036197037269158,2.9444444444444446,0.0,99
y,2024-05-20,6,24.0394876770209,28.046068956524383,26.04277831677264,3.6354166666666665,0.0,96
y,2024-05-20,7,28.046068956524383,32.052650236027866,30.049359596276126,3.52,0.0,75
y,2024-05-20,8,32.052650236027866,36.05923151553135,34.05594087577961,3.4583333333333335,0.0,96
y,2024-05-20,9,36.05923151553135,40.06581279503483,38.06252215528309,0.8448275862068966,0.0,58
y,2024-05-20,10,40.06581279503483,44.072394074538316,42.06910343478657,0.2236842105263158,0.0,38
y,2024-05-20,11,44.072394074538316,48.078975354041795,46.075684714290055,0.125,0.0,12
y,2024-05-21,0,0.0,4.006581279503483,2.0032906397517416,1.025,0.0,40
y,2024-05-21,1,4.006581279503483,8.013162559006966,6.009871919255225,5.297297297297297,0.0,185
y,2024-05-21,2,8.013162559006966,12.01974383851045,10.016453198758708,5.409937888198757,0.0,161
y,2024-05-21,3,12.01974383851045,16.026325118013933,14.023034478262192,4.714285714285714,0.0,154
y,2024-05-21,4,16.026325118013933,20.032906397517415,18.029615757765676,5.398148148148148,0.0,162
y,2024-05-21,5,20.032906397517415,24.0394876770209,22.036197037269158,4.186868686868687,0.0,99
y,2024-05-21,6,24.0394876770209,28.046068956524383,26.04277831677264,4.854166666666667,0.0,96
y,2024-05-21,7,28.046068956524383,32.052650236027866,30.049359596276126,4.586666666666667,0.0,75
y,2024-05-21,8,32.052650236027866,36.05923151553135,34.05594087577961,4.213541666666667,0.0,96
y,2024-05-21,9,36.05923151553135,40.06581279503483,38.06252215528309,0.7068965517241379,0.0,58
y,2024-05-21,10,40.06581279503483,44.072394074538316,42.06910343478657,0.19736842105263158,0.0,38
y,2024-05-21,11,44.072394074538316,48.078975354041795,46.075684714290055,0.08333333333333333,0.0,12
y,2024-05-22,0,0.0,4.006581279503483,2.0032906397517416,0.45,0.0,40
y,2024-05-22,1,4.006581279503483,8.013162559006966,6.009871919255225,2.2945945945945945,0.0,185
y,2024-05-22,2,8.013162559006966,12.01974383851045,10.016453198758708,2.4130434782608696,0.0,161
y,2024-05-22,3,12.01974383851045,16.026325118013933,14.023034478262192,2.081168831168831,0.0,154
y,2024-05-22,4,16.026325118013933,20.032906397517415,18.029615757765676,2.1944444444444446,0.0,162
y,2024-05-22,5,20.032906397517415,24.0394876770209,22.036197037269158,1.9545454545454546,0.0,99
y,2024-05-22,6,24.0394876770209,28.046068956524383,26.04277831677264,2.0520833333333335,0.0,96
y,2024-05-22,7,28.046068956524383,32.052650236027866,30.049359596276126,1.96,0.0,75
y,2024-05-22,8,32.052650236027866,36.05923151553135,34.05594087577961,1.4739583333333333,0.0,96
y,2024-05-22,9,36.05923151553135,40.06581279503483,38.06252215528309,0.27586206896551724,0.0,58
y,2024-05-22,10,40.06581279503483,44.072394074538316,42.06910343478657,0.15789473684210525,0.0,38
y,2024-05-22,11,44.072394074538316,48.078975354041795,46.075684714290055,0.0,0.0,12
y,2024-05-23,0,0.0,4.006581279503483,2.0032906397517416,2.375,0.0,40
y,2024-05-23,1,4.006581279503483,8.013162559006966,6.009871919255225,7.124324324324324,0.0,185
y,2024-05-23,2,8.013162559006966,12.01974383851045,10.016453198758708,5.940993788819876,0.0,161
y,2024-05-23,3,12.01974383851045,16.026325118013933,14.023034478262192,4.665584415584416,0.5,154
y,2024-05-23,4,16.026325118013933,20.032906397517415,18.029615757765676,6.061728395061729,0.5,162
y,2024-05-23,5,20.032906397517415,24.0394876770209,22.036197037269158,3.606060606060606,0.5,99
y,2024-05-23,6,24.0394876770209,28.046068956524383,26.04277831677264,5.447916666666667,0.0,96
y,2024-05-23,7,28.046068956524383,32.052650236027866,30.049359596276126,5.42,0.0,75
y,2024-05-23,8,32.052650236027866,36.05923151553135,34.05594087577961,6.723958333333333,0.0,96
y,2024-05-23,9,36.05923151553135,40.06581279503483,38.06252215528309,0.8879310344827587,0.0,58
y,2024-05-23,10,40.06581279503483,44.072394074538316,42.06910343478657,0.09210526315789473,0.0,38
y,2024-05-23,11,44.072394074538316,48.078975354041795,46.075684714290055,0.08333333333333333,0.0,12
y,2024-05-24,0,0.0,4.006581279503483,2.0032906397517416,0.425,0.0,40
y,2024-05-24,1,4.006581279503483,8.013162559006966,6.009871919255225,1.0594594594594595,0.0,185
y,2024-05-24,2,8.013162559006966,12.01974383851045,10.016453198758708,0.8944099378881988,0.0,161
y,2024-05-24,3,12.01974383851045,16.026325118013933,14.023034478262192,0.8733766233766234,0.0,154
y,2024-05-24,4,16.026325118013933,20.032906397517415,18.029615757765676,0.9876543209876543,0.0,162
y,2024-05-24,5,20.032906397517415,24.0394876770209,22.036197037269158,0.6616161616161617,0.0,99
y,2024-05-24,6,24.0394876770209,28.046068956524383,26.04277831677264,0.8385416666666666,0.0,96
y,2024-05-24,7,28.046068956524383,32.052650236027866,30.049359596276126,0.86,0.0,75
y,2024-05-24,8,32.052650236027866,36.05923151553135,34.05594087577961,0.9427083333333334,0.0,96
y,2024-05-24,9,36.05923151553135,40.06581279503483,38.06252215528309,0.5689655172413793,0.0,58
y,2024-05-24,10,40.06581279503483,44.072394074538316,42.06910343478657,0.09210526315789473,0.0,38
y,2024-05-24,11,44.072394074538316,48.078975354041795,46.075684714290055,0.08333333333333333,0.0,12
y,2024-05-25,0,0.0,4.006581279503483,2.0032906397517416,0.0125,0.0,40
y,2024-05-25,1,4.006581279503483,8.013162559006966,6.009871919255225,0.013513513513513514,0.0,185
y,2024-05-25,2,8.013162559006966,12.01974383851045,10.016453198758708,0.012422360248447204,0.0,161
y,2024-05-25,3,12.01974383851045,16.026325118013933,14.023034478262192,0.012987012987012988,0.0,154
y,2024-05-25,4,16.026325118013933,20.032906397517415,18.029615757765676,0.018518518518518517,0.0,162
y,2024-05-25,5,20.032906397517415,24.0394876770209,22.036197037269158,0.010101010101010102,0.0,99
y,2024-05-25,6,24.0394876770209,28.046068956524383,26.04277831677264,0.010416666666666666,0.0,96
y,2024-05-25,7,28.046068956524383,32.052650236027866,30.049359596276126,0.02,0.0,75
y,2024-05-25,8,32.052650236027866,36.05923151553135,34.05594087577961,0.036458333333333336,0.0,96
y,2024-05-25,9,36.05923151553135,40.06581279503483,38.06252215528309,0.05172413793103448,0.0,58
y,2024-05-25,10,40.06581279503483,44.072394074538316,42.06910343478657,0.07894736842105263,0.0,38
y,2024-05-25,11,44.072394074538316,48.078975354041795,46.075684714290055,0.08333333333333333,0.0,12
y,2024-05-26,0,0.0,4.006581279503483,2.0032906397517416,0.175,0.0,40
y,2024-05-26,1,4.006581279503483,8.013162559006966,6.009871919255225,0.2918918918918919,0.0,185
y,2024-05-26,2,8.013162559006966,12.01974383851045,10.016453198758708,0.21428571428571427,0.0,161
y,2024-05-26,3,12.01974383851045,16.026325118013933,14.023034478262192,0.16558441558441558,0.0,154
y,2024-05-26,4,16.026325118013933,20.032906397517415,18.029615757765676,0.24382716049382716,0.0,162
y,2024-05-26,5,20.032906397517415,24.0394876770209,22.036197037269158,0.10606060606060606,0.0,99
y,2024-05-26,6,24.0394876770209,28.046068956524383,26.04277831677264,0.203125,0.0,96
y,2024-05-26,7,28.046068956524383,32.052650236027866,30.049359596276126,0.2,0.0,75
y,2024-05-26,8,32.052650236027866,36.05923151553135,34.05594087577961,0.3072916666666667,0.0,96
y,2024-05-26,9,36.05923151553135,40.06581279503483,38.06252215528309,0.034482758620689655,0.0,58
y,2024-05-26,10,40.06581279503483,44.072394074538316,42.06910343478657,0.0,0.0,38
y,2024-05-26,11,44.072394074538316,48.078975354041795,46.075684714290055,0.0,0.0,12
y,2024-05-27,0,0.0,4.006581279503483,2.0032906397517416,1.2375,0.0,40
y,2024-05-27,1,4.006581279503483,8.013162559006966,6.009871919255225,3.964864864864865,0.5,185
y,2024-05-27,2,8.013162559006966,12.01974383851045,10.016453198758708,3.9906832298136647,0.5,161
y,2024-05-27,3,12.01974383851045,16.026325118013933,14.023034478262192,3.405844155844156,0.0,154
y,2024-05-27,4,16.026325118013933,20.032906397517415,18.029615757765676,3.425925925925926,0.5,162
y,2024-05-27,5,20.032906397517415,24.0394876770209,22.036197037269158,2.813131313131313,0.0,99
y,2024-05-27,6,24.0394876770209,28.046068956524383,26.04277831677264,3.5885416666666665,0.5,96
y,2024-05-27,7,28.046068956524383,32.052650236027866,30.049359596276126,3.3666666666666667,0.0,75
y,2024-05-27,8,32.052650236027866,36.05923151553135,34.05594087577961,2.8645833333333335,0.0,96
y,2024-05-27,9,36.05923151553135,40.06581279503483,38.06252215528309,0.7672413793103449,0.0,58
y,2024-05-27,10,40.06581279503483,44.072394074538316,42.06910343478657,0.18421052631578946,0.0,38
y,2024-05-27,11,44.072394074538316,48.078975354041795,46.075684714290055,0.08333333333333333,0.0,12
y,2024-05-28,0,0.0,4.006581279503483,2.0032906397517416,1.05,0.0,40
y,2024-05-28,1,4.006581279503483,8.013162559006966,6.009871919255225,3.3567567567567567,0.0,185
y,2024-05-28,2,8.013162559006966,12.01974383851045,10.016453198758708,3.5962732919254656,0.0,161
y,2024-05-28,3,12.01974383851045,16.026325118013933,14.023034478262192,2.9642857142857144,0.5,154
y,2024-05-28,4,16.026325118013933,20.032906397517415,18.029615757765676,3.5895061728395063,0.5,162
y,2024-05-28,5,20.032906397517415,24.0394876770209,22.036197037269158,2.803030303030303,0.5,99
y,2024-05-28,6,24.0394876770209,28.046068956524383,26.04277831677264,3.265625,0.5,96
y,2024-05-28,7,28.046068956524383,32.052650236027866,30.049359596276126,3.2066666666666666,0.0,75
y,2024-05-28,8,32.052650236027866,36.05923151553135,34.05594087577961,3.2916666666666665,0.0,96
y,2024-05-28,9,36.05923151553135,40.06581279503483,38.06252215528309,0.7413793103448276,0.0,58
y,2024-05-28,10,40.06581279503483,44.072394074538316,42.06910343478657,0.19736842105263158,0.0,38
y,2024-05-28,11,44.072394074538316,48.078975354041795,46.075684714290055,0.08333333333333333,0.0,12
y,2024-05-29,0,0.0,4.006581279503483,2.0032906397517416,0.8875,0.0,40
y,2024-05-29,1,4.006581279503483,8.013162559006966,6.009871919255225,1.8918918918918919,0.0,185
y,2024-05-29,2,8.013162559006966,12.01974383851045,10.016453198758708,2.599378881987578,0.0,161
y,2024-05-29,3,12.01974383851045,16.026325118013933,14.023034478262192,1.8149350649350648,0.0,154
y,2024-05-29,4,16.026325118013933,20.032906397517415,18.029615757765676,2.064814814814815,0.0,162
y,2024-05-29,5,20.032906397517415,24.0394876770209,22.036197037269158,1.5808080808080809,0.0,99
y,2024-05-29,6,24.0394876770209,28.046068956524383,26.04277831677264,2.0416666666666665,0.0,96
y,2024-05-29,7,28.046068956524383,32.052650236027866,30.049359596276126,2.1,0.0,75
y,2024-05-29,8,32.052650236027866,36.05923151553135,34.05594087577961,2.59375,0.0,96
y,2024-05-29,9,36.05923151553135,40.06581279503483,38.06252215528309,1.9051724137931034,0.0,58
y,2024-05-29,10,40.06581279503483,44.072394074538316,42.06910343478657,0.47368421052631576,0.0,38
y,2024-05-29,11,44.072394074538316,48.078975354041795,46.075684714290055,0.041666666666666664,0.0,12
y,2024-05-30,0,0.0,4.006581279503483,2.0032906397517416,0.3375,0.0,40
y,2024-05-30,1,4.006581279503483,8.013162559006966,6.009871919255225,0.6675675675675675,0.0,185
y,2024-05-30,2,8.013162559006966,12.01974383851045,10.016453198758708,0.7639751552795031,0.0,161
y,2024-05-30,3,12.01974383851045,16.026325118013933,14.023034478262192,0.5811688311688312,0.0,154
y,2024-05-30,4,16.026325118013933,20.032906397517415,18.029615757765676,0.7345679012345679,0.0,162
y,2024-05-30,5,20.032906397517415,24.0394876770209,22.036197037269158,0.5808080808080808,0.0,99
y,2024-05-30,6,24.0394876770209,28.046068956524383,26.04277831677264,0.6458333333333334,0.0,96
y,2024-05-30,7,28.046068956524383,32.052650236027866,30.049359596276126,0.68,0.0,75
y,2024-05-30,8,32.052650236027866,36.05923151553135,34.05594087577961,0.640625,0.5,96
y,2024-05-30,9,36.05923151553135,40.06581279503483,38.06252215528309,0.3706896551724138,0.0,58
y,2024-05-30,10,40.06581279503483,44.072394074538316,42.06910343478657,0.3026315789473684,0.0,38
y,2024-05-30,11,44.072394074538316,48.078975354041795,46.075684714290055,0.125,0.0,12
y,2024-05-31,0,0.0,4.006581279503483,2.0032906397517416,0.075,0.0,40
y,2024-05-31,1,4.006581279503483,8.013162559006966,6.009871919255225,0.0945945945945946,0.0,185
y,2024-05-31,2,8.013162559006966,12.01974383851045,10.016453198758708,0.13354037267080746,0.0,161
y,2024-05-31,3,12.01974383851045,16.026325118013933,14.023034478262192,0.09415584415584416,0.0,154
y,2024-05-31,4,16.026325118013933,20.032906397517415,18.029615757765676,0.07407407407407407,0.0,162
y,2024-05-31,5,20.032906397517415,24.0394876770209,22.036197037269158,0.050505050505050504,0.0,99
y,2024-05-31,6,24.0394876770209,28.046068956524383,26.04277831677264,0.10416666666666667,0.0,96
y,2024-05-31,7,28.046068956524383,32.052650236027866,30.049359596276126,0.07333333333333333,0.0,75
y,2024-05-31,8,32.052650236027866,36.05923151553135,34.05594087577961,0.13541666666666666,0.0,96
y,2024-05-31,9,36.05923151553135,40.06581279503483,38.06252215528309,0.13793103448275862,0.0,58
y,2024-05-31,10,40.06581279503483,44.072394074538316,42.06910343478657,0.21052631578947367,0.0,38
y,2024-05-31,11,44.072394074538316,48.078975354041795,46.075684714290055,0.0,0.0,12
y,2024-06-01,0,0.0,4.006581279503483,2.0032906397517416,0.5,0.0,40
y,2024-06-01,1,4.006581279503483,8.013162559006966,6.009871919255225,0.9162162162162162,0.0,185
y,2024-06-01,2,8.013162559006966,12.01974383851045,10.016453198758708,0.6273291925465838,0.0,161
y,2024-06-01,3,12.01974383851045,16.026325118013933,14.023034478262192,0.6168831168831169,0.0,154
y,2024-06-01,4,16.026325118013933,20.032906397517415,18.029615757765676,0.404320987654321,0.0,162
y,2024-06-01,5,20.032906397517415,24.0394876770209,22.036197037269158,0.8333333333333334,0.0,99
y,2024-06-01,6,24.0394876770209,28.046068956524383,26.04277831677264,0.9114583333333334,0.0,96
y,2024-06-01,7,28.046068956524383,32.052650236027866,30.049359596276126,1.3333333333333333,0.0,75
y,2024-06-01,8,32.052650236027866,36.05923151553135,34.05594087577961,0.703125,0.0,96
y,2024-06-01,9,36.05923151553135,40.06581279503483,38.06252215528309,0.47413793103448276,0.0,58
y,2024-06-01,10,40.06581279503483,44.072394074538316,42.06910343478657,0.02631578947368421,0.0,38
y,2024-06-01,11,44.072394074538316,48.078975354041795,46.075684714290055,0.0,0.0,12
y,2024-06-02,0,0.0,4.006581279503483,2.0032906397517416,0.575,0.0,40
y,2024-06-02,1,4.006581279503483,8.013162559006966,6.009871919255225,0.6891891891891891,0.0,185
y,2024-06-02,2,8.013162559006966,12.01974383851045,10.016453198758708,0.5683229813664596,0.0,161
y,2024-06-02,3,12.01974383851045,16.026325118013933,14.023034478262192,0.4318181818181818,0.0,154
y,2024-06-02,4,16.026325118013933,20.032906397517415,18.029615757765676,0.3487654320987654,0.0,162
y,2024-06-02,5,20.032906397517415,24.0394876770209,22.036197037269158,0.6060606060606061,0.0,99
y,2024-06-02,6,24.0394876770209,28.046068956524383,26.04277831677264,0.6614583333333334,0.0,96
y,2024-06-02,7,28.046068956524383,32.052650236027866,30.049359596276126,0.9933333333333333,0.0,75
y,2024-06-02,8,32.052650236027866,36.05923151553135,34.05594087577961,0.90625,0.0,96
y,2024-06-02,9,36.05923151553135,40.06581279503483,38.06252215528309,0.6896551724137931,0.0,58
y,2024-06-02,10,40.06581279503483,44.072394074538316,42.06910343478657,0.23684210526315788,0.0,38
y,2024-06-02,11,44.072394074538316,48.078975354041795,46.075684714290055,0.0,0.0,12
y,2024-06-03,0,0.0,4.006581279503483,2.0032906397517416,1.325,0.0,40
y,2024-06-03,1,4.006581279503483,8.013162559006966,6.009871919255225,2.402702702702703,0.0,185
y,2024-06-03,2,8.013162559006966,12.01974383851045,10.016453198758708,2.8167701863354035,0.5,161
y,2024-06-03,3,12.01974383851045,16.026325118013933,14.023034478262192,2.49025974025974,0.0,154
y,2024-06-03,4,16.026325118013933,20.032906397517415,18.029615757765676,2.70679012345679,0.0,162
y,2024-06-03,5,20.032906397517415,24.0394876770209,22.036197037269158,1.7727272727272727,0.0,99
y,2024-06-03,6,24.0394876770209,28.046068956524383,26.04277831677264,2.8125,0.0,96
y,2024-06-03,7,28.046068956524383,32.052650236027866,30.049359596276126,2.18,0.0,75
y,2024-06-03,8,32.052650236027866,36.05923151553135,34.05594087577961,2.6302083333333335,0.0,96
y,2024-06-03,9,36.05923151553135,40.06581279503483,38.06252215528309,1.2672413793103448,0.0,58
y,2024-06-03,10,40.06581279503483,44.072394074538316,42.06910343478657,0.9210526315789473,0.0,38
y,2024-06-03,11,44.072394074538316,48.078975354041795,46.075684714290055,0.08333333333333333,0.0,12
y,2024-06-04,0,0.0,4.006581279503483,2.0032906397517416,1.15,0.0,40
y,2024-06-04,1,4.006581279503483,8.013162559006966,6.009871919255225,4.089189189189189,0.5,185
y,2024-06-04,2,8.013162559006966,12.01974383851045,10.016453198758708,4.462732919254658,0.5,161
y,2024-06-04,3,12.01974383851045,16.026325118013933,14.023034478262192,3.7824675324675323,0.5,154
y,2024-06-04,4,16.026325118013933,20.032906397517415,18.029615757765676,4.055555555555555,0.5,162
y,2024-06-04,5,20.032906397517415,24.0394876770209,22.036197037269158,2.9242424242424243,0.5,99
y,2024-06-04,6,24.0394876770209,28.046068956524383,26.04277831677264,3.9583333333333335,0.5,96
y,2024-06-04,7,28.046068956524383,32.052650236027866,30.049359596276126,3.8733333333333335,0.5,75
y,2024-06-04,8,32.052650236027866,36.05923151553135,34.05594087577961,3.9895833333333335,0.5,96
y,2024-06-04,9,36.05923151553135,40.06581279503483,38.06252215528309,1.3275862068965518,0.0,58
y,2024-06-04,10,40.06581279503483,44.072394074538316,42.06910343478657,0.3026315789473684,0.0,38
y,2024-06-04,11,44.072394074538316,48.078975354041795,46.075684714290055,0.3333333333333333,0.0,12
y,2024-06-05,0,0.0,4.006581279503483,2.0032906397517416,1.425,0.5,40
y,2024-06-05,1,4.006581279503483,8.013162559006966,6.009871919255225,1.954054054054054,0.5,185
y,2024-06-05,2,8.013162559006966,12.01974383851045,10.016453198758708,2.549689440993789,0.5,161
y,2024-06-05,3,12.01974383851045,16.026325118013933,14.023034478262192,2.2337662337662336,0.5,154
y,2024-06-05,4,16.026325118013933,20.032906397517415,18.029615757765676,2.1419753086419755,0.5,162
y,2024-06-05,5,20.032906397517415,24.0394876770209,22.036197037269158,2.393939393939394,0.5,99
y,2024-06-05,6,24.0394876770209,28.046068956524383,26.04277831677264,2.5260416666666665,0.5,96
y,2024-06-05,7,28.046068956524383,32.052650236027866,30.049359596276126,2.04,0.5,75
y,2024-06-05,8,32.052650236027866,36.05923151553135,34.05594087577961,0.984375,0.0,96
y,2024-06-05,9,36.05923151553135,40.06581279503483,38.06252215528309,0.4051724137931034,0.0,58
y,2024-06-05,10,40.06581279503483,44.072394074538316,42.06910343478657,0.2236842105263158,0.0,38
y,2024-06-05,11,44.072394074538316,48.078975354041795,46.075684714290055,0.08333333333333333,0.0,12
y,2024-06-06,0,0.0,4.006581279503483,2.0032906397517416,0.9125,0.0,40
y,2024-06-06,1,4.006581279503483,8.013162559006966,6.009871919255225,1.9432432432432432,0.5,185
y,2024-06-06,2,8.013162559006966,12.01974383851045,10.016453198758708,1.813664596273292,0.5,161
y,2024-06-06,3,12.01974383851045,16.026325118013933,14.023034478262192,1.6331168831168832,0.5,154
y,2024-06-06,4,16.026325118013933,20.032906397517415,18.029615757765676,1.5987654320987654,0.5,162
y,2024-06-06,5,20.032906397517415,24.0394876770209,22.036197037269158,1.7676767676767677,0.5,99
y,2024-06-06,6,24.0394876770209,28.046068956524383,26.04277831677264,1.9739583333333333,0.5,96
y,2024-06-06,7,28.046068956524383,32.052650236027866,30.049359596276126,2.046666666666667,0.5,75
y,2024-06-06,8,32.052650236027866,36.05923151553135,34.05594087577961,1.265625,0.0,96
y,2024-06-06,9,36.05923151553135,40.06581279503483,38.06252215528309,0.5086206896551724,0.0,58
y,2024-06-06,10,40.06581279503483,44.072394074538316,42.06910343478657,0.09210526315789473,0.0,38
y,2024-06-06,11,44.072394074538316,48.078975354041795,46.075684714290055,0.08333333333333333,0.0,12
y,2024-06-07,0,0.0,4.006581279503483,2.0032906397517416,0.7375,0.0,40
y,2024-06-07,1,4.006581279503483,8.013162559006966,6.009871919255225,0.8918918918918919,0.0,185
y,2024-06-07,2,8.013162559006966,12.01974383851045,10.016453198758708,0.9006211180124224,0.0,161
y,2024-06-07,3,12.01974383851045,16.026325118013933,14.023034478262192,0.7077922077922078,0.0,154
y,2024-06-07,4,16.026325118013933,20.032906397517415,18.029615757765676,0.7129629629629629,0.0,162
y,2024-06-07,5,20.032906397517415,24.0394876770209,22.036197037269158,0.6818181818181818,0.0,99
y,2024-06-07,6,24.0394876770209,28.046068956524383,26.04277831677264,0.7447916666666666,0.0,96
y,2024-06-07,7,28.046068956524383,32.052650236027866,30.049359596276126,0.7533333333333333,0.0,75
y,2024-06-07,8,32.052650236027866,36.05923151553135,34.05594087577961,0.5520833333333334,0.0,96
y,2024-06-07,9,36.05923151553135,40.06581279503483,38.06252215528309,0.23275862068965517,0.0,58
y,2024-06-07,10,40.06581279503483,44.072394074538316,42.06910343478657,0.14473684210526316,0.0,38
y,2024-06-07,11,44.072394074538316,48.078975354041795,46.075684714290055,0.125,0.0,12
y,2024-06-08,0,0.0,4.006581279503483,2.0032906397517416,0.6375,0.0,40
y,2024-06-08,1,4.006581279503483,8.013162559006966,6.009871919255225,0.42162162162162165,0.0,185
y,2024-06-08,2,8.013162559006966,12.01974383851045,10.016453198758708,0.5683229813664596,0.0,161
y,2024-06-08,3,12.01974383851045,16.026325118013933,14.023034478262192,0.32142857142857145,0.0,154
y,2024-06-08,4,16.026325118013933,20.032906397517415,18.029615757765676,0.31790123456790126,0.0,162
y,2024-06-08,5,20.032906397517415,24.0394876770209,22.036197037269158,0.5303030303030303,0.0,99
y,2024-06-08,6,24.0394876770209,28.046068956524383,26.04277831677264,0.671875,0.0,96
y,2024-06-08,7,28.046068956524383,32.052650236027866,30.049359596276126,0.8733333333333333,0.0,75
y,2024-06-08,8,32.052650236027866,36.05923151553135,34.05594087577961,0.8541666666666666,0.0,96
y,2024-06-08,9,36.05923151553135,40.06581279503483,38.06252215528309,0.7586206896551724,0.0,58
y,2024-06-08,10,40.06581279503483,44.072394074538316,42.06910343478657,0.8157894736842105,0.0,38
y,2024-06-08,11,44.072394074538316,48.078975354041795,46.075684714290055,0.125,0.0,12
y,2024-06-09,0,0.0,4.006581279503483,2.0032906397517416,0.85,0.0,40
y,2024-06-09,1,4.006581279503483,8.013162559006966,6.009871919255225,0.6243243243243243,0.0,185
y,2024-06-09,2,8.013162559006966,12.01974383851045,10.016453198758708,0.7111801242236024,0.0,161
y,2024-06-09,3,12.01974383851045,16.026325118013933,14.023034478262192,0.5,0.0,154
y,2024-06-09,4,16.026325118013933,20.032906397517415,18.029615757765676,0.5030864197530864,0.0,162
y,2024-06-09,5,20.032906397517415,24.0394876770209,22.036197037269158,0.6414141414141414,0.0,99
y,2024-06-09,6,24.0394876770209,28.046068956524383,26.04277831677264,0.7916666666666666,0.0,96
y,2024-06-09,7,28.046068956524383,32.052650236027866,30.049359596276126,0.8133333333333334,0.0,75
y,2024-06-09,8,32.052650236027866,36.05923151553135,34.05594087577961,1.015625,0.0,96
y,2024-06-09,9,36.05923151553135,40.06581279503483,38.06252215528309,0.9568965517241379,0.0,58
y,2024-06-09,10,40.06581279503483,44.072394074538316,42.06910343478657,0.6578947368421053,0.0,38
y,2024-06-09,11,44.072394074538316,48.078975354041795,46.075684714290055,0.0,0.0,12
y,2024-06-10,0,0.0,4.006581279503483,2.0032906397517416,1.675,0.0,40
y,2024-06-10,1,4.006581279503483,8.013162559006966,6.009871919255225,2.3405405405405406,0.0,185
y,2024-06-10,2,8.013162559006966,12.01974383851045,10.016453198758708,2.139751552795031,0.0,161
y,2024-06-10,3,12.01974383851045,16.026325118013933,14.023034478262192,2.198051948051948,0.0,154
y,2024-06-10,4,16.026325118013933,20.032906397517415,18.029615757765676,2.2160493827160495,0.5,162
y,2024-06-10,5,20.032906397517415,24.0394876770209,22.036197037269158,2.227272727272727,0.5,99
y,2024-06-10,6,24.0394876770209,28.046068956524383,26.04277831677264,2.4114583333333335,0.5,96
y,2024-06-10,7,28.046068956524383,32.052650236027866,30.049359596276126,1.6533333333333333,0.0,75
y,2024-06-10,8,32.052650236027866,36.05923151553135,34.05594087577961,1.2083333333333333,0.0,96
y,2024-06-10,9,36.05923151553135,40.06581279503483,38.06252215528309,0.13793103448275862,0.0,58
y,2024-06-10,10,40.06581279503483,44.072394074538316,42.06910343478657,0.07894736842105263,0.0,38
y,2024-06-10,11,44.072394074538316,48.078975354041795,46.075684714290055,0.0,0.0,12
y,2024-06-11,0,0.0,4.006581279503483,2.0032906397517416,1.2875,0.0,40
y,2024-06-11,1,4.006581279503483,8.013162559006966,6.009871919255225,1.8675675675675676,0.0,185
y,2024-06-11,2,8.013162559006966,12.01974383851045,10.016453198758708,1.84472049689441,0.0,161
y,2024-06-11,3,12.01974383851045,16.026325118013933,14.023034478262192,1.5422077922077921,0.0,154
y,2024-06-11,4,16.026325118013933,20.032906397517415,18.029615757765676,1.345679012345679,0.0,162
y,2024-06-11,5,20.032906397517415,24.0394876770209,22.036197037269158,1.5808080808080809,0.0,99
y,2024-06-11,6,24.0394876770209,28.046068956524383,26.04277831677264,1.8125,0.0,96
y,2024-06-11,7,28.046068956524383,32.052650236027866,30.049359596276126,1.9333333333333333,0.0,75
y,2024-06-11,8,32.052650236027866,36.05923151553135,34.05594087577961,1.0625,0.0,96
y,2024-06-11,9,36.05923151553135,40.06581279503483,38.06252215528309,0.45689655172413796,0.0,58
y,2024-06-11,10,40.06581279503483,44.072394074538316,42.06910343478657,0.3026315789473684,0.0,38
y,2024-06-11,11,44.072394074538316,48.078975354041795,46.075684714290055,0.3333333333333333,0.0,12
y,2024-06-12,0,0.0,4.006581279503483,2.0032906397517416,2.325,0.0,40
y,2024-06-12,1,4.006581279503483,8.013162559006966,6.009871919255225,5.421621621621622,0.0,185
y,2024-06-12,2,8.013162559006966,12.01974383851045,10.016453198758708,4.5186335403726705,0.0,161
y,2024-06-12,3,12.01974383851045,16.026325118013933,14.023034478262192,3.522727272727273,0.0,154
y,2024-06-12,4,16.026325118013933,20.032906397517415,18.029615757765676,4.256172839506172,0.5,162
y,2024-06-12,5,20.032906397517415,24.0394876770209,22.036197037269158,2.282828282828283,0.0,99
y,2024-06-12,6,24.0394876770209,28.046068956524383,26.04277831677264,4.359375,0.0,96
y,2024-06-12,7,28.046068956524383,32.052650236027866,30.049359596276126,4.113333333333333,0.0,75
y,2024-06-12,8,32.052650236027866,36.05923151553135,34.05594087577961,5.125,0.0,96
y,2024-06-12,9,36.05923151553135,40.06581279503483,38.06252215528309,0.22413793103448276,0.0,58
y,2024-06-12,10,40.06581279503483,44.072394074538316,42.06910343478657,0.09210526315789473,0.0,38
y,2024-06-12,11,44.072394074538316,48.078975354041795,46.075684714290055,0.08333333333333333,0.0,12
y,2024-06-13,0,0.0,4.006581279503483,2.0032906397517416,1.2375,0.0,40
y,2024-06-13,1,4.006581279503483,8.013162559006966,6.009871919255225,3.535135135135135,0.0,185
y,2024-06-13,2,8.013162559006966,12.01974383851045,10.016453198758708,3.4254658385093166,0.0,161
y,2024-06-13,3,12.01974383851045,16.026325118013933,14.023034478262192,2.659090909090909,0.0,154
y,2024-06-13,4,16.026325118013933,20.032906397517415,18.029615757765676,2.8055555555555554,0.0,162
y,2024-06-13,5,20.032906397517415,24.0394876770209,22.036197037269158,2.212121212121212,0.0,99
y,2024-06-13,6,24.0394876770209,28.046068956524383,26.04277831677264,2.8645833333333335,0.0,96
y,2024-06-13,7,28.046068956524383,32.052650236027866,30.049359596276126,2.8533333333333335,0.0,75
y,2024-06-13,8,32.052650236027866,36.05923151553135,34.05594087577961,2.671875,0.0,96
y,2024-06-13,9,36.05923151553135,40.06581279503483,38.06252215528309,0.1206896551724138,0.0,58
y,2024-06-13,10,40.06581279503483,44.072394074538316,42.06910343478657,0.039473684210526314,0.0,38
y,2024-06-13,11,44.072394074538316,48.078975354041795,46.075684714290055,0.0,0.0,12
y,2024-06-14,0,0.0,4.006581279503483,2.0032906397517416,0.7375,0.0,40
y,2024-06-14,1,4.006581279503483,8.013162559006966,6.009871919255225,0.8729729729729729,0.0,185
y,2024-06-14,2,8.013162559006966,12.01974383851045,10.016453198758708,0.9658385093167702,0.0,161
y,2024-06-14,3,12.01974383851045,16.026325118013933,14.023034478262192,0.8668831168831169,0.0,154
y,2024-06-14,4,16.026325118013933,20.032906397517415,18.029615757765676,0.8950617283950617,0.0,162
y,2024-06-14,5,20.032906397517415,24.0394876770209,22.036197037269158,0.9797979797979798,0.0,99
y,2024-06-14,6,24.0394876770209,28.046068956524383,26.04277831677264,0.859375,0.0,96
y,2024-06-14,7,28.046068956524383,32.052650236027866,30.049359596276126,0.7933333333333333,0.0,75
y,2024-06-14,8,32.052650236027866,36.05923151553135,34.05594087577961,0.4375,0.0,96
y,2024-06-14,9,36.05923151553135,40.06581279503483,38.06252215528309,0.22413793103448276,0.0,58
y,2024-06-14,10,40.06581279503483,44.072394074538316,42.06910343478657,0.18421052631578946,0.0,38
y,2024-06-14,11,44.072394074538316,48.078975354041795,46.075684714290055,0.08333333333333333,0.0,12
y,2024-06-15,0,0.0,4.006581279503483,2.0032906397517416,0.0125,0.0,40
y,2024-06-15,1,4.006581279503483,8.013162559006966,6.009871919255225,0.013513513513513514,0.0,185
y,2024-06-15,2,8.013162559006966,12.01974383851045,10.016453198758708,0.012422360248447204,0.0,161
y,2024-06-15,3,12.01974383851045,16.026325118013933,14.023034478262192,0.012987012987012988,0.0,154
y,2024-06-15,4,16.026325118013933,20.032906397517415,18.029615757765676,0.018518518518518517,0.0,162
y,2024-06-15,5,20.032906397517415,24.0394876770209,22.036197037269158,0.010101010101010102,0.0,99
y,2024-06-15,6,24.0394876770209,28.046068956524383,26.04277831677264,0.010416666666666666,0.0,96
y,2024-06-15,7,28.046068956524383,32.052650236027866,30.049359596276126,0.02,0.0,75
y,2024-06-15,8,32.052650236027866,36.05923151553135,34.05594087577961,0.036458333333333336,0.0,96
y,2024-06-15,9,36.05923151553135,40.06581279503483,38.06252215528309,0.05172413793103448,0.0,58
y,2024-06-15,10,40.06581279503483,44.072394074538316,42.06910343478657,0.07894736842105263,0.0,38
y,2024-06-15,11,44.072394074538316,48.078975354041795,46.075684714290055,0.08333333333333333,0.0,12
y,2024-06-16,0,0.0,4.006581279503483,2.0032906397517416,0.025,0.0,40
y,2024-06-16,1,4.006581279503483,8.013162559006966,6.009871919255225,0.02702702702702703,0.0,185
y,2024-06-16,2,8.013162559006966,12.01974383851045,10.016453198758708,0.027950310559006212,0.0,161
y,2024-06-16,3,12.01974383851045,16.026325118013933,14.023034478262192,0.01948051948051948,0.0,154
y,2024-06-16,4,16.026325118013933,20.032906397517415,18.029615757765676,0.021604938271604937,0.0,162
y,2024-06-16,5,20.032906397517415,24.0394876770209,22.036197037269158,0.020202020202020204,0.0,99
y,2024-06-16,6,24.0394876770209,28.046068956524383,26.04277831677264,0.020833333333333332,0.0,96
y,2024-06-16,7,28.046068956524383,32.052650236027866,30.049359596276126,0.02,0.0,75
y,2024-06-16,8,32.052650236027866,36.05923151553135,34.05594087577961,0.015625,0.0,96
y,2024-06-16,9,36.05923151553135,40.06581279503483,38.06252215528309,0.0,0.0,58
y,2024-06-16,10,40.06581279503483,44.072394074538316,42.06910343478657,0.0,0.0,38
y,2024-06-16,11,44.072394074538316,48.078975354041795,46.075684714290055,0.0,0.0,12
y,2024-06-17,0,0.0,4.006581279503483,2.0032906397517416,1.5625,0.0,40
y,2024-06-17,1,4.006581279503483,8.013162559006966,6.009871919255225,2.9297297297297296,0.0,185
y,2024-06-17,2,8.013162559006966,12.01974383851045,10.016453198758708,2.8944099378881987,0.0,161
y,2024-06-17,3,12.01974383851045,16.026325118013933,14.023034478262192,2.594155844155844,0.0,154
y,2024-06-17,4,16.026325118013933,20.032906397517415,18.029615757765676,2.728395061728395,0.0,162
y,2024-06-17,5,20.032906397517415,24.0394876770209,22.036197037269158,2.707070707070707,0.0,99
y,2024-06-17,6,24.0394876770209,28.046068956524383,26.04277831677264,3.0,0.0,96
y,2024-06-17,7,28.046068956524383,32.052650236027866,30.049359596276126,2.546666666666667,0.0,75
y,2024-06-17,8,32.052650236027866,36.05923151553135,34.05594087577961,1.2447916666666667,0.0,96
y,2024-06-17,9,36.05923151553135,40.06581279503483,38.06252215528309,0.06896551724137931,0.0,58
y,2024-06-17,10,40.06581279503483,44.072394074538316,42.06910343478657,0.039473684210526314,0.0,38
y,2024-06-17,11,44.072394074538316,48.078975354041795,46.075684714290055,0.0,0.0,12
y,2024-06-18,0,0.0,4.006581279503483,2.0032906397517416,2.1125,0.0,40
y,2024-06-18,1,4.006581279503483,8.013162559006966,6.009871919255225,4.1891891891891895,0.0,185
y,2024-06-18,2,8.013162559006966,12.01974383851045,10.016453198758708,4.484472049689441,0.0,161
y,2024-06-18,3,12.01974383851045,16.026325118013933,14.023034478262192,4.003246753246753,0.5,154
y,2024-06-18,4,16.026325118013933,20.032906397517415,18.029615757765676,4.101851851851852,0.5,162
y,2024-06-18,5,20.032906397517415,24.0394876770209,22.036197037269158,4.151515151515151,0.5,99
y,2024-06-18,6,24.0394876770209,28.046068956524383,26.04277831677264,4.520833333333333,0.0,96
y,2024-06-18,7,28.046068956524383,32.052650236027866,30.049359596276126,3.933333333333333,0.0,75
y,2024-06-18,8,32.052650236027866,36.05923151553135,34.05594087577961,2.2239583333333335,0.0,96
y,2024-06-18,9,36.05923151553135,40.06581279503483,38.06252215528309,0.16379310344827586,0.0,58
y,2024-06-18,10,40.06581279503483,44.072394074538316,42.06910343478657,0.039473684210526314,0.0,38
y,2024-06-18,11,44.072394074538316,48.078975354041795,46.075684714290055,0.0,0.0,12
y,2024-06-19,0,0.0,4.006581279503483,2.0032906397517416,1.5125,0.0,40
y,2024-06-19,1,4.006581279503483,8.013162559006966,6.009871919255225,4.324324324324325,0.0,185
y,2024-06-19,2,8.013162559006966,12.01974383851045,10.016453198758708,4.785714285714286,0.0,161
y,2024-06-19,3,12.01974383851045,16.026325118013933,14.023034478262192,4.061688311688312,0.0,154
y,2024-06-19,4,16.026325118013933,20.032906397517415,18.029615757765676,3.9104938271604937,0.0,162
y,2024-06-19,5,20.032906397517415,24.0394876770209,22.036197037269158,3.95959595959596,0.0,99
y,2024-06-19,6,24.0394876770209,28.046068956524383,26.04277831677264,4.005208333333333,0.0,96
y,2024-06-19,7,28.046068956524383,32.052650236027866,30.049359596276126,3.7866666666666666,0.0,75
y,2024-06-19,8,32.052650236027866,36.05923151553135,34.05594087577961,2.2916666666666665,0.0,96
y,2024-06-19,9,36.05923151553135,40.06581279503483,38.06252215528309,0.20689655172413793,0.0,58
y,2024-06-19,10,40.06581279503483,44.072394074538316,42.06910343478657,0.039473684210526314,0.0,38
y,2024-06-19,11,44.072394074538316,48.078975354041795,46.075684714290055,0.0,0.0,12
y,2024-06-20,0,0.0,4.006581279503483,2.0032906397517416,1.4,0.0,40
y,2024-06-20,1,4.006581279503483,8.013162559006966,6.009871919255225,3.1324324324324326,0.0,185
y,2024-06-20,2,8.013162559006966,12.01974383851045,10.016453198758708,3.142857142857143,0.0,161
y,2024-06-20,3,12.01974383851045,16.026325118013933,14.023034478262192,2.9967532467532467,0.5,154
y,2024-06-20,4,16.026325118013933,20.032906397517415,18.029615757765676,3.064814814814815,0.5,162
y,2024-06-20,5,20.032906397517415,24.0394876770209,22.036197037269158,2.9646464646464645,0.0,99
y,2024-06-20,6,24.0394876770209,28.046068956524383,26.04277831677264,3.1041666666666665,0.0,96
y,2024-06-20,7,28.046068956524383,32.052650236027866,30.049359596276126,2.88,0.0,75
y,2024-06-20,8,32.052650236027866,36.05923151553135,34.05594087577961,1.40625,0.0,96
y,2024-06-20,9,36.05923151553135,40.06581279503483,38.06252215528309,0.5689655172413793,0.0,58
y,2024-06-20,10,40.06581279503483,44.072394074538316,42.06910343478657,0.3157894736842105,0.0,38
y,2024-06-20,11,44.072394074538316,48.078975354041795,46.075684714290055,0.0,0.0,12
y,2024-06-21,0,0.0,4.006581279503483,2.0032906397517416,0.3125,0.0,40
y,2024-06-21,1,4.006581279503483,8.013162559006966,6.009871919255225,0.6594594594594595,0.0,185
y,2024-06-21,2,8.013162559006966,12.01974383851045,10.016453198758708,0.6770186335403726,0.0,161
y,2024-06-21,3,12.01974383851045,16.026325118013933,14.023034478262192,0.6428571428571429,0.0,154
y,2024-06-21,4,16.026325118013933,20.032906397517415,18.029615757765676,0.7376543209876543,0.0,162
y,2024-06-21,5,20.032906397517415,24.0394876770209,22.036197037269158,0.5858585858585859,0.0,99
y,2024-06-21,6,24.0394876770209,28.046068956524383,26.04277831677264,0.5885416666666666,0.0,96
y,2024-06-21,7,28.046068956524383,32.052650236027866,30.049359596276126,0.5866666666666667,0.0,75
y,2024-06-21,8,32.052650236027866,36.05923151553135,34.05594087577961,0.65625,0.0,96
y,2024-06-21,9,36.05923151553135,40.06581279503483,38.06252215528309,0.4396551724137931,0.0,58
y,2024-06-21,10,40.06581279503483,44.072394074538316,42.06910343478657,0.4473684210526316,0.0,38
y,2024-06-21,11,44.072394074538316,48.078975354041795,46.075684714290055,0.0,0.0,12
y,2024-06-22,0,0.0,4.006581279503483,2.0032906397517416,0.025,0.0,40
y,2024-06-22,1,4.006581279503483,8.013162559006966,6.009871919255225,0.02972972972972973,0.0,185
y,2024-06-22,2,8.013162559006966,12.01974383851045,10.016453198758708,0.009316770186335404,0.0,161
y,2024-06-22,3,12.01974383851045,16.026325118013933,14.023034478262192,0.012987012987012988,0.0,154
y,2024-06-22,4,16.026325118013933,20.032906397517415,18.029615757765676,0.009259259259259259,0.0,162
y,2024-06-22,5,20.032906397517415,24.0394876770209,22.036197037269158,0.010101010101010102,0.0,99
y,2024-06-22,6,24.0394876770209,28.046068956524383,26.04277831677264,0.026041666666666668,0.0,96
y,2024-06-22,7,28.046068956524383,32.052650236027866,30.049359596276126,0.02666666666666667,0.0,75
y,2024-06-22,8,32.052650236027866,36.05923151553135,34.05594087577961,0.041666666666666664,0.0,96
y,2024-06-22,9,36.05923151553135,40.06581279503483,38.06252215528309,0.034482758620689655,0.0,58
y,2024-06-22,10,40.06581279503483,44.072394074538316,42.06910343478657,0.02631578947368421,0.0,38
y,2024-06-22,11,44.072394074538316,48.078975354041795,46.075684714290055,0.0,0.0,12
y,2024-06-23,0,0.0,4.006581279503483,2.0032906397517416,0.025,0.0,40
y,2024-06-23,1,4.006581279503483,8.013162559006966,6.009871919255225,0.02972972972972973,0.0,185
y,2024-06-23,2,8.013162559006966,12.01974383851045,10.016453198758708,0.021739130434782608,0.0,161
y,2024-06-23,3,12.01974383851045,16.026325118013933,14.023034478262192,0.016233766233766232,0.0,154
y,2024-06-23,4,16.026325118013933,20.032906397517415,18.029615757765676,0.024691358024691357,0.0,162
y,2024-06-23,5,20.032906397517415,24.0394876770209,22.036197037269158,0.010101010101010102,0.0,99
y,2024-06-23,6,24.0394876770209,28.046068956524383,26.04277831677264,0.020833333333333332,0.0,96
y,2024-06-23,7,28.046068956524383,32.052650236027866,30.049359596276126,0.02,0.0,75
y,2024-06-23,8,32.052650236027866,36.05923151553135,34.05594087577961,0.03125,0.0,96
y,2024-06-23,9,36.05923151553135,40.06581279503483,38.06252215528309,0.0,0.0,58
y,2024-06-23,10,40.06581279503483,44.072394074538316,42.06910343478657,0.0,0.0,38
y,2024-06-23,11,44.072394074538316,48.078975354041795,46.075684714290055,0.0,0.0,12
y,2024-06-24,0,0.0,4.006581279503483,2.0032906397517416,0.5625,0.0,40
y,2024-06-24,1,4.006581279503483,8.013162559006966,6.009871919255225,1.2432432432432432,0.0,185
y,2024-06-24,2,8.013162559006966,12.01974383851045,10.016453198758708,1.4223602484472049,0.0,161
y,2024-06-24,3,12.01974383851045,16.026325118013933,14.023034478262192,1.2467532467532467,0.0,154
y,2024-06-24,4,16.026325118013933,20.032906397517415,18.029615757765676,1.154320987654321,0.0,162
y,2024-06-24,5,20.032906397517415,24.0394876770209,22.036197037269158,1.202020202020202,0.0,99
y,2024-06-24,6,24.0394876770209,28.046068956524383,26.04277831677264,1.0989583333333333,0.0,96
y,2024-06-24,7,28.046068956524383,32.052650236027866,30.049359596276126,1.06,0.0,75
y,2024-06-24,8,32.052650236027866,36.05923151553135,34.05594087577961,0.4791666666666667,0.0,96
y,2024-06-24,9,36.05923151553135,40.06581279503483,38.06252215528309,0.034482758620689655,0.0,58
y,2024-06-24,10,40.06581279503483,44.072394074538316,42.06910343478657,0.039473684210526314,0.0,38
y,2024-06-24,11,44.072394074538316,48.078975354041795,46.075684714290055,0.0,0.0,12
y,2024-06-25,0,0.0,4.006581279503483,2.0032906397517416,0.6375,0.0,40
y,2024-06-25,1,4.006581279503483,8.013162559006966,6.009871919255225,1.8756756756756756,0.0,185
y,2024-06-25,2,8.013162559006966,12.01974383851045,10.016453198758708,1.9254658385093169,0.0,161
y,2024-06-25,3,12.01974383851045,16.026325118013933,14.023034478262192,1.6103896103896105,0.0,154
y,2024-06-25,4,16.026325118013933,20.032906397517415,18.029615757765676,1.7222222222222223,0.0,162
y,2024-06-25,5,20.032906397517415,24.0394876770209,22.036197037269158,1.4141414141414141,0.0,99
y,2024-06-25,6,24.0394876770209,28.046068956524383,26.04277831677264,1.5833333333333333,0.0,96
y,2024-06-25,7,28.046068956524383,32.052650236027866,30.049359596276126,1.52,0.0,75
y,2024-06-25,8,32.052650236027866,36.05923151553135,34.05594087577961,1.203125,0.0,96
y,2024-06-25,9,36.05923151553135,40.06581279503483,38.06252215528309,0.02586206896551724,0.0,58
y,2024-06-25,10,40.06581279503483,44.072394074538316,42.06910343478657,0.039473684210526314,0.0,38
y,2024-06-25,11,44.072394074538316,48.078975354041795,46.075684714290055,0.0,0.0,12
y,2024-06-26,0,0.0,4.006581279503483,2.0032906397517416,0.2125,0.0,40
y,2024-06-26,1,4.006581279503483,8.013162559006966,6.009871919255225,0.8189189189189189,0.0,185
y,2024-06-26,2,8.013162559006966,12.01974383851045,10.016453198758708,0.9285714285714286,0.0,161
y,2024-06-26,3,12.01974383851045,16.026325118013933,14.023034478262192,0.7694805194805194,0.0,154
y,2024-06-26,4,16.026325118013933,20.032906397517415,18.029615757765676,0.8302469135802469,0.0,162
y,2024-06-26,5,20.032906397517415,24.0394876770209,22.036197037269158,0.696969696969697,0.0,99
y,2024-06-26,6,24.0394876770209,28.046068956524383,26.04277831677264,0.7760416666666666,0.0,96
y,2024-06-26,7,28.046068956524383,32.052650236027866,30.049359596276126,0.76,0.0,75
y,2024-06-26,8,32.052650236027866,36.05923151553135,34.05594087577961,0.640625,0.0,96
y,2024-06-26,9,36.05923151553135,40.06581279503483,38.06252215528309,0.1206896551724138,0.0,58
y,2024-06-26,10,40.06581279503483,44.072394074538316,42.06910343478657,0.039473684210526314,0.0,38
y,2024-06-26,11,44.072394074538316,48.078975354041795,46.075684714290055,0.0,0.0,12
y,2024-06-27,0,0.0,4.006581279503483,2.0032906397517416,0.5875,0.0,40
y,2024-06-27,1,4.006581279503483,8.013162559006966,6.009871919255225,0.7756756756756756,0.0,185
y,2024-06-27,2,8.013162559006966,12.01974383851045,10.016453198758708,0.7267080745341615,0.0,161
y,2024-06-27,3,12.01974383851045,16.026325118013933,14.023034478262192,0.762987012987013,0.0,154
y,2024-06-27,4,16.026325118013933,20.032906397517415,18.029615757765676,0.8765432098765432,0.0,162
y,2024-06-27,5,20.032906397517415,24.0394876770209,22.036197037269158,0.8737373737373737,0.0,99
y,2024-06-27,6,24.0394876770209,28.046068956524383,26.04277831677264,0.96875,0.0,96
y,2024-06-27,7,28.046068956524383,32.052650236027866,30.049359596276126,0.6466666666666666,0.0,75
y,2024-06-27,8,32.052650236027866,36.05923151553135,34.05594087577961,0.203125,0.0,96
y,2024-06-27,9,36.05923151553135,40.06581279503483,38.06252215528309,0.02586206896551724,0.0,58
y,2024-06-27,10,40.06581279503483,44.072394074538316,42.06910343478657,0.039473684210526314,0.0,38
y,2024-06-27,11,44.072394074538316,48.078975354041795,46.075684714290055,0.0,0.0,12
y,2024-06-28,0,0.0,4.006581279503483,2.0032906397517416,0.075,0.0,40
y,2024-06-28,1,4.006581279503483,8.013162559006966,6.009871919255225,0.10810810810810811,0.0,185
y,2024-06-28,2,8.013162559006966,12.01974383851045,10.016453198758708,0.11801242236024845,0.0,161
y,2024-06-28,3,12.01974383851045,16.026325118013933,14.023034478262192,0.11363636363636363,0.0,154
y,2024-06-28,4,16.026325118013933,20.032906397517415,18.029615757765676,0.12345679012345678,0.0,162
y,2024-06-28,5,20.032906397517415,24.0394876770209,22.036197037269158,0.12121212121212122,0.0,99
y,2024-06-28,6,24.0394876770209,28.046068956524383,26.04277831677264,0.125,0.0,96
y,2024-06-28,7,28.046068956524383,32.052650236027866,30.049359596276126,0.09333333333333334,0.0,75
y,2024-06-28,8,32.052650236027866,36.05923151553135,34.05594087577961,0.09895833333333333,0.0,96
y,2024-06-28,9,36.05923151553135,40.06581279503483,38.06252215528309,0.09482758620689655,0.0,58
y,2024-06-28,10,40.06581279503483,44.072394074538316,42.06910343478657,0.09210526315789473,0.0,38
y,2024-06-28,11,44.072394074538316,48.078975354041795,46.075684714290055,0.0,0.0,12
y,2024-06-29,0,0.0,4.006581279503483,2.0032906397517416,0.0,0.0,40
y,2024-06-29,1,4.006581279503483,8.013162559006966,6.009871919255225,0.0,0.0,185
y,2024-06-29,2,8.013162559006966,12.01974383851045,10.016453198758708,0.0,0.0,161
y,2024-06-29,3,12.01974383851045,16.026325118013933,14.023034478262192,0.0,0.0,154
y,2024-06-29,4,16.026325118013933,20.032906397517415,18.029615757765676,0.0,0.0,162
y,2024-06-29,5,20.032906397517415,24.0394876770209,22.036197037269158,0.0,0.0,99
y,2024-06-29,6,24.0394876770209,28.046068956524383,26.04277831677264,0.0,0.0,96
y,2024-06-29,7,28.046068956524383,32.052650236027866,30.049359596276126,0.0,0.0,75
y,2024-06-29,8,32.052650236027866,36.05923151553135,34.05594087577961,0.0,0.0,96
y,2024-06-29,9,36.05923151553135,40.06581279503483,38.06252215528309,0.0,0.0,58
y,2024-06-29,10,40.06581279503483,44.072394074538316,42.06910343478657,0.0,0.0,38
y,2024-06-29,11,44.072394074538316,48.078975354041795,46.075684714290055,0.0,0.0,12
y,2024-06-30,0,0.0,4.006581279503483,2.0032906397517416,0.05,0.0,40
y,2024-06-30,1,4.006581279503483,8.013162559006966,6.009871919255225,0.06756756756756757,0.0,185
y,2024-06-30,2,8.013162559006966,12.01974383851045,10.016453198758708,0.062111801242236024,0.0,161
y,2024-06-30,3,12.01974383851045,16.026325118013933,14.023034478262192,0.08441558441558442,0.0,154
y,2024-06-30,4,16.026325118013933,20.032906397517415,18.029615757765676,0.09567901234567901,0.0,162
y,2024-06-30,5,20.032906397517415,24.0394876770209,22.036197037269158,0.08080808080808081,0.0,99
y,2024-06-30,6,24.0394876770209,28.046068956524383,26.04277831677264,0.0625,0.0,96
y,2024-06-30,7,28.046068956524383,32.052650236027866,30.049359596276126,0.02666666666666667,0.0,75
y,2024-06-30,8,32.052650236027866,36.05923151553135,34.05594087577961,0.0,0.0,96
y,2024-06-30,9,36.05923151553135,40.06581279503483,38.06252215528309,0.0,0.0,58
y,2024-06-30,10,40.06581279503483,44.072394074538316,42.06910343478657,0.0,0.0,38
y,2024-06-30,11,44.072394074538316,48.078975354041795,46.075684714290055,0.0,0.0,12
y,2024-07-01,0,0.0,4.006581279503483,2.0032906397517416,2.1375,0.0,40
y,2024-07-01,1,4.006581279503483,8.013162559006966,6.009871919255225,2.708108108108108,0.0,185
y,2024-07-01,2,8.013162559006966,12.01974383851045,10.016453198758708,2.8229813664596275,0.0,161
y,2024-07-01,3,12.01974383851045,16.026325118013933,14.023034478262192,2.470779220779221,0.0,154
y,2024-07-01,4,16.026325118013933,20.032906397517415,18.029615757765676,2.932098765432099,0.0,162
y,2024-07-01,5,20.032906397517415,24.0394876770209,22.036197037269158,2.227272727272727,0.0,99
y,2024-07-01,6,24.0394876770209,28.046068956524383,26.04277831677264,3.1822916666666665,0.0,96
y,2024-07-01,7,28.046068956524383,32.052650236027866,30.049359596276126,2.1466666666666665,0.0,75
y,2024-07-01,8,32.052650236027866,36.05923151553135,34.05594087577961,1.6510416666666667,0.0,96
y,2024-07-01,9,36.05923151553135,40.06581279503483,38.06252215528309,0.13793103448275862,0.0,58
y,2024-07-01,10,40.06581279503483,44.072394074538316,42.06910343478657,0.0,0.0,38
y,2024-07-01,11,44.072394074538316,48.078975354041795,46.075684714290055,0.0,0.0,12
y,2024-07-02,0,0.0,4.006581279503483,2.0032906397517416,1.725,0.0,40
y,2024-07-02,1,4.006581279503483,8.013162559006966,6.009871919255225,5.805405405405406,0.0,185
y,2024-07-02,2,8.013162559006966,12.01974383851045,10.016453198758708,5.919254658385094,0.0,161
y,2024-07-02,3,12.01974383851045,16.026325118013933,14.023034478262192,5.711038961038961,0.0,154
y,2024-07-02,4,16.026325118013933,20.032906397517415,18.029615757765676,5.981481481481482,0.25,162
y,2024-07-02,5,20.032906397517415,24.0394876770209,22.036197037269158,5.101010101010101,0.0,99
y,2024-07-02,6,24.0394876770209,28.046068956524383,26.04277831677264,5.447916666666667,0.0,96
y,2024-07-02,7,28.046068956524383,32.052650236027866,30.049359596276126,4.946666666666666,0.0,75
y,2024-07-02,8,32.052650236027866,36.05923151553135,34.05594087577961,3.7135416666666665,0.0,96
y,2024-07-02,9,36.05923151553135,40.06581279503483,38.06252215528309,0.5517241379310345,0.0,58
y,2024-07-02,10,40.06581279503483,44.072394074538316,42.06910343478657,0.0,0.0,38
y,2024-07-02,11,44.072394074538316,48.078975354041795,46.075684714290055,0.0,0.0,12
y,2024-07-03,0,0.0,4.006581279503483,2.0032906397517416,2.425,0.0,40
y,2024-07-03,1,4.006581279503483,8.013162559006966,6.009871919255225,11.035135135135135,0.0,185
y,2024-07-03,2,8.013162559006966,12.01974383851045,10.016453198758708,10.695652173913043,0.0,161
y,2024-07-03,3,12.01974383851045,16.026325118013933,14.023034478262192,9.357142857142858,0.0,154
y,2024-07-03,4,16.026325118013933,20.032906397517415,18.029615757765676,11.12962962962963,0.0,162
y,2024-07-03,5,20.032906397517415,24.0394876770209,22.036197037269158,8.222222222222221,0.0,99
y,2024-07-03,6,24.0394876770209,28.046068956524383,26.04277831677264,9.953125,0.0,96
y,2024-07-03,7,28.046068956524383,32.052650236027866,30.049359596276126,9.36,0.0,75
y,2024-07-03,8,32.052650236027866,36.05923151553135,34.05594087577961,9.598958333333334,0.0,96
y,2024-07-03,9,36.05923151553135,40.06581279503483,38.06252215528309,1.5775862068965518,0.0,58
y,2024-07-03,10,40.06581279503483,44.072394074538316,42.06910343478657,0.39473684210526316,0.0,38
y,2024-07-03,11,44.072394074538316,48.078975354041795,46.075684714290055,0.0,0.0,12
y,2024-07-04,0,0.0,4.006581279503483,2.0032906397517416,2.875,0.0,40
y,2024-07-04,1,4.006581279503483,8.013162559006966,6.009871919255225,3.535135135135135,0.0,185
y,2024-07-04,2,8.013162559006966,12.01974383851045,10.016453198758708,3.8260869565217392,0.0,161
y,2024-07-04,3,12.01974383851045,16.026325118013933,14.023034478262192,4.0227272727272725,0.5,154
y,2024-07-04,4,16.026325118013933,20.032906397517415,18.029615757765676,3.623456790123457,0.5,162
y,2024-07-04,5,20.032906397517415,24.0394876770209,22.036197037269158,3.5555555555555554,0.5,99
y,2024-07-04,6,24.0394876770209,28.046068956524383,26.04277831677264,3.7083333333333335,0.5,96
y,2024-07-04,7,28.046068956524383,32.052650236027866,30.049359596276126,3.16,0.0,75
y,2024-07-04,8,32.052650236027866,36.05923151553135,34.05594087577961,1.2395833333333333,0.0,96
y,2024-07-04,9,36.05923151553135,40.06581279503483,38.06252215528309,0.4396551724137931,0.0,58
y,2024-07-04,10,40.06581279503483,44.072394074538316,42.06910343478657,0.18421052631578946,0.0,38
y,2024-07-04,11,44.072394074538316,48.078975354041795,46.075684714290055,0.0,0.0,12
y,2024-07-05,0,0.0,4.006581279503483,2.0032906397517416,0.825,0.0,40
y,2024-07-05,1,4.006581279503483,8.013162559006966,6.009871919255225,1.127027027027027,0.0,185
y,2024-07-05,2,8.013162559006966,12.01974383851045,10.016453198758708,1.2329192546583851,0.0,161
y,2024-07-05,3,12.01974383851045,16.026325118013933,14.023034478262192,1.1915584415584415,0.0,154
y,2024-07-05,4,16.026325118013933,20.032906397517415,18.029615757765676,1.2314814814814814,0.0,162
y,2024-07-05,5,20.032906397517415,24.0394876770209,22.036197037269158,1.3383838383838385,0.0,99
y,2024-07-05,6,24.0394876770209,28.046068956524383,26.04277831677264,1.0,0.0,96
y,2024-07-05,7,28.046068956524383,32.052650236027866,30.049359596276126,0.9333333333333333,0.0,75
y,2024-07-05,8,32.052650236027866,36.05923151553135,34.05594087577961,0.4479166666666667,0.0,96
y,2024-07-05,9,36.05923151553135,40.06581279503483,38.06252215528309,0.13793103448275862,0.0,58
y,2024-07-05,10,40.06581279503483,44.072394074538316,42.06910343478657,0.09210526315789473,0.0,38
y,2024-07-05,11,44.072394074538316,48.078975354041795,46.075684714290055,0.0,0.0,12
y,2024-07-06,0,0.0,4.006581279503483,2.0032906397517416,0.0,0.0,40
y,2024-07-06,1,4.006581279503483,8.013162559006966,6.009871919255225,0.0,0.0,185
y,2024-07-06,2,8.013162559006966,12.01974383851045,10.016453198758708,0.0,0.0,161
y,2024-07-06,3,12.01974383851045,16.026325118013933,14.023034478262192,0.0,0.0,154
y,2024-07-06,4,16.026325118013933,20.032906397517415,18.029615757765676,0.0,0.0,162
y,2024-07-06,5,20.032906397517415,24.0394876770209,22.036197037269158,0.0,0.0,99
y,2024-07-06,6,24.0394876770209,28.046068956524383,26.04277831677264,0.0,0.0,96
y,2024-07-06,7,28.046068956524383,32.052650236027866,30.049359596276126,0.0,0.0,75
y,2024-07-06,8,32.052650236027866,36.05923151553135,34.05594087577961,0.0,0.0,96
y,2024-07-06,9,36.05923151553135,40.06581279503483,38.06252215528309,0.0,0.0,58
y,2024-07-06,10,40.06581279503483,44.072394074538316,42.06910343478657,0.0,0.0,38
y,2024-07-06,11,44.072394074538316,48.078975354041795,46.075684714290055,0.0,0.0,12
y,2024-07-07,0,0.0,4.006581279503483,2.0032906397517416,0.05,0.0,40
y,2024-07-07,1,4.006581279503483,8.013162559006966,6.009871919255225,0.04054054054054054,0.0,185
y,2024-07-07,2,8.013162559006966,12.01974383851045,10.016453198758708,0.040372670807453416,0.0,161
y,2024-07-07,3,12.01974383851045,16.026325118013933,14.023034478262192,0.04220779220779221,0.0,154
y,2024-07-07,4,16.026325118013933,20.032906397517415,18.029615757765676,0.04938271604938271,0.0,162
y,2024-07-07,5,20.032906397517415,24.0394876770209,22.036197037269158,0.04040404040404041,0.0,99
y,2024-07-07,6,24.0394876770209,28.046068956524383,26.04277831677264,0.036458333333333336,0.0,96
y,2024-07-07,7,28.046068956524383,32.052650236027866,30.049359596276126,0.04,0.0,75
y,2024-07-07,8,32.052650236027866,36.05923151553135,34.05594087577961,0.057291666666666664,0.0,96
y,2024-07-07,9,36.05923151553135,40.06581279503483,38.06252215528309,0.008620689655172414,0.0,58
y,2024-07-07,10,40.06581279503483,44.072394074538316,42.06910343478657,0.0,0.0,38
y,2024-07-07,11,44.072394074538316,48.078975354041795,46.075684714290055,0.0,0.0,12
y,2024-07-08,0,0.0,4.006581279503483,2.0032906397517416,2.3,0.0,40
y,2024-07-08,1,4.006581279503483,8.013162559006966,6.009871919255225,5.164864864864865,0.0,185
y,2024-07-08,2,8.013162559006966,12.01974383851045,10.016453198758708,5.913043478260869,0.0,161
y,2024-07-08,3,12.01974383851045,16.026325118013933,14.023034478262192,5.983766233766234,0.0,154
y,2024-07-08,4,16.026325118013933,20.032906397517415,18.029615757765676,6.234567901234568,0.5,162
y,2024-07-08,5,20.032906397517415,24.0394876770209,22.036197037269158,6.287878787878788,0.0,99
y,2024-07-08,6,24.0394876770209,28.046068956524383,26.04277831677264,5.859375,0.5,96
y,2024-07-08,7,28.046068956524383,32.052650236027866,30.049359596276126,4.213333333333333,0.0,75
y,2024-07-08,8,32.052650236027866,36.05923151553135,34.05594087577961,1.9427083333333333,0.0,96
y,2024-07-08,9,36.05923151553135,40.06581279503483,38.06252215528309,0.20689655172413793,0.0,58
y,2024-07-08,10,40.06581279503483,44.072394074538316,42.06910343478657,0.06578947368421052,0.0,38
y,2024-07-08,11,44.072394074538316,48.078975354041795,46.075684714290055,0.0,0.0,12
y,2024-07-09,0,0.0,4.006581279503483,2.0032906397517416,2.425,0.0,40
y,2024-07-09,1,4.006581279503483,8.013162559006966,6.009871919255225,5.254054054054054,0.5,185
y,2024-07-09,2,8.013162559006966,12.01974383851045,10.016453198758708,5.549689440993789,0.5,161
y,2024-07-09,3,12.01974383851045,16.026325118013933,14.023034478262192,5.762987012987013,0.5,154
y,2024-07-09,4,16.026325118013933,20.032906397517415,18.029615757765676,6.277777777777778,0.5,162
y,2024-07-09,5,20.032906397517415,24.0394876770209,22.036197037269158,6.762626262626263,0.5,99
y,2024-07-09,6,24.0394876770209,28.046068956524383,26.04277831677264,5.552083333333333,1.25,96
y,2024-07-09,7,28.046068956524383,32.052650236027866,30.049359596276126,4.453333333333333,0.0,75
y,2024-07-09,8,32.052650236027866,36.05923151553135,34.05594087577961,2.4947916666666665,0.0,96
y,2024-07-09,9,36.05923151553135,40.06581279503483,38.06252215528309,0.33620689655172414,0.0,58
y,2024-07-09,10,40.06581279503483,44.072394074538316,42.06910343478657,0.09210526315789473,0.0,38
y,2024-07-09,11,44.072394074538316,48.078975354041795,46.075684714290055,0.0,0.0,12
y,2024-07-10,0,0.0,4.006581279503483,2.0032906397517416,2.3,0.0,40
y,2024-07-10,1,4.006581279503483,8.013162559006966,6.009871919255225,3.972972972972973,0.5,185
y,2024-07-10,2,8.013162559006966,12.01974383851045,10.016453198758708,4.1894409937888195,0.0,161
y,2024-07-10,3,12.01974383851045,16.026325118013933,14.023034478262192,3.7240259740259742,0.0,154
y,2024-07-10,4,16.026325118013933,20.032906397517415,18.029615757765676,3.299382716049383,0.0,162
y,2024-07-10,5,20.032906397517415,24.0394876770209,22.036197037269158,3.4242424242424243,0.0,99
y,2024-07-10,6,24.0394876770209,28.046068956524383,26.04277831677264,3.7395833333333335,0.0,96
y,2024-07-10,7,28.046068956524383,32.052650236027866,30.049359596276126,3.46,0.0,75
y,2024-07-10,8,32.052650236027866,36.05923151553135,34.05594087577961,1.7239583333333333,0.0,96
y,2024-07-10,9,36.05923151553135,40.06581279503483,38.06252215528309,0.5172413793103449,0.0,58
y,2024-07-10,10,40.06581279503483,44.072394074538316,42.06910343478657,0.618421052631579,0.0,38
y,2024-07-10,11,44.072394074538316,48.078975354041795,46.075684714290055,0.0,0.0,12
y,2024-07-11,0,0.0,4.006581279503483,2.0032906397517416,2.25,0.0,40
y,2024-07-11,1,4.006581279503483,8.013162559006966,6.009871919255225,2.656756756756757,0.0,185
y,2024-07-11,2,8.013162559006966,12.01974383851045,10.016453198758708,2.5372670807453415,0.0,161
y,2024-07-11,3,12.01974383851045,16.026325118013933,14.023034478262192,3.1396103896103895,0.5,154
y,2024-07-11,4,16.026325118013933,20.032906397517415,18.029615757765676,3.580246913580247,0.5,162
y,2024-07-11,5,20.032906397517415,24.0394876770209,22.036197037269158,3.5656565656565657,0.5,99
y,2024-07-11,6,24.0394876770209,28.046068956524383,26.04277831677264,4.229166666666667,0.5,96
y,2024-07-11,7,28.046068956524383,32.052650236027866,30.049359596276126,3.3666666666666667,0.0,75
y,2024-07-11,8,32.052650236027866,36.05923151553135,34.05594087577961,1.0364583333333333,0.0,96
y,2024-07-11,9,36.05923151553135,40.06581279503483,38.06252215528309,0.5775862068965517,0.0,58
y,2024-07-11,10,40.06581279503483,44.072394074538316,42.06910343478657,0.0,0.0,38
y,2024-07-11,11,44.072394074538316,48.078975354041795,46.075684714290055,0.0,0.0,12
y,2024-07-12,0,0.0,4.006581279503483,2.0032906397517416,0.3875,0.0,40
y,2024-07-12,1,4.006581279503483,8.013162559006966,6.009871919255225,0.5972972972972973,0.0,185
y,2024-07-12,2,8.013162559006966,12.01974383851045,10.016453198758708,0.5062111801242236,0.0,161
y,2024-07-12,3,12.01974383851045,16.026325118013933,14.023034478262192,0.6136363636363636,0.0,154
y,2024-07-12,4,16.026325118013933,20.032906397517415,18.029615757765676,0.7530864197530864,0.0,162
y,2024-07-12,5,20.032906397517415,24.0394876770209,22.036197037269158,0.7222222222222222,0.0,99
y,2024-07-12,6,24.0394876770209,28.046068956524383,26.04277831677264,0.7447916666666666,0.0,96
y,2024-07-12,7,28.046068956524383,32.052650236027866,30.049359596276126,0.5666666666666667,0.0,75
y,2024-07-12,8,32.052650236027866,36.05923151553135,34.05594087577961,0.11979166666666667,0.0,96
y,2024-07-12,9,36.05923151553135,40.06581279503483,38.06252215528309,0.0603448275862069,0.0,58
y,2024-07-12,10,40.06581279503483,44.072394074538316,42.06910343478657,0.039473684210526314,0.0,38
y,2024-07-12,11,44.072394074538316,48.078975354041795,46.075684714290055,0.0,0.0,12
y,2024-07-13,0,0.0,4.006581279503483,2.0032906397517416,0.0,0.0,40
y,2024-07-13,1,4.006581279503483,8.013162559006966,6.009871919255225,0.0,0.0,185
y,2024-07-13,2,8.013162559006966,12.01974383851045,10.016453198758708,0.0,0.0,161
y,2024-07-13,3,12.01974383851045,16.026325118013933,14.023034478262192,0.0,0.0,154
y,2024-07-13,4,16.026325118013933,20.032906397517415,18.029615757765676,0.0,0.0,162
y,2024-07-13,5,20.032906397517415,24.0394876770209,22.036197037269158,0.0,0.0,99
y,2024-07-13,6,24.0394876770209,28.046068956524383,26.04277831677264,0.0,0.0,96
y,2024-07-13,7,28.046068956524383,32.052650236027866,30.049359596276126,0.0,0.0,75
y,2024-07-13,8,32.052650236027866,36.05923151553135,34.05594087577961,0.0,0.0,96
y,2024-07-13,9,36.05923151553135,40.06581279503483,38.06252215528309,0.0,0.0,58
y,2024-07-13,10,40.06581279503483,44.072394074538316,42.06910343478657,0.0,0.0,38
y,2024-07-13,11,44.072394074538316,48.078975354041795,46.075684714290055,0.0,0.0,12
y,2024-07-14,0,0.0,4.006581279503483,2.0032906397517416,0.0875,0.0,40
y,2024-07-14,1,4.006581279503483,8.013162559006966,6.009871919255225,0.15135135135135136,0.0,185
y,2024-07-14,2,8.013162559006966,12.01974383851045,10.016453198758708,0.13975155279503104,0.0,161
y,2024-07-14,3,12.01974383851045,16.026325118013933,14.023034478262192,0.11688311688311688,0.0,154
y,2024-07-14,4,16.026325118013933,20.032906397517415,18.029615757765676,0.12962962962962962,0.0,162
y,2024-07-14,5,20.032906397517415,24.0394876770209,22.036197037269158,0.10606060606060606,0.0,99
y,2024-07-14,6,24.0394876770209,28.046068956524383,26.04277831677264,0.11979166666666667,0.0,96
y,2024-07-14,7,28.046068956524383,32.052650236027866,30.049359596276126,0.12,0.0,75
y,2024-07-14,8,32.052650236027866,36.05923151553135,34.05594087577961,0.11979166666666667,0.0,96
y,2024-07-14,9,36.05923151553135,40.06581279503483,38.06252215528309,0.034482758620689655,0.0,58
y,2024-07-14,10,40.06581279503483,44.072394074538316,42.06910343478657,0.039473684210526314,0.0,38
y,2024-07-14,11,44.072394074538316,48.078975354041795,46.075684714290055,0.0,0.0,12
y,2024-07-15,0,0.0,4.006581279503483,2.0032906397517416,2.5,0.0,40
y,2024-07-15,1,4.006581279503483,8.013162559006966,6.009871919255225,3.354054054054054,0.5,185
y,2024-07-15,2,8.013162559006966,12.01974383851045,10.016453198758708,3.512422360248447,0.0,161
y,2024-07-15,3,12.01974383851045,16.026325118013933,14.023034478262192,3.9285714285714284,0.5,154
y,2024-07-15,4,16.026325118013933,20.032906397517415,18.029615757765676,4.854938271604938,0.5,162
y,2024-07-15,5,20.032906397517415,24.0394876770209,22.036197037269158,4.494949494949495,0.5,99
y,2024-07-15,6,24.0394876770209,28.046068956524383,26.04277831677264,5.619791666666667,0.5,96
y,2024-07-15,7,28.046068956524383,32.052650236027866,30.049359596276126,3.466666666666667,0.0,75
y,2024-07-15,8,32.052650236027866,36.05923151553135,34.05594087577961,0.9479166666666666,0.0,96
y,2024-07-15,9,36.05923151553135,40.06581279503483,38.06252215528309,0.6206896551724138,0.0,58
y,2024-07-15,10,40.06581279503483,44.072394074538316,42.06910343478657,0.0,0.0,38
y,2024-07-15,11,44.072394074538316,48.078975354041795,46.075684714290055,0.0,0.0,12
y,2024-07-16,0,0.0,4.006581279503483,2.0032906397517416,4.2375,0.0,40
y,2024-07-16,1,4.006581279503483,8.013162559006966,6.009871919255225,5.545945945945946,0.0,185
y,2024-07-16,2,8.013162559006966,12.01974383851045,10.016453198758708,4.919254658385094,0.5,161
y,2024-07-16,3,12.01974383851045,16.026325118013933,14.023034478262192,5.415584415584416,0.5,154
y,2024-07-16,4,16.026325118013933,20.032906397517415,18.029615757765676,5.462962962962963,0.5,162
y,2024-07-16,5,20.032906397517415,24.0394876770209,22.036197037269158,5.909090909090909,0.5,99
y,2024-07-16,6,24.0394876770209,28.046068956524383,26.04277831677264,7.416666666666667,0.5,96
y,2024-07-16,7,28.046068956524383,32.052650236027866,30.049359596276126,7.8,0.0,75
y,2024-07-16,8,32.052650236027866,36.05923151553135,34.05594087577961,2.7135416666666665,0.0,96
y,2024-07-16,9,36.05923151553135,40.06581279503483,38.06252215528309,1.2413793103448276,0.0,58
y,2024-07-16,10,40.06581279503483,44.072394074538316,42.06910343478657,0.0,0.0,38
y,2024-07-16,11,44.072394074538316,48.078975354041795,46.075684714290055,0.0,0.0,12
y,2024-07-17,0,0.0,4.006581279503483,2.0032906397517416,5.25,0.0,40
y,2024-07-17,1,4.006581279503483,8.013162559006966,6.009871919255225,6.802702702702702,0.5,185
y,2024-07-17,2,8.013162559006966,12.01974383851045,10.016453198758708,6.3478260869565215,0.5,161
y,2024-07-17,3,12.01974383851045,16.026325118013933,14.023034478262192,7.097402597402597,0.5,154
y,2024-07-17,4,16.026325118013933,20.032906397517415,18.029615757765676,7.731481481481482,2.0,162
y,2024-07-17,5,20.032906397517415,24.0394876770209,22.036197037269158,8.363636363636363,2.0,99
y,2024-07-17,6,24.0394876770209,28.046068956524383,26.04277831677264,9.942708333333334,2.0,96
y,2024-07-17,7,28.046068956524383,32.052650236027866,30.049359596276126,8.213333333333333,0.5,75
y,2024-07-17,8,32.052650236027866,36.05923151553135,34.05594087577961,2.0885416666666665,0.0,96
y,2024-07-17,9,36.05923151553135,40.06581279503483,38.06252215528309,0.7327586206896551,0.0,58
y,2024-07-17,10,40.06581279503483,44.072394074538316,42.06910343478657,0.09210526315789473,0.0,38
y,2024-07-17,11,44.072394074538316,48.078975354041795,46.075684714290055,0.0,0.0,12
y,2024-07-18,0,0.0,4.006581279503483,2.0032906397517416,0.85,0.0,40
y,2024-07-18,1,4.006581279503483,8.013162559006966,6.009871919255225,2.77027027027027,0.5,185
y,2024-07-18,2,8.013162559006966,12.01974383851045,10.016453198758708,2.5434782608695654,0.5,161
y,2024-07-18,3,12.01974383851045,16.026325118013933,14.023034478262192,2.155844155844156,0.5,154
y,2024-07-18,4,16.026325118013933,20.032906397517415,18.029615757765676,2.617283950617284,0.5,162
y,2024-07-18,5,20.032906397517415,24.0394876770209,22.036197037269158,2.106060606060606,0.5,99
y,2024-07-18,6,24.0394876770209,28.046068956524383,26.04277831677264,2.40625,0.5,96
y,2024-07-18,7,28.046068956524383,32.052650236027866,30.049359596276126,2.2666666666666666,0.0,75
y,2024-07-18,8,32.052650236027866,36.05923151553135,34.05594087577961,2.2916666666666665,0.0,96
y,2024-07-18,9,36.05923151553135,40.06581279503483,38.06252215528309,0.23275862068965517,0.0,58
y,2024-07-18,10,40.06581279503483,44.072394074538316,42.06910343478657,0.07894736842105263,0.0,38
y,2024-07-18,11,44.072394074538316,48.078975354041795,46.075684714290055,0.0,0.0,12
y,2024-07-19,0,0.0,4.006581279503483,2.0032906397517416,0.9625,0.0,40
y,2024-07-19,1,4.006581279503483,8.013162559006966,6.009871919255225,1.545945945945946,0.5,185
y,2024-07-19,2,8.013162559006966,12.01974383851045,10.016453198758708,1.9937888198757765,0.5,161
y,2024-07-19,3,12.01974383851045,16.026325118013933,14.023034478262192,1.8214285714285714,0.5,154
y,2024-07-19,4,16.026325118013933,20.032906397517415,18.029615757765676,2.1790123456790123,0.5,162
y,2024-07-19,5,20.032906397517415,24.0394876770209,22.036197037269158,1.5757575757575757,0.0,99
y,2024-07-19,6,24.0394876770209,28.046068956524383,26.04277831677264,2.3229166666666665,0.5,96
y,2024-07-19,7,28.046068956524383,32.052650236027866,30.049359596276126,1.58,0.0,75
y,2024-07-19,8,32.052650236027866,36.05923151553135,34.05594087577961,0.9010416666666666,0.0,96
y,2024-07-19,9,36.05923151553135,40.06581279503483,38.06252215528309,0.8362068965517241,0.0,58
y,2024-07-19,10,40.06581279503483,44.072394074538316,42.06910343478657,0.23684210526315788,0.0,38
y,2024-07-19,11,44.072394074538316,48.078975354041795,46.075684714290055,0.041666666666666664,0.0,12
y,2024-07-20,0,0.0,4.006581279503483,2.0032906397517416,0.0,0.0,40
y,2024-07-20,1,4.006581279503483,8.013162559006966,6.009871919255225,0.0,0.0,185
y,2024-07-20,2,8.013162559006966,12.01974383851045,10.016453198758708,0.0,0.0,161
y,2024-07-20,3,12.01974383851045,16.026325118013933,14.023034478262192,0.0,0.0,154
y,2024-07-20,4,16.026325118013933,20.032906397517415,18.029615757765676,0.0,0.0,162
y,2024-07-20,5,20.032906397517415,24.0394876770209,22.036197037269158,0.0,0.0,99
y,2024-07-20,6,24.0394876770209,28.046068956524383,26.04277831677264,0.0,0.0,96
y,2024-07-20,7,28.046068956524383,32.052650236027866,30.049359596276126,0.0,0.0,75
y,2024-07-20,8,32.052650236027866,36.05923151553135,34.05594087577961,0.0,0.0,96
y,2024-07-20,9,36.05923151553135,40.06581279503483,38.06252215528309,0.0,0.0,58
y,2024-07-20,10,40.06581279503483,44.072394074538316,42.06910343478657,0.0,0.0,38
y,2024-07-20,11,44.072394074538316,48.078975354041795,46.075684714290055,0.0,0.0,12
y,2024-07-21,0,0.0,4.006581279503483,2.0032906397517416,0.125,0.0,40
y,2024-07-21,1,4.006581279503483,8.013162559006966,6.009871919255225,0.11891891891891893,0.0,185
y,2024-07-21,2,8.013162559006966,12.01974383851045,10.016453198758708,0.10248447204968944,0.0,161
y,2024-07-21,3,12.01974383851045,16.026325118013933,14.023034478262192,0.09090909090909091,0.0,154
y,2024-07-21,4,16.026325118013933,20.032906397517415,18.029615757765676,0.10185185185185185,0.0,162
y,2024-07-21,5,20.032906397517415,24.0394876770209,22.036197037269158,0.0707070707070707,0.0,99
y,2024-07-21,6,24.0394876770209,28.046068956524383,26.04277831677264,0.08333333333333333,0.0,96
y,2024-07-21,7,28.046068956524383,32.052650236027866,30.049359596276126,0.1,0.0,75
y,2024-07-21,8,32.052650236027866,36.05923151553135,34.05594087577961,0.13541666666666666,0.0,96
y,2024-07-21,9,36.05923151553135,40.06581279503483,38.06252215528309,0.14655172413793102,0.0,58
y,2024-07-21,10,40.06581279503483,44.072394074538316,42.06910343478657,0.0,0.0,38
y,2024-07-21,11,44.072394074538316,48.078975354041795,46.075684714290055,0.0,0.0,12
y,2024-07-22,0,0.0,4.006581279503483,2.0032906397517416,0.6125,0.0,40
y,2024-07-22,1,4.006581279503483,8.013162559006966,6.009871919255225,2.6054054054054054,0.0,185
y,2024-07-22,2,8.013162559006966,12.01974383851045,10.016453198758708,2.987577639751553,0.5,161
y,2024-07-22,3,12.01974383851045,16.026325118013933,14.023034478262192,2.7142857142857144,0.5,154
y,2024-07-22,4,16.026325118013933,20.032906397517415,18.029615757765676,2.8981481481481484,0.5,162
y,2024-07-22,5,20.032906397517415,24.0394876770209,22.036197037269158,2.5505050505050506,0.5,99
y,2024-07-22,6,24.0394876770209,28.046068956524383,26.04277831677264,2.7708333333333335,0.5,96
y,2024-07-22,7,28.046068956524383,32.052650236027866,30.049359596276126,2.7,0.0,75
y,2024-07-22,8,32.052650236027866,36.05923151553135,34.05594087577961,2.1979166666666665,0.25,96
y,2024-07-22,9,36.05923151553135,40.06581279503483,38.06252215528309,1.0603448275862069,0.0,58
y,2024-07-22,10,40.06581279503483,44.072394074538316,42.06910343478657,0.5657894736842105,0.0,38
y,2024-07-22,11,44.072394074538316,48.078975354041795,46.075684714290055,0.0,0.0,12
y,2024-07-23,0,0.0,4.006581279503483,2.0032906397517416,1.05,0.0,40
y,2024-07-23,1,4.006581279503483,8.013162559006966,6.009871919255225,3.4324324324324325,0.0,185
y,2024-07-23,2,8.013162559006966,12.01974383851045,10.016453198758708,3.937888198757764,0.5,161
y,2024-07-23,3,12.01974383851045,16.026325118013933,14.023034478262192,3.3181818181818183,0.25,154
y,2024-07-23,4,16.026325118013933,20.032906397517415,18.029615757765676,3.564814814814815,0.5,162
y,2024-07-23,5,20.032906397517415,24.0394876770209,22.036197037269158,2.914141414141414,0.0,99
y,2024-07-23,6,24.0394876770209,28.046068956524383,26.04277831677264,4.005208333333333,0.5,96
y,2024-07-23,7,28.046068956524383,32.052650236027866,30.049359596276126,3.14,0.0,75
y,2024-07-23,8,32.052650236027866,36.05923151553135,34.05594087577961,2.9739583333333335,0.0,96
y,2024-07-23,9,36.05923151553135,40.06581279503483,38.06252215528309,0.9741379310344828,0.0,58
y,2024-07-23,10,40.06581279503483,44.072394074538316,42.06910343478657,0.05263157894736842,0.0,38
y,2024-07-23,11,44.072394074538316,48.078975354041795,46.075684714290055,0.0,0.0,12
y,2024-07-24,0,0.0,4.006581279503483,2.0032906397517416,1.425,0.0,40
y,2024-07-24,1,4.006581279503483,8.013162559006966,6.009871919255225,4.664864864864865,0.0,185
y,2024-07-24,2,8.013162559006966,12.01974383851045,10.016453198758708,5.239130434782608,0.0,161
y,2024-07-24,3,12.01974383851045,16.026325118013933,14.023034478262192,4.4480519480519485,0.0,154
y,2024-07-24,4,16.026325118013933,20.032906397517415,18.029615757765676,5.185185185185185,0.0,162
y,2024-07-24,5,20.032906397517415,24.0394876770209,22.036197037269158,4.424242424242424,0.0,99
y,2024-07-24,6,24.0394876770209,28.046068956524383,26.04277831677264,4.786458333333333,0.0,96
y,2024-07-24,7,28.046068956524383,32.052650236027866,30.049359596276126,4.36,0.0,75
y,2024-07-24,8,32.052650236027866,36.05923151553135,34.05594087577961,4.213541666666667,0.0,96
y,2024-07-24,9,36.05923151553135,40.06581279503483,38.06252215528309,1.6206896551724137,0.0,58
y,2024-07-24,10,40.06581279503483,44.072394074538316,42.06910343478657,0.09210526315789473,0.0,38
y,2024-07-24,11,44.072394074538316,48.078975354041795,46.075684714290055,0.0,0.0,12
y,2024-07-25,0,0.0,4.006581279503483,2.0032906397517416,0.8,0.0,40
y,2024-07-25,1,4.006581279503483,8.013162559006966,6.009871919255225,2.4702702702702704,0.0,185
y,2024-07-25,2,8.013162559006966,12.01974383851045,10.016453198758708,2.6645962732919255,0.5,161
y,2024-07-25,3,12.01974383851045,16.026325118013933,14.023034478262192,2.5487012987012987,0.5,154
y,2024-07-25,4,16.026325118013933,20.032906397517415,18.029615757765676,2.7191358024691357,0.5,162
y,2024-07-25,5,20.032906397517415,24.0394876770209,22.036197037269158,2.3383838383838382,0.5,99
y,2024-07-25,6,24.0394876770209,28.046068956524383,26.04277831677264,2.5572916666666665,0.5,96
y,2024-07-25,7,28.046068956524383,32.052650236027866,30.049359596276126,2.6933333333333334,0.0,75
y,2024-07-25,8,32.052650236027866,36.05923151553135,34.05594087577961,2.6041666666666665,0.0,96
y,2024-07-25,9,36.05923151553135,40.06581279503483,38.06252215528309,1.5948275862068966,0.0,58
y,2024-07-25,10,40.06581279503483,44.072394074538316,42.06910343478657,0.25,0.0,38
y,2024-07-25,11,44.072394074538316,48.078975354041795,46.075684714290055,0.0,0.0,12
y,2024-07-26,0,0.0,4.006581279503483,2.0032906397517416,1.0375,0.0,40
y,2024-07-26,1,4.006581279503483,8.013162559006966,6.009871919255225,2.5864864864864865,0.0,185
y,2024-07-26,2,8.013162559006966,12.01974383851045,10.016453198758708,2.1024844720496896,0.0,161
y,2024-07-26,3,12.01974383851045,16.026325118013933,14.023034478262192,1.9707792207792207,0.0,154
y,2024-07-26,4,16.026325118013933,20.032906397517415,18.029615757765676,2.462962962962963,0.0,162
y,2024-07-26,5,20.032906397517415,24.0394876770209,22.036197037269158,1.5151515151515151,0.0,99
y,2024-07-26,6,24.0394876770209,28.046068956524383,26.04277831677264,2.0364583333333335,0.0,96
y,2024-07-26,7,28.046068956524383,32.052650236027866,30.049359596276126,2.1666666666666665,0.0,75
y,2024-07-26,8,32.052650236027866,36.05923151553135,34.05594087577961,2.9322916666666665,0.0,96
y,2024-07-26,9,36.05923151553135,40.06581279503483,38.06252215528309,1.7413793103448276,0.0,58
y,2024-07-26,10,40.06581279503483,44.072394074538316,42.06910343478657,0.039473684210526314,0.0,38
y,2024-07-26,11,44.072394074538316,48.078975354041795,46.075684714290055,0.0,0.0,12
y,2024-07-27,0,0.0,4.006581279503483,2.0032906397517416,0.025,0.0,40
y,2024-07-27,1,4.006581279503483,8.013162559006966,6.009871919255225,0.032432432432432434,0.0,185
y,2024-07-27,2,8.013162559006966,12.01974383851045,10.016453198758708,0.040372670807453416,0.0,161
y,2024-07-27,3,12.01974383851045,16.026325118013933,14.023034478262192,0.025974025974025976,0.0,154
y,2024-07-27,4,16.026325118013933,20.032906397517415,18.029615757765676,0.021604938271604937,0.0,162
y,2024-07-27,5,20.032906397517415,24.0394876770209,22.036197037269158,0.03535353535353535,0.0,99
y,2024-07-27,6,24.0394876770209,28.046068956524383,26.04277831677264,0.046875,0.0,96
y,2024-07-27,7,28.046068956524383,32.052650236027866,30.049359596276126,0.06666666666666667,0.0,75
y,2024-07-27,8,32.052650236027866,36.05923151553135,34.05594087577961,0.0625,0.0,96
y,2024-07-27,9,36.05923151553135,40.06581279503483,38.06252215528309,0.06896551724137931,0.0,58
y,2024-07-27,10,40.06581279503483,44.072394074538316,42.06910343478657,0.06578947368421052,0.0,38
y,2024-07-27,11,44.072394074538316,48.078975354041795,46.075684714290055,0.041666666666666664,0.0,12
y,2024-07-28,0,0.0,4.006581279503483,2.0032906397517416,0.175,0.0,40
y,2024-07-28,1,4.006581279503483,8.013162559006966,6.009871919255225,0.2918918918918919,0.0,185
y,2024-07-28,2,8.013162559006966,12.01974383851045,10.016453198758708,0.21428571428571427,0.0,161
y,2024-07-28,3,12.01974383851045,16.026325118013933,14.023034478262192,0.16558441558441558,0.0,154
y,2024-07-28,4,16.026325118013933,20.032906397517415,18.029615757765676,0.24382716049382716,0.0,162
y,2024-07-28,5,20.032906397517415,24.0394876770209,22.036197037269158,0.10606060606060606,0.0,99
y,2024-07-28,6,24.0394876770209,28.046068956524383,26.04277831677264,0.203125,0.0,96
y,2024-07-28,7,28.046068956524383,32.052650236027866,30.049359596276126,0.2,0.0,75
y,2024-07-28,8,32.052650236027866,36.05923151553135,34.05594087577961,0.3072916666666667,0.0,96
y,2024-07-28,9,36.05923151553135,40.06581279503483,38.06252215528309,0.034482758620689655,0.0,58
y,2024-07-28,10,40.06581279503483,44.072394074538316,42.06910343478657,0.0,0.0,38
y,2024-07-28,11,44.072394074538316,48.078975354041795,46.075684714290055,0.0,0.0,12
y,2024-07-29,0,0.0,4.006581279503483,2.0032906397517416,1.3,0.0,40
y,2024-07-29,1,4.006581279503483,8.013162559006966,6.009871919255225,3.5324324324324325,0.0,185
y,2024-07-29,2,8.013162559006966,12.01974383851045,10.016453198758708,3.7919254658385095,0.0,161
y,2024-07-29,3,12.01974383851045,16.026325118013933,14.023034478262192,3.2435064935064934,0.0,154
y,2024-07-29,4,16.026325118013933,20.032906397517415,18.029615757765676,3.9537037037037037,0.0,162
y,2024-07-29,5,20.032906397517415,24.0394876770209,22.036197037269158,3.257575757575758,0.0,99
y,2024-07-29,6,24.0394876770209,28.046068956524383,26.04277831677264,3.5,0.0,96
y,2024-07-29,7,28.046068956524383,32.052650236027866,30.049359596276126,3.42,0.0,75
y,2024-07-29,8,32.052650236027866,36.05923151553135,34.05594087577961,3.7395833333333335,0.0,96
y,2024-07-29,9,36.05923151553135,40.06581279503483,38.06252215528309,1.6551724137931034,0.0,58
y,2024-07-29,10,40.06581279503483,44.072394074538316,42.06910343478657,0.15789473684210525,0.0,38
y,2024-07-29,11,44.072394074538316,48.078975354041795,46.075684714290055,0.0,0.0,12
y,2024-07-30,0,0.0,4.006581279503483,2.0032906397517416,1.4875,0.0,40
y,2024-07-30,1,4.006581279503483,8.013162559006966,6.009871919255225,2.097297297297297,0.0,185
y,2024-07-30,2,8.013162559006966,12.01974383851045,10.016453198758708,2.2732919254658386,0.0,161
y,2024-07-30,3,12.01974383851045,16.026325118013933,14.023034478262192,2.2759740259740258,0.0,154
y,2024-07-30,4,16.026325118013933,20.032906397517415,18.029615757765676,1.8981481481481481,0.0,162
y,2024-07-30,5,20.032906397517415,24.0394876770209,22.036197037269158,1.8585858585858586,0.0,99
y,2024-07-30,6,24.0394876770209,28.046068956524383,26.04277831677264,1.890625,0.0,96
y,2024-07-30,7,28.046068956524383,32.052650236027866,30.049359596276126,1.7666666666666666,0.0,75
y,2024-07-30,8,32.052650236027866,36.05923151553135,34.05594087577961,0.7760416666666666,0.0,96
y,2024-07-30,9,36.05923151553135,40.06581279503483,38.06252215528309,0.23275862068965517,0.0,58
y,2024-07-30,10,40.06581279503483,44.072394074538316,42.06910343478657,0.14473684210526316,0.0,38
y,2024-07-30,11,44.072394074538316,48.078975354041795,46.075684714290055,0.0,0.0,12
y,2024-07-31,0,0.0,4.006581279503483,2.0032906397517416,0.0,0.0,40
y,2024-07-31,1,4.006581279503483,8.013162559006966,6.009871919255225,0.0,0.0,185
y,2024-07-31,2,8.013162559006966,12.01974383851045,10.016453198758708,0.0,0.0,161
y,2024-07-31,3,12.01974383851045,16.026325118013933,14.023034478262192,0.0,0.0,154
y,2024-07-31,4,16.026325118013933,20.032906397517415,18.029615757765676,0.0,0.0,162
y,2024-07-31,5,20.032906397517415,24.0394876770209,22.036197037269158,0.0,0.0,99
y,2024-07-31,6,24.0394876770209,28.046068956524383,26.04277831677264,0.0,0.0,96
y,2024-07-31,7,28.046068956524383,32.052650236027866,30.049359596276126,0.0,0.0,75
y,2024-07-31,8,32.052650236027866,36.05923151553135,34.05594087577961,0.0,0.0,96
y,2024-07-31,9,36.05923151553135,40.06581279503483,38.06252215528309,0.0,0.0,58
y,2024-07-31,10,40.06581279503483,44.072394074538316,42.06910343478657,0.0,0.0,38
y,2024-07-31,11,44.072394074538316,48.078975354041795,46.075684714290055,0.0,0.0,12
y,2024-08-01,0,0.0,4.006581279503483,2.0032906397517416,0.0,0.0,40
y,2024-08-01,1,4.006581279503483,8.013162559006966,6.009871919255225,0.0,0.0,185
y,2024-08-01,2,8.013162559006966,12.01974383851045,10.016453198758708,0.0,0.0,161
y,2024-08-01,3,12.01974383851045,16.026325118013933,14.023034478262192,0.0,0.0,154
y,2024-08-01,4,16.026325118013933,20.032906397517415,18.029615757765676,0.0,0.0,162
y,2024-08-01,5,20.032906397517415,24.0394876770209,22.036197037269158,0.0,0.0,99
y,2024-08-01,6,24.0394876770209,28.046068956524383,26.04277831677264,0.0,0.0,96
y,2024-08-01,7,28.046068956524383,32.052650236027866,30.049359596276126,0.0,0.0,75
y,2024-08-01,8,32.052650236027866,36.05923151553135,34.05594087577961,0.0,0.0,96
y,2024-08-01,9,36.05923151553135,40.06581279503483,38.06252215528309,0.0,0.0,58
y,2024-08-01,10,40.06581279503483,44.072394074538316,42.06910343478657,0.0,0.0,38
y,2024-08-01,11,44.072394074538316,48.078975354041795,46.075684714290055,0.0,0.0,12
y,2024-08-02,0,0.0,4.006581279503483,2.0032906397517416,0.0,0.0,40
y,2024-08-02,1,4.006581279503483,8.013162559006966,6.009871919255225,0.0,0.0,185
y,2024-08-02,2,8.013162559006966,12.01974383851045,10.016453198758708,0.0,0.0,161
y,2024-08-02,3,12.01974383851045,16.026325118013933,14.023034478262192,0.0,0.0,154
y,2024-08-02,4,16.026325118013933,20.032906397517415,18.029615757765676,0.0,0.0,162
y,2024-08-02,5,20.032906397517415,24.0394876770209,22.036197037269158,0.0,0.0,99
y,2024-08-02,6,24.0394876770209,28.046068956524383,26.04277831677264,0.0,0.0,96
y,2024-08-02,7,28.046068956524383,32.052650236027866,30.049359596276126,0.0,0.0,75
y,2024-08-02,8,32.052650236027866,36.05923151553135,34.05594087577961,0.0,0.0,96
y,2024-08-02,9,36.05923151553135,40.06581279503483,38.06252215528309,0.0,0.0,58
y,2024-08-02,10,40.06581279503483,44.072394074538316,42.06910343478657,0.0,0.0,38
y,2024-08-02,11,44.072394074538316,48.078975354041795,46.075684714290055,0.0,0.0,12
y,2024-08-03,0,0.0,4.006581279503483,2.0032906397517416,0.0,0.0,40
y,2024-08-03,1,4.006581279503483,8.013162559006966,6.009871919255225,0.0,0.0,185
y,2024-08-03,2,8.013162559006966,12.01974383851045,10.016453198758708,0.0,0.0,161
y,2024-08-03,3,12.01974383851045,16.026325118013933,14.023034478262192,0.0,0.0,154
y,2024-08-03,4,16.026325118013933,20.032906397517415,18.029615757765676,0.0,0.0,162
y,2024-08-03,5,20.032906397517415,24.0394876770209,22.036197037269158,0.0,0.0,99
y,2024-08-03,6,24.0394876770209,28.046068956524383,26.04277831677264,0.0,0.0,96
y,2024-08-03,7,28.046068956524383,32.052650236027866,30.049359596276126,0.0,0.0,75
y,2024-08-03,8,32.052650236027866,36.05923151553135,34.05594087577961,0.0,0.0,96
y,2024-08-03,9,36.05923151553135,40.06581279503483,38.06252215528309,0.0,0.0,58
y,2024-08-03,10,40.06581279503483,44.072394074538316,42.06910343478657,0.0,0.0,38
y,2024-08-03,11,44.072394074538316,48.078975354041795,46.075684714290055,0.0,0.0,12
y,2024-08-04,0,0.0,4.006581279503483,2.0032906397517416,0.225,0.0,40
y,2024-08-04,1,4.006581279503483,8.013162559006966,6.009871919255225,0.14594594594594595,0.0,185
y,2024-08-04,2,8.013162559006966,12.01974383851045,10.016453198758708,0.1956521739130435,0.0,161
y,2024-08-04,3,12.01974383851045,16.026325118013933,14.023034478262192,0.11688311688311688,0.0,154
y,2024-08-04,4,16.026325118013933,20.032906397517415,18.029615757765676,0.1111111111111111,0.0,162
y,2024-08-04,5,20.032906397517415,24.0394876770209,22.036197037269158,0.18181818181818182,0.0,99
y,2024-08-04,6,24.0394876770209,28.046068956524383,26.04277831677264,0.234375,0.0,96
y,2024-08-04,7,28.046068956524383,32.052650236027866,30.049359596276126,0.3,0.0,75
y,2024-08-04,8,32.052650236027866,36.05923151553135,34.05594087577961,0.28125,0.0,96
y,2024-08-04,9,36.05923151553135,40.06581279503483,38.06252215528309,0.23275862068965517,0.0,58
y,2024-08-04,10,40.06581279503483,44.072394074538316,42.06910343478657,0.23684210526315788,0.0,38
y,2024-08-04,11,44.072394074538316,48.078975354041795,46.075684714290055,0.0,0.0,12
y,2024-08-05,0,0.0,4.006581279503483,2.0032906397517416,0.1125,0.0,40
y,2024-08-05,1,4.006581279503483,8.013162559006966,6.009871919255225,0.07567567567567568,0.0,185
y,2024-08-05,2,8.013162559006966,12.01974383851045,10.016453198758708,0.10248447204968944,0.0,161
y,2024-08-05,3,12.01974383851045,16.026325118013933,14.023034478262192,0.07142857142857142,0.0,154
y,2024-08-05,4,16.026325118013933,20.032906397517415,18.029615757765676,0.07407407407407407,0.0,162
y,2024-08-05,5,20.032906397517415,24.0394876770209,22.036197037269158,0.10606060606060606,0.0,99
y,2024-08-05,6,24.0394876770209,28.046068956524383,26.04277831677264,0.125,0.0,96
y,2024-08-05,7,28.046068956524383,32.052650236027866,30.049359596276126,0.15333333333333332,0.0,75
y,2024-08-05,8,32.052650236027866,36.05923151553135,34.05594087577961,0.13541666666666666,0.0,96
y,2024-08-05,9,36.05923151553135,40.06581279503483,38.06252215528309,0.12931034482758622,0.0,58
y,2024-08-05,10,40.06581279503483,44.072394074538316,42.06910343478657,0.14473684210526316,0.0,38
y,2024-08-05,11,44.072394074538316,48.078975354041795,46.075684714290055,0.0,0.0,12
y,2024-08-06,0,0.0,4.006581279503483,2.0032906397517416,0.0,0.0,40
y,2024-08-06,1,4.006581279503483,8.013162559006966,6.009871919255225,0.0,0.0,185
y,2024-08-06,2,8.013162559006966,12.01974383851045,10.016453198758708,0.0,0.0,161
y,2024-08-06,3,12.01974383851045,16.026325118013933,14.023034478262192,0.0,0.0,154
y,2024-08-06,4,16.026325118013933,20.032906397517415,18.029615757765676,0.0,0.0,162
y,2024-08-06,5,20.032906397517415,24.0394876770209,22.036197037269158,0.0,0.0,99
y,2024-08-06,6,24.0394876770209,28.046068956524383,26.04277831677264,0.0,0.0,96
y,2024-08-06,7,28.046068956524383,32.052650236027866,30.049359596276126,0.0,0.0,75
y,2024-08-06,8,32.052650236027866,36.05923151553135,34.05594087577961,0.0,0.0,96
y,2024-08-06,9,36.05923151553135,40.06581279503483,38.06252215528309,0.0,0.0,58
y,2024-08-06,10,40.06581279503483,44.072394074538316,42.06910343478657,0.0,0.0,38
y,2024-08-06,11,44.072394074538316,48.078975354041795,46.075684714290055,0.0,0.0,12
y,2024-08-07,0,0.0,4.006581279503483,2.0032906397517416,0.0,0.0,40
y,2024-08-07,1,4.006581279503483,8.013162559006966,6.009871919255225,0.0,0.0,185
y,2024-08-07,2,8.013162559006966,12.01974383851045,10.016453198758708,0.0,0.0,161
y,2024-08-07,3,12.01974383851045,16.026325118013933,14.023034478262192,0.0,0.0,154
y,2024-08-07,4,16.026325118013933,20.032906397517415,18.029615757765676,0.0,0.0,162
y,2024-08-07,5,20.032906397517415,24.0394876770209,22.036197037269158,0.0,0.0,99
y,2024-08-07,6,24.0394876770209,28.046068956524383,26.04277831677264,0.0,0.0,96
y,2024-08-07,7,28.046068956524383,32.052650236027866,30.049359596276126,0.0,0.0,75
y,2024-08-07,8,32.052650236027866,36.05923151553135,34.05594087577961,0.0,0.0,96
y,2024-08-07,9,36.05923151553135,40.06581279503483,38.06252215528309,0.0,0.0,58
y,2024-08-07,10,40.06581279503483,44.072394074538316,42.06910343478657,0.0,0.0,38
y,2024-08-07,11,44.072394074538316,48.078975354041795,46.075684714290055,0.0,0.0,12
y,2024-08-08,0,0.0,4.006581279503483,2.0032906397517416,0.0,0.0,40
y,2024-08-08,1,4.006581279503483,8.013162559006966,6.009871919255225,0.0,0.0,185
y,2024-08-08,2,8.013162559006966,12.01974383851045,10.016453198758708,0.0,0.0,161
y,2024-08-08,3,12.01974383851045,16.026325118013933,14.023034478262192,0.0,0.0,154
y,2024-08-08,4,16.026325118013933,20.032906397517415,18.029615757765676,0.0,0.0,162
y,2024-08-08,5,20.032906397517415,24.0394876770209,22.036197037269158,0.0,0.0,99
y,2024-08-08,6,24.0394876770209,28.046068956524383,26.04277831677264,0.0,0.0,96
y,2024-08-08,7,28.046068956524383,32.052650236027866,30.049359596276126,0.0,0.0,75
y,2024-08-08,8,32.052650236027866,36.05923151553135,34.05594087577961,0.0,0.0,96
y,2024-08-08,9,36.05923151553135,40.06581279503483,38.06252215528309,0.0,0.0,58
y,2024-08-08,10,40.06581279503483,44.072394074538316,42.06910343478657,0.0,0.0,38
y,2024-08-08,11,44.072394074538316,48.078975354041795,46.075684714290055,0.0,0.0,12
y,2024-08-09,0,0.0,4.006581279503483,2.0032906397517416,0.0,0.0,40
y,2024-08-09,1,4.006581279503483,8.013162559006966,6.009871919255225,0.0,0.0,185
y,2024-08-09,2,8.013162559006966,12.01974383851045,10.016453198758708,0.0,0.0,161
y,2024-08-09,3,12.01974383851045,16.026325118013933,14.023034478262192,0.0,0.0,154
y,2024-08-09,4,16.026325118013933,20.032906397517415,18.029615757765676,0.0,0.0,162
y,2024-08-09,5,20.032906397517415,24.0394876770209,22.036197037269158,0.0,0.0,99
y,2024-08-09,6,24.0394876770209,28.046068956524383,26.04277831677264,0.0,0.0,96
y,2024-08-09,7,28.046068956524383,32.052650236027866,30.049359596276126,0.0,0.0,75
y,2024-08-09,8,32.052650236027866,36.05923151553135,34.05594087577961,0.0,0.0,96
y,2024-08-09,9,36.05923151553135,40.06581279503483,38.06252215528309,0.0,0.0,58
y,2024-08-09,10,40.06581279503483,44.072394074538316,42.06910343478657,0.0,0.0,38
y,2024-08-09,11,44.072394074538316,48.078975354041795,46.075684714290055,0.0,0.0,12
y,2024-08-10,0,0.0,4.006581279503483,2.0032906397517416,0.0,0.0,40
y,2024-08-10,1,4.006581279503483,8.013162559006966,6.009871919255225,0.0,0.0,185
y,2024-08-10,2,8.013162559006966,12.01974383851045,10.016453198758708,0.0,0.0,161
y,2024-08-10,3,12.01974383851045,16.026325118013933,14.023034478262192,0.0,0.0,154
y,2024-08-10,4,16.026325118013933,20.032906397517415,18.029615757765676,0.0,0.0,162
y,2024-08-10,5,20.032906397517415,24.0394876770209,22.036197037269158,0.0,0.0,99
y,2024-08-10,6,24.0394876770209,28.046068956524383,26.04277831677264,0.0,0.0,96
y,2024-08-10,7,28.046068956524383,32.052650236027866,30.049359596276126,0.0,0.0,75
y,2024-08-10,8,32.052650236027866,36.05923151553135,34.05594087577961,0.0,0.0,96
y,2024-08-10,9,36.05923151553135,40.06581279503483,38.06252215528309,0.0,0.0,58
y,2024-08-10,10,40.06581279503483,44.072394074538316,42.06910343478657,0.0,0.0,38
y,2024-08-10,11,44.072394074538316,48.078975354041795,46.075684714290055,0.0,0.0,12
y,2024-08-11,0,0.0,4.006581279503483,2.0032906397517416,0.0,0.0,40
y,2024-08-11,1,4.006581279503483,8.013162559006966,6.009871919255225,0.0,0.0,185
y,2024-08-11,2,8.013162559006966,12.01974383851045,10.016453198758708,0.0,0.0,161
y,2024-08-11,3,12.01974383851045,16.026325118013933,14.023034478262192,0.0,0.0,154
y,2024-08-11,4,16.026325118013933,20.032906397517415,18.029615757765676,0.0,0.0,162
y,2024-08-11,5,20.032906397517415,24.0394876770209,22.036197037269158,0.0,0.0,99
y,2024-08-11,6,24.0394876770209,28.046068956524383,26.04277831677264,0.0,0.0,96
y,2024-08-11,7,28.046068956524383,32.052650236027866,30.049359596276126,0.0,0.0,75
y,2024-08-11,8,32.052650236027866,36.05923151553135,34.05594087577961,0.0,0.0,96
y,2024-08-11,9,36.05923151553135,40.06581279503483,38.06252215528309,0.0,0.0,58
y,2024-08-11,10,40.06581279503483,44.072394074538316,42.06910343478657,0.0,0.0,38
y,2024-08-11,11,44.072394074538316,48.078975354041795,46.075684714290055,0.0,0.0,12
y,2024-08-12,0,0.0,4.006581279503483,2.0032906397517416,0.0,0.0,40
y,2024-08-12,1,4.006581279503483,8.013162559006966,6.009871919255225,0.0,0.0,185
y,2024-08-12,2,8.013162559006966,12.01974383851045,10.016453198758708,0.0,0.0,161
y,2024-08-12,3,12.01974383851045,16.026325118013933,14.023034478262192,0.0,0.0,154
y,2024-08-12,4,16.026325118013933,20.032906397517415,18.029615757765676,0.0,0.0,162
y,2024-08-12,5,20.032906397517415,24.0394876770209,22.036197037269158,0.0,0.0,99
y,2024-08-12,6,24.0394876770209,28.046068956524383,26.04277831677264,0.0,0.0,96
y,2024-08-12,7,28.046068956524383,32.052650236027866,30.049359596276126,0.0,0.0,75
y,2024-08-12,8,32.052650236027866,36.05923151553135,34.05594087577961,0.0,0.0,96
y,2024-08-12,9,36.05923151553135,40.06581279503483,38.06252215528309,0.0,0.0,58
y,2024-08-12,10,40.06581279503483,44.072394074538316,42.06910343478657,0.0,0.0,38
y,2024-08-12,11,44.072394074538316,48.078975354041795,46.075684714290055,0.0,0.0,12
y,2024-08-13,0,0.0,4.006581279503483,2.0032906397517416,0.0125,0.0,40
y,2024-08-13,1,4.006581279503483,8.013162559006966,6.009871919255225,0.02972972972972973,0.0,185
y,2024-08-13,2,8.013162559006966,12.01974383851045,10.016453198758708,0.027950310559006212,0.0,161
y,2024-08-13,3,12.01974383851045,16.026325118013933,14.023034478262192,0.025974025974025976,0.0,154
y,2024-08-13,4,16.026325118013933,20.032906397517415,18.029615757765676,0.033950617283950615,0.0,162
y,2024-08-13,5,20.032906397517415,24.0394876770209,22.036197037269158,0.020202020202020204,0.0,99
y,2024-08-13,6,24.0394876770209,28.046068956524383,26.04277831677264,0.026041666666666668,0.0,96
y,2024-08-13,7,28.046068956524383,32.052650236027866,30.049359596276126,0.04666666666666667,0.0,75
y,2024-08-13,8,32.052650236027866,36.05923151553135,34.05594087577961,0.078125,0.0,96
y,2024-08-13,9,36.05923151553135,40.06581279503483,38.06252215528309,0.10344827586206896,0.0,58
y,2024-08-13,10,40.06581279503483,44.072394074538316,42.06910343478657,0.11842105263157894,0.0,38
y,2024-08-13,11,44.072394074538316,48.078975354041795,46.075684714290055,0.08333333333333333,0.0,12
y,2024-08-14,0,0.0,4.006581279503483,2.0032906397517416,0.025,0.0,40
y,2024-08-14,1,4.006581279503483,8.013162559006966,6.009871919255225,0.016216216216216217,0.0,185
y,2024-08-14,2,8.013162559006966,12.01974383851045,10.016453198758708,0.015527950310559006,0.0,161
y,2024-08-14,3,12.01974383851045,16.026325118013933,14.023034478262192,0.012987012987012988,0.0,154
y,2024-08-14,4,16.026325118013933,20.032906397517415,18.029615757765676,0.015432098765432098,0.0,162
y,2024-08-14,5,20.032906397517415,24.0394876770209,22.036197037269158,0.010101010101010102,0.0,99
y,2024-08-14,6,24.0394876770209,28.046068956524383,26.04277831677264,0.015625,0.0,96
y,2024-08-14,7,28.046068956524383,32.052650236027866,30.049359596276126,0.02666666666666667,0.0,75
y,2024-08-14,8,32.052650236027866,36.05923151553135,34.05594087577961,0.041666666666666664,0.0,96
y,2024-08-14,9,36.05923151553135,40.06581279503483,38.06252215528309,0.05172413793103448,0.0,58
y,2024-08-14,10,40.06581279503483,44.072394074538316,42.06910343478657,0.039473684210526314,0.0,38
y,2024-08-14,11,44.072394074538316,48.078975354041795,46.075684714290055,0.0,0.0,12
y,2024-08-15,0,0.0,4.006581279503483,2.0032906397517416,0.0,0.0,40
y,2024-08-15,1,4.006581279503483,8.013162559006966,6.009871919255225,0.0,0.0,185
y,2024-08-15,2,8.013162559006966,12.01974383851045,10.016453198758708,0.0,0.0,161
y,2024-08-15,3,12.01974383851045,16.026325118013933,14.023034478262192,0.0,0.0,154
y,2024-08-15,4,16.026325118013933,20.032906397517415,18.029615757765676,0.0,0.0,162
y,2024-08-15,5,20.032906397517415,24.0394876770209,22.036197037269158,0.0,0.0,99
y,2024-08-15,6,24.0394876770209,28.046068956524383,26.04277831677264,0.0,0.0,96
y,2024-08-15,7,28.046068956524383,32.052650236027866,30.049359596276126,0.0,0.0,75
y,2024-08-15,8,32.052650236027866,36.05923151553135,34.05594087577961,0.0,0.0,96
y,2024-08-15,9,36.05923151553135,40.06581279503483,38.06252215528309,0.0,0.0,58
y,2024-08-15,10,40.06581279503483,44.072394074538316,42.06910343478657,0.0,0.0,38
y,2024-08-15,11,44.072394074538316,48.078975354041795,46.075684714290055,0.0,0.0,12
y,2024-08-16,0,0.0,4.006581279503483,2.0032906397517416,0.0125,0.0,40
y,2024-08-16,1,4.006581279503483,8.013162559006966,6.009871919255225,0.010810810810810811,0.0,185
y,2024-08-16,2,8.013162559006966,12.01974383851045,10.016453198758708,0.015527950310559006,0.0,161
y,2024-08-16,3,12.01974383851045,16.026325118013933,14.023034478262192,0.01948051948051948,0.0,154
y,2024-08-16,4,16.026325118013933,20.032906397517415,18.029615757765676,0.024691358024691357,0.0,162
y,2024-08-16,5,20.032906397517415,24.0394876770209,22.036197037269158,0.025252525252525252,0.0,99
y,2024-08-16,6,24.0394876770209,28.046068956524383,26.04277831677264,0.020833333333333332,0.0,96
y,2024-08-16,7,28.046068956524383,32.052650236027866,30.049359596276126,0.02,0.0,75
y,2024-08-16,8,32.052650236027866,36.05923151553135,34.05594087577961,0.03125,0.0,96
y,2024-08-16,9,36.05923151553135,40.06581279503483,38.06252215528309,0.02586206896551724,0.0,58
y,2024-08-16,10,40.06581279503483,44.072394074538316,42.06910343478657,0.039473684210526314,0.0,38
y,2024-08-16,11,44.072394074538316,48.078975354041795,46.075684714290055,0.0,0.0,12
y,2024-08-17,0,0.0,4.006581279503483,2.0032906397517416,0.0,0.0,40
y,2024-08-17,1,4.006581279503483,8.013162559006966,6.009871919255225,0.0,0.0,185
y,2024-08-17,2,8.013162559006966,12.01974383851045,10.016453198758708,0.0,0.0,161
y,2024-08-17,3,12.01974383851045,16.026325118013933,14.023034478262192,0.0,0.0,154
y,2024-08-17,4,16.026325118013933,20.032906397517415,18.029615757765676,0.0,0.0,162
y,2024-08-17,5,20.032906397517415,24.0394876770209,22.036197037269158,0.0,0.0,99
y,2024-08-17,6,24.0394876770209,28.046068956524383,26.04277831677264,0.0,0.0,96
y,2024-08-17,7,28.046068956524383,32.052650236027866,30.049359596276126,0.0,0.0,75
y,2024-08-17,8,32.052650236027866,36.05923151553135,34.05594087577961,0.0,0.0,96
y,2024-08-17,9,36.05923151553135,40.06581279503483,38.06252215528309,0.0,0.0,58
y,2024-08-17,10,40.06581279503483,44.072394074538316,42.06910343478657,0.0,0.0,38
y,2024-08-17,11,44.072394074538316,48.078975354041795,46.075684714290055,0.0,0.0,12
y,2024-08-18,0,0.0,4.006581279503483,2.0032906397517416,0.0,0.0,40
y,2024-08-18,1,4.006581279503483,8.013162559006966,6.009871919255225,0.0,0.0,185
y,2024-08-18,2,8.013162559006966,12.01974383851045,10.016453198758708,0.0,0.0,161
y,2024-08-18,3,12.01974383851045,16.026325118013933,14.023034478262192,0.0,0.0,154
y,2024-08-18,4,16.026325118013933,20.032906397517415,18.029615757765676,0.0,0.0,162
y,2024-08-18,5,20.032906397517415,24.0394876770209,22.036197037269158,0.0,0.0,99
y,2024-08-18,6,24.0394876770209,28.046068956524383,26.04277831677264,0.0,0.0,96
y,2024-08-18,7,28.046068956524383,32.052650236027866,30.049359596276126,0.0,0.0,75
y,2024-08-18,8,32.052650236027866,36.05923151553135,34.05594087577961,0.0,0.0,96
y,2024-08-18,9,36.05923151553135,40.06581279503483,38.06252215528309,0.0,0.0,58
y,2024-08-18,10,40.06581279503483,44.072394074538316,42.06910343478657,0.0,0.0,38
y,2024-08-18,11,44.072394074538316,48.078975354041795,46.075684714290055,0.0,0.0,12
y,2024-08-19,0,0.0,4.006581279503483,2.0032906397517416,0.0,0.0,40
y,2024-08-19,1,4.006581279503483,8.013162559006966,6.009871919255225,0.0,0.0,185
y,2024-08-19,2,8.013162559006966,12.01974383851045,10.016453198758708,0.0,0.0,161
y,2024-08-19,3,12.01974383851045,16.026325118013933,14.023034478262192,0.0,0.0,154
y,2024-08-19,4,16.026325118013933,20.032906397517415,18.029615757765676,0.0,0.0,162
y,2024-08-19,5,20.032906397517415,24.0394876770209,22.036197037269158,0.0,0.0,99
y,2024-08-19,6,24.0394876770209,28.046068956524383,26.04277831677264,0.0,0.0,96
y,2024-08-19,7,28.046068956524383,32.052650236027866,30.049359596276126,0.0,0.0,75
y,2024-08-19,8,32.052650236027866,36.05923151553135,34.05594087577961,0.0,0.0,96
y,2024-08-19,9,36.05923151553135,40.06581279503483,38.06252215528309,0.0,0.0,58
y,2024-08-19,10,40.06581279503483,44.072394074538316,42.06910343478657,0.0,0.0,38
y,2024-08-19,11,44.072394074538316,48.078975354041795,46.075684714290055,0.0,0.0,12
y,2024-08-20,0,0.0,4.006581279503483,2.0032906397517416,0.0,0.0,40
y,2024-08-20,1,4.006581279503483,8.013162559006966,6.009871919255225,0.0,0.0,185
y,2024-08-20,2,8.013162559006966,12.01974383851045,10.016453198758708,0.0,0.0,161
y,2024-08-20,3,12.01974383851045,16.026325118013933,14.023034478262192,0.0,0.0,154
y,2024-08-20,4,16.026325118013933,20.032906397517415,18.029615757765676,0.0,0.0,162
y,2024-08-20,5,20.032906397517415,24.0394876770209,22.036197037269158,0.0,0.0,99
y,2024-08-20,6,24.0394876770209,28.046068956524383,26.04277831677264,0.0,0.0,96
y,2024-08-20,7,28.046068956524383,32.052650236027866,30.049359596276126,0.0,0.0,75
y,2024-08-20,8,32.052650236027866,36.05923151553135,34.05594087577961,0.0,0.0,96
y,2024-08-20,9,36.05923151553135,40.06581279503483,38.06252215528309,0.0,0.0,58
y,2024-08-20,10,40.06581279503483,44.072394074538316,42.06910343478657,0.0,0.0,38
y,2024-08-20,11,44.072394074538316,48.078975354041795,46.075684714290055,0.0,0.0,12
y,2024-08-21,0,0.0,4.006581279503483,2.0032906397517416,0.0,0.0,40
y,2024-08-21,1,4.006581279503483,8.013162559006966,6.009871919255225,0.0,0.0,185
y,2024-08-21,2,8.013162559006966,12.01974383851045,10.016453198758708,0.0,0.0,161
y,2024-08-21,3,12.01974383851045,16.026325118013933,14.023034478262192,0.0,0.0,154
y,2024-08-21,4,16.026325118013933,20.032906397517415,18.029615757765676,0.0,0.0,162
y,2024-08-21,5,20.032906397517415,24.0394876770209,22.036197037269158,0.0,0.0,99
y,2024-08-21,6,24.0394876770209,28.046068956524383,26.04277831677264,0.0,0.0,96
y,2024-08-21,7,28.046068956524383,32.052650236027866,30.049359596276126,0.0,0.0,75
y,2024-08-21,8,32.052650236027866,36.05923151553135,34.05594087577961,0.0,0.0,96
y,2024-08-21,9,36.05923151553135,40.06581279503483,38.06252215528309,0.0,0.0,58
y,2024-08-21,10,40.06581279503483,44.072394074538316,42.06910343478657,0.0,0.0,38
y,2024-08-21,11,44.072394074538316,48.078975354041795,46.075684714290055,0.0,0.0,12
y,2024-08-22,0,0.0,4.006581279503483,2.0032906397517416,0.0125,0.0,40
y,2024-08-22,1,4.006581279503483,8.013162559006966,6.009871919255225,0.01891891891891892,0.0,185
y,2024-08-22,2,8.013162559006966,12.01974383851045,10.016453198758708,0.027950310559006212,0.0,161
y,2024-08-22,3,12.01974383851045,16.026325118013933,14.023034478262192,0.01948051948051948,0.0,154
y,2024-08-22,4,16.026325118013933,20.032906397517415,18.029615757765676,0.012345679012345678,0.0,162
y,2024-08-22,5,20.032906397517415,24.0394876770209,22.036197037269158,0.010101010101010102,0.0,99
y,2024-08-22,6,24.0394876770209,28.046068956524383,26.04277831677264,0.020833333333333332,0.0,96
y,2024-08-22,7,28.046068956524383,32.052650236027866,30.049359596276126,0.013333333333333334,0.0,75
y,2024-08-22,8,32.052650236027866,36.05923151553135,34.05594087577961,0.026041666666666668,0.0,96
y,2024-08-22,9,36.05923151553135,40.06581279503483,38.06252215528309,0.034482758620689655,0.0,58
y,2024-08-22,10,40.06581279503483,44.072394074538316,42.06910343478657,0.05263157894736842,0.0,38
y,2024-08-22,11,44.072394074538316,48.078975354041795,46.075684714290055,0.0,0.0,12
y,2024-08-23,0,0.0,4.006581279503483,2.0032906397517416,0.025,0.0,40
y,2024-08-23,1,4.006581279503483,8.013162559006966,6.009871919255225,0.02972972972972973,0.0,185
y,2024-08-23,2,8.013162559006966,12.01974383851045,10.016453198758708,0.037267080745341616,0.0,161
y,2024-08-23,3,12.01974383851045,16.026325118013933,14.023034478262192,0.03896103896103896,0.0,154
y,2024-08-23,4,16.026325118013933,20.032906397517415,18.029615757765676,0.037037037037037035,0.0,162
y,2024-08-23,5,20.032906397517415,24.0394876770209,22.036197037269158,0.03535353535353535,0.0,99
y,2024-08-23,6,24.0394876770209,28.046068956524383,26.04277831677264,0.041666666666666664,0.0,96
y,2024-08-23,7,28.046068956524383,32.052650236027866,30.049359596276126,0.03333333333333333,0.0,75
y,2024-08-23,8,32.052650236027866,36.05923151553135,34.05594087577961,0.057291666666666664,0.0,96
y,2024-08-23,9,36.05923151553135,40.06581279503483,38.06252215528309,0.0603448275862069,0.0,58
y,2024-08-23,10,40.06581279503483,44.072394074538316,42.06910343478657,0.09210526315789473,0.0,38
y,2024-08-23,11,44.072394074538316,48.078975354041795,46.075684714290055,0.0,0.0,12
y,2024-08-24,0,0.0,4.006581279503483,2.0032906397517416,0.0,0.0,40
y,2024-08-24,1,4.006581279503483,8.013162559006966,6.009871919255225,0.0,0.0,185
y,2024-08-24,2,8.013162559006966,12.01974383851045,10.016453198758708,0.0,0.0,161
y,2024-08-24,3,12.01974383851045,16.026325118013933,14.023034478262192,0.0,0.0,154
y,2024-08-24,4,16.026325118013933,20.032906397517415,18.029615757765676,0.0,0.0,162
y,2024-08-24,5,20.032906397517415,24.0394876770209,22.036197037269158,0.0,0.0,99
y,2024-08-24,6,24.0394876770209,28.046068956524383,26.04277831677264,0.0,0.0,96
y,2024-08-24,7,28.046068956524383,32.052650236027866,30.049359596276126,0.0,0.0,75
y,2024-08-24,8,32.052650236027866,36.05923151553135,34.05594087577961,0.0,0.0,96
y,2024-08-24,9,36.05923151553135,40.06581279503483,38.06252215528309,0.0,0.0,58
y,2024-08-24,10,40.06581279503483,44.072394074538316,42.06910343478657,0.0,0.0,38
y,2024-08-24,11,44.072394074538316,48.078975354041795,46.075684714290055,0.0,0.0,12
y,2024-08-25,0,0.0,4.006581279503483,2.0032906397517416,0.0,0.0,40
y,2024-08-25,1,4.006581279503483,8.013162559006966,6.009871919255225,0.0,0.0,185
y,2024-08-25,2,8.013162559006966,12.01974383851045,10.016453198758708,0.0,0.0,161
y,2024-08-25,3,12.01974383851045,16.026325118013933,14.023034478262192,0.0,0.0,154
y,2024-08-25,4,16.026325118013933,20.032906397517415,18.029615757765676,0.0,0.0,162
y,2024-08-25,5,20.032906397517415,24.0394876770209,22.036197037269158,0.0,0.0,99
y,2024-08-25,6,24.0394876770209,28.046068956524383,26.04277831677264,0.0,0.0,96
y,2024-08-25,7,28.046068956524383,32.052650236027866,30.049359596276126,0.0,0.0,75
y,2024-08-25,8,32.052650236027866,36.05923151553135,34.05594087577961,0.0,0.0,96
y,2024-08-25,9,36.05923151553135,40.06581279503483,38.06252215528309,0.0,0.0,58
y,2024-08-25,10,40.06581279503483,44.072394074538316,42.06910343478657,0.0,0.0,38
y,2024-08-25,11,44.072394074538316,48.078975354041795,46.075684714290055,0.0,0.0,12
y,2024-08-26,0,0.0,4.006581279503483,2.0032906397517416,0.0,0.0,40
y,2024-08-26,1,4.006581279503483,8.013162559006966,6.009871919255225,0.0,0.0,185
y,2024-08-26,2,8.013162559006966,12.01974383851045,10.016453198758708,0.0,0.0,161
y,2024-08-26,3,12.01974383851045,16.026325118013933,14.023034478262192,0.0,0.0,154
y,2024-08-26,4,16.026325118013933,20.032906397517415,18.029615757765676,0.0,0.0,162
y,2024-08-26,5,20.032906397517415,24.0394876770209,22.036197037269158,0.0,0.0,99
y,2024-08-26,6,24.0394876770209,28.046068956524383,26.04277831677264,0.0,0.0,96
y,2024-08-26,7,28.046068956524383,32.052650236027866,30.049359596276126,0.0,0.0,75
y,2024-08-26,8,32.052650236027866,36.05923151553135,34.05594087577961,0.0,0.0,96
y,2024-08-26,9,36.05923151553135,40.06581279503483,38.06252215528309,0.0,0.0,58
y,2024-08-26,10,40.06581279503483,44.072394074538316,42.06910343478657,0.0,0.0,38
y,2024-08-26,11,44.072394074538316,48.078975354041795,46.075684714290055,0.0,0.0,12
y,2024-08-27,0,0.0,4.006581279503483,2.0032906397517416,0.0,0.0,40
y,2024-08-27,1,4.006581279503483,8.013162559006966,6.009871919255225,0.0,0.0,185
y,2024-08-27,2,8.013162559006966,12.01974383851045,10.016453198758708,0.0,0.0,161
y,2024-08-27,3,12.01974383851045,16.026325118013933,14.023034478262192,0.0,0.0,154
y,2024-08-27,4,16.026325118013933,20.032906397517415,18.029615757765676,0.0,0.0,162
y,2024-08-27,5,20.032906397517415,24.0394876770209,22.036197037269158,0.0,0.0,99
y,2024-08-27,6,24.0394876770209,28.046068956524383,26.04277831677264,0.0,0.0,96
y,2024-08-27,7,28.046068956524383,32.052650236027866,30.049359596276126,0.0,0.0,75
y,2024-08-27,8,32.052650236027866,36.05923151553135,34.05594087577961,0.0,0.0,96
y,2024-08-27,9,36.05923151553135,40.06581279503483,38.06252215528309,0.0,0.0,58
y,2024-08-27,10,40.06581279503483,44.072394074538316,42.06910343478657,0.0,0.0,38
y,2024-08-27,11,44.072394074538316,48.078975354041795,46.075684714290055,0.0,0.0,12
y,2024-08-28,0,0.0,4.006581279503483,2.0032906397517416,0.0125,0.0,40
y,2024-08-28,1,4.006581279503483,8.013162559006966,6.009871919255225,0.01891891891891892,0.0,185
y,2024-08-28,2,8.013162559006966,12.01974383851045,10.016453198758708,0.027950310559006212,0.0,161
y,2024-08-28,3,12.01974383851045,16.026325118013933,14.023034478262192,0.01948051948051948,0.0,154
y,2024-08-28,4,16.026325118013933,20.032906397517415,18.029615757765676,0.012345679012345678,0.0,162
y,2024-08-28,5,20.032906397517415,24.0394876770209,22.036197037269158,0.010101010101010102,0.0,99
y,2024-08-28,6,24.0394876770209,28.046068956524383,26.04277831677264,0.020833333333333332,0.0,96
y,2024-08-28,7,28.046068956524383,32.052650236027866,30.049359596276126,0.013333333333333334,0.0,75
y,2024-08-28,8,32.052650236027866,36.05923151553135,34.05594087577961,0.026041666666666668,0.0,96
y,2024-08-28,9,36.05923151553135,40.06581279503483,38.06252215528309,0.034482758620689655,0.0,58
y,2024-08-28,10,40.06581279503483,44.072394074538316,42.06910343478657,0.05263157894736842,0.0,38
y,2024-08-28,11,44.072394074538316,48.078975354041795,46.075684714290055,0.0,0.0,12
y,2024-08-29,0,0.0,4.006581279503483,2.0032906397517416,0.0125,0.0,40
y,2024-08-29,1,4.006581279503483,8.013162559006966,6.009871919255225,0.01891891891891892,0.0,185
y,2024-08-29,2,8.013162559006966,12.01974383851045,10.016453198758708,0.027950310559006212,0.0,161
y,2024-08-29,3,12.01974383851045,16.026325118013933,14.023034478262192,0.01948051948051948,0.0,154
y,2024-08-29,4,16.026325118013933,20.032906397517415,18.029615757765676,0.012345679012345678,0.0,162
y,2024-08-29,5,20.032906397517415,24.0394876770209,22.036197037269158,0.010101010101010102,0.0,99
y,2024-08-29,6,24.0394876770209,28.046068956524383,26.04277831677264,0.020833333333333332,0.0,96
y,2024-08-29,7,28.046068956524383,32.052650236027866,30.049359596276126,0.013333333333333334,0.0,75
y,2024-08-29,8,32.052650236027866,36.05923151553135,34.05594087577961,0.026041666666666668,0.0,96
y,2024-08-29,9,36.05923151553135,40.06581279503483,38.06252215528309,0.034482758620689655,0.0,58
y,2024-08-29,10,40.06581279503483,44.072394074538316,42.06910343478657,0.05263157894736842,0.0,38
y,2024-08-29,11,44.072394074538316,48.078975354041795,46.075684714290055,0.0,0.0,12
y,2024-08-30,0,0.0,4.006581279503483,2.0032906397517416,0.0125,0.0,40
y,2024-08-30,1,4.006581279503483,8.013162559006966,6.009871919255225,0.01891891891891892,0.0,185
y,2024-08-30,2,8.013162559006966,12.01974383851045,10.016453198758708,0.027950310559006212,0.0,161
y,2024-08-30,3,12.01974383851045,16.026325118013933,14.023034478262192,0.01948051948051948,0.0,154
y,2024-08-30,4,16.026325118013933,20.032906397517415,18.029615757765676,0.012345679012345678,0.0,162
y,2024-08-30,5,20.032906397517415,24.0394876770209,22.036197037269158,0.010101010101010102,0.0,99
y,2024-08-30,6,24.0394876770209,28.046068956524383,26.04277831677264,0.020833333333333332,0.0,96
y,2024-08-30,7,28.046068956524383,32.052650236027866,30.049359596276126,0.013333333333333334,0.0,75
y,2024-08-30,8,32.052650236027866,36.05923151553135,34.05594087577961,0.026041666666666668,0.0,96
y,2024-08-30,9,36.05923151553135,40.06581279503483,38.06252215528309,0.034482758620689655,0.0,58
y,2024-08-30,10,40.06581279503483,44.072394074538316,42.06910343478657,0.05263157894736842,0.0,38
y,2024-08-30,11,44.072394074538316,48.078975354041795,46.075684714290055,0.0,0.0,12
y,2024-08-31,0,0.0,4.006581279503483,2.0032906397517416,0.0,0.0,40
y,2024-08-31,1,4.006581279503483,8.013162559006966,6.009871919255225,0.0,0.0,185
y,2024-08-31,2,8.013162559006966,12.01974383851045,10.016453198758708,0.0,0.0,161
y,2024-08-31,3,12.01974383851045,16.026325118013933,14.023034478262192,0.0,0.0,154
y,2024-08-31,4,16.026325118013933,20.032906397517415,18.029615757765676,0.0,0.0,162
y,2024-08-31,5,20.032906397517415,24.0394876770209,22.036197037269158,0.0,0.0,99
y,2024-08-31,6,24.0394876770209,28.046068956524383,26.04277831677264,0.0,0.0,96
y,2024-08-31,7,28.046068956524383,32.052650236027866,30.049359596276126,0.0,0.0,75
y,2024-08-31,8,32.052650236027866,36.05923151553135,34.05594087577961,0.0,0.0,96
y,2024-08-31,9,36.05923151553135,40.06581279503483,38.06252215528309,0.0,0.0,58
y,2024-08-31,10,40.06581279503483,44.072394074538316,42.06910343478657,0.0,0.0,38
y,2024-08-31,11,44.072394074538316,48.078975354041795,46.075684714290055,0.0,0.0,12
y,2024-09-01,0,0.0,4.006581279503483,2.0032906397517416,0.0,0.0,40
y,2024-09-01,1,4.006581279503483,8.013162559006966,6.009871919255225,0.0,0.0,185
y,2024-09-01,2,8.013162559006966,12.01974383851045,10.016453198758708,0.0,0.0,161
y,2024-09-01,3,12.01974383851045,16.026325118013933,14.023034478262192,0.0,0.0,154
y,2024-09-01,4,16.026325118013933,20.032906397517415,18.029615757765676,0.0,0.0,162
y,2024-09-01,5,20.032906397517415,24.0394876770209,22.036197037269158,0.0,0.0,99
y,2024-09-01,6,24.0394876770209,28.046068956524383,26.04277831677264,0.0,0.0,96
y,2024-09-01,7,28.046068956524383,32.052650236027866,30.049359596276126,0.0,0.0,75
y,2024-09-01,8,32.052650236027866,36.05923151553135,34.05594087577961,0.0,0.0,96
y,2024-09-01,9,36.05923151553135,40.06581279503483,38.06252215528309,0.0,0.0,58
y,2024-09-01,10,40.06581279503483,44.072394074538316,42.06910343478657,0.0,0.0,38
y,2024-09-01,11,44.072394074538316,48.078975354041795,46.075684714290055,0.0,0.0,12
y,2024-09-02,0,0.0,4.006581279503483,2.0032906397517416,0.0,0.0,40
y,2024-09-02,1,4.006581279503483,8.013162559006966,6.009871919255225,0.0,0.0,185
y,2024-09-02,2,8.013162559006966,12.01974383851045,10.016453198758708,0.0,0.0,161
y,2024-09-02,3,12.01974383851045,16.026325118013933,14.023034478262192,0.0,0.0,154
y,2024-09-02,4,16.026325118013933,20.032906397517415,18.029615757765676,0.0,0.0,162
y,2024-09-02,5,20.032906397517415,24.0394876770209,22.036197037269158,0.0,0.0,99
y,2024-09-02,6,24.0394876770209,28.046068956524383,26.04277831677264,0.0,0.0,96
y,2024-09-02,7,28.046068956524383,32.052650236027866,30.049359596276126,0.0,0.0,75
y,2024-09-02,8,32.052650236027866,36.05923151553135,34.05594087577961,0.0,0.0,96
y,2024-09-02,9,36.05923151553135,40.06581279503483,38.06252215528309,0.0,0.0,58
y,2024-09-02,10,40.06581279503483,44.072394074538316,42.06910343478657,0.0,0.0,38
y,2024-09-02,11,44.072394074538316,48.078975354041795,46.075684714290055,0.0,0.0,12
y,2024-09-03,0,0.0,4.006581279503483,2.0032906397517416,0.0,0.0,40
y,2024-09-03,1,4.006581279503483,8.013162559006966,6.009871919255225,0.0,0.0,185
y,2024-09-03,2,8.013162559006966,12.01974383851045,10.016453198758708,0.0,0.0,161
y,2024-09-03,3,12.01974383851045,16.026325118013933,14.023034478262192,0.0,0.0,154
y,2024-09-03,4,16.026325118013933,20.032906397517415,18.029615757765676,0.0,0.0,162
y,2024-09-03,5,20.032906397517415,24.0394876770209,22.036197037269158,0.0,0.0,99
y,2024-09-03,6,24.0394876770209,28.046068956524383,26.04277831677264,0.0,0.0,96
y,2024-09-03,7,28.046068956524383,32.052650236027866,30.049359596276126,0.0,0.0,75
y,2024-09-03,8,32.052650236027866,36.05923151553135,34.05594087577961,0.0,0.0,96
y,2024-09-03,9,36.05923151553135,40.06581279503483,38.06252215528309,0.0,0.0,58
y,2024-09-03,10,40.06581279503483,44.072394074538316,42.06910343478657,0.0,0.0,38
y,2024-09-03,11,44.072394074538316,48.078975354041795,46.075684714290055,0.0,0.0,12
y,2024-09-04,0,0.0,4.006581279503483,2.0032906397517416,0.0,0.0,40
y,2024-09-04,1,4.006581279503483,8.013162559006966,6.009871919255225,0.0,0.0,185
y,2024-09-04,2,8.013162559006966,12.01974383851045,10.016453198758708,0.0,0.0,161
y,2024-09-04,3,12.01974383851045,16.026325118013933,14.023034478262192,0.0,0.0,154
y,2024-09-04,4,16.026325118013933,20.032906397517415,18.029615757765676,0.0,0.0,162
y,2024-09-04,5,20.032906397517415,24.0394876770209,22.036197037269158,0.0,0.0,99
y,2024-09-04,6,24.0394876770209,28.046068956524383,26.04277831677264,0.0,0.0,96
y,2024-09-04,7,28.046068956524383,32.052650236027866,30.049359596276126,0.0,0.0,75
y,2024-09-04,8,32.052650236027866,36.05923151553135,34.05594087577961,0.0,0.0,96
y,2024-09-04,9,36.05923151553135,40.06581279503483,38.06252215528309,0.0,0.0,58
y,2024-09-04,10,40.06581279503483,44.072394074538316,42.06910343478657,0.0,0.0,38
y,2024-09-04,11,44.072394074538316,48.078975354041795,46.075684714290055,0.0,0.0,12
y,2024-09-05,0,0.0,4.006581279503483,2.0032906397517416,0.0,0.0,40
y,2024-09-05,1,4.006581279503483,8.013162559006966,6.009871919255225,0.0,0.0,185
y,2024-09-05,2,8.013162559006966,12.01974383851045,10.016453198758708,0.0,0.0,161
y,2024-09-05,3,12.01974383851045,16.026325118013933,14.023034478262192,0.0,0.0,154
y,2024-09-05,4,16.026325118013933,20.032906397517415,18.029615757765676,0.0,0.0,162
y,2024-09-05,5,20.032906397517415,24.0394876770209,22.036197037269158,0.0,0.0,99
y,2024-09-05,6,24.0394876770209,28.046068956524383,26.04277831677264,0.0,0.0,96
y,2024-09-05,7,28.046068956524383,32.052650236027866,30.049359596276126,0.0,0.0,75
y,2024-09-05,8,32.052650236027866,36.05923151553135,34.05594087577961,0.0,0.0,96
y,2024-09-05,9,36.05923151553135,40.06581279503483,38.06252215528309,0.0,0.0,58
y,2024-09-05,10,40.06581279503483,44.072394074538316,42.06910343478657,0.0,0.0,38
y,2024-09-05,11,44.072394074538316,48.078975354041795,46.075684714290055,0.0,0.0,12
y,2024-09-06,0,0.0,4.006581279503483,2.0032906397517416,0.0,0.0,40
y,2024-09-06,1,4.006581279503483,8.013162559006966,6.009871919255225,0.0,0.0,185
y,2024-09-06,2,8.013162559006966,12.01974383851045,10.016453198758708,0.0,0.0,161
y,2024-09-06,3,12.01974383851045,16.026325118013933,14.023034478262192,0.0,0.0,154
y,2024-09-06,4,16.026325118013933,20.032906397517415,18.029615757765676,0.0,0.0,162
y,2024-09-06,5,20.032906397517415,24.0394876770209,22.036197037269158,0.0,0.0,99
y,2024-09-06,6,24.0394876770209,28.046068956524383,26.04277831677264,0.0,0.0,96
y,2024-09-06,7,28.046068956524383,32.052650236027866,30.049359596276126,0.0,0.0,75
y,2024-09-06,8,32.052650236027866,36.05923151553135,34.05594087577961,0.0,0.0,96
y,2024-09-06,9,36.05923151553135,40.06581279503483,38.06252215528309,0.0,0.0,58
y,2024-09-06,10,40.06581279503483,44.072394074538316,42.06910343478657,0.0,0.0,38
y,2024-09-06,11,44.072394074538316,48.078975354041795,46.075684714290055,0.0,0.0,12
y,2024-09-07,0,0.0,4.006581279503483,2.0032906397517416,0.0,0.0,40
y,2024-09-07,1,4.006581279503483,8.013162559006966,6.009871919255225,0.0,0.0,185
y,2024-09-07,2,8.013162559006966,12.01974383851045,10.016453198758708,0.0,0.0,161
y,2024-09-07,3,12.01974383851045,16.026325118013933,14.023034478262192,0.0,0.0,154
y,2024-09-07,4,16.026325118013933,20.032906397517415,18.029615757765676,0.0,0.0,162
y,2024-09-07,5,20.032906397517415,24.0394876770209,22.036197037269158,0.0,0.0,99
y,2024-09-07,6,24.0394876770209,28.046068956524383,26.04277831677264,0.0,0.0,96
y,2024-09-07,7,28.046068956524383,32.052650236027866,30.049359596276126,0.0,0.0,75
y,2024-09-07,8,32.052650236027866,36.05923151553135,34.05594087577961,0.0,0.0,96
y,2024-09-07,9,36.05923151553135,40.06581279503483,38.06252215528309,0.0,0.0,58
y,2024-09-07,10,40.06581279503483,44.072394074538316,42.06910343478657,0.0,0.0,38
y,2024-09-07,11,44.072394074538316,48.078975354041795,46.075684714290055,0.0,0.0,12
y,2024-09-08,0,0.0,4.006581279503483,2.0032906397517416,0.0,0.0,40
y,2024-09-08,1,4.006581279503483,8.013162559006966,6.009871919255225,0.0,0.0,185
y,2024-09-08,2,8.013162559006966,12.01974383851045,10.016453198758708,0.0,0.0,161
y,2024-09-08,3,12.01974383851045,16.026325118013933,14.023034478262192,0.0,0.0,154
y,2024-09-08,4,16.026325118013933,20.032906397517415,18.029615757765676,0.0,0.0,162
y,2024-09-08,5,20.032906397517415,24.0394876770209,22.036197037269158,0.0,0.0,99
y,2024-09-08,6,24.0394876770209,28.046068956524383,26.04277831677264,0.0,0.0,96
y,2024-09-08,7,28.046068956524383,32.052650236027866,30.049359596276126,0.0,0.0,75
y,2024-09-08,8,32.052650236027866,36.05923151553135,34.05594087577961,0.0,0.0,96
y,2024-09-08,9,36.05923151553135,40.06581279503483,38.06252215528309,0.0,0.0,58
y,2024-09-08,10,40.06581279503483,44.072394074538316,42.06910343478657,0.0,0.0,38
y,2024-09-08,11,44.072394074538316,48.078975354041795,46.075684714290055,0.0,0.0,12
y,2024-09-09,0,0.0,4.006581279503483,2.0032906397517416,0.0,0.0,40
y,2024-09-09,1,4.006581279503483,8.013162559006966,6.009871919255225,0.0,0.0,185
y,2024-09-09,2,8.013162559006966,12.01974383851045,10.016453198758708,0.0,0.0,161
y,2024-09-09,3,12.01974383851045,16.026325118013933,14.023034478262192,0.0,0.0,154
y,2024-09-09,4,16.026325118013933,20.032906397517415,18.029615757765676,0.0,0.0,162
y,2024-09-09,5,20.032906397517415,24.0394876770209,22.036197037269158,0.0,0.0,99
y,2024-09-09,6,24.0394876770209,28.046068956524383,26.04277831677264,0.0,0.0,96
y,2024-09-09,7,28.046068956524383,32.052650236027866,30.049359596276126,0.0,0.0,75
y,2024-09-09,8,32.052650236027866,36.05923151553135,34.05594087577961,0.0,0.0,96
y,2024-09-09,9,36.05923151553135,40.06581279503483,38.06252215528309,0.0,0.0,58
y,2024-09-09,10,40.06581279503483,44.072394074538316,42.06910343478657,0.0,0.0,38
y,2024-09-09,11,44.072394074538316,48.078975354041795,46.075684714290055,0.0,0.0,12
y,2024-09-10,0,0.0,4.006581279503483,2.0032906397517416,0.0,0.0,40
y,2024-09-10,1,4.006581279503483,8.013162559006966,6.009871919255225,0.0,0.0,185
y,2024-09-10,2,8.013162559006966,12.01974383851045,10.016453198758708,0.0,0.0,161
y,2024-09-10,3,12.01974383851045,16.026325118013933,14.023034478262192,0.0,0.0,154
y,2024-09-10,4,16.026325118013933,20.032906397517415,18.029615757765676,0.0,0.0,162
y,2024-09-10,5,20.032906397517415,24.0394876770209,22.036197037269158,0.0,0.0,99
y,2024-09-10,6,24.0394876770209,28.046068956524383,26.04277831677264,0.0,0.0,96
y,2024-09-10,7,28.046068956524383,32.052650236027866,30.049359596276126,0.0,0.0,75
y,2024-09-10,8,32.052650236027866,36.05923151553135,34.05594087577961,0.0,0.0,96
y,2024-09-10,9,36.05923151553135,40.06581279503483,38.06252215528309,0.0,0.0,58
y,2024-09-10,10,40.06581279503483,44.072394074538316,42.06910343478657,0.0,0.0,38
y,2024-09-10,11,44.072394074538316,48.078975354041795,46.075684714290055,0.0,0.0,12
y,2024-09-11,0,0.0,4.006581279503483,2.0032906397517416,0.0,0.0,40
y,2024-09-11,1,4.006581279503483,8.013162559006966,6.009871919255225,0.0,0.0,185
y,2024-09-11,2,8.013162559006966,12.01974383851045,10.016453198758708,0.0,0.0,161
y,2024-09-11,3,12.01974383851045,16.026325118013933,14.023034478262192,0.0,0.0,154
y,2024-09-11,4,16.026325118013933,20.032906397517415,18.029615757765676,0.0,0.0,162
y,2024-09-11,5,20.032906397517415,24.0394876770209,22.036197037269158,0.0,0.0,99
y,2024-09-11,6,24.0394876770209,28.046068956524383,26.04277831677264,0.0,0.0,96
y,2024-09-11,7,28.046068956524383,32.052650236027866,30.049359596276126,0.0,0.0,75
y,2024-09-11,8,32.052650236027866,36.05923151553135,34.05594087577961,0.0,0.0,96
y,2024-09-11,9,36.05923151553135,40.06581279503483,38.06252215528309,0.0,0.0,58
y,2024-09-11,10,40.06581279503483,44.072394074538316,42.06910343478657,0.0,0.0,38
y,2024-09-11,11,44.072394074538316,48.078975354041795,46.075684714290055,0.0,0.0,12
y,2024-09-12,0,0.0,4.006581279503483,2.0032906397517416,0.0,0.0,40
y,2024-09-12,1,4.006581279503483,8.013162559006966,6.009871919255225,0.0,0.0,185
y,2024-09-12,2,8.013162559006966,12.01974383851045,10.016453198758708,0.0,0.0,161
y,2024-09-12,3,12.01974383851045,16.026325118013933,14.023034478262192,0.0,0.0,154
y,2024-09-12,4,16.026325118013933,20.032906397517415,18.029615757765676,0.0,0.0,162
y,2024-09-12,5,20.032906397517415,24.0394876770209,22.036197037269158,0.0,0.0,99
y,2024-09-12,6,24.0394876770209,28.046068956524383,26.04277831677264,0.0,0.0,96
y,2024-09-12,7,28.046068956524383,32.052650236027866,30.049359596276126,0.0,0.0,75
y,2024-09-12,8,32.052650236027866,36.05923151553135,34.05594087577961,0.0,0.0,96
y,2024-09-12,9,36.05923151553135,40.06581279503483,38.06252215528309,0.0,0.0,58
y,2024-09-12,10,40.06581279503483,44.072394074538316,42.06910343478657,0.0,0.0,38
y,2024-09-12,11,44.072394074538316,48.078975354041795,46.075684714290055,0.0,0.0,12
y,2024-09-13,0,0.0,4.006581279503483,2.0032906397517416,0.0,0.0,40
y,2024-09-13,1,4.006581279503483,8.013162559006966,6.009871919255225,0.0,0.0,185
y,2024-09-13,2,8.013162559006966,12.01974383851045,10.016453198758708,0.0,0.0,161
y,2024-09-13,3,12.01974383851045,16.026325118013933,14.023034478262192,0.0,0.0,154
y,2024-09-13,4,16.026325118013933,20.032906397517415,18.029615757765676,0.0,0.0,162
y,2024-09-13,5,20.032906397517415,24.0394876770209,22.036197037269158,0.0,0.0,99
y,2024-09-13,6,24.0394876770209,28.046068956524383,26.04277831677264,0.0,0.0,96
y,2024-09-13,7,28.046068956524383,32.052650236027866,30.049359596276126,0.0,0.0,75
y,2024-09-13,8,32.052650236027866,36.05923151553135,34.05594087577961,0.0,0.0,96
y,2024-09-13,9,36.05923151553135,40.06581279503483,38.06252215528309,0.0,0.0,58
y,2024-09-13,10,40.06581279503483,44.072394074538316,42.06910343478657,0.0,0.0,38
y,2024-09-13,11,44.072394074538316,48.078975354041795,46.075684714290055,0.0,0.0,12
y,2024-09-14,0,0.0,4.006581279503483,2.0032906397517416,0.1375,0.0,40
y,2024-09-14,1,4.006581279503483,8.013162559006966,6.009871919255225,0.14594594594594595,0.0,185
y,2024-09-14,2,8.013162559006966,12.01974383851045,10.016453198758708,0.13043478260869565,0.0,161
y,2024-09-14,3,12.01974383851045,16.026325118013933,14.023034478262192,0.10064935064935066,0.0,154
y,2024-09-14,4,16.026325118013933,20.032906397517415,18.029615757765676,0.14814814814814814,0.0,162
y,2024-09-14,5,20.032906397517415,24.0394876770209,22.036197037269158,0.10606060606060606,0.0,99
y,2024-09-14,6,24.0394876770209,28.046068956524383,26.04277831677264,0.16145833333333334,0.0,96
y,2024-09-14,7,28.046068956524383,32.052650236027866,30.049359596276126,0.15333333333333332,0.0,75
y,2024-09-14,8,32.052650236027866,36.05923151553135,34.05594087577961,0.359375,0.0,96
y,2024-09-14,9,36.05923151553135,40.06581279503483,38.06252215528309,0.43103448275862066,0.0,58
y,2024-09-14,10,40.06581279503483,44.072394074538316,42.06910343478657,0.75,0.0,38
y,2024-09-14,11,44.072394074538316,48.078975354041795,46.075684714290055,1.5416666666666667,0.0,12
y,2024-09-15,0,0.0,4.006581279503483,2.0032906397517416,0.1625,0.0,40
y,2024-09-15,1,4.006581279503483,8.013162559006966,6.009871919255225,0.17027027027027028,0.0,185
y,2024-09-15,2,8.013162559006966,12.01974383851045,10.016453198758708,0.13354037267080746,0.0,161
y,2024-09-15,3,12.01974383851045,16.026325118013933,14.023034478262192,0.12337662337662338,0.0,154
y,2024-09-15,4,16.026325118013933,20.032906397517415,18.029615757765676,0.14506172839506173,0.0,162
y,2024-09-15,5,20.032906397517415,24.0394876770209,22.036197037269158,0.13636363636363635,0.0,99
y,2024-09-15,6,24.0394876770209,28.046068956524383,26.04277831677264,0.19791666666666666,0.0,96
y,2024-09-15,7,28.046068956524383,32.052650236027866,30.049359596276126,0.18,0.0,75
y,2024-09-15,8,32.052650236027866,36.05923151553135,34.05594087577961,0.28125,0.0,96
y,2024-09-15,9,36.05923151553135,40.06581279503483,38.06252215528309,0.27586206896551724,0.0,58
y,2024-09-15,10,40.06581279503483,44.072394074538316,42.06910343478657,0.3684210526315789,0.0,38
y,2024-09-15,11,44.072394074538316,48.078975354041795,46.075684714290055,0.6666666666666666,0.0,12
y,2024-09-16,0,0.0,4.006581279503483,2.0032906397517416,0.4125,0.0,40
y,2024-09-16,1,4.006581279503483,8.013162559006966,6.009871919255225,0.7567567567567568,0.0,185
y,2024-09-16,2,8.013162559006966,12.01974383851045,10.016453198758708,0.7701863354037267,0.0,161
y,2024-09-16,3,12.01974383851045,16.026325118013933,14.023034478262192,0.775974025974026,0.0,154
y,2024-09-16,4,16.026325118013933,20.032906397517415,18.029615757765676,0.8549382716049383,0.5,162
y,2024-09-16,5,20.032906397517415,24.0394876770209,22.036197037269158,0.6565656565656566,0.0,99
y,2024-09-16,6,24.0394876770209,28.046068956524383,26.04277831677264,0.7552083333333334,0.0,96
y,2024-09-16,7,28.046068956524383,32.052650236027866,30.049359596276126,0.74,0.0,75
y,2024-09-16,8,32.052650236027866,36.05923151553135,34.05594087577961,0.734375,0.0,96
y,2024-09-16,9,36.05923151553135,40.06581279503483,38.06252215528309,0.4482758620689655,0.0,58
y,2024-09-16,10,40.06581279503483,44.072394074538316,42.06910343478657,0.13157894736842105,0.0,38
y,2024-09-16,11,44.072394074538316,48.078975354041795,46.075684714290055,0.0,0.0,12
y,2024-09-17,0,0.0,4.006581279503483,2.0032906397517416,0.2375,0.0,40
y,2024-09-17,1,4.006581279503483,8.013162559006966,6.009871919255225,0.5351351351351351,0.0,185
y,2024-09-17,2,8.013162559006966,12.01974383851045,10.016453198758708,0.6024844720496895,0.0,161
y,2024-09-17,3,12.01974383851045,16.026325118013933,14.023034478262192,0.5974025974025974,0.0,154
y,2024-09-17,4,16.026325118013933,20.032906397517415,18.029615757765676,0.6820987654320988,0.0,162
y,2024-09-17,5,20.032906397517415,24.0394876770209,22.036197037269158,0.3888888888888889,0.0,99
y,2024-09-17,6,24.0394876770209,28.046068956524383,26.04277831677264,0.6302083333333334,0.0,96
y,2024-09-17,7,28.046068956524383,32.052650236027866,30.049359596276126,0.42,0.0,75
y,2024-09-17,8,32.052650236027866,36.05923151553135,34.05594087577961,0.5260416666666666,0.0,96
y,2024-09-17,9,36.05923151553135,40.06581279503483,38.06252215528309,0.25862068965517243,0.0,58
y,2024-09-17,10,40.06581279503483,44.072394074538316,42.06910343478657,0.07894736842105263,0.0,38
y,2024-09-17,11,44.072394074538316,48.078975354041795,46.075684714290055,0.0,0.0,12
y,2024-09-18,0,0.0,4.006581279503483,2.0032906397517416,0.025,0.0,40
y,2024-09-18,1,4.006581279503483,8.013162559006966,6.009871919255225,0.15945945945945947,0.0,185
y,2024-09-18,2,8.013162559006966,12.01974383851045,10.016453198758708,0.15217391304347827,0.0,161
y,2024-09-18,3,12.01974383851045,16.026325118013933,14.023034478262192,0.16233766233766234,0.0,154
y,2024-09-18,4,16.026325118013933,20.032906397517415,18.029615757765676,0.16358024691358025,0.0,162
y,2024-09-18,5,20.032906397517415,24.0394876770209,22.036197037269158,0.13131313131313133,0.0,99
y,2024-09-18,6,24.0394876770209,28.046068956524383,26.04277831677264,0.140625,0.0,96
y,2024-09-18,7,28.046068956524383,32.052650236027866,30.049359596276126,0.16,0.0,75
y,2024-09-18,8,32.052650236027866,36.05923151553135,34.05594087577961,0.17708333333333334,0.0,96
y,2024-09-18,9,36.05923151553135,40.06581279503483,38.06252215528309,0.1724137931034483,0.0,58
y,2024-09-18,10,40.06581279503483,44.072394074538316,42.06910343478657,0.15789473684210525,0.0,38
y,2024-09-18,11,44.072394074538316,48.078975354041795,46.075684714290055,0.0,0.0,12
y,2024-09-19,0,0.0,4.006581279503483,2.0032906397517416,0.75,0.0,40
y,2024-09-19,1,4.006581279503483,8.013162559006966,6.009871919255225,1.0351351351351352,0.0,185
y,2024-09-19,2,8.013162559006966,12.01974383851045,10.016453198758708,0.7701863354037267,0.0,161
y,2024-09-19,3,12.01974383851045,16.026325118013933,14.023034478262192,0.7337662337662337,0.0,154
y,2024-09-19,4,16.026325118013933,20.032906397517415,18.029615757765676,0.7129629629629629,0.0,162
y,2024-09-19,5,20.032906397517415,24.0394876770209,22.036197037269158,0.6111111111111112,0.0,99
y,2024-09-19,6,24.0394876770209,28.046068956524383,26.04277831677264,1.0572916666666667,0.5,96
y,2024-09-19,7,28.046068956524383,32.052650236027866,30.049359596276126,1.14,0.0,75
y,2024-09-19,8,32.052650236027866,36.05923151553135,34.05594087577961,1.0260416666666667,0.0,96
y,2024-09-19,9,36.05923151553135,40.06581279503483,38.06252215528309,0.7241379310344828,0.0,58
y,2024-09-19,10,40.06581279503483,44.072394074538316,42.06910343478657,0.47368421052631576,0.0,38
y,2024-09-19,11,44.072394074538316,48.078975354041795,46.075684714290055,0.0,0.0,12
y,2024-09-20,0,0.0,4.006581279503483,2.0032906397517416,0.25,0.0,40
y,2024-09-20,1,4.006581279503483,8.013162559006966,6.009871919255225,0.2864864864864865,0.0,185
y,2024-09-20,2,8.013162559006966,12.01974383851045,10.016453198758708,0.33229813664596275,0.0,161
y,2024-09-20,3,12.01974383851045,16.026325118013933,14.023034478262192,0.2694805194805195,0.0,154
y,2024-09-20,4,16.026325118013933,20.032906397517415,18.029615757765676,0.38580246913580246,0.0,162
y,2024-09-20,5,20.032906397517415,24.0394876770209,22.036197037269158,0.398989898989899,0.0,99
y,2024-09-20,6,24.0394876770209,28.046068956524383,26.04277831677264,0.3958333333333333,0.0,96
y,2024-09-20,7,28.046068956524383,32.052650236027866,30.049359596276126,0.35333333333333333,0.0,75
y,2024-09-20,8,32.052650236027866,36.05923151553135,34.05594087577961,0.3177083333333333,0.0,96
y,2024-09-20,9,36.05923151553135,40.06581279503483,38.06252215528309,0.16379310344827586,0.0,58
y,2024-09-20,10,40.06581279503483,44.072394074538316,42.06910343478657,0.10526315789473684,0.0,38
y,2024-09-20,11,44.072394074538316,48.078975354041795,46.075684714290055,0.041666666666666664,0.0,12
y,2024-09-21,0,0.0,4.006581279503483,2.0032906397517416,0.0125,0.0,40
y,2024-09-21,1,4.006581279503483,8.013162559006966,6.009871919255225,0.013513513513513514,0.0,185
y,2024-09-21,2,8.013162559006966,12.01974383851045,10.016453198758708,0.012422360248447204,0.0,161
y,2024-09-21,3,12.01974383851045,16.026325118013933,14.023034478262192,0.012987012987012988,0.0,154
y,2024-09-21,4,16.026325118013933,20.032906397517415,18.029615757765676,0.018518518518518517,0.0,162
y,2024-09-21,5,20.032906397517415,24.0394876770209,22.036197037269158,0.010101010101010102,0.0,99
y,2024-09-21,6,24.0394876770209,28.046068956524383,26.04277831677264,0.010416666666666666,0.0,96
y,2024-09-21,7,28.046068956524383,32.052650236027866,30.049359596276126,0.02,0.0,75
y,2024-09-21,8,32.052650236027866,36.05923151553135,34.05594087577961,0.036458333333333336,0.0,96
y,2024-09-21,9,36.05923151553135,40.06581279503483,38.06252215528309,0.05172413793103448,0.0,58
y,2024-09-21,10,40.06581279503483,44.072394074538316,42.06910343478657,0.07894736842105263,0.0,38
y,2024-09-21,11,44.072394074538316,48.078975354041795,46.075684714290055,0.08333333333333333,0.0,12
y,2024-09-22,0,0.0,4.006581279503483,2.0032906397517416,0.1125,0.0,40
y,2024-09-22,1,4.006581279503483,8.013162559006966,6.009871919255225,0.0891891891891892,0.0,185
y,2024-09-22,2,8.013162559006966,12.01974383851045,10.016453198758708,0.062111801242236024,0.0,161
y,2024-09-22,3,12.01974383851045,16.026325118013933,14.023034478262192,0.05194805194805195,0.0,154
y,2024-09-22,4,16.026325118013933,20.032906397517415,18.029615757765676,0.06790123456790123,0.0,162
y,2024-09-22,5,20.032906397517415,24.0394876770209,22.036197037269158,0.050505050505050504,0.0,99
y,2024-09-22,6,24.0394876770209,28.046068956524383,26.04277831677264,0.07291666666666667,0.0,96
y,2024-09-22,7,28.046068956524383,32.052650236027866,30.049359596276126,0.12666666666666668,0.0,75
y,2024-09-22,8,32.052650236027866,36.05923151553135,34.05594087577961,0.18229166666666666,0.0,96
y,2024-09-22,9,36.05923151553135,40.06581279503483,38.06252215528309,0.25862068965517243,0.0,58
y,2024-09-22,10,40.06581279503483,44.072394074538316,42.06910343478657,0.2894736842105263,0.0,38
y,2024-09-22,11,44.072394074538316,48.078975354041795,46.075684714290055,0.25,0.0,12
y,2024-09-23,0,0.0,4.006581279503483,2.0032906397517416,1.3,0.0,40
y,2024-09-23,1,4.006581279503483,8.013162559006966,6.009871919255225,1.8,0.0,185
y,2024-09-23,2,8.013162559006966,12.01974383851045,10.016453198758708,2.1677018633540373,0.0,161
y,2024-09-23,3,12.01974383851045,16.026325118013933,14.023034478262192,2.470779220779221,0.0,154
y,2024-09-23,4,16.026325118013933,20.032906397517415,18.029615757765676,3.126543209876543,0.5,162
y,2024-09-23,5,20.032906397517415,24.0394876770209,22.036197037269158,2.3383838383838382,0.0,99
y,2024-09-23,6,24.0394876770209,28.046068956524383,26.04277831677264,2.59375,0.0,96
y,2024-09-23,7,28.046068956524383,32.052650236027866,30.049359596276126,1.44,0.0,75
y,2024-09-23,8,32.052650236027866,36.05923151553135,34.05594087577961,1.0520833333333333,0.0,96
y,2024-09-23,9,36.05923151553135,40.06581279503483,38.06252215528309,1.3620689655172413,0.0,58
y,2024-09-23,10,40.06581279503483,44.072394074538316,42.06910343478657,0.06578947368421052,0.0,38
y,2024-09-23,11,44.072394074538316,48.078975354041795,46.075684714290055,0.0,0.0,12
y,2024-09-24,0,0.0,4.006581279503483,2.0032906397517416,0.35,0.0,40
y,2024-09-24,1,4.006581279503483,8.013162559006966,6.009871919255225,0.7945945945945946,0.0,185
y,2024-09-24,2,8.013162559006966,12.01974383851045,10.016453198758708,0.9937888198757764,0.0,161
y,2024-09-24,3,12.01974383851045,16.026325118013933,14.023034478262192,0.551948051948052,0.0,154
y,2024-09-24,4,16.026325118013933,20.032906397517415,18.029615757765676,0.8179012345679012,0.0,162
y,2024-09-24,5,20.032906397517415,24.0394876770209,22.036197037269158,0.9545454545454546,0.0,99
y,2024-09-24,6,24.0394876770209,28.046068956524383,26.04277831677264,1.234375,0.0,96
y,2024-09-24,7,28.046068956524383,32.052650236027866,30.049359596276126,1.1333333333333333,0.0,75
y,2024-09-24,8,32.052650236027866,36.05923151553135,34.05594087577961,1.3854166666666667,0.0,96
y,2024-09-24,9,36.05923151553135,40.06581279503483,38.06252215528309,0.603448275862069,0.0,58
y,2024-09-24,10,40.06581279503483,44.072394074538316,42.06910343478657,0.25,0.0,38
y,2024-09-24,11,44.072394074538316,48.078975354041795,46.075684714290055,0.0,0.0,12
y,2024-09-25,0,0.0,4.006581279503483,2.0032906397517416,1.3125,0.0,40
y,2024-09-25,1,4.006581279503483,8.013162559006966,6.009871919255225,1.4297297297297298,0.0,185
y,2024-09-25,2,8.013162559006966,12.01974383851045,10.016453198758708,2.130434782608696,0.0,161
y,2024-09-25,3,12.01974383851045,16.026325118013933,14.023034478262192,1.6396103896103895,0.0,154
y,2024-09-25,4,16.026325118013933,20.032906397517415,18.029615757765676,2.4691358024691357,0.0,162
y,2024-09-25,5,20.032906397517415,24.0394876770209,22.036197037269158,2.1313131313131315,0.0,99
y,2024-09-25,6,24.0394876770209,28.046068956524383,26.04277831677264,3.1927083333333335,0.0,96
y,2024-09-25,7,28.046068956524383,32.052650236027866,30.049359596276126,1.6266666666666667,0.0,75
y,2024-09-25,8,32.052650236027866,36.05923151553135,34.05594087577961,1.6614583333333333,0.0,96
y,2024-09-25,9,36.05923151553135,40.06581279503483,38.06252215528309,0.6293103448275862,0.0,58
y,2024-09-25,10,40.06581279503483,44.072394074538316,42.06910343478657,0.21052631578947367,0.0,38
y,2024-09-25,11,44.072394074538316,48.078975354041795,46.075684714290055,0.0,0.0,12
y,2024-09-26,0,0.0,4.006581279503483,2.0032906397517416,0.8125,0.0,40
y,2024-09-26,1,4.006581279503483,8.013162559006966,6.009871919255225,1.2378378378378379,0.0,185
y,2024-09-26,2,8.013162559006966,12.01974383851045,10.016453198758708,1.7267080745341614,0.0,161
y,2024-09-26,3,12.01974383851045,16.026325118013933,14.023034478262192,1.6233766233766234,0.0,154
y,2024-09-26,4,16.026325118013933,20.032906397517415,18.029615757765676,2.3425925925925926,0.0,162
y,2024-09-26,5,20.032906397517415,24.0394876770209,22.036197037269158,1.8131313131313131,0.0,99
y,2024-09-26,6,24.0394876770209,28.046068956524383,26.04277831677264,3.015625,0.0,96
y,2024-09-26,7,28.046068956524383,32.052650236027866,30.049359596276126,1.44,0.0,75
y,2024-09-26,8,32.052650236027866,36.05923151553135,34.05594087577961,1.2135416666666667,0.0,96
y,2024-09-26,9,36.05923151553135,40.06581279503483,38.06252215528309,0.5258620689655172,0.0,58
y,2024-09-26,10,40.06581279503483,44.072394074538316,42.06910343478657,0.23684210526315788,0.0,38
y,2024-09-26,11,44.072394074538316,48.078975354041795,46.075684714290055,0.0,0.0,12
y,2024-09-27,0,0.0,4.006581279503483,2.0032906397517416,0.0,0.0,40
y,2024-09-27,1,4.006581279503483,8.013162559006966,6.009871919255225,0.0,0.0,185
y,2024-09-27,2,8.013162559006966,12.01974383851045,10.016453198758708,0.0,0.0,161
y,2024-09-27,3,12.01974383851045,16.026325118013933,14.023034478262192,0.0,0.0,154
y,2024-09-27,4,16.026325118013933,20.032906397517415,18.029615757765676,0.0,0.0,162
y,2024-09-27,5,20.032906397517415,24.0394876770209,22.036197037269158,0.0,0.0,99
y,2024-09-27,6,24.0394876770209,28.046068956524383,26.04277831677264,0.0,0.0,96
y,2024-09-27,7,28.046068956524383,32.052650236027866,30.049359596276126,0.0,0.0,75
y,2024-09-27,8,32.052650236027866,36.05923151553135,34.05594087577961,0.0,0.0,96
y,2024-09-27,9,36.05923151553135,40.06581279503483,38.06252215528309,0.0,0.0,58
y,2024-09-27,10,40.06581279503483,44.072394074538316,42.06910343478657,0.0,0.0,38
y,2024-09-27,11,44.072394074538316,48.078975354041795,46.075684714290055,0.0,0.0,12
y,2024-09-28,0,0.0,4.006581279503483,2.0032906397517416,0.025,0.0,40
y,2024-09-28,1,4.006581279503483,8.013162559006966,6.009871919255225,0.016216216216216217,0.0,185
y,2024-09-28,2,8.013162559006966,12.01974383851045,10.016453198758708,0.015527950310559006,0.0,161
y,2024-09-28,3,12.01974383851045,16.026325118013933,14.023034478262192,0.012987012987012988,0.0,154
y,2024-09-28,4,16.026325118013933,20.032906397517415,18.029615757765676,0.015432098765432098,0.0,162
y,2024-09-28,5,20.032906397517415,24.0394876770209,22.036197037269158,0.010101010101010102,0.0,99
y,2024-09-28,6,24.0394876770209,28.046068956524383,26.04277831677264,0.015625,0.0,96
y,2024-09-28,7,28.046068956524383,32.052650236027866,30.049359596276126,0.02666666666666667,0.0,75
y,2024-09-28,8,32.052650236027866,36.05923151553135,34.05594087577961,0.041666666666666664,0.0,96
y,2024-09-28,9,36.05923151553135,40.06581279503483,38.06252215528309,0.05172413793103448,0.0,58
y,2024-09-28,10,40.06581279503483,44.072394074538316,42.06910343478657,0.039473684210526314,0.0,38
y,2024-09-28,11,44.072394074538316,48.078975354041795,46.075684714290055,0.0,0.0,12
y,2024-09-29,0,0.0,4.006581279503483,2.0032906397517416,0.375,0.0,40
y,2024-09-29,1,4.006581279503483,8.013162559006966,6.009871919255225,0.37027027027027026,0.0,185
y,2024-09-29,2,8.013162559006966,12.01974383851045,10.016453198758708,0.33540372670807456,0.0,161
y,2024-09-29,3,12.01974383851045,16.026325118013933,14.023034478262192,0.2857142857142857,0.0,154
y,2024-09-29,4,16.026325118013933,20.032906397517415,18.029615757765676,0.2623456790123457,0.0,162
y,2024-09-29,5,20.032906397517415,24.0394876770209,22.036197037269158,0.3282828282828283,0.0,99
y,2024-09-29,6,24.0394876770209,28.046068956524383,26.04277831677264,0.4322916666666667,0.0,96
y,2024-09-29,7,28.046068956524383,32.052650236027866,30.049359596276126,0.6933333333333334,0.0,75
y,2024-09-29,8,32.052650236027866,36.05923151553135,34.05594087577961,0.6822916666666666,0.0,96
y,2024-09-29,9,36.05923151553135,40.06581279503483,38.06252215528309,0.9827586206896551,0.0,58
y,2024-09-29,10,40.06581279503483,44.072394074538316,42.06910343478657,1.013157894736842,0.0,38
y,2024-09-29,11,44.072394074538316,48.078975354041795,46.075684714290055,1.0,0.0,12
y,2024-09-30,0,0.0,4.006581279503483,2.0032906397517416,0.55,0.0,40
y,2024-09-30,1,4.006581279503483,8.013162559006966,6.009871919255225,0.8648648648648649,0.0,185
y,2024-09-30,2,8.013162559006966,12.01974383851045,10.016453198758708,1.0186335403726707,0.0,161
y,2024-09-30,3,12.01974383851045,16.026325118013933,14.023034478262192,0.6363636363636364,0.0,154
y,2024-09-30,4,16.026325118013933,20.032906397517415,18.029615757765676,0.7561728395061729,0.0,162
y,2024-09-30,5,20.032906397517415,24.0394876770209,22.036197037269158,0.5454545454545454,0.0,99
y,2024-09-30,6,24.0394876770209,28.046068956524383,26.04277831677264,0.9270833333333334,0.0,96
y,2024-09-30,7,28.046068956524383,32.052650236027866,30.049359596276126,0.7266666666666667,0.0,75
y,2024-09-30,8,32.052650236027866,36.05923151553135,34.05594087577961,1.1197916666666667,0.0,96
y,2024-09-30,9,36.05923151553135,40.06581279503483,38.06252215528309,0.7931034482758621,0.0,58
y,2024-09-30,10,40.06581279503483,44.072394074538316,42.06910343478657,0.11842105263157894,0.0,38
y,2024-09-30,11,44.072394074538316,48.078975354041795,46.075684714290055,0.0,0.0,12
y,2024-10-01,0,0.0,4.006581279503483,2.0032906397517416,1.6375,0.0,40
y,2024-10-01,1,4.006581279503483,8.013162559006966,6.009871919255225,3.462162162162162,0.0,185
y,2024-10-01,2,8.013162559006966,12.01974383851045,10.016453198758708,4.869565217391305,0.0,161
y,2024-10-01,3,12.01974383851045,16.026325118013933,14.023034478262192,2.7305194805194803,0.0,154
y,2024-10-01,4,16.026325118013933,20.032906397517415,18.029615757765676,3.8981481481481484,0.0,162
y,2024-10-01,5,20.032906397517415,24.0394876770209,22.036197037269158,3.8838383838383836,0.0,99
y,2024-10-01,6,24.0394876770209,28.046068956524383,26.04277831677264,6.223958333333333,0.0,96
y,2024-10-01,7,28.046068956524383,32.052650236027866,30.049359596276126,5.36,0.0,75
y,2024-10-01,8,32.052650236027866,36.05923151553135,34.05594087577961,5.552083333333333,0.0,96
y,2024-10-01,9,36.05923151553135,40.06581279503483,38.06252215528309,2.0172413793103448,0.0,58
y,2024-10-01,10,40.06581279503483,44.072394074538316,42.06910343478657,0.6842105263157895,0.0,38
y,2024-10-01,11,44.072394074538316,48.078975354041795,46.075684714290055,0.0,0.0,12
y,2024-10-02,0,0.0,4.006581279503483,2.0032906397517416,0.325,0.0,40
y,2024-10-02,1,4.006581279503483,8.013162559006966,6.009871919255225,0.6027027027027027,0.0,185
y,2024-10-02,2,8.013162559006966,12.01974383851045,10.016453198758708,0.8198757763975155,0.0,161
y,2024-10-02,3,12.01974383851045,16.026325118013933,14.023034478262192,0.5811688311688312,0.0,154
y,2024-10-02,4,16.026325118013933,20.032906397517415,18.029615757765676,0.8950617283950617,0.0,162
y,2024-10-02,5,20.032906397517415,24.0394876770209,22.036197037269158,0.7373737373737373,0.0,99
y,2024-10-02,6,24.0394876770209,28.046068956524383,26.04277831677264,1.2291666666666667,0.0,96
y,2024-10-02,7,28.046068956524383,32.052650236027866,30.049359596276126,0.7933333333333333,0.0,75
y,2024-10-02,8,32.052650236027866,36.05923151553135,34.05594087577961,0.9270833333333334,0.0,96
y,2024-10-02,9,36.05923151553135,40.06581279503483,38.06252215528309,0.5172413793103449,0.0,58
y,2024-10-02,10,40.06581279503483,44.072394074538316,42.06910343478657,0.27631578947368424,0.0,38
y,2024-10-02,11,44.072394074538316,48.078975354041795,46.075684714290055,0.0,0.0,12
y,2024-10-03,0,0.0,4.006581279503483,2.0032906397517416,0.0,0.0,40
y,2024-10-03,1,4.006581279503483,8.013162559006966,6.009871919255225,0.0,0.0,185
y,2024-10-03,2,8.013162559006966,12.01974383851045,10.016453198758708,0.0,0.0,161
y,2024-10-03,3,12.01974383851045,16.026325118013933,14.023034478262192,0.0,0.0,154
y,2024-10-03,4,16.026325118013933,20.032906397517415,18.029615757765676,0.0,0.0,162
y,2024-10-03,5,20.032906397517415,24.0394876770209,22.036197037269158,0.0,0.0,99
y,2024-10-03,6,24.0394876770209,28.046068956524383,26.04277831677264,0.0,0.0,96
y,2024-10-03,7,28.046068956524383,32.052650236027866,30.049359596276126,0.0,0.0,75
y,2024-10-03,8,32.052650236027866,36.05923151553135,34.05594087577961,0.0,0.0,96
y,2024-10-03,9,36.05923151553135,40.06581279503483,38.06252215528309,0.0,0.0,58
y,2024-10-03,10,40.06581279503483,44.072394074538316,42.06910343478657,0.0,0.0,38
y,2024-10-03,11,44.072394074538316,48.078975354041795,46.075684714290055,0.0,0.0,12
y,2024-10-04,0,0.0,4.006581279503483,2.0032906397517416,0.0,0.0,40
y,2024-10-04,1,4.006581279503483,8.013162559006966,6.009871919255225,0.0,0.0,185
y,2024-10-04,2,8.013162559006966,12.01974383851045,10.016453198758708,0.0,0.0,161
y,2024-10-04,3,12.01974383851045,16.026325118013933,14.023034478262192,0.0,0.0,154
y,2024-10-04,4,16.026325118013933,20.032906397517415,18.029615757765676,0.0,0.0,162
y,2024-10-04,5,20.032906397517415,24.0394876770209,22.036197037269158,0.0,0.0,99
y,2024-10-04,6,24.0394876770209,28.046068956524383,26.04277831677264,0.0,0.0,96
y,2024-10-04,7,28.046068956524383,32.052650236027866,30.049359596276126,0.0,0.0,75
y,2024-10-04,8,32.052650236027866,36.05923151553135,34.05594087577961,0.0,0.0,96
y,2024-10-04,9,36.05923151553135,40.06581279503483,38.06252215528309,0.0,0.0,58
y,2024-10-04,10,40.06581279503483,44.072394074538316,42.06910343478657,0.0,0.0,38
y,2024-10-04,11,44.072394074538316,48.078975354041795,46.075684714290055,0.0,0.0,12
y,2024-10-05,0,0.0,4.006581279503483,2.0032906397517416,0.0,0.0,40
y,2024-10-05,1,4.006581279503483,8.013162559006966,6.009871919255225,0.0,0.0,185
y,2024-10-05,2,8.013162559006966,12.01974383851045,10.016453198758708,0.0,0.0,161
y,2024-10-05,3,12.01974383851045,16.026325118013933,14.023034478262192,0.0,0.0,154
y,2024-10-05,4,16.026325118013933,20.032906397517415,18.029615757765676,0.0,0.0,162
y,2024-10-05,5,20.032906397517415,24.0394876770209,22.036197037269158,0.0,0.0,99
y,2024-10-05,6,24.0394876770209,28.046068956524383,26.04277831677264,0.0,0.0,96
y,2024-10-05,7,28.046068956524383,32.052650236027866,30.049359596276126,0.0,0.0,75
y,2024-10-05,8,32.052650236027866,36.05923151553135,34.05594087577961,0.0,0.0,96
y,2024-10-05,9,36.05923151553135,40.06581279503483,38.06252215528309,0.0,0.0,58
y,2024-10-05,10,40.06581279503483,44.072394074538316,42.06910343478657,0.0,0.0,38
y,2024-10-05,11,44.072394074538316,48.078975354041795,46.075684714290055,0.0,0.0,12
y,2024-10-06,0,0.0,4.006581279503483,2.0032906397517416,0.225,0.0,40
y,2024-10-06,1,4.006581279503483,8.013162559006966,6.009871919255225,0.26756756756756755,0.0,185
y,2024-10-06,2,8.013162559006966,12.01974383851045,10.016453198758708,0.2981366459627329,0.0,161
y,2024-10-06,3,12.01974383851045,16.026325118013933,14.023034478262192,0.22077922077922077,0.0,154
y,2024-10-06,4,16.026325118013933,20.032906397517415,18.029615757765676,0.1882716049382716,0.0,162
y,2024-10-06,5,20.032906397517415,24.0394876770209,22.036197037269158,0.21212121212121213,0.0,99
y,2024-10-06,6,24.0394876770209,28.046068956524383,26.04277831677264,0.3385416666666667,0.0,96
y,2024-10-06,7,28.046068956524383,32.052650236027866,30.049359596276126,0.4666666666666667,0.0,75
y,2024-10-06,8,32.052650236027866,36.05923151553135,34.05594087577961,0.4479166666666667,0.0,96
y,2024-10-06,9,36.05923151553135,40.06581279503483,38.06252215528309,0.5258620689655172,0.0,58
y,2024-10-06,10,40.06581279503483,44.072394074538316,42.06910343478657,0.5657894736842105,0.0,38
y,2024-10-06,11,44.072394074538316,48.078975354041795,46.075684714290055,0.4583333333333333,0.0,12
y,2024-10-07,0,0.0,4.006581279503483,2.0032906397517416,0.75,0.0,40
y,2024-10-07,1,4.006581279503483,8.013162559006966,6.009871919255225,1.4135135135135135,0.0,185
y,2024-10-07,2,8.013162559006966,12.01974383851045,10.016453198758708,1.7142857142857142,0.5,161
y,2024-10-07,3,12.01974383851045,16.026325118013933,14.023034478262192,1.6331168831168832,0.0,154
y,2024-10-07,4,16.026325118013933,20.032906397517415,18.029615757765676,2.287037037037037,0.5,162
y,2024-10-07,5,20.032906397517415,24.0394876770209,22.036197037269158,2.1616161616161618,0.5,99
y,2024-10-07,6,24.0394876770209,28.046068956524383,26.04277831677264,2.3802083333333335,0.0,96
y,2024-10-07,7,28.046068956524383,32.052650236027866,30.049359596276126,1.3666666666666667,0.0,75
y,2024-10-07,8,32.052650236027866,36.05923151553135,34.05594087577961,1.5260416666666667,0.0,96
y,2024-10-07,9,36.05923151553135,40.06581279503483,38.06252215528309,0.7844827586206896,0.0,58
y,2024-10-07,10,40.06581279503483,44.072394074538316,42.06910343478657,0.47368421052631576,0.0,38
y,2024-10-07,11,44.072394074538316,48.078975354041795,46.075684714290055,0.041666666666666664,0.0,12
y,2024-10-08,0,0.0,4.006581279503483,2.0032906397517416,0.15,0.0,40
y,2024-10-08,1,4.006581279503483,8.013162559006966,6.009871919255225,0.2945945945945946,0.0,185
y,2024-10-08,2,8.013162559006966,12.01974383851045,10.016453198758708,0.42857142857142855,0.0,161
y,2024-10-08,3,12.01974383851045,16.026325118013933,14.023034478262192,0.474025974025974,0.0,154
y,2024-10-08,4,16.026325118013933,20.032906397517415,18.029615757765676,0.5432098765432098,0.0,162
y,2024-10-08,5,20.032906397517415,24.0394876770209,22.036197037269158,0.37373737373737376,0.0,99
y,2024-10-08,6,24.0394876770209,28.046068956524383,26.04277831677264,0.46875,0.0,96
y,2024-10-08,7,28.046068956524383,32.052650236027866,30.049359596276126,0.22,0.0,75
y,2024-10-08,8,32.052650236027866,36.05923151553135,34.05594087577961,0.1875,0.0,96
y,2024-10-08,9,36.05923151553135,40.06581279503483,38.06252215528309,0.25862068965517243,0.0,58
y,2024-10-08,10,40.06581279503483,44.072394074538316,42.06910343478657,0.21052631578947367,0.0,38
y,2024-10-08,11,44.072394074538316,48.078975354041795,46.075684714290055,0.0,0.0,12
y,2024-10-09,0,0.0,4.006581279503483,2.0032906397517416,0.025,0.0,40
y,2024-10-09,1,4.006581279503483,8.013162559006966,6.009871919255225,0.20810810810810812,0.0,185
y,2024-10-09,2,8.013162559006966,12.01974383851045,10.016453198758708,0.18633540372670807,0.0,161
y,2024-10-09,3,12.01974383851045,16.026325118013933,14.023034478262192,0.20454545454545456,0.0,154
y,2024-10-09,4,16.026325118013933,20.032906397517415,18.029615757765676,0.20679012345679013,0.0,162
y,2024-10-09,5,20.032906397517415,24.0394876770209,22.036197037269158,0.15151515151515152,0.0,99
y,2024-10-09,6,24.0394876770209,28.046068956524383,26.04277831677264,0.16666666666666666,0.0,96
y,2024-10-09,7,28.046068956524383,32.052650236027866,30.049359596276126,0.2,0.0,75
y,2024-10-09,8,32.052650236027866,36.05923151553135,34.05594087577961,0.2552083333333333,0.0,96
y,2024-10-09,9,36.05923151553135,40.06581279503483,38.06252215528309,0.27586206896551724,0.0,58
y,2024-10-09,10,40.06581279503483,44.072394074538316,42.06910343478657,0.15789473684210525,0.0,38
y,2024-10-09,11,44.072394074538316,48.078975354041795,46.075684714290055,0.0,0.0,12
y,2024-10-10,0,0.0,4.006581279503483,2.0032906397517416,0.225,0.0,40
y,2024-10-10,1,4.006581279503483,8.013162559006966,6.009871919255225,0.6162162162162163,0.0,185
y,2024-10-10,2,8.013162559006966,12.01974383851045,10.016453198758708,0.6521739130434783,0.0,161
y,2024-10-10,3,12.01974383851045,16.026325118013933,14.023034478262192,0.6525974025974026,0.0,154
y,2024-10-10,4,16.026325118013933,20.032906397517415,18.029615757765676,0.6450617283950617,0.0,162
y,2024-10-10,5,20.032906397517415,24.0394876770209,22.036197037269158,0.43434343434343436,0.0,99
y,2024-10-10,6,24.0394876770209,28.046068956524383,26.04277831677264,0.5260416666666666,0.0,96
y,2024-10-10,7,28.046068956524383,32.052650236027866,30.049359596276126,0.62,0.0,75
y,2024-10-10,8,32.052650236027866,36.05923151553135,34.05594087577961,0.7291666666666666,0.0,96
y,2024-10-10,9,36.05923151553135,40.06581279503483,38.06252215528309,0.9913793103448276,0.0,58
y,2024-10-10,10,40.06581279503483,44.072394074538316,42.06910343478657,0.618421052631579,0.0,38
y,2024-10-10,11,44.072394074538316,48.078975354041795,46.075684714290055,0.0,0.0,12
y,2024-10-11,0,0.0,4.006581279503483,2.0032906397517416,0.0,0.0,40
y,2024-10-11,1,4.006581279503483,8.013162559006966,6.009871919255225,0.0,0.0,185
y,2024-10-11,2,8.013162559006966,12.01974383851045,10.016453198758708,0.0,0.0,161
y,2024-10-11,3,12.01974383851045,16.026325118013933,14.023034478262192,0.0,0.0,154
y,2024-10-11,4,16.026325118013933,20.032906397517415,18.029615757765676,0.0,0.0,162
y,2024-10-11,5,20.032906397517415,24.0394876770209,22.036197037269158,0.0,0.0,99
y,2024-10-11,6,24.0394876770209,28.046068956524383,26.04277831677264,0.0,0.0,96
y,2024-10-11,7,28.046068956524383,32.052650236027866,30.049359596276126,0.0,0.0,75
y,2024-10-11,8,32.052650236027866,36.05923151553135,34.05594087577961,0.0,0.0,96
y,2024-10-11,9,36.05923151553135,40.06581279503483,38.06252215528309,0.0,0.0,58
y,2024-10-11,10,40.06581279503483,44.072394074538316,42.06910343478657,0.0,0.0,38
y,2024-10-11,11,44.072394074538316,48.078975354041795,46.075684714290055,0.0,0.0,12
y,2024-10-12,0,0.0,4.006581279503483,2.0032906397517416,0.0,0.0,40
y,2024-10-12,1,4.006581279503483,8.013162559006966,6.009871919255225,0.0,0.0,185
y,2024-10-12,2,8.013162559006966,12.01974383851045,10.016453198758708,0.0,0.0,161
y,2024-10-12,3,12.01974383851045,16.026325118013933,14.023034478262192,0.0,0.0,154
y,2024-10-12,4,16.026325118013933,20.032906397517415,18.029615757765676,0.0,0.0,162
y,2024-10-12,5,20.032906397517415,24.0394876770209,22.036197037269158,0.0,0.0,99
y,2024-10-12,6,24.0394876770209,28.046068956524383,26.04277831677264,0.0,0.0,96
y,2024-10-12,7,28.046068956524383,32.052650236027866,30.049359596276126,0.0,0.0,75
y,2024-10-12,8,32.052650236027866,36.05923151553135,34.05594087577961,0.0,0.0,96
y,2024-10-12,9,36.05923151553135,40.06581279503483,38.06252215528309,0.0,0.0,58
y,2024-10-12,10,40.06581279503483,44.072394074538316,42.06910343478657,0.0,0.0,38
y,2024-10-12,11,44.072394074538316,48.078975354041795,46.075684714290055,0.0,0.0,12
y,2024-10-13,0,0.0,4.006581279503483,2.0032906397517416,0.275,0.0,40
y,2024-10-13,1,4.006581279503483,8.013162559006966,6.009871919255225,0.21891891891891893,0.0,185
y,2024-10-13,2,8.013162559006966,12.01974383851045,10.016453198758708,0.22981366459627328,0.0,161
y,2024-10-13,3,12.01974383851045,16.026325118013933,14.023034478262192,0.21428571428571427,0.0,154
y,2024-10-13,4,16.026325118013933,20.032906397517415,18.029615757765676,0.26851851851851855,0.0,162
y,2024-10-13,5,20.032906397517415,24.0394876770209,22.036197037269158,0.20707070707070707,0.0,99
y,2024-10-13,6,24.0394876770209,28.046068956524383,26.04277831677264,0.28125,0.0,96
y,2024-10-13,7,28.046068956524383,32.052650236027866,30.049359596276126,0.35333333333333333,0.0,75
y,2024-10-13,8,32.052650236027866,36.05923151553135,34.05594087577961,0.625,0.0,96
y,2024-10-13,9,36.05923151553135,40.06581279503483,38.06252215528309,0.7672413793103449,0.0,58
y,2024-10-13,10,40.06581279503483,44.072394074538316,42.06910343478657,1.0921052631578947,0.0,38
y,2024-10-13,11,44.072394074538316,48.078975354041795,46.075684714290055,2.0,2.0,12
y,2024-10-14,0,0.0,4.006581279503483,2.0032906397517416,1.475,0.0,40
y,2024-10-14,1,4.006581279503483,8.013162559006966,6.009871919255225,3.135135135135135,0.0,185
y,2024-10-14,2,8.013162559006966,12.01974383851045,10.016453198758708,4.618012422360248,0.0,161
y,2024-10-14,3,12.01974383851045,16.026325118013933,14.023034478262192,2.383116883116883,0.0,154
y,2024-10-14,4,16.026325118013933,20.032906397517415,18.029615757765676,3.509259259259259,0.5,162
y,2024-10-14,5,20.032906397517415,24.0394876770209,22.036197037269158,3.712121212121212,0.5,99
y,2024-10-14,6,24.0394876770209,28.046068956524383,26.04277831677264,5.192708333333333,0.5,96
y,2024-10-14,7,28.046068956524383,32.052650236027866,30.049359596276126,4.573333333333333,0.0,75
y,2024-10-14,8,32.052650236027866,36.05923151553135,34.05594087577961,4.828125,0.0,96
y,2024-10-14,9,36.05923151553135,40.06581279503483,38.06252215528309,1.8017241379310345,0.0,58
y,2024-10-14,10,40.06581279503483,44.072394074538316,42.06910343478657,0.5263157894736842,0.0,38
y,2024-10-14,11,44.072394074538316,48.078975354041795,46.075684714290055,0.0,0.0,12
y,2024-10-15,0,0.0,4.006581279503483,2.0032906397517416,1.5125,0.0,40
y,2024-10-15,1,4.006581279503483,8.013162559006966,6.009871919255225,2.645945945945946,0.0,185
y,2024-10-15,2,8.013162559006966,12.01974383851045,10.016453198758708,3.450310559006211,0.0,161
y,2024-10-15,3,12.01974383851045,16.026325118013933,14.023034478262192,2.6493506493506493,0.0,154
y,2024-10-15,4,16.026325118013933,20.032906397517415,18.029615757765676,3.3055555555555554,0.0,162
y,2024-10-15,5,20.032906397517415,24.0394876770209,22.036197037269158,2.9797979797979797,0.0,99
y,2024-10-15,6,24.0394876770209,28.046068956524383,26.04277831677264,4.817708333333333,0.0,96
y,2024-10-15,7,28.046068956524383,32.052650236027866,30.049359596276126,3.74,0.0,75
y,2024-10-15,8,32.052650236027866,36.05923151553135,34.05594087577961,3.1614583333333335,0.0,96
y,2024-10-15,9,36.05923151553135,40.06581279503483,38.06252215528309,1.146551724137931,0.0,58
y,2024-10-15,10,40.06581279503483,44.072394074538316,42.06910343478657,0.47368421052631576,0.0,38
y,2024-10-15,11,44.072394074538316,48.078975354041795,46.075684714290055,0.0,0.0,12
y,2024-10-16,0,0.0,4.006581279503483,2.0032906397517416,1.0375,0.0,40
y,2024-10-16,1,4.006581279503483,8.013162559006966,6.009871919255225,2.0216216216216214,0.0,185
y,2024-10-16,2,8.013162559006966,12.01974383851045,10.016453198758708,2.6552795031055902,0.0,161
y,2024-10-16,3,12.01974383851045,16.026325118013933,14.023034478262192,1.2922077922077921,0.0,154
y,2024-10-16,4,16.026325118013933,20.032906397517415,18.029615757765676,1.728395061728395,0.0,162
y,2024-10-16,5,20.032906397517415,24.0394876770209,22.036197037269158,2.090909090909091,0.0,99
y,2024-10-16,6,24.0394876770209,28.046068956524383,26.04277831677264,2.9479166666666665,0.5,96
y,2024-10-16,7,28.046068956524383,32.052650236027866,30.049359596276126,3.4466666666666668,0.0,75
y,2024-10-16,8,32.052650236027866,36.05923151553135,34.05594087577961,3.2760416666666665,0.0,96
y,2024-10-16,9,36.05923151553135,40.06581279503483,38.06252215528309,1.2413793103448276,0.0,58
y,2024-10-16,10,40.06581279503483,44.072394074538316,42.06910343478657,0.7105263157894737,0.0,38
y,2024-10-16,11,44.072394074538316,48.078975354041795,46.075684714290055,0.5,0.0,12
y,2024-10-17,0,0.0,4.006581279503483,2.0032906397517416,0.8125,0.0,40
y,2024-10-17,1,4.006581279503483,8.013162559006966,6.009871919255225,1.2216216216216216,0.0,185
y,2024-10-17,2,8.013162559006966,12.01974383851045,10.016453198758708,1.4596273291925466,0.0,161
y,2024-10-17,3,12.01974383851045,16.026325118013933,14.023034478262192,0.9188311688311688,0.0,154
y,2024-10-17,4,16.026325118013933,20.032906397517415,18.029615757765676,1.2438271604938271,0.0,162
y,2024-10-17,5,20.032906397517415,24.0394876770209,22.036197037269158,1.2828282828282829,0.0,99
y,2024-10-17,6,24.0394876770209,28.046068956524383,26.04277831677264,1.359375,0.0,96
y,2024-10-17,7,28.046068956524383,32.052650236027866,30.049359596276126,1.38,0.0,75
y,2024-10-17,8,32.052650236027866,36.05923151553135,34.05594087577961,1.3072916666666667,0.0,96
y,2024-10-17,9,36.05923151553135,40.06581279503483,38.06252215528309,1.1206896551724137,0.0,58
y,2024-10-17,10,40.06581279503483,44.072394074538316,42.06910343478657,0.868421052631579,0.0,38
y,2024-10-17,11,44.072394074538316,48.078975354041795,46.075684714290055,0.5,0.0,12
y,2024-10-18,0,0.0,4.006581279503483,2.0032906397517416,0.1125,0.0,40
y,2024-10-18,1,4.006581279503483,8.013162559006966,6.009871919255225,0.0918918918918919,0.0,185
y,2024-10-18,2,8.013162559006966,12.01974383851045,10.016453198758708,0.09627329192546584,0.0,161
y,2024-10-18,3,12.01974383851045,16.026325118013933,14.023034478262192,0.14285714285714285,0.0,154
y,2024-10-18,4,16.026325118013933,20.032906397517415,18.029615757765676,0.19753086419753085,0.0,162
y,2024-10-18,5,20.032906397517415,24.0394876770209,22.036197037269158,0.20707070707070707,0.0,99
y,2024-10-18,6,24.0394876770209,28.046068956524383,26.04277831677264,0.0625,0.0,96
y,2024-10-18,7,28.046068956524383,32.052650236027866,30.049359596276126,0.006666666666666667,0.0,75
y,2024-10-18,8,32.052650236027866,36.05923151553135,34.05594087577961,0.0,0.0,96
y,2024-10-18,9,36.05923151553135,40.06581279503483,38.06252215528309,0.0,0.0,58
y,2024-10-18,10,40.06581279503483,44.072394074538316,42.06910343478657,0.0,0.0,38
y,2024-10-18,11,44.072394074538316,48.078975354041795,46.075684714290055,0.0,0.0,12
y,2024-10-19,0,0.0,4.006581279503483,2.0032906397517416,0.0,0.0,40
y,2024-10-19,1,4.006581279503483,8.013162559006966,6.009871919255225,0.0,0.0,185
y,2024-10-19,2,8.013162559006966,12.01974383851045,10.016453198758708,0.0,0.0,161
y,2024-10-19,3,12.01974383851045,16.026325118013933,14.023034478262192,0.0,0.0,154
y,2024-10-19,4,16.026325118013933,20.032906397517415,18.029615757765676,0.0,0.0,162
y,2024-10-19,5,20.032906397517415,24.0394876770209,22.036197037269158,0.0,0.0,99
y,2024-10-19,6,24.0394876770209,28.046068956524383,26.04277831677264,0.0,0.0,96
y,2024-10-19,7,28.046068956524383,32.052650236027866,30.049359596276126,0.0,0.0,75
y,2024-10-19,8,32.052650236027866,36.05923151553135,34.05594087577961,0.0,0.0,96
y,2024-10-19,9,36.05923151553135,40.06581279503483,38.06252215528309,0.0,0.0,58
y,2024-10-19,10,40.06581279503483,44.072394074538316,42.06910343478657,0.0,0.0,38
y,2024-10-19,11,44.072394074538316,48.078975354041795,46.075684714290055,0.0,0.0,12
y,2024-10-20,0,0.0,4.006581279503483,2.0032906397517416,0.1,0.0,40
y,2024-10-20,1,4.006581279503483,8.013162559006966,6.009871919255225,0.06486486486486487,0.0,185
y,2024-10-20,2,8.013162559006966,12.01974383851045,10.016453198758708,0.07453416149068323,0.0,161
y,2024-10-20,3,12.01974383851045,16.026325118013933,14.023034478262192,0.05194805194805195,0.0,154
y,2024-10-20,4,16.026325118013933,20.032906397517415,18.029615757765676,0.037037037037037035,0.0,162
y,2024-10-20,5,20.032906397517415,24.0394876770209,22.036197037269158,0.06060606060606061,0.0,99
y,2024-10-20,6,24.0394876770209,28.046068956524383,26.04277831677264,0.08333333333333333,0.0,96
y,2024-10-20,7,28.046068956524383,32.052650236027866,30.049359596276126,0.13333333333333333,0.0,75
y,2024-10-20,8,32.052650236027866,36.05923151553135,34.05594087577961,0.125,0.0,96
y,2024-10-20,9,36.05923151553135,40.06581279503483,38.06252215528309,0.1724137931034483,0.0,58
y,2024-10-20,10,40.06581279503483,44.072394074538316,42.06910343478657,0.15789473684210525,0.0,38
y,2024-10-20,11,44.072394074538316,48.078975354041795,46.075684714290055,0.16666666666666666,0.0,12
y,2024-10-21,0,0.0,4.006581279503483,2.0032906397517416,1.2375,0.0,40
y,2024-10-21,1,4.006581279503483,8.013162559006966,6.009871919255225,1.3162162162162163,0.0,185
y,2024-10-21,2,8.013162559006966,12.01974383851045,10.016453198758708,1.7546583850931676,0.0,161
y,2024-10-21,3,12.01974383851045,16.026325118013933,14.023034478262192,1.8603896103896105,0.0,154
y,2024-10-21,4,16.026325118013933,20.032906397517415,18.029615757765676,2.771604938271605,0.5,162
y,2024-10-21,5,20.032906397517415,24.0394876770209,22.036197037269158,2.7626262626262625,0.5,99
y,2024-10-21,6,24.0394876770209,28.046068956524383,26.04277831677264,1.3541666666666667,0.0,96
y,2024-10-21,7,28.046068956524383,32.052650236027866,30.049359596276126,0.72,0.0,75
y,2024-10-21,8,32.052650236027866,36.05923151553135,34.05594087577961,0.6145833333333334,0.0,96
y,2024-10-21,9,36.05923151553135,40.06581279503483,38.06252215528309,0.29310344827586204,0.0,58
y,2024-10-21,10,40.06581279503483,44.072394074538316,42.06910343478657,0.3684210526315789,0.0,38
y,2024-10-21,11,44.072394074538316,48.078975354041795,46.075684714290055,0.7916666666666666,0.5,12
y,2024-10-22,0,0.0,4.006581279503483,2.0032906397517416,0.85,0.0,40
y,2024-10-22,1,4.006581279503483,8.013162559006966,6.009871919255225,1.8513513513513513,0.0,185
y,2024-10-22,2,8.013162559006966,12.01974383851045,10.016453198758708,2.599378881987578,0.0,161
y,2024-10-22,3,12.01974383851045,16.026325118013933,14.023034478262192,3.4642857142857144,0.0,154
y,2024-10-22,4,16.026325118013933,20.032906397517415,18.029615757765676,5.209876543209877,0.0,162
y,2024-10-22,5,20.032906397517415,24.0394876770209,22.036197037269158,5.1313131313131315,0.0,99
y,2024-10-22,6,24.0394876770209,28.046068956524383,26.04277831677264,2.3697916666666665,0.0,96
y,2024-10-22,7,28.046068956524383,32.052650236027866,30.049359596276126,0.7866666666666666,0.0,75
y,2024-10-22,8,32.052650236027866,36.05923151553135,34.05594087577961,0.23958333333333334,0.0,96
y,2024-10-22,9,36.05923151553135,40.06581279503483,38.06252215528309,0.034482758620689655,0.0,58
y,2024-10-22,10,40.06581279503483,44.072394074538316,42.06910343478657,0.0,0.0,38
y,2024-10-22,11,44.072394074538316,48.078975354041795,46.075684714290055,0.0,0.0,12
y,2024-10-23,0,0.0,4.006581279503483,2.0032906397517416,0.325,0.0,40
y,2024-10-23,1,4.006581279503483,8.013162559006966,6.009871919255225,1.327027027027027,0.0,185
y,2024-10-23,2,8.013162559006966,12.01974383851045,10.016453198758708,1.7919254658385093,0.0,161
y,2024-10-23,3,12.01974383851045,16.026325118013933,14.023034478262192,2.2435064935064934,0.0,154
y,2024-10-23,4,16.026325118013933,20.032906397517415,18.029615757765676,3.345679012345679,0.0,162
y,2024-10-23,5,20.032906397517415,24.0394876770209,22.036197037269158,3.04040404040404,0.0,99
y,2024-10-23,6,24.0394876770209,28.046068956524383,26.04277831677264,2.5729166666666665,0.0,96
y,2024-10-23,7,28.046068956524383,32.052650236027866,30.049359596276126,0.7333333333333333,0.0,75
y,2024-10-23,8,32.052650236027866,36.05923151553135,34.05594087577961,0.578125,0.0,96
y,2024-10-23,9,36.05923151553135,40.06581279503483,38.06252215528309,0.2672413793103448,0.0,58
y,2024-10-23,10,40.06581279503483,44.072394074538316,42.06910343478657,0.11842105263157894,0.0,38
y,2024-10-23,11,44.072394074538316,48.078975354041795,46.075684714290055,0.0,0.0,12
y,2024-10-24,0,0.0,4.006581279503483,2.0032906397517416,1.4125,0.0,40
y,2024-10-24,1,4.006581279503483,8.013162559006966,6.009871919255225,1.954054054054054,0.0,185
y,2024-10-24,2,8.013162559006966,12.01974383851045,10.016453198758708,2.139751552795031,0.0,161
y,2024-10-24,3,12.01974383851045,16.026325118013933,14.023034478262192,2.0324675324675323,0.0,154
y,2024-10-24,4,16.026325118013933,20.032906397517415,18.029615757765676,2.984567901234568,0.0,162
y,2024-10-24,5,20.032906397517415,24.0394876770209,22.036197037269158,2.393939393939394,0.0,99
y,2024-10-24,6,24.0394876770209,28.046068956524383,26.04277831677264,3.8020833333333335,0.0,96
y,2024-10-24,7,28.046068956524383,32.052650236027866,30.049359596276126,1.9733333333333334,0.0,75
y,2024-10-24,8,32.052650236027866,36.05923151553135,34.05594087577961,2.484375,0.0,96
y,2024-10-24,9,36.05923151553135,40.06581279503483,38.06252215528309,1.353448275862069,0.0,58
y,2024-10-24,10,40.06581279503483,44.072394074538316,42.06910343478657,0.6842105263157895,0.0,38
y,2024-10-24,11,44.072394074538316,48.078975354041795,46.075684714290055,0.0,0.0,12
y,2024-10-25,0,0.0,4.006581279503483,2.0032906397517416,0.275,0.0,40
y,2024-10-25,1,4.006581279503483,8.013162559006966,6.009871919255225,0.772972972972973,0.0,185
y,2024-10-25,2,8.013162559006966,12.01974383851045,10.016453198758708,1.093167701863354,0.0,161
y,2024-10-25,3,12.01974383851045,16.026325118013933,14.023034478262192,0.737012987012987,0.0,154
y,2024-10-25,4,16.026325118013933,20.032906397517415,18.029615757765676,1.1512345679012346,0.0,162
y,2024-10-25,5,20.032906397517415,24.0394876770209,22.036197037269158,1.0707070707070707,0.0,99
y,2024-10-25,6,24.0394876770209,28.046068956524383,26.04277831677264,1.5208333333333333,0.0,96
y,2024-10-25,7,28.046068956524383,32.052650236027866,30.049359596276126,1.0666666666666667,0.0,75
y,2024-10-25,8,32.052650236027866,36.05923151553135,34.05594087577961,1.0885416666666667,0.0,96
y,2024-10-25,9,36.05923151553135,40.06581279503483,38.06252215528309,0.4224137931034483,0.0,58
y,2024-10-25,10,40.06581279503483,44.072394074538316,42.06910343478657,0.15789473684210525,0.0,38
y,2024-10-25,11,44.072394074538316,48.078975354041795,46.075684714290055,0.0,0.0,12
y,2024-10-26,0,0.0,4.006581279503483,2.0032906397517416,0.0,0.0,40
y,2024-10-26,1,4.006581279503483,8.013162559006966,6.009871919255225,0.0,0.0,185
y,2024-10-26,2,8.013162559006966,12.01974383851045,10.016453198758708,0.0,0.0,161
y,2024-10-26,3,12.01974383851045,16.026325118013933,14.023034478262192,0.0,0.0,154
y,2024-10-26,4,16.026325118013933,20.032906397517415,18.029615757765676,0.0,0.0,162
y,2024-10-26,5,20.032906397517415,24.0394876770209,22.036197037269158,0.0,0.0,99
y,2024-10-26,6,24.0394876770209,28.046068956524383,26.04277831677264,0.0,0.0,96
y,2024-10-26,7,28.046068956524383,32.052650236027866,30.049359596276126,0.0,0.0,75
y,2024-10-26,8,32.052650236027866,36.05923151553135,34.05594087577961,0.0,0.0,96
y,2024-10-26,9,36.05923151553135,40.06581279503483,38.06252215528309,0.0,0.0,58
y,2024-10-26,10,40.06581279503483,44.072394074538316,42.06910343478657,0.0,0.0,38
y,2024-10-26,11,44.072394074538316,48.078975354041795,46.075684714290055,0.0,0.0,12
y,2024-10-27,0,0.0,4.006581279503483,2.0032906397517416,0.0,0.0,40
y,2024-10-27,1,4.006581279503483,8.013162559006966,6.009871919255225,0.0,0.0,185
y,2024-10-27,2,8.013162559006966,12.01974383851045,10.016453198758708,0.0,0.0,161
y,2024-10-27,3,12.01974383851045,16.026325118013933,14.023034478262192,0.0,0.0,154
y,2024-10-27,4,16.026325118013933,20.032906397517415,18.029615757765676,0.0,0.0,162
y,2024-10-27,5,20.032906397517415,24.0394876770209,22.036197037269158,0.0,0.0,99
y,2024-10-27,6,24.0394876770209,28.046068956524383,26.04277831677264,0.0,0.0,96
y,2024-10-27,7,28.046068956524383,32.052650236027866,30.049359596276126,0.0,0.0,75
y,2024-10-27,8,32.052650236027866,36.05923151553135,34.05594087577961,0.0,0.0,96
y,2024-10-27,9,36.05923151553135,40.06581279503483,38.06252215528309,0.0,0.0,58
y,2024-10-27,10,40.06581279503483,44.072394074538316,42.06910343478657,0.0,0.0,38
y,2024-10-27,11,44.072394074538316,48.078975354041795,46.075684714290055,0.0,0.0,12
y,2024-10-28,0,0.0,4.006581279503483,2.0032906397517416,0.575,0.0,40
y,2024-10-28,1,4.006581279503483,8.013162559006966,6.009871919255225,1.327027027027027,0.0,185
y,2024-10-28,2,8.013162559006966,12.01974383851045,10.016453198758708,1.937888198757764,0.0,161
y,2024-10-28,3,12.01974383851045,16.026325118013933,14.023034478262192,2.2759740259740258,0.0,154
y,2024-10-28,4,16.026325118013933,20.032906397517415,18.029615757765676,3.330246913580247,0.0,162
y,2024-10-28,5,20.032906397517415,24.0394876770209,22.036197037269158,2.6666666666666665,0.0,99
y,2024-10-28,6,24.0394876770209,28.046068956524383,26.04277831677264,3.3489583333333335,0.0,96
y,2024-10-28,7,28.046068956524383,32.052650236027866,30.049359596276126,0.98,0.0,75
y,2024-10-28,8,32.052650236027866,36.05923151553135,34.05594087577961,0.609375,0.0,96
y,2024-10-28,9,36.05923151553135,40.06581279503483,38.06252215528309,0.2672413793103448,0.0,58
y,2024-10-28,10,40.06581279503483,44.072394074538316,42.06910343478657,0.11842105263157894,0.0,38
y,2024-10-28,11,44.072394074538316,48.078975354041795,46.075684714290055,0.0,0.0,12
y,2024-10-29,0,0.0,4.006581279503483,2.0032906397517416,0.575,0.0,40
y,2024-10-29,1,4.006581279503483,8.013162559006966,6.009871919255225,1.1189189189189188,0.0,185
y,2024-10-29,2,8.013162559006966,12.01974383851045,10.016453198758708,1.360248447204969,0.0,161
y,2024-10-29,3,12.01974383851045,16.026325118013933,14.023034478262192,1.1331168831168832,0.0,154
y,2024-10-29,4,16.026325118013933,20.032906397517415,18.029615757765676,1.8518518518518519,0.0,162
y,2024-10-29,5,20.032906397517415,24.0394876770209,22.036197037269158,1.9343434343434343,0.0,99
y,2024-10-29,6,24.0394876770209,28.046068956524383,26.04277831677264,1.4583333333333333,0.0,96
y,2024-10-29,7,28.046068956524383,32.052650236027866,30.049359596276126,1.0466666666666666,0.0,75
y,2024-10-29,8,32.052650236027866,36.05923151553135,34.05594087577961,1.3072916666666667,0.0,96
y,2024-10-29,9,36.05923151553135,40.06581279503483,38.06252215528309,0.75,0.0,58
y,2024-10-29,10,40.06581279503483,44.072394074538316,42.06910343478657,0.4605263157894737,0.0,38
y,2024-10-29,11,44.072394074538316,48.078975354041795,46.075684714290055,0.16666666666666666,0.0,12
y,2024-10-30,0,0.0,4.006581279503483,2.0032906397517416,0.625,0.0,40
y,2024-10-30,1,4.006581279503483,8.013162559006966,6.009871919255225,1.3027027027027027,0.0,185
y,2024-10-30,2,8.013162559006966,12.01974383851045,10.016453198758708,1.6925465838509317,0.0,161
y,2024-10-30,3,12.01974383851045,16.026325118013933,14.023034478262192,1.2792207792207793,0.0,154
y,2024-10-30,4,16.026325118013933,20.032906397517415,18.029615757765676,1.9814814814814814,0.0,162
y,2024-10-30,5,20.032906397517415,24.0394876770209,22.036197037269158,1.6111111111111112,0.0,99
y,2024-10-30,6,24.0394876770209,28.046068956524383,26.04277831677264,2.7083333333333335,0.0,96
y,2024-10-30,7,28.046068956524383,32.052650236027866,30.049359596276126,1.6066666666666667,0.0,75
y,2024-10-30,8,32.052650236027866,36.05923151553135,34.05594087577961,1.9322916666666667,0.0,96
y,2024-10-30,9,36.05923151553135,40.06581279503483,38.06252215528309,0.9913793103448276,0.0,58
y,2024-10-30,10,40.06581279503483,44.072394074538316,42.06910343478657,0.4868421052631579,0.0,38
y,2024-10-30,11,44.072394074538316,48.078975354041795,46.075684714290055,0.0,0.0,12
y,2024-10-31,0,0.0,4.006581279503483,2.0032906397517416,0.375,0.0,40
y,2024-10-31,1,4.006581279503483,8.013162559006966,6.009871919255225,0.42162162162162165,0.0,185
y,2024-10-31,2,8.013162559006966,12.01974383851045,10.016453198758708,0.4161490683229814,0.0,161
y,2024-10-31,3,12.01974383851045,16.026325118013933,14.023034478262192,0.2662337662337662,0.0,154
y,2024-10-31,4,16.026325118013933,20.032906397517415,18.029615757765676,0.35802469135802467,0.0,162
y,2024-10-31,5,20.032906397517415,24.0394876770209,22.036197037269158,0.2828282828282828,0.0,99
y,2024-10-31,6,24.0394876770209,28.046068956524383,26.04277831677264,0.609375,0.0,96
y,2024-10-31,7,28.046068956524383,32.052650236027866,30.049359596276126,0.4866666666666667,0.0,75
y,2024-10-31,8,32.052650236027866,36.05923151553135,34.05594087577961,0.7864583333333334,0.0,96
y,2024-10-31,9,36.05923151553135,40.06581279503483,38.06252215528309,0.4224137931034483,0.0,58
y,2024-10-31,10,40.06581279503483,44.072394074538316,42.06910343478657,0.21052631578947367,0.0,38
y,2024-10-31,11,44.072394074538316,48.078975354041795,46.075684714290055,0.0,0.0,12
y,2024-11-01,0,0.0,4.006581279503483,2.0032906397517416,0.0,0.0,40
y,2024-11-01,1,4.006581279503483,8.013162559006966,6.009871919255225,0.0,0.0,185
y,2024-11-01,2,8.013162559006966,12.01974383851045,10.016453198758708,0.0,0.0,161
y,2024-11-01,3,12.01974383851045,16.026325118013933,14.023034478262192,0.0,0.0,154
y,2024-11-01,4,16.026325118013933,20.032906397517415,18.029615757765676,0.0,0.0,162
y,2024-11-01,5,20.032906397517415,24.0394876770209,22.036197037269158,0.0,0.0,99
y,2024-11-01,6,24.0394876770209,28.046068956524383,26.04277831677264,0.0,0.0,96
y,2024-11-01,7,28.046068956524383,32.052650236027866,30.049359596276126,0.0,0.0,75
y,2024-11-01,8,32.052650236027866,36.05923151553135,34.05594087577961,0.0,0.0,96
y,2024-11-01,9,36.05923151553135,40.06581279503483,38.06252215528309,0.0,0.0,58
y,2024-11-01,10,40.06581279503483,44.072394074538316,42.06910343478657,0.0,0.0,38
y,2024-11-01,11,44.072394074538316,48.078975354041795,46.075684714290055,0.0,0.0,12
y,2024-11-02,0,0.0,4.006581279503483,2.0032906397517416,0.0,0.0,40
y,2024-11-02,1,4.006581279503483,8.013162559006966,6.009871919255225,0.0,0.0,185
y,2024-11-02,2,8.013162559006966,12.01974383851045,10.016453198758708,0.0,0.0,161
y,2024-11-02,3,12.01974383851045,16.026325118013933,14.023034478262192,0.0,0.0,154
y,2024-11-02,4,16.026325118013933,20.032906397517415,18.029615757765676,0.0,0.0,162
y,2024-11-02,5,20.032906397517415,24.0394876770209,22.036197037269158,0.0,0.0,99
y,2024-11-02,6,24.0394876770209,28.046068956524383,26.04277831677264,0.0,0.0,96
y,2024-11-02,7,28.046068956524383,32.052650236027866,30.049359596276126,0.0,0.0,75
y,2024-11-02,8,32.052650236027866,36.05923151553135,34.05594087577961,0.0,0.0,96
y,2024-11-02,9,36.05923151553135,40.06581279503483,38.06252215528309,0.0,0.0,58
y,2024-11-02,10,40.06581279503483,44.072394074538316,42.06910343478657,0.0,0.0,38
y,2024-11-02,11,44.072394074538316,48.078975354041795,46.075684714290055,0.0,0.0,12
y,2024-11-03,0,0.0,4.006581279503483,2.0032906397517416,0.0,0.0,40
y,2024-11-03,1,4.006581279503483,8.013162559006966,6.009871919255225,0.0,0.0,185
y,2024-11-03,2,8.013162559006966,12.01974383851045,10.016453198758708,0.0,0.0,161
y,2024-11-03,3,12.01974383851045,16.026325118013933,14.023034478262192,0.0,0.0,154
y,2024-11-03,4,16.026325118013933,20.032906397517415,18.029615757765676,0.0,0.0,162
y,2024-11-03,5,20.032906397517415,24.0394876770209,22.036197037269158,0.0,0.0,99
y,2024-11-03,6,24.0394876770209,28.046068956524383,26.04277831677264,0.0,0.0,96
y,2024-11-03,7,28.046068956524383,32.052650236027866,30.049359596276126,0.0,0.0,75
y,2024-11-03,8,32.052650236027866,36.05923151553135,34.05594087577961,0.0,0.0,96
y,2024-11-03,9,36.05923151553135,40.06581279503483,38.06252215528309,0.0,0.0,58
y,2024-11-03,10,40.06581279503483,44.072394074538316,42.06910343478657,0.0,0.0,38
y,2024-11-03,11,44.072394074538316,48.078975354041795,46.075684714290055,0.0,0.0,12
y,2024-11-04,0,0.0,4.006581279503483,2.0032906397517416,0.35,0.0,40
y,2024-11-04,1,4.006581279503483,8.013162559006966,6.009871919255225,0.6432432432432432,0.0,185
y,2024-11-04,2,8.013162559006966,12.01974383851045,10.016453198758708,0.7670807453416149,0.0,161
y,2024-11-04,3,12.01974383851045,16.026325118013933,14.023034478262192,0.5227272727272727,0.0,154
y,2024-11-04,4,16.026325118013933,20.032906397517415,18.029615757765676,0.7530864197530864,0.0,162
y,2024-11-04,5,20.032906397517415,24.0394876770209,22.036197037269158,0.8737373737373737,0.0,99
y,2024-11-04,6,24.0394876770209,28.046068956524383,26.04277831677264,0.7291666666666666,0.0,96
y,2024-11-04,7,28.046068956524383,32.052650236027866,30.049359596276126,0.6,0.0,75
y,2024-11-04,8,32.052650236027866,36.05923151553135,34.05594087577961,0.765625,0.0,96
y,2024-11-04,9,36.05923151553135,40.06581279503483,38.06252215528309,0.43103448275862066,0.0,58
y,2024-11-04,10,40.06581279503483,44.072394074538316,42.06910343478657,0.18421052631578946,0.0,38
y,2024-11-04,11,44.072394074538316,48.078975354041795,46.075684714290055,0.25,0.25,12
y,2024-11-05,0,0.0,4.006581279503483,2.0032906397517416,0.55,0.0,40
y,2024-11-05,1,4.006581279503483,8.013162559006966,6.009871919255225,0.8729729729729729,0.0,185
y,2024-11-05,2,8.013162559006966,12.01974383851045,10.016453198758708,0.7329192546583851,0.0,161
y,2024-11-05,3,12.01974383851045,16.026325118013933,14.023034478262192,0.6525974025974026,0.0,154
y,2024-11-05,4,16.026325118013933,20.032906397517415,18.029615757765676,0.75,0.0,162
y,2024-11-05,5,20.032906397517415,24.0394876770209,22.036197037269158,0.46464646464646464,0.0,99
y,2024-11-05,6,24.0394876770209,28.046068956524383,26.04277831677264,0.765625,0.0,96
y,2024-11-05,7,28.046068956524383,32.052650236027866,30.049359596276126,0.78,0.0,75
y,2024-11-05,8,32.052650236027866,36.05923151553135,34.05594087577961,0.9166666666666666,0.0,96
y,2024-11-05,9,36.05923151553135,40.06581279503483,38.06252215528309,0.8275862068965517,0.0,58
y,2024-11-05,10,40.06581279503483,44.072394074538316,42.06910343478657,0.14473684210526316,0.0,38
y,2024-11-05,11,44.072394074538316,48.078975354041795,46.075684714290055,0.0,0.0,12
y,2024-11-06,0,0.0,4.006581279503483,2.0032906397517416,0.4625,0.0,40
y,2024-11-06,1,4.006581279503483,8.013162559006966,6.009871919255225,0.754054054054054,0.0,185
y,2024-11-06,2,8.013162559006966,12.01974383851045,10.016453198758708,0.984472049689441,0.0,161
y,2024-11-06,3,12.01974383851045,16.026325118013933,14.023034478262192,0.6623376623376623,0.0,154
y,2024-11-06,4,16.026325118013933,20.032906397517415,18.029615757765676,0.8487654320987654,0.0,162
y,2024-11-06,5,20.032906397517415,24.0394876770209,22.036197037269158,0.8636363636363636,0.0,99
y,2024-11-06,6,24.0394876770209,28.046068956524383,26.04277831677264,1.1822916666666667,0.0,96
y,2024-11-06,7,28.046068956524383,32.052650236027866,30.049359596276126,0.96,0.0,75
y,2024-11-06,8,32.052650236027866,36.05923151553135,34.05594087577961,0.75,0.0,96
y,2024-11-06,9,36.05923151553135,40.06581279503483,38.06252215528309,0.1724137931034483,0.0,58
y,2024-11-06,10,40.06581279503483,44.072394074538316,42.06910343478657,0.0,0.0,38
y,2024-11-06,11,44.072394074538316,48.078975354041795,46.075684714290055,0.0,0.0,12
y,2024-11-07,0,0.0,4.006581279503483,2.0032906397517416,0.35,0.0,40
y,2024-11-07,1,4.006581279503483,8.013162559006966,6.009871919255225,0.7108108108108108,0.0,185
y,2024-11-07,2,8.013162559006966,12.01974383851045,10.016453198758708,1.1180124223602483,0.0,161
y,2024-11-07,3,12.01974383851045,16.026325118013933,14.023034478262192,1.224025974025974,0.0,154
y,2024-11-07,4,16.026325118013933,20.032906397517415,18.029615757765676,1.6820987654320987,0.0,162
y,2024-11-07,5,20.032906397517415,24.0394876770209,22.036197037269158,1.196969696969697,0.0,99
y,2024-11-07,6,24.0394876770209,28.046068956524383,26.04277831677264,1.703125,0.0,96
y,2024-11-07,7,28.046068956524383,32.052650236027866,30.049359596276126,0.48,0.0,75
y,2024-11-07,8,32.052650236027866,36.05923151553135,34.05594087577961,0.2604166666666667,0.0,96
y,2024-11-07,9,36.05923151553135,40.06581279503483,38.06252215528309,0.20689655172413793,0.0,58
y,2024-11-07,10,40.06581279503483,44.072394074538316,42.06910343478657,0.27631578947368424,0.0,38
y,2024-11-07,11,44.072394074538316,48.078975354041795,46.075684714290055,0.16666666666666666,0.0,12
y,2024-11-08,0,0.0,4.006581279503483,2.0032906397517416,0.2125,0.0,40
y,2024-11-08,1,4.006581279503483,8.013162559006966,6.009871919255225,0.22702702702702704,0.0,185
y,2024-11-08,2,8.013162559006966,12.01974383851045,10.016453198758708,0.2981366459627329,0.0,161
y,2024-11-08,3,12.01974383851045,16.026325118013933,14.023034478262192,0.1461038961038961,0.0,154
y,2024-11-08,4,16.026325118013933,20.032906397517415,18.029615757765676,0.16666666666666666,0.0,162
y,2024-11-08,5,20.032906397517415,24.0394876770209,22.036197037269158,0.20707070707070707,0.0,99
y,2024-11-08,6,24.0394876770209,28.046068956524383,26.04277831677264,0.20833333333333334,0.0,96
y,2024-11-08,7,28.046068956524383,32.052650236027866,30.049359596276126,0.20666666666666667,0.0,75
y,2024-11-08,8,32.052650236027866,36.05923151553135,34.05594087577961,0.265625,0.0,96
y,2024-11-08,9,36.05923151553135,40.06581279503483,38.06252215528309,0.2413793103448276,0.0,58
y,2024-11-08,10,40.06581279503483,44.072394074538316,42.06910343478657,0.039473684210526314,0.0,38
y,2024-11-08,11,44.072394074538316,48.078975354041795,46.075684714290055,0.0,0.0,12
y,2024-11-09,0,0.0,4.006581279503483,2.0032906397517416,0.175,0.0,40
y,2024-11-09,1,4.006581279503483,8.013162559006966,6.009871919255225,0.0945945945945946,0.0,185
y,2024-11-09,2,8.013162559006966,12.01974383851045,10.016453198758708,0.17701863354037267,0.0,161
y,2024-11-09,3,12.01974383851045,16.026325118013933,14.023034478262192,0.2435064935064935,0.0,154
y,2024-11-09,4,16.026325118013933,20.032906397517415,18.029615757765676,0.25,0.0,162
y,2024-11-09,5,20.032906397517415,24.0394876770209,22.036197037269158,0.26262626262626265,0.0,99
y,2024-11-09,6,24.0394876770209,28.046068956524383,26.04277831677264,0.19791666666666666,0.0,96
y,2024-11-09,7,28.046068956524383,32.052650236027866,30.049359596276126,0.21333333333333335,0.0,75
y,2024-11-09,8,32.052650236027866,36.05923151553135,34.05594087577961,0.3072916666666667,0.0,96
y,2024-11-09,9,36.05923151553135,40.06581279503483,38.06252215528309,0.2413793103448276,0.0,58
y,2024-11-09,10,40.06581279503483,44.072394074538316,42.06910343478657,0.25,0.0,38
y,2024-11-09,11,44.072394074538316,48.078975354041795,46.075684714290055,0.0,0.0,12
y,2024-11-10,0,0.0,4.006581279503483,2.0032906397517416,0.7,0.0,40
y,2024-11-10,1,4.006581279503483,8.013162559006966,6.009871919255225,0.5297297297297298,0.0,185
y,2024-11-10,2,8.013162559006966,12.01974383851045,10.016453198758708,0.7329192546583851,0.0,161
y,2024-11-10,3,12.01974383851045,16.026325118013933,14.023034478262192,0.8961038961038961,0.0,154
y,2024-11-10,4,16.026325118013933,20.032906397517415,18.029615757765676,0.9135802469135802,0.0,162
y,2024-11-10,5,20.032906397517415,24.0394876770209,22.036197037269158,0.8888888888888888,0.0,99
y,2024-11-10,6,24.0394876770209,28.046068956524383,26.04277831677264,0.6458333333333334,0.0,96
y,2024-11-10,7,28.046068956524383,32.052650236027866,30.049359596276126,0.8,0.0,75
y,2024-11-10,8,32.052650236027866,36.05923151553135,34.05594087577961,1.0625,0.0,96
y,2024-11-10,9,36.05923151553135,40.06581279503483,38.06252215528309,0.9310344827586207,0.0,58
y,2024-11-10,10,40.06581279503483,44.072394074538316,42.06910343478657,0.3157894736842105,0.0,38
y,2024-11-10,11,44.072394074538316,48.078975354041795,46.075684714290055,0.0,0.0,12
y,2024-11-11,0,0.0,4.006581279503483,2.0032906397517416,0.4125,0.0,40
y,2024-11-11,1,4.006581279503483,8.013162559006966,6.009871919255225,1.6432432432432433,0.0,185
y,2024-11-11,2,8.013162559006966,12.01974383851045,10.016453198758708,1.391304347826087,0.0,161
y,2024-11-11,3,12.01974383851045,16.026325118013933,14.023034478262192,1.094155844155844,0.0,154
y,2024-11-11,4,16.026325118013933,20.032906397517415,18.029615757765676,1.4475308641975309,0.0,162
y,2024-11-11,5,20.032906397517415,24.0394876770209,22.036197037269158,0.8383838383838383,0.0,99
y,2024-11-11,6,24.0394876770209,28.046068956524383,26.04277831677264,1.2395833333333333,0.0,96
y,2024-11-11,7,28.046068956524383,32.052650236027866,30.049359596276126,1.24,0.0,75
y,2024-11-11,8,32.052650236027866,36.05923151553135,34.05594087577961,1.6354166666666667,0.0,96
y,2024-11-11,9,36.05923151553135,40.06581279503483,38.06252215528309,0.3448275862068966,0.0,58
y,2024-11-11,10,40.06581279503483,44.072394074538316,42.06910343478657,0.039473684210526314,0.0,38
y,2024-11-11,11,44.072394074538316,48.078975354041795,46.075684714290055,0.0,0.0,12
y,2024-11-12,0,0.0,4.006581279503483,2.0032906397517416,1.6375,0.0,40
y,2024-11-12,1,4.006581279503483,8.013162559006966,6.009871919255225,3.572972972972973,0.0,185
y,2024-11-12,2,8.013162559006966,12.01974383851045,10.016453198758708,3.093167701863354,0.0,161
y,2024-11-12,3,12.01974383851045,16.026325118013933,14.023034478262192,2.8636363636363638,0.0,154
y,2024-11-12,4,16.026325118013933,20.032906397517415,18.029615757765676,3.3364197530864197,0.0,162
y,2024-11-12,5,20.032906397517415,24.0394876770209,22.036197037269158,2.287878787878788,0.0,99
y,2024-11-12,6,24.0394876770209,28.046068956524383,26.04277831677264,2.6197916666666665,0.0,96
y,2024-11-12,7,28.046068956524383,32.052650236027866,30.049359596276126,3.02,0.0,75
y,2024-11-12,8,32.052650236027866,36.05923151553135,34.05594087577961,3.8020833333333335,0.0,96
y,2024-11-12,9,36.05923151553135,40.06581279503483,38.06252215528309,3.4827586206896552,0.0,58
y,2024-11-12,10,40.06581279503483,44.072394074538316,42.06910343478657,0.039473684210526314,0.0,38
y,2024-11-12,11,44.072394074538316,48.078975354041795,46.075684714290055,0.0,0.0,12
y,2024-11-13,0,0.0,4.006581279503483,2.0032906397517416,0.15,0.0,40
y,2024-11-13,1,4.006581279503483,8.013162559006966,6.009871919255225,0.33513513513513515,0.0,185
y,2024-11-13,2,8.013162559006966,12.01974383851045,10.016453198758708,0.36024844720496896,0.0,161
y,2024-11-13,3,12.01974383851045,16.026325118013933,14.023034478262192,0.2987012987012987,0.0,154
y,2024-11-13,4,16.026325118013933,20.032906397517415,18.029615757765676,0.32098765432098764,0.0,162
y,2024-11-13,5,20.032906397517415,24.0394876770209,22.036197037269158,0.2222222222222222,0.0,99
y,2024-11-13,6,24.0394876770209,28.046068956524383,26.04277831677264,0.3125,0.0,96
y,2024-11-13,7,28.046068956524383,32.052650236027866,30.049359596276126,0.29333333333333333,0.0,75
y,2024-11-13,8,32.052650236027866,36.05923151553135,34.05594087577961,0.3958333333333333,0.0,96
y,2024-11-13,9,36.05923151553135,40.06581279503483,38.06252215528309,0.27586206896551724,0.0,58
y,2024-11-13,10,40.06581279503483,44.072394074538316,42.06910343478657,0.21052631578947367,0.0,38
y,2024-11-13,11,44.072394074538316,48.078975354041795,46.075684714290055,0.0,0.0,12
y,2024-11-14,0,0.0,4.006581279503483,2.0032906397517416,0.0875,0.0,40
y,2024-11-14,1,4.006581279503483,8.013162559006966,6.009871919255225,0.24594594594594596,0.0,185
y,2024-11-14,2,8.013162559006966,12.01974383851045,10.016453198758708,0.3416149068322981,0.0,161
y,2024-11-14,3,12.01974383851045,16.026325118013933,14.023034478262192,0.2694805194805195,0.0,154
y,2024-11-14,4,16.026325118013933,20.032906397517415,18.029615757765676,0.2716049382716049,0.0,162
y,2024-11-14,5,20.032906397517415,24.0394876770209,22.036197037269158,0.19696969696969696,0.0,99
y,2024-11-14,6,24.0394876770209,28.046068956524383,26.04277831677264,0.265625,0.0,96
y,2024-11-14,7,28.046068956524383,32.052650236027866,30.049359596276126,0.29333333333333333,0.0,75
y,2024-11-14,8,32.052650236027866,36.05923151553135,34.05594087577961,0.4166666666666667,0.0,96
y,2024-11-14,9,36.05923151553135,40.06581279503483,38.06252215528309,0.3879310344827586,0.0,58
y,2024-11-14,10,40.06581279503483,44.072394074538316,42.06910343478657,0.21052631578947367,0.0,38
y,2024-11-14,11,44.072394074538316,48.078975354041795,46.075684714290055,0.0,0.0,12
y,2024-11-15,0,0.0,4.006581279503483,2.0032906397517416,0.0875,0.0,40
y,2024-11-15,1,4.006581279503483,8.013162559006966,6.009871919255225,0.40540540540540543,0.0,185
y,2024-11-15,2,8.013162559006966,12.01974383851045,10.016453198758708,0.38198757763975155,0.0,161
y,2024-11-15,3,12.01974383851045,16.026325118013933,14.023034478262192,0.3538961038961039,0.0,154
y,2024-11-15,4,16.026325118013933,20.032906397517415,18.029615757765676,0.4166666666666667,0.0,162
y,2024-11-15,5,20.032906397517415,24.0394876770209,22.036197037269158,0.24242424242424243,0.0,99
y,2024-11-15,6,24.0394876770209,28.046068956524383,26.04277831677264,0.3541666666666667,0.0,96
y,2024-11-15,7,28.046068956524383,32.052650236027866,30.049359596276126,0.37333333333333335,0.0,75
y,2024-11-15,8,32.052650236027866,36.05923151553135,34.05594087577961,0.53125,0.0,96
y,2024-11-15,9,36.05923151553135,40.06581279503483,38.06252215528309,0.3103448275862069,0.0,58
y,2024-11-15,10,40.06581279503483,44.072394074538316,42.06910343478657,0.21052631578947367,0.0,38
y,2024-11-15,11,44.072394074538316,48.078975354041795,46.075684714290055,0.0,0.0,12
y,2024-11-16,0,0.0,4.006581279503483,2.0032906397517416,0.0,0.0,40
y,2024-11-16,1,4.006581279503483,8.013162559006966,6.009871919255225,0.0,0.0,185
y,2024-11-16,2,8.013162559006966,12.01974383851045,10.016453198758708,0.0,0.0,161
y,2024-11-16,3,12.01974383851045,16.026325118013933,14.023034478262192,0.0,0.0,154
y,2024-11-16,4,16.026325118013933,20.032906397517415,18.029615757765676,0.0,0.0,162
y,2024-11-16,5,20.032906397517415,24.0394876770209,22.036197037269158,0.0,0.0,99
y,2024-11-16,6,24.0394876770209,28.046068956524383,26.04277831677264,0.0,0.0,96
y,2024-11-16,7,28.046068956524383,32.052650236027866,30.049359596276126,0.0,0.0,75
y,2024-11-16,8,32.052650236027866,36.05923151553135,34.05594087577961,0.0,0.0,96
y,2024-11-16,9,36.05923151553135,40.06581279503483,38.06252215528309,0.0,0.0,58
y,2024-11-16,10,40.06581279503483,44.072394074538316,42.06910343478657,0.0,0.0,38
y,2024-11-16,11,44.072394074538316,48.078975354041795,46.075684714290055,0.0,0.0,12
y,2024-11-17,0,0.0,4.006581279503483,2.0032906397517416,0.6625,0.0,40
y,2024-11-17,1,4.006581279503483,8.013162559006966,6.009871919255225,0.6486486486486487,0.0,185
y,2024-11-17,2,8.013162559006966,12.01974383851045,10.016453198758708,0.8850931677018633,0.0,161
y,2024-11-17,3,12.01974383851045,16.026325118013933,14.023034478262192,1.0974025974025974,0.0,154
y,2024-11-17,4,16.026325118013933,20.032906397517415,18.029615757765676,0.9876543209876543,0.0,162
y,2024-11-17,5,20.032906397517415,24.0394876770209,22.036197037269158,0.8939393939393939,0.0,99
y,2024-11-17,6,24.0394876770209,28.046068956524383,26.04277831677264,0.8125,0.0,96
y,2024-11-17,7,28.046068956524383,32.052650236027866,30.049359596276126,0.98,0.0,75
y,2024-11-17,8,32.052650236027866,36.05923151553135,34.05594087577961,1.3229166666666667,0.0,96
y,2024-11-17,9,36.05923151553135,40.06581279503483,38.06252215528309,1.5086206896551724,0.0,58
y,2024-11-17,10,40.06581279503483,44.072394074538316,42.06910343478657,1.7763157894736843,0.0,38
y,2024-11-17,11,44.072394074538316,48.078975354041795,46.075684714290055,0.0,0.0,12
y,2024-11-18,0,0.0,4.006581279503483,2.0032906397517416,2.1875,0.0,40
y,2024-11-18,1,4.006581279503483,8.013162559006966,6.009871919255225,4.505405405405406,0.0,185
y,2024-11-18,2,8.013162559006966,12.01974383851045,10.016453198758708,3.6956521739130435,0.5,161
y,2024-11-18,3,12.01974383851045,16.026325118013933,14.023034478262192,3.542207792207792,0.0,154
y,2024-11-18,4,16.026325118013933,20.032906397517415,18.029615757765676,4.061728395061729,0.0,162
y,2024-11-18,5,20.032906397517415,24.0394876770209,22.036197037269158,3.04040404040404,0.0,99
y,2024-11-18,6,24.0394876770209,28.046068956524383,26.04277831677264,3.2083333333333335,0.0,96
y,2024-11-18,7,28.046068956524383,32.052650236027866,30.049359596276126,3.3733333333333335,0.0,75
y,2024-11-18,8,32.052650236027866,36.05923151553135,34.05594087577961,5.020833333333333,0.0,96
y,2024-11-18,9,36.05923151553135,40.06581279503483,38.06252215528309,4.568965517241379,0.0,58
y,2024-11-18,10,40.06581279503483,44.072394074538316,42.06910343478657,0.5131578947368421,0.0,38
y,2024-11-18,11,44.072394074538316,48.078975354041795,46.075684714290055,0.16666666666666666,0.0,12
y,2024-11-19,0,0.0,4.006581279503483,2.0032906397517416,1.0625,0.0,40
y,2024-11-19,1,4.006581279503483,8.013162559006966,6.009871919255225,1.3810810810810812,0.0,185
y,2024-11-19,2,8.013162559006966,12.01974383851045,10.016453198758708,1.9285714285714286,0.0,161
y,2024-11-19,3,12.01974383851045,16.026325118013933,14.023034478262192,0.7597402597402597,0.0,154
y,2024-11-19,4,16.026325118013933,20.032906397517415,18.029615757765676,0.9660493827160493,0.0,162
y,2024-11-19,5,20.032906397517415,24.0394876770209,22.036197037269158,1.5555555555555556,0.0,99
y,2024-11-19,6,24.0394876770209,28.046068956524383,26.04277831677264,2.0104166666666665,0.0,96
y,2024-11-19,7,28.046068956524383,32.052650236027866,30.049359596276126,2.3466666666666667,0.0,75
y,2024-11-19,8,32.052650236027866,36.05923151553135,34.05594087577961,2.2083333333333335,0.0,96
y,2024-11-19,9,36.05923151553135,40.06581279503483,38.06252215528309,0.6810344827586207,0.0,58
y,2024-11-19,10,40.06581279503483,44.072394074538316,42.06910343478657,0.013157894736842105,0.0,38
y,2024-11-19,11,44.072394074538316,48.078975354041795,46.075684714290055,0.0,0.0,12
y,2024-11-20,0,0.0,4.006581279503483,2.0032906397517416,0.55,0.0,40
y,2024-11-20,1,4.006581279503483,8.013162559006966,6.009871919255225,0.9486486486486486,0.0,185
y,2024-11-20,2,8.013162559006966,12.01974383851045,10.016453198758708,0.8322981366459627,0.0,161
y,2024-11-20,3,12.01974383851045,16.026325118013933,14.023034478262192,0.6525974025974026,0.0,154
y,2024-11-20,4,16.026325118013933,20.032906397517415,18.029615757765676,0.6234567901234568,0.0,162
y,2024-11-20,5,20.032906397517415,24.0394876770209,22.036197037269158,0.7727272727272727,0.0,99
y,2024-11-20,6,24.0394876770209,28.046068956524383,26.04277831677264,1.2864583333333333,0.0,96
y,2024-11-20,7,28.046068956524383,32.052650236027866,30.049359596276126,1.52,0.0,75
y,2024-11-20,8,32.052650236027866,36.05923151553135,34.05594087577961,1.2864583333333333,0.0,96
y,2024-11-20,9,36.05923151553135,40.06581279503483,38.06252215528309,0.7327586206896551,0.0,58
y,2024-11-20,10,40.06581279503483,44.072394074538316,42.06910343478657,0.42105263157894735,0.0,38
y,2024-11-20,11,44.072394074538316,48.078975354041795,46.075684714290055,0.0,0.0,12
y,2024-11-21,0,0.0,4.006581279503483,2.0032906397517416,0.4,0.0,40
y,2024-11-21,1,4.006581279503483,8.013162559006966,6.009871919255225,0.9648648648648649,0.0,185
y,2024-11-21,2,8.013162559006966,12.01974383851045,10.016453198758708,0.6521739130434783,0.0,161
y,2024-11-21,3,12.01974383851045,16.026325118013933,14.023034478262192,0.6103896103896104,0.0,154
y,2024-11-21,4,16.026325118013933,20.032906397517415,18.029615757765676,0.6666666666666666,0.0,162
y,2024-11-21,5,20.032906397517415,24.0394876770209,22.036197037269158,0.40404040404040403,0.0,99
y,2024-11-21,6,24.0394876770209,28.046068956524383,26.04277831677264,0.6979166666666666,0.0,96
y,2024-11-21,7,28.046068956524383,32.052650236027866,30.049359596276126,0.6466666666666666,0.0,75
y,2024-11-21,8,32.052650236027866,36.05923151553135,34.05594087577961,1.046875,0.0,96
y,2024-11-21,9,36.05923151553135,40.06581279503483,38.06252215528309,0.5689655172413793,0.0,58
y,2024-11-21,10,40.06581279503483,44.072394074538316,42.06910343478657,0.32894736842105265,0.0,38
y,2024-11-21,11,44.072394074538316,48.078975354041795,46.075684714290055,0.0,0.0,12
y,2024-11-22,0,0.0,4.006581279503483,2.0032906397517416,0.0,0.0,40
y,2024-11-22,1,4.006581279503483,8.013162559006966,6.009871919255225,0.0,0.0,185
y,2024-11-22,2,8.013162559006966,12.01974383851045,10.016453198758708,0.0,0.0,161
y,2024-11-22,3,12.01974383851045,16.026325118013933,14.023034478262192,0.0,0.0,154
y,2024-11-22,4,16.026325118013933,20.032906397517415,18.029615757765676,0.0,0.0,162
y,2024-11-22,5,20.032906397517415,24.0394876770209,22.036197037269158,0.0,0.0,99
y,2024-11-22,6,24.0394876770209,28.046068956524383,26.04277831677264,0.0,0.0,96
y,2024-11-22,7,28.046068956524383,32.052650236027866,30.049359596276126,0.0,0.0,75
y,2024-11-22,8,32.052650236027866,36.05923151553135,34.05594087577961,0.0,0.0,96
y,2024-11-22,9,36.05923151553135,40.06581279503483,38.06252215528309,0.0,0.0,58
y,2024-11-22,10,40.06581279503483,44.072394074538316,42.06910343478657,0.0,0.0,38
y,2024-11-22,11,44.072394074538316,48.078975354041795,46.075684714290055,0.0,0.0,12
y,2024-11-23,0,0.0,4.006581279503483,2.0032906397517416,0.0,0.0,40
y,2024-11-23,1,4.006581279503483,8.013162559006966,6.009871919255225,0.0,0.0,185
y,2024-11-23,2,8.013162559006966,12.01974383851045,10.016453198758708,0.0,0.0,161
y,2024-11-23,3,12.01974383851045,16.026325118013933,14.023034478262192,0.0,0.0,154
y,2024-11-23,4,16.026325118013933,20.032906397517415,18.029615757765676,0.0,0.0,162
y,2024-11-23,5,20.032906397517415,24.0394876770209,22.036197037269158,0.0,0.0,99
y,2024-11-23,6,24.0394876770209,28.046068956524383,26.04277831677264,0.0,0.0,96
y,2024-11-23,7,28.046068956524383,32.052650236027866,30.049359596276126,0.0,0.0,75
y,2024-11-23,8,32.052650236027866,36.05923151553135,34.05594087577961,0.0,0.0,96
y,2024-11-23,9,36.05923151553135,40.06581279503483,38.06252215528309,0.0,0.0,58
y,2024-11-23,10,40.06581279503483,44.072394074538316,42.06910343478657,0.0,0.0,38
y,2024-11-23,11,44.072394074538316,48.078975354041795,46.075684714290055,0.0,0.0,12
y,2024-11-24,0,0.0,4.006581279503483,2.0032906397517416,0.125,0.0,40
y,2024-11-24,1,4.006581279503483,8.013162559006966,6.009871919255225,0.327027027027027,0.0,185
y,2024-11-24,2,8.013162559006966,12.01974383851045,10.016453198758708,0.3167701863354037,0.0,161
y,2024-11-24,3,12.01974383851045,16.026325118013933,14.023034478262192,0.38311688311688313,0.0,154
y,2024-11-24,4,16.026325118013933,20.032906397517415,18.029615757765676,0.31790123456790126,0.0,162
y,2024-11-24,5,20.032906397517415,24.0394876770209,22.036197037269158,0.25757575757575757,0.0,99
y,2024-11-24,6,24.0394876770209,28.046068956524383,26.04277831677264,0.265625,0.0,96
y,2024-11-24,7,28.046068956524383,32.052650236027866,30.049359596276126,0.34,0.0,75
y,2024-11-24,8,32.052650236027866,36.05923151553135,34.05594087577961,0.4427083333333333,0.0,96
y,2024-11-24,9,36.05923151553135,40.06581279503483,38.06252215528309,0.5862068965517241,0.0,58
y,2024-11-24,10,40.06581279503483,44.072394074538316,42.06910343478657,0.631578947368421,0.0,38
y,2024-11-24,11,44.072394074538316,48.078975354041795,46.075684714290055,0.0,0.0,12
y,2024-11-25,0,0.0,4.006581279503483,2.0032906397517416,0.8875,0.0,40
y,2024-11-25,1,4.006581279503483,8.013162559006966,6.009871919255225,1.037837837837838,0.0,185
y,2024-11-25,2,8.013162559006966,12.01974383851045,10.016453198758708,1.6149068322981366,0.0,161
y,2024-11-25,3,12.01974383851045,16.026325118013933,14.023034478262192,0.8636363636363636,0.0,154
y,2024-11-25,4,16.026325118013933,20.032906397517415,18.029615757765676,1.404320987654321,0.0,162
y,2024-11-25,5,20.032906397517415,24.0394876770209,22.036197037269158,1.696969696969697,0.5,99
y,2024-11-25,6,24.0394876770209,28.046068956524383,26.04277831677264,1.9635416666666667,0.25,96
y,2024-11-25,7,28.046068956524383,32.052650236027866,30.049359596276126,1.74,0.0,75
y,2024-11-25,8,32.052650236027866,36.05923151553135,34.05594087577961,1.6354166666666667,0.0,96
y,2024-11-25,9,36.05923151553135,40.06581279503483,38.06252215528309,0.5172413793103449,0.0,58
y,2024-11-25,10,40.06581279503483,44.072394074538316,42.06910343478657,0.05263157894736842,0.0,38
y,2024-11-25,11,44.072394074538316,48.078975354041795,46.075684714290055,0.0,0.0,12
y,2024-11-26,0,0.0,4.006581279503483,2.0032906397517416,0.4375,0.0,40
y,2024-11-26,1,4.006581279503483,8.013162559006966,6.009871919255225,0.8945945945945946,0.0,185
y,2024-11-26,2,8.013162559006966,12.01974383851045,10.016453198758708,1.1801242236024845,0.0,161
y,2024-11-26,3,12.01974383851045,16.026325118013933,14.023034478262192,0.6428571428571429,0.0,154
y,2024-11-26,4,16.026325118013933,20.032906397517415,18.029615757765676,1.0771604938271604,0.0,162
y,2024-11-26,5,20.032906397517415,24.0394876770209,22.036197037269158,1.3131313131313131,0.0,99
y,2024-11-26,6,24.0394876770209,28.046068956524383,26.04277831677264,1.171875,0.0,96
y,2024-11-26,7,28.046068956524383,32.052650236027866,30.049359596276126,1.1466666666666667,0.0,75
y,2024-11-26,8,32.052650236027866,36.05923151553135,34.05594087577961,1.1770833333333333,0.0,96
y,2024-11-26,9,36.05923151553135,40.06581279503483,38.06252215528309,0.3103448275862069,0.0,58
y,2024-11-26,10,40.06581279503483,44.072394074538316,42.06910343478657,0.07894736842105263,0.0,38
y,2024-11-26,11,44.072394074538316,48.078975354041795,46.075684714290055,0.25,0.25,12
y,2024-11-27,0,0.0,4.006581279503483,2.0032906397517416,0.3875,0.0,40
y,2024-11-27,1,4.006581279503483,8.013162559006966,6.009871919255225,0.7513513513513513,0.0,185
y,2024-11-27,2,8.013162559006966,12.01974383851045,10.016453198758708,0.984472049689441,0.0,161
y,2024-11-27,3,12.01974383851045,16.026325118013933,14.023034478262192,1.1006493506493507,0.0,154
y,2024-11-27,4,16.026325118013933,20.032906397517415,18.029615757765676,1.712962962962963,0.0,162
y,2024-11-27,5,20.032906397517415,24.0394876770209,22.036197037269158,1.7828282828282829,0.0,99
y,2024-11-27,6,24.0394876770209,28.046068956524383,26.04277831677264,1.265625,0.0,96
y,2024-11-27,7,28.046068956524383,32.052650236027866,30.049359596276126,0.82,0.0,75
y,2024-11-27,8,32.052650236027866,36.05923151553135,34.05594087577961,0.453125,0.0,96
y,2024-11-27,9,36.05923151553135,40.06581279503483,38.06252215528309,0.19827586206896552,0.0,58
y,2024-11-27,10,40.06581279503483,44.072394074538316,42.06910343478657,0.039473684210526314,0.0,38
y,2024-11-27,11,44.072394074538316,48.078975354041795,46.075684714290055,0.0,0.0,12
y,2024-11-28,0,0.0,4.006581279503483,2.0032906397517416,0.5625,0.0,40
y,2024-11-28,1,4.006581279503483,8.013162559006966,6.009871919255225,0.8297297297297297,0.0,185
y,2024-11-28,2,8.013162559006966,12.01974383851045,10.016453198758708,1.220496894409938,0.0,161
y,2024-11-28,3,12.01974383851045,16.026325118013933,14.023034478262192,1.0357142857142858,0.0,154
y,2024-11-28,4,16.026325118013933,20.032906397517415,18.029615757765676,1.5864197530864197,0.25,162
y,2024-11-28,5,20.032906397517415,24.0394876770209,22.036197037269158,1.6717171717171717,0.5,99
y,2024-11-28,6,24.0394876770209,28.046068956524383,26.04277831677264,1.4479166666666667,0.0,96
y,2024-11-28,7,28.046068956524383,32.052650236027866,30.049359596276126,1.1066666666666667,0.0,75
y,2024-11-28,8,32.052650236027866,36.05923151553135,34.05594087577961,0.8125,0.0,96
y,2024-11-28,9,36.05923151553135,40.06581279503483,38.06252215528309,0.3103448275862069,0.0,58
y,2024-11-28,10,40.06581279503483,44.072394074538316,42.06910343478657,0.19736842105263158,0.0,38
y,2024-11-28,11,44.072394074538316,48.078975354041795,46.075684714290055,0.0,0.0,12
y,2024-11-29,0,0.0,4.006581279503483,2.0032906397517416,0.3,0.0,40
y,2024-11-29,1,4.006581279503483,8.013162559006966,6.009871919255225,0.3621621621621622,0.0,185
y,2024-11-29,2,8.013162559006966,12.01974383851045,10.016453198758708,0.5496894409937888,0.0,161
y,2024-11-29,3,12.01974383851045,16.026325118013933,14.023034478262192,0.6136363636363636,0.0,154
y,2024-11-29,4,16.026325118013933,20.032906397517415,18.029615757765676,1.0,0.0,162
y,2024-11-29,5,20.032906397517415,24.0394876770209,22.036197037269158,0.9292929292929293,0.0,99
y,2024-11-29,6,24.0394876770209,28.046068956524383,26.04277831677264,0.5729166666666666,0.0,96
y,2024-11-29,7,28.046068956524383,32.052650236027866,30.049359596276126,0.18666666666666668,0.0,75
y,2024-11-29,8,32.052650236027866,36.05923151553135,34.05594087577961,0.14583333333333334,0.0,96
y,2024-11-29,9,36.05923151553135,40.06581279503483,38.06252215528309,0.034482758620689655,0.0,58
y,2024-11-29,10,40.06581279503483,44.072394074538316,42.06910343478657,0.0,0.0,38
y,2024-11-29,11,44.072394074538316,48.078975354041795,46.075684714290055,0.0,0.0,12
y,2024-11-30,0,0.0,4.006581279503483,2.0032906397517416,0.1625,0.0,40
y,2024-11-30,1,4.006581279503483,8.013162559006966,6.009871919255225,0.3675675675675676,0.0,185
y,2024-11-30,2,8.013162559006966,12.01974383851045,10.016453198758708,0.39751552795031053,0.0,161
y,2024-11-30,3,12.01974383851045,16.026325118013933,14.023034478262192,0.4577922077922078,0.0,154
y,2024-11-30,4,16.026325118013933,20.032906397517415,18.029615757765676,0.45987654320987653,0.0,162
y,2024-11-30,5,20.032906397517415,24.0394876770209,22.036197037269158,0.37373737373737376,0.0,99
y,2024-11-30,6,24.0394876770209,28.046068956524383,26.04277831677264,0.3645833333333333,0.0,96
y,2024-11-30,7,28.046068956524383,32.052650236027866,30.049359596276126,0.44,0.0,75
y,2024-11-30,8,32.052650236027866,36.05923151553135,34.05594087577961,0.59375,0.0,96
y,2024-11-30,9,36.05923151553135,40.06581279503483,38.06252215528309,0.7241379310344828,0.0,58
y,2024-11-30,10,40.06581279503483,44.072394074538316,42.06910343478657,0.5131578947368421,0.0,38
y,2024-11-30,11,44.072394074538316,48.078975354041795,46.075684714290055,0.0,0.0,12
y,2024-12-01,0,0.0,4.006581279503483,2.0032906397517416,0.0,0.0,40
y,2024-12-01,1,4.006581279503483,8.013162559006966,6.009871919255225,0.0,0.0,185
y,2024-12-01,2,8.013162559006966,12.01974383851045,10.016453198758708,0.0,0.0,161
y,2024-12-01,3,12.01974383851045,16.026325118013933,14.023034478262192,0.0,0.0,154
y,2024-12-01,4,16.026325118013933,20.032906397517415,18.029615757765676,0.0,0.0,162
y,2024-12-01,5,20.032906397517415,24.0394876770209,22.036197037269158,0.0,0.0,99
y,2024-12-01,6,24.0394876770209,28.046068956524383,26.04277831677264,0.0,0.0,96
y,2024-12-01,7,28.046068956524383,32.052650236027866,30.049359596276126,0.0,0.0,75
y,2024-12-01,8,32.052650236027866,36.05923151553135,34.05594087577961,0.0,0.0,96
y,2024-12-01,9,36.05923151553135,40.06581279503483,38.06252215528309,0.0,0.0,58
y,2024-12-01,10,40.06581279503483,44.072394074538316,42.06910343478657,0.0,0.0,38
y,2024-12-01,11,44.072394074538316,48.078975354041795,46.075684714290055,0.0,0.0,12
y,2024-12-02,0,0.0,4.006581279503483,2.0032906397517416,1.2125,0.0,40
y,2024-12-02,1,4.006581279503483,8.013162559006966,6.009871919255225,1.1675675675675676,0.0,185
y,2024-12-02,2,8.013162559006966,12.01974383851045,10.016453198758708,1.0869565217391304,0.0,161
y,2024-12-02,3,12.01974383851045,16.026325118013933,14.023034478262192,1.0064935064935066,0.0,154
y,2024-12-02,4,16.026325118013933,20.032906397517415,18.029615757765676,1.1512345679012346,0.0,162
y,2024-12-02,5,20.032906397517415,24.0394876770209,22.036197037269158,1.3686868686868687,0.0,99
y,2024-12-02,6,24.0394876770209,28.046068956524383,26.04277831677264,1.4791666666666667,0.0,96
y,2024-12-02,7,28.046068956524383,32.052650236027866,30.049359596276126,1.5133333333333334,0.0,75
y,2024-12-02,8,32.052650236027866,36.05923151553135,34.05594087577961,1.0520833333333333,0.0,96
y,2024-12-02,9,36.05923151553135,40.06581279503483,38.06252215528309,0.6982758620689655,0.0,58
y,2024-12-02,10,40.06581279503483,44.072394074538316,42.06910343478657,0.14473684210526316,0.0,38
y,2024-12-02,11,44.072394074538316,48.078975354041795,46.075684714290055,0.0,0.0,12
y,2024-12-03,0,0.0,4.006581279503483,2.0032906397517416,1.525,0.0,40
y,2024-12-03,1,4.006581279503483,8.013162559006966,6.009871919255225,2.7243243243243245,0.0,185
y,2024-12-03,2,8.013162559006966,12.01974383851045,10.016453198758708,1.953416149068323,0.0,161
y,2024-12-03,3,12.01974383851045,16.026325118013933,14.023034478262192,1.9350649350649352,0.0,154
y,2024-12-03,4,16.026325118013933,20.032906397517415,18.029615757765676,1.9074074074074074,0.5,162
y,2024-12-03,5,20.032906397517415,24.0394876770209,22.036197037269158,1.7121212121212122,0.5,99
y,2024-12-03,6,24.0394876770209,28.046068956524383,26.04277831677264,2.59375,0.0,96
y,2024-12-03,7,28.046068956524383,32.052650236027866,30.049359596276126,2.7,0.0,75
y,2024-12-03,8,32.052650236027866,36.05923151553135,34.05594087577961,3.296875,0.0,96
y,2024-12-03,9,36.05923151553135,40.06581279503483,38.06252215528309,2.956896551724138,0.0,58
y,2024-12-03,10,40.06581279503483,44.072394074538316,42.06910343478657,1.3289473684210527,0.0,38
y,2024-12-03,11,44.072394074538316,48.078975354041795,46.075684714290055,0.0,0.0,12
y,2024-12-04,0,0.0,4.006581279503483,2.0032906397517416,1.0,0.0,40
y,2024-12-04,1,4.006581279503483,8.013162559006966,6.009871919255225,1.8054054054054054,0.0,185
y,2024-12-04,2,8.013162559006966,12.01974383851045,10.016453198758708,1.2577639751552796,0.0,161
y,2024-12-04,3,12.01974383851045,16.026325118013933,14.023034478262192,1.1883116883116882,0.0,154
y,2024-12-04,4,16.026325118013933,20.032906397517415,18.029615757765676,1.2222222222222223,0.0,162
y,2024-12-04,5,20.032906397517415,24.0394876770209,22.036197037269158,0.7929292929292929,0.5,99
y,2024-12-04,6,24.0394876770209,28.046068956524383,26.04277831677264,1.53125,0.0,96
y,2024-12-04,7,28.046068956524383,32.052650236027866,30.049359596276126,1.4133333333333333,0.0,75
y,2024-12-04,8,32.052650236027866,36.05923151553135,34.05594087577961,2.0520833333333335,0.0,96
y,2024-12-04,9,36.05923151553135,40.06581279503483,38.06252215528309,1.0689655172413792,0.0,58
y,2024-12-04,10,40.06581279503483,44.072394074538316,42.06910343478657,0.6578947368421053,0.0,38
y,2024-12-04,11,44.072394074538316,48.078975354041795,46.075684714290055,0.0,0.0,12
y,2024-12-05,0,0.0,4.006581279503483,2.0032906397517416,0.3,0.0,40
y,2024-12-05,1,4.006581279503483,8.013162559006966,6.009871919255225,0.5648648648648649,0.0,185
y,2024-12-05,2,8.013162559006966,12.01974383851045,10.016453198758708,0.860248447204969,0.0,161
y,2024-12-05,3,12.01974383851045,16.026325118013933,14.023034478262192,0.4902597402597403,0.0,154
y,2024-12-05,4,16.026325118013933,20.032906397517415,18.029615757765676,0.7469135802469136,0.0,162
y,2024-12-05,5,20.032906397517415,24.0394876770209,22.036197037269158,0.8282828282828283,0.0,99
y,2024-12-05,6,24.0394876770209,28.046068956524383,26.04277831677264,1.1458333333333333,0.0,96
y,2024-12-05,7,28.046068956524383,32.052650236027866,30.049359596276126,1.1933333333333334,0.0,75
y,2024-12-05,8,32.052650236027866,36.05923151553135,34.05594087577961,0.9427083333333334,0.0,96
y,2024-12-05,9,36.05923151553135,40.06581279503483,38.06252215528309,0.43103448275862066,0.0,58
y,2024-12-05,10,40.06581279503483,44.072394074538316,42.06910343478657,0.25,0.0,38
y,2024-12-05,11,44.072394074538316,48.078975354041795,46.075684714290055,0.16666666666666666,0.0,12
y,2024-12-06,0,0.0,4.006581279503483,2.0032906397517416,1.4,0.0,40
y,2024-12-06,1,4.006581279503483,8.013162559006966,6.009871919255225,1.5810810810810811,0.0,185
y,2024-12-06,2,8.013162559006966,12.01974383851045,10.016453198758708,2.6149068322981366,0.0,161
y,2024-12-06,3,12.01974383851045,16.026325118013933,14.023034478262192,1.9610389610389611,0.0,154
y,2024-12-06,4,16.026325118013933,20.032906397517415,18.029615757765676,3.1141975308641974,0.0,162
y,2024-12-06,5,20.032906397517415,24.0394876770209,22.036197037269158,2.6666666666666665,0.0,99
y,2024-12-06,6,24.0394876770209,28.046068956524383,26.04277831677264,4.057291666666667,0.0,96
y,2024-12-06,7,28.046068956524383,32.052650236027866,30.049359596276126,2.08,0.0,75
y,2024-12-06,8,32.052650236027866,36.05923151553135,34.05594087577961,1.7760416666666667,0.0,96
y,2024-12-06,9,36.05923151553135,40.06581279503483,38.06252215528309,0.646551724137931,0.0,58
y,2024-12-06,10,40.06581279503483,44.072394074538316,42.06910343478657,0.25,0.0,38
y,2024-12-06,11,44.072394074538316,48.078975354041795,46.075684714290055,0.0,0.0,12
y,2024-12-07,0,0.0,4.006581279503483,2.0032906397517416,0.0,0.0,40
y,2024-12-07,1,4.006581279503483,8.013162559006966,6.009871919255225,0.0,0.0,185
y,2024-12-07,2,8.013162559006966,12.01974383851045,10.016453198758708,0.0,0.0,161
y,2024-12-07,3,12.01974383851045,16.026325118013933,14.023034478262192,0.0,0.0,154
y,2024-12-07,4,16.026325118013933,20.032906397517415,18.029615757765676,0.0,0.0,162
y,2024-12-07,5,20.032906397517415,24.0394876770209,22.036197037269158,0.0,0.0,99
y,2024-12-07,6,24.0394876770209,28.046068956524383,26.04277831677264,0.0,0.0,96
y,2024-12-07,7,28.046068956524383,32.052650236027866,30.049359596276126,0.0,0.0,75
y,2024-12-07,8,32.052650236027866,36.05923151553135,34.05594087577961,0.0,0.0,96
y,2024-12-07,9,36.05923151553135,40.06581279503483,38.06252215528309,0.0,0.0,58
y,2024-12-07,10,40.06581279503483,44.072394074538316,42.06910343478657,0.0,0.0,38
y,2024-12-07,11,44.072394074538316,48.078975354041795,46.075684714290055,0.0,0.0,12
y,2024-12-08,0,0.0,4.006581279503483,2.0032906397517416,0.0,0.0,40
y,2024-12-08,1,4.006581279503483,8.013162559006966,6.009871919255225,0.0,0.0,185
y,2024-12-08,2,8.013162559006966,12.01974383851045,10.016453198758708,0.0,0.0,161
y,2024-12-08,3,12.01974383851045,16.026325118013933,14.023034478262192,0.0,0.0,154
y,2024-12-08,4,16.026325118013933,20.032906397517415,18.029615757765676,0.0,0.0,162
y,2024-12-08,5,20.032906397517415,24.0394876770209,22.036197037269158,0.0,0.0,99
y,2024-12-08,6,24.0394876770209,28.046068956524383,26.04277831677264,0.0,0.0,96
y,2024-12-08,7,28.046068956524383,32.052650236027866,30.049359596276126,0.0,0.0,75
y,2024-12-08,8,32.052650236027866,36.05923151553135,34.05594087577961,0.0,0.0,96
y,2024-12-08,9,36.05923151553135,40.06581279503483,38.06252215528309,0.0,0.0,58
y,2024-12-08,10,40.06581279503483,44.072394074538316,42.06910343478657,0.0,0.0,38
y,2024-12-08,11,44.072394074538316,48.078975354041795,46.075684714290055,0.0,0.0,12
y,2024-12-09,0,0.0,4.006581279503483,2.0032906397517416,0.0,0.0,40
y,2024-12-09,1,4.006581279503483,8.013162559006966,6.009871919255225,0.0,0.0,185
y,2024-12-09,2,8.013162559006966,12.01974383851045,10.016453198758708,0.0,0.0,161
y,2024-12-09,3,12.01974383851045,16.026325118013933,14.023034478262192,0.0,0.0,154
y,2024-12-09,4,16.026325118013933,20.032906397517415,18.029615757765676,0.0,0.0,162
y,2024-12-09,5,20.032906397517415,24.0394876770209,22.036197037269158,0.0,0.0,99
y,2024-12-09,6,24.0394876770209,28.046068956524383,26.04277831677264,0.0,0.0,96
y,2024-12-09,7,28.046068956524383,32.052650236027866,30.049359596276126,0.0,0.0,75
y,2024-12-09,8,32.052650236027866,36.05923151553135,34.05594087577961,0.0,0.0,96
y,2024-12-09,9,36.05923151553135,40.06581279503483,38.06252215528309,0.0,0.0,58
y,2024-12-09,10,40.06581279503483,44.072394074538316,42.06910343478657,0.0,0.0,38
y,2024-12-09,11,44.072394074538316,48.078975354041795,46.075684714290055,0.0,0.0,12
y,2024-12-10,0,0.0,4.006581279503483,2.0032906397517416,0.0,0.0,40
y,2024-12-10,1,4.006581279503483,8.013162559006966,6.009871919255225,0.0,0.0,185
y,2024-12-10,2,8.013162559006966,12.01974383851045,10.016453198758708,0.0,0.0,161
y,2024-12-10,3,12.01974383851045,16.026325118013933,14.023034478262192,0.0,0.0,154
y,2024-12-10,4,16.026325118013933,20.032906397517415,18.029615757765676,0.0,0.0,162
y,2024-12-10,5,20.032906397517415,24.0394876770209,22.036197037269158,0.0,0.0,99
y,2024-12-10,6,24.0394876770209,28.046068956524383,26.04277831677264,0.0,0.0,96
y,2024-12-10,7,28.046068956524383,32.052650236027866,30.049359596276126,0.0,0.0,75
y,2024-12-10,8,32.052650236027866,36.05923151553135,34.05594087577961,0.0,0.0,96
y,2024-12-10,9,36.05923151553135,40.06581279503483,38.06252215528309,0.0,0.0,58
y,2024-12-10,10,40.06581279503483,44.072394074538316,42.06910343478657,0.0,0.0,38
y,2024-12-10,11,44.072394074538316,48.078975354041795,46.075684714290055,0.0,0.0,12
y,2024-12-11,0,0.0,4.006581279503483,2.0032906397517416,1.325,0.0,40
y,2024-12-11,1,4.006581279503483,8.013162559006966,6.009871919255225,1.2459459459459459,0.0,185
y,2024-12-11,2,8.013162559006966,12.01974383851045,10.016453198758708,1.453416149068323,0.0,161
y,2024-12-11,3,12.01974383851045,16.026325118013933,14.023034478262192,0.5357142857142857,0.0,154
y,2024-12-11,4,16.026325118013933,20.032906397517415,18.029615757765676,0.7685185185185185,0.0,162
y,2024-12-11,5,20.032906397517415,24.0394876770209,22.036197037269158,1.1313131313131313,0.0,99
y,2024-12-11,6,24.0394876770209,28.046068956524383,26.04277831677264,1.421875,0.0,96
y,2024-12-11,7,28.046068956524383,32.052650236027866,30.049359596276126,1.58,0.0,75
y,2024-12-11,8,32.052650236027866,36.05923151553135,34.05594087577961,1.9635416666666667,0.0,96
y,2024-12-11,9,36.05923151553135,40.06581279503483,38.06252215528309,0.8793103448275862,0.0,58
y,2024-12-11,10,40.06581279503483,44.072394074538316,42.06910343478657,0.4868421052631579,0.0,38
y,2024-12-11,11,44.072394074538316,48.078975354041795,46.075684714290055,0.041666666666666664,0.0,12
y,2024-12-12,0,0.0,4.006581279503483,2.0032906397517416,2.0375,0.0,40
y,2024-12-12,1,4.006581279503483,8.013162559006966,6.009871919255225,3.2594594594594595,0.5,185
y,2024-12-12,2,8.013162559006966,12.01974383851045,10.016453198758708,2.8447204968944098,0.0,161
y,2024-12-12,3,12.01974383851045,16.026325118013933,14.023034478262192,1.905844155844156,0.0,154
y,2024-12-12,4,16.026325118013933,20.032906397517415,18.029615757765676,1.9537037037037037,0.0,162
y,2024-12-12,5,20.032906397517415,24.0394876770209,22.036197037269158,2.1717171717171717,0.0,99
y,2024-12-12,6,24.0394876770209,28.046068956524383,26.04277831677264,3.5052083333333335,0.25,96
y,2024-12-12,7,28.046068956524383,32.052650236027866,30.049359596276126,3.8133333333333335,0.0,75
y,2024-12-12,8,32.052650236027866,36.05923151553135,34.05594087577961,4.786458333333333,0.5,96
y,2024-12-12,9,36.05923151553135,40.06581279503483,38.06252215528309,3.396551724137931,0.0,58
y,2024-12-12,10,40.06581279503483,44.072394074538316,42.06910343478657,1.9473684210526316,0.0,38
y,2024-12-12,11,44.072394074538316,48.078975354041795,46.075684714290055,0.041666666666666664,0.0,12
y,2024-12-13,0,0.0,4.006581279503483,2.0032906397517416,0.625,0.0,40
y,2024-12-13,1,4.006581279503483,8.013162559006966,6.009871919255225,0.7918918918918919,0.0,185
y,2024-12-13,2,8.013162559006966,12.01974383851045,10.016453198758708,0.577639751552795,0.0,161
y,2024-12-13,3,12.01974383851045,16.026325118013933,14.023034478262192,0.551948051948052,0.0,154
y,2024-12-13,4,16.026325118013933,20.032906397517415,18.029615757765676,0.5462962962962963,0.0,162
y,2024-12-13,5,20.032906397517415,24.0394876770209,22.036197037269158,0.6767676767676768,0.0,99
y,2024-12-13,6,24.0394876770209,28.046068956524383,26.04277831677264,1.015625,0.0,96
y,2024-12-13,7,28.046068956524383,32.052650236027866,30.049359596276126,1.2133333333333334,0.0,75
y,2024-12-13,8,32.052650236027866,36.05923151553135,34.05594087577961,0.859375,0.0,96
y,2024-12-13,9,36.05923151553135,40.06581279503483,38.06252215528309,0.5948275862068966,0.0,58
y,2024-12-13,10,40.06581279503483,44.072394074538316,42.06910343478657,0.2894736842105263,0.0,38
y,2024-12-13,11,44.072394074538316,48.078975354041795,46.075684714290055,0.041666666666666664,0.0,12
y,2024-12-14,0,0.0,4.006581279503483,2.0032906397517416,0.0,0.0,40
y,2024-12-14,1,4.006581279503483,8.013162559006966,6.009871919255225,0.0,0.0,185
y,2024-12-14,2,8.013162559006966,12.01974383851045,10.016453198758708,0.0,0.0,161
y,2024-12-14,3,12.01974383851045,16.026325118013933,14.023034478262192,0.0,0.0,154
y,2024-12-14,4,16.026325118013933,20.032906397517415,18.029615757765676,0.0,0.0,162
y,2024-12-14,5,20.032906397517415,24.0394876770209,22.036197037269158,0.0,0.0,99
y,2024-12-14,6,24.0394876770209,28.046068956524383,26.04277831677264,0.0,0.0,96
y,2024-12-14,7,28.046068956524383,32.052650236027866,30.049359596276126,0.0,0.0,75
y,2024-12-14,8,32.052650236027866,36.05923151553135,34.05594087577961,0.0,0.0,96
y,2024-12-14,9,36.05923151553135,40.06581279503483,38.06252215528309,0.0,0.0,58
y,2024-12-14,10,40.06581279503483,44.072394074538316,42.06910343478657,0.0,0.0,38
y,2024-12-14,11,44.072394074538316,48.078975354041795,46.075684714290055,0.0,0.0,12
y,2024-12-15,0,0.0,4.006581279503483,2.0032906397517416,0.325,0.0,40
y,2024-12-15,1,4.006581279503483,8.013162559006966,6.009871919255225,0.3081081081081081,0.0,185
y,2024-12-15,2,8.013162559006966,12.01974383851045,10.016453198758708,0.391304347826087,0.0,161
y,2024-12-15,3,12.01974383851045,16.026325118013933,14.023034478262192,0.18181818181818182,0.0,154
y,2024-12-15,4,16.026325118013933,20.032906397517415,18.029615757765676,0.2993827160493827,0.0,162
y,2024-12-15,5,20.032906397517415,24.0394876770209,22.036197037269158,0.4090909090909091,0.0,99
y,2024-12-15,6,24.0394876770209,28.046068956524383,26.04277831677264,0.3385416666666667,0.0,96
y,2024-12-15,7,28.046068956524383,32.052650236027866,30.049359596276126,0.37333333333333335,0.0,75
y,2024-12-15,8,32.052650236027866,36.05923151553135,34.05594087577961,0.4166666666666667,0.0,96
y,2024-12-15,9,36.05923151553135,40.06581279503483,38.06252215528309,0.13793103448275862,0.0,58
y,2024-12-15,10,40.06581279503483,44.072394074538316,42.06910343478657,0.039473684210526314,0.0,38
y,2024-12-15,11,44.072394074538316,48.078975354041795,46.075684714290055,0.0,0.0,12
y,2024-12-16,0,0.0,4.006581279503483,2.0032906397517416,0.2375,0.0,40
y,2024-12-16,1,4.006581279503483,8.013162559006966,6.009871919255225,0.35945945945945945,0.0,185
y,2024-12-16,2,8.013162559006966,12.01974383851045,10.016453198758708,0.4254658385093168,0.0,161
y,2024-12-16,3,12.01974383851045,16.026325118013933,14.023034478262192,0.20454545454545456,0.0,154
y,2024-12-16,4,16.026325118013933,20.032906397517415,18.029615757765676,0.25308641975308643,0.0,162
y,2024-12-16,5,20.032906397517415,24.0394876770209,22.036197037269158,0.35858585858585856,0.0,99
y,2024-12-16,6,24.0394876770209,28.046068956524383,26.04277831677264,0.5416666666666666,0.0,96
y,2024-12-16,7,28.046068956524383,32.052650236027866,30.049359596276126,0.6133333333333333,0.0,75
y,2024-12-16,8,32.052650236027866,36.05923151553135,34.05594087577961,0.6770833333333334,0.0,96
y,2024-12-16,9,36.05923151553135,40.06581279503483,38.06252215528309,0.3448275862068966,0.0,58
y,2024-12-16,10,40.06581279503483,44.072394074538316,42.06910343478657,0.11842105263157894,0.0,38
y,2024-12-16,11,44.072394074538316,48.078975354041795,46.075684714290055,0.0,0.0,12
y,2024-12-17,0,0.0,4.006581279503483,2.0032906397517416,0.475,0.0,40
y,2024-12-17,1,4.006581279503483,8.013162559006966,6.009871919255225,0.5081081081081081,0.0,185
y,2024-12-17,2,8.013162559006966,12.01974383851045,10.016453198758708,0.7515527950310559,0.0,161
y,2024-12-17,3,12.01974383851045,16.026325118013933,14.023034478262192,0.551948051948052,0.0,154
y,2024-12-17,4,16.026325118013933,20.032906397517415,18.029615757765676,0.8148148148148148,0.0,162
y,2024-12-17,5,20.032906397517415,24.0394876770209,22.036197037269158,0.7070707070707071,0.0,99
y,2024-12-17,6,24.0394876770209,28.046068956524383,26.04277831677264,1.1302083333333333,0.0,96
y,2024-12-17,7,28.046068956524383,32.052650236027866,30.049359596276126,0.6733333333333333,0.0,75
y,2024-12-17,8,32.052650236027866,36.05923151553135,34.05594087577961,0.5364583333333334,0.0,96
y,2024-12-17,9,36.05923151553135,40.06581279503483,38.06252215528309,0.21551724137931033,0.0,58
y,2024-12-17,10,40.06581279503483,44.072394074538316,42.06910343478657,0.10526315789473684,0.0,38
y,2024-12-17,11,44.072394074538316,48.078975354041795,46.075684714290055,0.0,0.0,12
y,2024-12-18,0,0.0,4.006581279503483,2.0032906397517416,0.3125,0.0,40
y,2024-12-18,1,4.006581279503483,8.013162559006966,6.009871919255225,0.31351351351351353,0.0,185
y,2024-12-18,2,8.013162559006966,12.01974383851045,10.016453198758708,0.4906832298136646,0.0,161
y,2024-12-18,3,12.01974383851045,16.026325118013933,14.023034478262192,0.2922077922077922,0.0,154
y,2024-12-18,4,16.026325118013933,20.032906397517415,18.029615757765676,0.4691358024691358,0.0,162
y,2024-12-18,5,20.032906397517415,24.0394876770209,22.036197037269158,0.4292929292929293,0.0,99
y,2024-12-18,6,24.0394876770209,28.046068956524383,26.04277831677264,0.6510416666666666,0.0,96
y,2024-12-18,7,28.046068956524383,32.052650236027866,30.049359596276126,0.41333333333333333,0.0,75
y,2024-12-18,8,32.052650236027866,36.05923151553135,34.05594087577961,0.4114583333333333,0.0,96
y,2024-12-18,9,36.05923151553135,40.06581279503483,38.06252215528309,0.15517241379310345,0.0,58
y,2024-12-18,10,40.06581279503483,44.072394074538316,42.06910343478657,0.06578947368421052,0.0,38
y,2024-12-18,11,44.072394074538316,48.078975354041795,46.075684714290055,0.041666666666666664,0.0,12
y,2024-12-19,0,0.0,4.006581279503483,2.0032906397517416,0.2,0.0,40
y,2024-12-19,1,4.006581279503483,8.013162559006966,6.009871919255225,0.22432432432432434,0.0,185
y,2024-12-19,2,8.013162559006966,12.01974383851045,10.016453198758708,0.3105590062111801,0.0,161
y,2024-12-19,3,12.01974383851045,16.026325118013933,14.023034478262192,0.08116883116883117,0.0,154
y,2024-12-19,4,16.026325118013933,20.032906397517415,18.029615757765676,0.13271604938271606,0.0,162
y,2024-12-19,5,20.032906397517415,24.0394876770209,22.036197037269158,0.20202020202020202,0.0,99
y,2024-12-19,6,24.0394876770209,28.046068956524383,26.04277831677264,0.2864583333333333,0.0,96
y,2024-12-19,7,28.046068956524383,32.052650236027866,30.049359596276126,0.35333333333333333,0.0,75
y,2024-12-19,8,32.052650236027866,36.05923151553135,34.05594087577961,0.4166666666666667,0.0,96
y,2024-12-19,9,36.05923151553135,40.06581279503483,38.06252215528309,0.13793103448275862,0.0,58
y,2024-12-19,10,40.06581279503483,44.072394074538316,42.06910343478657,0.039473684210526314,0.0,38
y,2024-12-19,11,44.072394074538316,48.078975354041795,46.075684714290055,0.0,0.0,12
y,2024-12-20,0,0.0,4.006581279503483,2.0032906397517416,0.15,0.0,40
y,2024-12-20,1,4.006581279503483,8.013162559006966,6.009871919255225,0.32972972972972975,0.0,185
y,2024-12-20,2,8.013162559006966,12.01974383851045,10.016453198758708,0.39751552795031053,0.0,161
y,2024-12-20,3,12.01974383851045,16.026325118013933,14.023034478262192,0.17532467532467533,0.0,154
y,2024-12-20,4,16.026325118013933,20.032906397517415,18.029615757765676,0.27469135802469136,0.0,162
y,2024-12-20,5,20.032906397517415,24.0394876770209,22.036197037269158,0.35858585858585856,0.0,99
y,2024-12-20,6,24.0394876770209,28.046068956524383,26.04277831677264,0.40625,0.0,96
y,2024-12-20,7,28.046068956524383,32.052650236027866,30.049359596276126,0.4866666666666667,0.0,75
y,2024-12-20,8,32.052650236027866,36.05923151553135,34.05594087577961,0.4166666666666667,0.0,96
y,2024-12-20,9,36.05923151553135,40.06581279503483,38.06252215528309,0.10344827586206896,0.0,58
y,2024-12-20,10,40.06581279503483,44.072394074538316,42.06910343478657,0.013157894736842105,0.0,38
y,2024-12-20,11,44.072394074538316,48.078975354041795,46.075684714290055,0.0,0.0,12
y,2024-12-21,0,0.0,4.006581279503483,2.0032906397517416,1.6125,0.0,40
y,2024-12-21,1,4.006581279503483,8.013162559006966,6.009871919255225,1.8864864864864865,0.0,185
y,2024-12-21,2,8.013162559006966,12.01974383851045,10.016453198758708,2.8819875776397517,0.0,161
y,2024-12-21,3,12.01974383851045,16.026325118013933,14.023034478262192,0.7597402597402597,0.0,154
y,2024-12-21,4,16.026325118013933,20.032906397517415,18.029615757765676,1.2993827160493827,0.0,162
y,2024-12-21,5,20.032906397517415,24.0394876770209,22.036197037269158,1.904040404040404,0.0,99
y,2024-12-21,6,24.0394876770209,28.046068956524383,26.04277831677264,2.6666666666666665,0.0,96
y,2024-12-21,7,28.046068956524383,32.052650236027866,30.049359596276126,3.2533333333333334,0.0,75
y,2024-12-21,8,32.052650236027866,36.05923151553135,34.05594087577961,3.7864583333333335,0.0,96
y,2024-12-21,9,36.05923151553135,40.06581279503483,38.06252215528309,1.1982758620689655,0.0,58
y,2024-12-21,10,40.06581279503483,44.072394074538316,42.06910343478657,0.2631578947368421,0.0,38
y,2024-12-21,11,44.072394074538316,48.078975354041795,46.075684714290055,0.041666666666666664,0.0,12
y,2024-12-22,0,0.0,4.006581279503483,2.0032906397517416,0.375,0.0,40
y,2024-12-22,1,4.006581279503483,8.013162559006966,6.009871919255225,0.572972972972973,0.0,185
y,2024-12-22,2,8.013162559006966,12.01974383851045,10.016453198758708,0.6645962732919255,0.0,161
y,2024-12-22,3,12.01974383851045,16.026325118013933,14.023034478262192,0.3181818181818182,0.0,154
y,2024-12-22,4,16.026325118013933,20.032906397517415,18.029615757765676,0.4567901234567901,0.0,162
y,2024-12-22,5,20.032906397517415,24.0394876770209,22.036197037269158,0.4444444444444444,0.0,99
y,2024-12-22,6,24.0394876770209,28.046068956524383,26.04277831677264,0.8177083333333334,0.0,96
y,2024-12-22,7,28.046068956524383,32.052650236027866,30.049359596276126,0.7533333333333333,0.0,75
y,2024-12-22,8,32.052650236027866,36.05923151553135,34.05594087577961,1.078125,0.0,96
y,2024-12-22,9,36.05923151553135,40.06581279503483,38.06252215528309,0.49137931034482757,0.0,58
y,2024-12-22,10,40.06581279503483,44.072394074538316,42.06910343478657,0.21052631578947367,0.0,38
y,2024-12-22,11,44.072394074538316,48.078975354041795,46.075684714290055,0.0,0.0,12
y,2024-12-23,0,0.0,4.006581279503483,2.0032906397517416,0.1,0.0,40
y,2024-12-23,1,4.006581279503483,8.013162559006966,6.009871919255225,0.21891891891891893,0.0,185
y,2024-12-23,2,8.013162559006966,12.01974383851045,10.016453198758708,0.2204968944099379,0.0,161
y,2024-12-23,3,12.01974383851045,16.026325118013933,14.023034478262192,0.19805194805194806,0.0,154
y,2024-12-23,4,16.026325118013933,20.032906397517415,18.029615757765676,0.24691358024691357,0.0,162
y,2024-12-23,5,20.032906397517415,24.0394876770209,22.036197037269158,0.24242424242424243,0.0,99
y,2024-12-23,6,24.0394876770209,28.046068956524383,26.04277831677264,0.34375,0.0,96
y,2024-12-23,7,28.046068956524383,32.052650236027866,30.049359596276126,0.36,0.0,75
y,2024-12-23,8,32.052650236027866,36.05923151553135,34.05594087577961,0.19791666666666666,0.0,96
y,2024-12-23,9,36.05923151553135,40.06581279503483,38.06252215528309,0.11206896551724138,0.0,58
y,2024-12-23,10,40.06581279503483,44.072394074538316,42.06910343478657,0.05263157894736842,0.0,38
y,2024-12-23,11,44.072394074538316,48.078975354041795,46.075684714290055,0.0,0.0,12
y,2024-12-24,0,0.0,4.006581279503483,2.0032906397517416,0.0,0.0,40
y,2024-12-24,1,4.006581279503483,8.013162559006966,6.009871919255225,0.0,0.0,185
y,2024-12-24,2,8.013162559006966,12.01974383851045,10.016453198758708,0.0,0.0,161
y,2024-12-24,3,12.01974383851045,16.026325118013933,14.023034478262192,0.0,0.0,154
y,2024-12-24,4,16.026325118013933,20.032906397517415,18.029615757765676,0.0,0.0,162
y,2024-12-24,5,20.032906397517415,24.0394876770209,22.036197037269158,0.0,0.0,99
y,2024-12-24,6,24.0394876770209,28.046068956524383,26.04277831677264,0.0,0.0,96
y,2024-12-24,7,28.046068956524383,32.052650236027866,30.049359596276126,0.0,0.0,75
y,2024-12-24,8,32.052650236027866,36.05923151553135,34.05594087577961,0.0,0.0,96
y,2024-12-24,9,36.05923151553135,40.06581279503483,38.06252215528309,0.0,0.0,58
y,2024-12-24,10,40.06581279503483,44.072394074538316,42.06910343478657,0.0,0.0,38
y,2024-12-24,11,44.072394074538316,48.078975354041795,46.075684714290055,0.0,0.0,12
y,2024-12-25,0,0.0,4.006581279503483,2.0032906397517416,0.0,0.0,40
y,2024-12-25,1,4.006581279503483,8.013162559006966,6.009871919255225,0.0,0.0,185
y,2024-12-25,2,8.013162559006966,12.01974383851045,10.016453198758708,0.0,0.0,161
y,2024-12-25,3,12.01974383851045,16.026325118013933,14.023034478262192,0.0,0.0,154
y,2024-12-25,4,16.026325118013933,20.032906397517415,18.029615757765676,0.0,0.0,162
y,2024-12-25,5,20.032906397517415,24.0394876770209,22.036197037269158,0.0,0.0,99
y,2024-12-25,6,24.0394876770209,28.046068956524383,26.04277831677264,0.0,0.0,96
y,2024-12-25,7,28.046068956524383,32.052650236027866,30.049359596276126,0.0,0.0,75
y,2024-12-25,8,32.052650236027866,36.05923151553135,34.05594087577961,0.0,0.0,96
y,2024-12-25,9,36.05923151553135,40.06581279503483,38.06252215528309,0.0,0.0,58
y,2024-12-25,10,40.06581279503483,44.072394074538316,42.06910343478657,0.0,0.0,38
y,2024-12-25,11,44.072394074538316,48.078975354041795,46.075684714290055,0.0,0.0,12
y,2024-12-26,0,0.0,4.006581279503483,2.0032906397517416,0.0,0.0,40
y,2024-12-26,1,4.006581279503483,8.013162559006966,6.009871919255225,0.0,0.0,185
y,2024-12-26,2,8.013162559006966,12.01974383851045,10.016453198758708,0.0,0.0,161
y,2024-12-26,3,12.01974383851045,16.026325118013933,14.023034478262192,0.0,0.0,154
y,2024-12-26,4,16.026325118013933,20.032906397517415,18.029615757765676,0.0,0.0,162
y,2024-12-26,5,20.032906397517415,24.0394876770209,22.036197037269158,0.0,0.0,99
y,2024-12-26,6,24.0394876770209,28.046068956524383,26.04277831677264,0.0,0.0,96
y,2024-12-26,7,28.046068956524383,32.052650236027866,30.049359596276126,0.0,0.0,75
y,2024-12-26,8,32.052650236027866,36.05923151553135,34.05594087577961,0.0,0.0,96
y,2024-12-26,9,36.05923151553135,40.06581279503483,38.06252215528309,0.0,0.0,58
y,2024-12-26,10,40.06581279503483,44.072394074538316,42.06910343478657,0.0,0.0,38
y,2024-12-26,11,44.072394074538316,48.078975354041795,46.075684714290055,0.0,0.0,12
y,2024-12-27,0,0.0,4.006581279503483,2.0032906397517416,0.6875,0.0,40
y,2024-12-27,1,4.006581279503483,8.013162559006966,6.009871919255225,1.427027027027027,0.0,185
y,2024-12-27,2,8.013162559006966,12.01974383851045,10.016453198758708,1.953416149068323,0.0,161
y,2024-12-27,3,12.01974383851045,16.026325118013933,14.023034478262192,0.577922077922078,0.0,154
y,2024-12-27,4,16.026325118013933,20.032906397517415,18.029615757765676,0.9135802469135802,0.0,162
y,2024-12-27,5,20.032906397517415,24.0394876770209,22.036197037269158,1.2575757575757576,0.0,99
y,2024-12-27,6,24.0394876770209,28.046068956524383,26.04277831677264,1.859375,0.0,96
y,2024-12-27,7,28.046068956524383,32.052650236027866,30.049359596276126,2.2266666666666666,0.0,75
y,2024-12-27,8,32.052650236027866,36.05923151553135,34.05594087577961,2.578125,0.0,96
y,2024-12-27,9,36.05923151553135,40.06581279503483,38.06252215528309,0.8362068965517241,0.0,58
y,2024-12-27,10,40.06581279503483,44.072394074538316,42.06910343478657,0.21052631578947367,0.0,38
y,2024-12-27,11,44.072394074538316,48.078975354041795,46.075684714290055,0.0,0.0,12
y,2024-12-28,0,0.0,4.006581279503483,2.0032906397517416,1.725,0.0,40
y,2024-12-28,1,4.006581279503483,8.013162559006966,6.009871919255225,3.791891891891892,0.0,185
y,2024-12-28,2,8.013162559006966,12.01974383851045,10.016453198758708,5.447204968944099,0.0,161
y,2024-12-28,3,12.01974383851045,16.026325118013933,14.023034478262192,1.8506493506493507,0.0,154
y,2024-12-28,4,16.026325118013933,20.032906397517415,18.029615757765676,2.7901234567901234,0.0,162
y,2024-12-28,5,20.032906397517415,24.0394876770209,22.036197037269158,3.580808080808081,0.0,99
y,2024-12-28,6,24.0394876770209,28.046068956524383,26.04277831677264,5.583333333333333,0.0,96
y,2024-12-28,7,28.046068956524383,32.052650236027866,30.049359596276126,6.513333333333334,0.0,75
y,2024-12-28,8,32.052650236027866,36.05923151553135,34.05594087577961,7.6875,0.0,96
y,2024-12-28,9,36.05923151553135,40.06581279503483,38.06252215528309,2.810344827586207,0.0,58
y,2024-12-28,10,40.06581279503483,44.072394074538316,42.06910343478657,0.9210526315789473,0.0,38
y,2024-12-28,11,44.072394074538316,48.078975354041795,46.075684714290055,0.041666666666666664,0.0,12
y,2024-12-29,0,0.0,4.006581279503483,2.0032906397517416,2.175,0.0,40
y,2024-12-29,1,4.006581279503483,8.013162559006966,6.009871919255225,4.554054054054054,0.0,185
y,2024-12-29,2,8.013162559006966,12.01974383851045,10.016453198758708,5.984472049689441,0.0,161
y,2024-12-29,3,12.01974383851045,16.026325118013933,14.023034478262192,1.8668831168831168,0.0,154
y,2024-12-29,4,16.026325118013933,20.032906397517415,18.029615757765676,2.882716049382716,0.0,162
y,2024-12-29,5,20.032906397517415,24.0394876770209,22.036197037269158,3.5757575757575757,0.0,99
y,2024-12-29,6,24.0394876770209,28.046068956524383,26.04277831677264,5.916666666666667,0.0,96
y,2024-12-29,7,28.046068956524383,32.052650236027866,30.049359596276126,6.886666666666667,0.0,75
y,2024-12-29,8,32.052650236027866,36.05923151553135,34.05594087577961,9.125,0.0,96
y,2024-12-29,9,36.05923151553135,40.06581279503483,38.06252215528309,3.8620689655172415,0.0,58
y,2024-12-29,10,40.06581279503483,44.072394074538316,42.06910343478657,1.5657894736842106,0.0,38
y,2024-12-29,11,44.072394074538316,48.078975354041795,46.075684714290055,0.041666666666666664,0.0,12
y,2024-12-30,0,0.0,4.006581279503483,2.0032906397517416,0.775,0.0,40
y,2024-12-30,1,4.006581279503483,8.013162559006966,6.009871919255225,2.154054054054054,0.0,185
y,2024-12-30,2,8.013162559006966,12.01974383851045,10.016453198758708,2.875776397515528,0.0,161
y,2024-12-30,3,12.01974383851045,16.026325118013933,14.023034478262192,0.9058441558441559,0.0,154
y,2024-12-30,4,16.026325118013933,20.032906397517415,18.029615757765676,1.4012345679012346,0.0,162
y,2024-12-30,5,20.032906397517415,24.0394876770209,22.036197037269158,1.803030303030303,0.0,99
y,2024-12-30,6,24.0394876770209,28.046068956524383,26.04277831677264,2.8229166666666665,0.0,96
y,2024-12-30,7,28.046068956524383,32.052650236027866,30.049359596276126,3.38,0.0,75
y,2024-12-30,8,32.052650236027866,36.05923151553135,34.05594087577961,4.229166666666667,0.0,96
y,2024-12-30,9,36.05923151553135,40.06581279503483,38.06252215528309,1.6896551724137931,0.0,58
y,2024-12-30,10,40.06581279503483,44.072394074538316,42.06910343478657,0.631578947368421,0.0,38
y,2024-12-30,11,44.072394074538316,48.078975354041795,46.075684714290055,0.0,0.0,12
y,2024-12-31,0,0.0,4.006581279503483,2.0032906397517416,0.0,0.0,40
y,2024-12-31,1,4.006581279503483,8.013162559006966,6.009871919255225,0.0,0.0,185
y,2024-12-31,2,8.013162559006966,12.01974383851045,10.016453198758708,0.0,0.0,161
y,2024-12-31,3,12.01974383851045,16.026325118013933,14.023034478262192,0.0,0.0,154
y,2024-12-31,4,16.026325118013933,20.032906397517415,18.029615757765676,0.0,0.0,162
y,2024-12-31,5,20.032906397517415,24.0394876770209,22.036197037269158,0.0,0.0,99
y,2024-12-31,6,24.0394876770209,28.046068956524383,26.04277831677264,0.0,0.0,96
y,2024-12-31,7,28.046068956524383,32.052650236027866,30.049359596276126,0.0,0.0,75
y,2024-12-31,8,32.052650236027866,36.05923151553135,34.05594087577961,0.0,0.0,96
y,2024-12-31,9,36.05923151553135,40.06581279503483,38.06252215528309,0.0,0.0,58
y,2024-12-31,10,40.06581279503483,44.072394074538316,42.06910343478657,0.0,0.0,38
y,2024-12-31,11,44.072394074538316,48.078975354041795,46.075684714290055,0.0,0.0,12
log1p_y,2024-01-01,0,0.0,4.006581279503483,2.0032906397517416,0.0,0.0,40
log1p_y,2024-01-01,1,4.006581279503483,8.013162559006966,6.009871919255225,0.0,0.0,185
log1p_y,2024-01-01,2,8.013162559006966,12.01974383851045,10.016453198758708,0.0,0.0,161
log1p_y,2024-01-01,3,12.01974383851045,16.026325118013933,14.023034478262192,0.0,0.0,154
log1p_y,2024-01-01,4,16.026325118013933,20.032906397517415,18.029615757765676,0.0,0.0,162
log1p_y,2024-01-01,5,20.032906397517415,24.0394876770209,22.036197037269158,0.0,0.0,99
log1p_y,2024-01-01,6,24.0394876770209,28.046068956524383,26.04277831677264,0.0,0.0,96
log1p_y,2024-01-01,7,28.046068956524383,32.052650236027866,30.049359596276126,0.0,0.0,75
log1p_y,2024-01-01,8,32.052650236027866,36.05923151553135,34.05594087577961,0.0,0.0,96
log1p_y,2024-01-01,9,36.05923151553135,40.06581279503483,38.06252215528309,0.0,0.0,58
log1p_y,2024-01-01,10,40.06581279503483,44.072394074538316,42.06910343478657,0.0,0.0,38
log1p_y,2024-01-01,11,44.072394074538316,48.078975354041795,46.075684714290055,0.0,0.0,12
log1p_y,2024-01-02,0,0.0,4.006581279503483,2.0032906397517416,0.09317447671845422,0.0,40
log1p_y,2024-01-02,1,4.006581279503483,8.013162559006966,6.009871919255225,0.1369148643876782,0.0,185
log1p_y,2024-01-02,2,8.013162559006966,12.01974383851045,10.016453198758708,0.16624094737551548,0.0,161
log1p_y,2024-01-02,3,12.01974383851045,16.026325118013933,14.023034478262192,0.06874945184579005,0.0,154
log1p_y,2024-01-02,4,16.026325118013933,20.032906397517415,18.029615757765676,0.11577232605469809,0.0,162
log1p_y,2024-01-02,5,20.032906397517415,24.0394876770209,22.036197037269158,0.15298891707532827,0.0,99
log1p_y,2024-01-02,6,24.0394876770209,28.046068956524383,26.04277831677264,0.16033276795243415,0.0,96
log1p_y,2024-01-02,7,28.046068956524383,32.052650236027866,30.049359596276126,0.19241386260796364,0.0,75
log1p_y,2024-01-02,8,32.052650236027866,36.05923151553135,34.05594087577961,0.17022103020037418,0.0,96
log1p_y,2024-01-02,9,36.05923151553135,40.06581279503483,38.06252215528309,0.037276526941929414,0.0,58
log1p_y,2024-01-02,10,40.06581279503483,44.072394074538316,42.06910343478657,0.0,0.0,38
log1p_y,2024-01-02,11,44.072394074538316,48.078975354041795,46.075684714290055,0.0,0.0,12
log1p_y,2024-01-03,0,0.0,4.006581279503483,2.0032906397517416,0.11729175738382942,0.0,40
log1p_y,2024-01-03,1,4.006581279503483,8.013162559006966,6.009871919255225,0.11145609241695924,0.0,185
log1p_y,2024-01-03,2,8.013162559006966,12.01974383851045,10.016453198758708,0.18897761548074854,0.0,161
log1p_y,2024-01-03,3,12.01974383851045,16.026325118013933,14.023034478262192,0.1439325611548865,0.0,154
log1p_y,2024-01-03,4,16.026325118013933,20.032906397517415,18.029615757765676,0.21540547569400506,0.0,162
log1p_y,2024-01-03,5,20.032906397517415,24.0394876770209,22.036197037269158,0.19781597477334725,0.0,99
log1p_y,2024-01-03,6,24.0394876770209,28.046068956524383,26.04277831677264,0.2529573882979547,0.0,96
log1p_y,2024-01-03,7,28.046068956524383,32.052650236027866,30.049359596276126,0.16126597742939358,0.0,75
log1p_y,2024-01-03,8,32.052650236027866,36.05923151553135,34.05594087577961,0.09944238950884399,0.0,96
log1p_y,2024-01-03,9,36.05923151553135,40.06581279503483,38.06252215528309,0.022330089603277883,0.0,58
log1p_y,2024-01-03,10,40.06581279503483,44.072394074538316,42.06910343478657,0.0,0.0,38
log1p_y,2024-01-03,11,44.072394074538316,48.078975354041795,46.075684714290055,0.0,0.0,12
log1p_y,2024-01-04,0,0.0,4.006581279503483,2.0032906397517416,0.04804530139182014,0.0,40
log1p_y,2024-01-04,1,4.006581279503483,8.013162559006966,6.009871919255225,0.04155269309562823,0.0,185
log1p_y,2024-01-04,2,8.013162559006966,12.01974383851045,10.016453198758708,0.06565196463478529,0.0,161
log1p_y,2024-01-04,3,12.01974383851045,16.026325118013933,14.023034478262192,0.06395640769690343,0.0,154
log1p_y,2024-01-04,4,16.026325118013933,20.032906397517415,18.029615757765676,0.09638717871815769,0.0,162
log1p_y,2024-01-04,5,20.032906397517415,24.0394876770209,22.036197037269158,0.08007550231970023,0.0,99
log1p_y,2024-01-04,6,24.0394876770209,28.046068956524383,26.04277831677264,0.09508965900464401,0.0,96
log1p_y,2024-01-04,7,28.046068956524383,32.052650236027866,30.049359596276126,0.028827180835092083,0.0,75
log1p_y,2024-01-04,8,32.052650236027866,36.05923151553135,34.05594087577961,0.017516516132434424,0.0,96
log1p_y,2024-01-04,9,36.05923151553135,40.06581279503483,38.06252215528309,0.004141836326881047,0.0,58
log1p_y,2024-01-04,10,40.06581279503483,44.072394074538316,42.06910343478657,0.0,0.0,38
log1p_y,2024-01-04,11,44.072394074538316,48.078975354041795,46.075684714290055,0.0,0.0,12
log1p_y,2024-01-05,0,0.0,4.006581279503483,2.0032906397517416,0.0,0.0,40
log1p_y,2024-01-05,1,4.006581279503483,8.013162559006966,6.009871919255225,0.0,0.0,185
log1p_y,2024-01-05,2,8.013162559006966,12.01974383851045,10.016453198758708,0.0,0.0,161
log1p_y,2024-01-05,3,12.01974383851045,16.026325118013933,14.023034478262192,0.0,0.0,154
log1p_y,2024-01-05,4,16.026325118013933,20.032906397517415,18.029615757765676,0.0,0.0,162
log1p_y,2024-01-05,5,20.032906397517415,24.0394876770209,22.036197037269158,0.0,0.0,99
log1p_y,2024-01-05,6,24.0394876770209,28.046068956524383,26.04277831677264,0.0,0.0,96
log1p_y,2024-01-05,7,28.046068956524383,32.052650236027866,30.049359596276126,0.0,0.0,75
log1p_y,2024-01-05,8,32.052650236027866,36.05923151553135,34.05594087577961,0.0,0.0,96
log1p_y,2024-01-05,9,36.05923151553135,40.06581279503483,38.06252215528309,0.0,0.0,58
log1p_y,2024-01-05,10,40.06581279503483,44.072394074538316,42.06910343478657,0.0,0.0,38
log1p_y,2024-01-05,11,44.072394074538316,48.078975354041795,46.075684714290055,0.0,0.0,12
log1p_y,2024-01-06,0,0.0,4.006581279503483,2.0032906397517416,0.0,0.0,40
log1p_y,2024-01-06,1,4.006581279503483,8.013162559006966,6.009871919255225,0.0,0.0,185
log1p_y,2024-01-06,2,8.013162559006966,12.01974383851045,10.016453198758708,0.0,0.0,161
log1p_y,2024-01-06,3,12.01974383851045,16.026325118013933,14.023034478262192,0.0,0.0,154
log1p_y,2024-01-06,4,16.026325118013933,20.032906397517415,18.029615757765676,0.0,0.0,162
log1p_y,2024-01-06,5,20.032906397517415,24.0394876770209,22.036197037269158,0.0,0.0,99
log1p_y,2024-01-06,6,24.0394876770209,28.046068956524383,26.04277831677264,0.0,0.0,96
log1p_y,2024-01-06,7,28.046068956524383,32.052650236027866,30.049359596276126,0.0,0.0,75
log1p_y,2024-01-06,8,32.052650236027866,36.05923151553135,34.05594087577961,0.0,0.0,96
log1p_y,2024-01-06,9,36.05923151553135,40.06581279503483,38.06252215528309,0.0,0.0,58
log1p_y,2024-01-06,10,40.06581279503483,44.072394074538316,42.06910343478657,0.0,0.0,38
log1p_y,2024-01-06,11,44.072394074538316,48.078975354041795,46.075684714290055,0.0,0.0,12
log1p_y,2024-01-07,0,0.0,4.006581279503483,2.0032906397517416,0.0,0.0,40
log1p_y,2024-01-07,1,4.006581279503483,8.013162559006966,6.009871919255225,0.0,0.0,185
log1p_y,2024-01-07,2,8.013162559006966,12.01974383851045,10.016453198758708,0.0,0.0,161
log1p_y,2024-01-07,3,12.01974383851045,16.026325118013933,14.023034478262192,0.0,0.0,154
log1p_y,2024-01-07,4,16.026325118013933,20.032906397517415,18.029615757765676,0.0,0.0,162
log1p_y,2024-01-07,5,20.032906397517415,24.0394876770209,22.036197037269158,0.0,0.0,99
log1p_y,2024-01-07,6,24.0394876770209,28.046068956524383,26.04277831677264,0.0,0.0,96
log1p_y,2024-01-07,7,28.046068956524383,32.052650236027866,30.049359596276126,0.0,0.0,75
log1p_y,2024-01-07,8,32.052650236027866,36.05923151553135,34.05594087577961,0.0,0.0,96
log1p_y,2024-01-07,9,36.05923151553135,40.06581279503483,38.06252215528309,0.0,0.0,58
log1p_y,2024-01-07,10,40.06581279503483,44.072394074538316,42.06910343478657,0.0,0.0,38
log1p_y,2024-01-07,11,44.072394074538316,48.078975354041795,46.075684714290055,0.0,0.0,12
log1p_y,2024-01-08,0,0.0,4.006581279503483,2.0032906397517416,0.0,0.0,40
log1p_y,2024-01-08,1,4.006581279503483,8.013162559006966,6.009871919255225,0.0,0.0,185
log1p_y,2024-01-08,2,8.013162559006966,12.01974383851045,10.016453198758708,0.0,0.0,161
log1p_y,2024-01-08,3,12.01974383851045,16.026325118013933,14.023034478262192,0.0,0.0,154
log1p_y,2024-01-08,4,16.026325118013933,20.032906397517415,18.029615757765676,0.0,0.0,162
log1p_y,2024-01-08,5,20.032906397517415,24.0394876770209,22.036197037269158,0.0,0.0,99
log1p_y,2024-01-08,6,24.0394876770209,28.046068956524383,26.04277831677264,0.0,0.0,96
log1p_y,2024-01-08,7,28.046068956524383,32.052650236027866,30.049359596276126,0.0,0.0,75
log1p_y,2024-01-08,8,32.052650236027866,36.05923151553135,34.05594087577961,0.0,0.0,96
log1p_y,2024-01-08,9,36.05923151553135,40.06581279503483,38.06252215528309,0.0,0.0,58
log1p_y,2024-01-08,10,40.06581279503483,44.072394074538316,42.06910343478657,0.0,0.0,38
log1p_y,2024-01-08,11,44.072394074538316,48.078975354041795,46.075684714290055,0.0,0.0,12
log1p_y,2024-01-09,0,0.0,4.006581279503483,2.0032906397517416,0.0,0.0,40
log1p_y,2024-01-09,1,4.006581279503483,8.013162559006966,6.009871919255225,0.0,0.0,185
log1p_y,2024-01-09,2,8.013162559006966,12.01974383851045,10.016453198758708,0.0,0.0,161
log1p_y,2024-01-09,3,12.01974383851045,16.026325118013933,14.023034478262192,0.0,0.0,154
log1p_y,2024-01-09,4,16.026325118013933,20.032906397517415,18.029615757765676,0.0,0.0,162
log1p_y,2024-01-09,5,20.032906397517415,24.0394876770209,22.036197037269158,0.0,0.0,99
log1p_y,2024-01-09,6,24.0394876770209,28.046068956524383,26.04277831677264,0.0,0.0,96
log1p_y,2024-01-09,7,28.046068956524383,32.052650236027866,30.049359596276126,0.0,0.0,75
log1p_y,2024-01-09,8,32.052650236027866,36.05923151553135,34.05594087577961,0.0,0.0,96
log1p_y,2024-01-09,9,36.05923151553135,40.06581279503483,38.06252215528309,0.0,0.0,58
log1p_y,2024-01-09,10,40.06581279503483,44.072394074538316,42.06910343478657,0.0,0.0,38
log1p_y,2024-01-09,11,44.072394074538316,48.078975354041795,46.075684714290055,0.0,0.0,12
log1p_y,2024-01-10,0,0.0,4.006581279503483,2.0032906397517416,0.0,0.0,40
log1p_y,2024-01-10,1,4.006581279503483,8.013162559006966,6.009871919255225,0.0,0.0,185
log1p_y,2024-01-10,2,8.013162559006966,12.01974383851045,10.016453198758708,0.0,0.0,161
log1p_y,2024-01-10,3,12.01974383851045,16.026325118013933,14.023034478262192,0.0,0.0,154
log1p_y,2024-01-10,4,16.026325118013933,20.032906397517415,18.029615757765676,0.0,0.0,162
log1p_y,2024-01-10,5,20.032906397517415,24.0394876770209,22.036197037269158,0.0,0.0,99
log1p_y,2024-01-10,6,24.0394876770209,28.046068956524383,26.04277831677264,0.0,0.0,96
log1p_y,2024-01-10,7,28.046068956524383,32.052650236027866,30.049359596276126,0.0,0.0,75
log1p_y,2024-01-10,8,32.052650236027866,36.05923151553135,34.05594087577961,0.0,0.0,96
log1p_y,2024-01-10,9,36.05923151553135,40.06581279503483,38.06252215528309,0.0,0.0,58
log1p_y,2024-01-10,10,40.06581279503483,44.072394074538316,42.06910343478657,0.0,0.0,38
log1p_y,2024-01-10,11,44.072394074538316,48.078975354041795,46.075684714290055,0.0,0.0,12
log1p_y,2024-01-11,0,0.0,4.006581279503483,2.0032906397517416,0.0,0.0,40
log1p_y,2024-01-11,1,4.006581279503483,8.013162559006966,6.009871919255225,0.0,0.0,185
log1p_y,2024-01-11,2,8.013162559006966,12.01974383851045,10.016453198758708,0.0,0.0,161
log1p_y,2024-01-11,3,12.01974383851045,16.026325118013933,14.023034478262192,0.0,0.0,154
log1p_y,2024-01-11,4,16.026325118013933,20.032906397517415,18.029615757765676,0.0,0.0,162
log1p_y,2024-01-11,5,20.032906397517415,24.0394876770209,22.036197037269158,0.0,0.0,99
log1p_y,2024-01-11,6,24.0394876770209,28.046068956524383,26.04277831677264,0.0,0.0,96
log1p_y,2024-01-11,7,28.046068956524383,32.052650236027866,30.049359596276126,0.0,0.0,75
log1p_y,2024-01-11,8,32.052650236027866,36.05923151553135,34.05594087577961,0.0,0.0,96
log1p_y,2024-01-11,9,36.05923151553135,40.06581279503483,38.06252215528309,0.0,0.0,58
log1p_y,2024-01-11,10,40.06581279503483,44.072394074538316,42.06910343478657,0.0,0.0,38
log1p_y,2024-01-11,11,44.072394074538316,48.078975354041795,46.075684714290055,0.0,0.0,12
log1p_y,2024-01-12,0,0.0,4.006581279503483,2.0032906397517416,0.05101803100284945,0.0,40
log1p_y,2024-01-12,1,4.006581279503483,8.013162559006966,6.009871919255225,0.11948624733293815,0.0,185
log1p_y,2024-01-12,2,8.013162559006966,12.01974383851045,10.016453198758708,0.10853381442546178,0.0,161
log1p_y,2024-01-12,3,12.01974383851045,16.026325118013933,14.023034478262192,0.1013268392817949,0.0,154
log1p_y,2024-01-12,4,16.026325118013933,20.032906397517415,18.029615757765676,0.12623873375434055,0.0,162
log1p_y,2024-01-12,5,20.032906397517415,24.0394876770209,22.036197037269158,0.07469515690062876,0.0,99
log1p_y,2024-01-12,6,24.0394876770209,28.046068956524383,26.04277831677264,0.10150921271024356,0.0,96
log1p_y,2024-01-12,7,28.046068956524383,32.052650236027866,30.049359596276126,0.10946016954978888,0.0,75
log1p_y,2024-01-12,8,32.052650236027866,36.05923151553135,34.05594087577961,0.15851971768409193,0.0,96
log1p_y,2024-01-12,9,36.05923151553135,40.06581279503483,38.06252215528309,0.09526223551826407,0.0,58
log1p_y,2024-01-12,10,40.06581279503483,44.072394074538316,42.06910343478657,0.018965250549402686,0.0,38
log1p_y,2024-01-12,11,44.072394074538316,48.078975354041795,46.075684714290055,0.0,0.0,12
log1p_y,2024-01-13,0,0.0,4.006581279503483,2.0032906397517416,0.0,0.0,40
log1p_y,2024-01-13,1,4.006581279503483,8.013162559006966,6.009871919255225,0.0,0.0,185
log1p_y,2024-01-13,2,8.013162559006966,12.01974383851045,10.016453198758708,0.0,0.0,161
log1p_y,2024-01-13,3,12.01974383851045,16.026325118013933,14.023034478262192,0.0,0.0,154
log1p_y,2024-01-13,4,16.026325118013933,20.032906397517415,18.029615757765676,0.0,0.0,162
log1p_y,2024-01-13,5,20.032906397517415,24.0394876770209,22.036197037269158,0.0,0.0,99
log1p_y,2024-01-13,6,24.0394876770209,28.046068956524383,26.04277831677264,0.0,0.0,96
log1p_y,2024-01-13,7,28.046068956524383,32.052650236027866,30.049359596276126,0.0,0.0,75
log1p_y,2024-01-13,8,32.052650236027866,36.05923151553135,34.05594087577961,0.0,0.0,96
log1p_y,2024-01-13,9,36.05923151553135,40.06581279503483,38.06252215528309,0.0,0.0,58
log1p_y,2024-01-13,10,40.06581279503483,44.072394074538316,42.06910343478657,0.0,0.0,38
log1p_y,2024-01-13,11,44.072394074538316,48.078975354041795,46.075684714290055,0.0,0.0,12
log1p_y,2024-01-14,0,0.0,4.006581279503483,2.0032906397517416,0.0,0.0,40
log1p_y,2024-01-14,1,4.006581279503483,8.013162559006966,6.009871919255225,0.0,0.0,185
log1p_y,2024-01-14,2,8.013162559006966,12.01974383851045,10.016453198758708,0.0,0.0,161
log1p_y,2024-01-14,3,12.01974383851045,16.026325118013933,14.023034478262192,0.0,0.0,154
log1p_y,2024-01-14,4,16.026325118013933,20.032906397517415,18.029615757765676,0.0,0.0,162
log1p_y,2024-01-14,5,20.032906397517415,24.0394876770209,22.036197037269158,0.0,0.0,99
log1p_y,2024-01-14,6,24.0394876770209,28.046068956524383,26.04277831677264,0.0,0.0,96
log1p_y,2024-01-14,7,28.046068956524383,32.052650236027866,30.049359596276126,0.0,0.0,75
log1p_y,2024-01-14,8,32.052650236027866,36.05923151553135,34.05594087577961,0.0,0.0,96
log1p_y,2024-01-14,9,36.05923151553135,40.06581279503483,38.06252215528309,0.0,0.0,58
log1p_y,2024-01-14,10,40.06581279503483,44.072394074538316,42.06910343478657,0.0,0.0,38
log1p_y,2024-01-14,11,44.072394074538316,48.078975354041795,46.075684714290055,0.0,0.0,12
log1p_y,2024-01-15,0,0.0,4.006581279503483,2.0032906397517416,0.0,0.0,40
log1p_y,2024-01-15,1,4.006581279503483,8.013162559006966,6.009871919255225,0.0,0.0,185
log1p_y,2024-01-15,2,8.013162559006966,12.01974383851045,10.016453198758708,0.0,0.0,161
log1p_y,2024-01-15,3,12.01974383851045,16.026325118013933,14.023034478262192,0.0,0.0,154
log1p_y,2024-01-15,4,16.026325118013933,20.032906397517415,18.029615757765676,0.0,0.0,162
log1p_y,2024-01-15,5,20.032906397517415,24.0394876770209,22.036197037269158,0.0,0.0,99
log1p_y,2024-01-15,6,24.0394876770209,28.046068956524383,26.04277831677264,0.0,0.0,96
log1p_y,2024-01-15,7,28.046068956524383,32.052650236027866,30.049359596276126,0.0,0.0,75
log1p_y,2024-01-15,8,32.052650236027866,36.05923151553135,34.05594087577961,0.0,0.0,96
log1p_y,2024-01-15,9,36.05923151553135,40.06581279503483,38.06252215528309,0.0,0.0,58
log1p_y,2024-01-15,10,40.06581279503483,44.072394074538316,42.06910343478657,0.0,0.0,38
log1p_y,2024-01-15,11,44.072394074538316,48.078975354041795,46.075684714290055,0.0,0.0,12
log1p_y,2024-01-16,0,0.0,4.006581279503483,2.0032906397517416,0.0,0.0,40
log1p_y,2024-01-16,1,4.006581279503483,8.013162559006966,6.009871919255225,0.0,0.0,185
log1p_y,2024-01-16,2,8.013162559006966,12.01974383851045,10.016453198758708,0.0,0.0,161
log1p_y,2024-01-16,3,12.01974383851045,16.026325118013933,14.023034478262192,0.0,0.0,154
log1p_y,2024-01-16,4,16.026325118013933,20.032906397517415,18.029615757765676,0.0,0.0,162
log1p_y,2024-01-16,5,20.032906397517415,24.0394876770209,22.036197037269158,0.0,0.0,99
log1p_y,2024-01-16,6,24.0394876770209,28.046068956524383,26.04277831677264,0.0,0.0,96
log1p_y,2024-01-16,7,28.046068956524383,32.052650236027866,30.049359596276126,0.0,0.0,75
log1p_y,2024-01-16,8,32.052650236027866,36.05923151553135,34.05594087577961,0.0,0.0,96
log1p_y,2024-01-16,9,36.05923151553135,40.06581279503483,38.06252215528309,0.0,0.0,58
log1p_y,2024-01-16,10,40.06581279503483,44.072394074538316,42.06910343478657,0.0,0.0,38
log1p_y,2024-01-16,11,44.072394074538316,48.078975354041795,46.075684714290055,0.0,0.0,12
log1p_y,2024-01-17,0,0.0,4.006581279503483,2.0032906397517416,0.05126624870444933,0.0,40
log1p_y,2024-01-17,1,4.006581279503483,8.013162559006966,6.009871919255225,0.0753076318944797,0.0,185
log1p_y,2024-01-17,2,8.013162559006966,12.01974383851045,10.016453198758708,0.1129890517195479,0.0,161
log1p_y,2024-01-17,3,12.01974383851045,16.026325118013933,14.023034478262192,0.10370369479713631,0.0,154
log1p_y,2024-01-17,4,16.026325118013933,20.032906397517415,18.029615757765676,0.1545646974843394,0.0,162
log1p_y,2024-01-17,5,20.032906397517415,24.0394876770209,22.036197037269158,0.12486580773958558,0.0,99
log1p_y,2024-01-17,6,24.0394876770209,28.046068956524383,26.04277831677264,0.17270479067898295,0.0,96
log1p_y,2024-01-17,7,28.046068956524383,32.052650236027866,30.049359596276126,0.061634311997542074,0.0,75
log1p_y,2024-01-17,8,32.052650236027866,36.05923151553135,34.05594087577961,0.04400334752962539,0.0,96
log1p_y,2024-01-17,9,36.05923151553135,40.06581279503483,38.06252215528309,0.010404732420798122,0.0,58
log1p_y,2024-01-17,10,40.06581279503483,44.072394074538316,42.06910343478657,0.0,0.0,38
log1p_y,2024-01-17,11,44.072394074538316,48.078975354041795,46.075684714290055,0.0,0.0,12
log1p_y,2024-01-18,0,0.0,4.006581279503483,2.0032906397517416,0.012011325347955034,0.0,40
log1p_y,2024-01-18,1,4.006581279503483,8.013162559006966,6.009871919255225,0.01168669493314544,0.0,185
log1p_y,2024-01-18,2,8.013162559006966,12.01974383851045,10.016453198758708,0.014920901053360289,0.0,161
log1p_y,2024-01-18,3,12.01974383851045,16.026325118013933,14.023034478262192,0.006239649531405213,0.0,154
log1p_y,2024-01-18,4,16.026325118013933,20.032906397517415,18.029615757765676,0.005931518690348165,0.0,162
log1p_y,2024-01-18,5,20.032906397517415,24.0394876770209,22.036197037269158,0.007279591119972748,0.0,99
log1p_y,2024-01-18,6,24.0394876770209,28.046068956524383,26.04277831677264,0.007507078342471896,0.0,96
log1p_y,2024-01-18,7,28.046068956524383,32.052650236027866,30.049359596276126,0.009609060278364027,0.0,75
log1p_y,2024-01-18,8,32.052650236027866,36.05923151553135,34.05594087577961,0.01251179723745316,0.0,96
log1p_y,2024-01-18,9,36.05923151553135,40.06581279503483,38.06252215528309,0.020709181634405233,0.0,58
log1p_y,2024-01-18,10,40.06581279503483,44.072394074538316,42.06910343478657,0.0,0.0,38
log1p_y,2024-01-18,11,44.072394074538316,48.078975354041795,46.075684714290055,0.0,0.0,12
log1p_y,2024-01-19,0,0.0,4.006581279503483,2.0032906397517416,0.0,0.0,40
log1p_y,2024-01-19,1,4.006581279503483,8.013162559006966,6.009871919255225,0.0,0.0,185
log1p_y,2024-01-19,2,8.013162559006966,12.01974383851045,10.016453198758708,0.0,0.0,161
log1p_y,2024-01-19,3,12.01974383851045,16.026325118013933,14.023034478262192,0.0,0.0,154
log1p_y,2024-01-19,4,16.026325118013933,20.032906397517415,18.029615757765676,0.0,0.0,162
log1p_y,2024-01-19,5,20.032906397517415,24.0394876770209,22.036197037269158,0.0,0.0,99
log1p_y,2024-01-19,6,24.0394876770209,28.046068956524383,26.04277831677264,0.0,0.0,96
log1p_y,2024-01-19,7,28.046068956524383,32.052650236027866,30.049359596276126,0.0,0.0,75
log1p_y,2024-01-19,8,32.052650236027866,36.05923151553135,34.05594087577961,0.0,0.0,96
log1p_y,2024-01-19,9,36.05923151553135,40.06581279503483,38.06252215528309,0.0,0.0,58
log1p_y,2024-01-19,10,40.06581279503483,44.072394074538316,42.06910343478657,0.0,0.0,38
log1p_y,2024-01-19,11,44.072394074538316,48.078975354041795,46.075684714290055,0.0,0.0,12
log1p_y,2024-01-20,0,0.0,4.006581279503483,2.0032906397517416,0.0,0.0,40
log1p_y,2024-01-20,1,4.006581279503483,8.013162559006966,6.009871919255225,0.0,0.0,185
log1p_y,2024-01-20,2,8.013162559006966,12.01974383851045,10.016453198758708,0.0,0.0,161
log1p_y,2024-01-20,3,12.01974383851045,16.026325118013933,14.023034478262192,0.0,0.0,154
log1p_y,2024-01-20,4,16.026325118013933,20.032906397517415,18.029615757765676,0.0,0.0,162
log1p_y,2024-01-20,5,20.032906397517415,24.0394876770209,22.036197037269158,0.0,0.0,99
log1p_y,2024-01-20,6,24.0394876770209,28.046068956524383,26.04277831677264,0.0,0.0,96
log1p_y,2024-01-20,7,28.046068956524383,32.052650236027866,30.049359596276126,0.0,0.0,75
log1p_y,2024-01-20,8,32.052650236027866,36.05923151553135,34.05594087577961,0.0,0.0,96
log1p_y,2024-01-20,9,36.05923151553135,40.06581279503483,38.06252215528309,0.0,0.0,58
log1p_y,2024-01-20,10,40.06581279503483,44.072394074538316,42.06910343478657,0.0,0.0,38
log1p_y,2024-01-20,11,44.072394074538316,48.078975354041795,46.075684714290055,0.0,0.0,12
log1p_y,2024-01-21,0,0.0,4.006581279503483,2.0032906397517416,0.0,0.0,40
log1p_y,2024-01-21,1,4.006581279503483,8.013162559006966,6.009871919255225,0.0,0.0,185
log1p_y,2024-01-21,2,8.013162559006966,12.01974383851045,10.016453198758708,0.0,0.0,161
log1p_y,2024-01-21,3,12.01974383851045,16.026325118013933,14.023034478262192,0.0,0.0,154
log1p_y,2024-01-21,4,16.026325118013933,20.032906397517415,18.029615757765676,0.0,0.0,162
log1p_y,2024-01-21,5,20.032906397517415,24.0394876770209,22.036197037269158,0.0,0.0,99
log1p_y,2024-01-21,6,24.0394876770209,28.046068956524383,26.04277831677264,0.0,0.0,96
log1p_y,2024-01-21,7,28.046068956524383,32.052650236027866,30.049359596276126,0.0,0.0,75
log1p_y,2024-01-21,8,32.052650236027866,36.05923151553135,34.05594087577961,0.0,0.0,96
log1p_y,2024-01-21,9,36.05923151553135,40.06581279503483,38.06252215528309,0.0,0.0,58
log1p_y,2024-01-21,10,40.06581279503483,44.072394074538316,42.06910343478657,0.0,0.0,38
log1p_y,2024-01-21,11,44.072394074538316,48.078975354041795,46.075684714290055,0.0,0.0,12
log1p_y,2024-01-22,0,0.0,4.006581279503483,2.0032906397517416,0.0,0.0,40
log1p_y,2024-01-22,1,4.006581279503483,8.013162559006966,6.009871919255225,0.0,0.0,185
log1p_y,2024-01-22,2,8.013162559006966,12.01974383851045,10.016453198758708,0.0,0.0,161
log1p_y,2024-01-22,3,12.01974383851045,16.026325118013933,14.023034478262192,0.0,0.0,154
log1p_y,2024-01-22,4,16.026325118013933,20.032906397517415,18.029615757765676,0.0,0.0,162
log1p_y,2024-01-22,5,20.032906397517415,24.0394876770209,22.036197037269158,0.0,0.0,99
log1p_y,2024-01-22,6,24.0394876770209,28.046068956524383,26.04277831677264,0.0,0.0,96
log1p_y,2024-01-22,7,28.046068956524383,32.052650236027866,30.049359596276126,0.0,0.0,75
log1p_y,2024-01-22,8,32.052650236027866,36.05923151553135,34.05594087577961,0.0,0.0,96
log1p_y,2024-01-22,9,36.05923151553135,40.06581279503483,38.06252215528309,0.0,0.0,58
log1p_y,2024-01-22,10,40.06581279503483,44.072394074538316,42.06910343478657,0.0,0.0,38
log1p_y,2024-01-22,11,44.072394074538316,48.078975354041795,46.075684714290055,0.0,0.0,12
log1p_y,2024-01-23,0,0.0,4.006581279503483,2.0032906397517416,0.0,0.0,40
log1p_y,2024-01-23,1,4.006581279503483,8.013162559006966,6.009871919255225,0.0,0.0,185
log1p_y,2024-01-23,2,8.013162559006966,12.01974383851045,10.016453198758708,0.0,0.0,161
log1p_y,2024-01-23,3,12.01974383851045,16.026325118013933,14.023034478262192,0.0,0.0,154
log1p_y,2024-01-23,4,16.026325118013933,20.032906397517415,18.029615757765676,0.0,0.0,162
log1p_y,2024-01-23,5,20.032906397517415,24.0394876770209,22.036197037269158,0.0,0.0,99
log1p_y,2024-01-23,6,24.0394876770209,28.046068956524383,26.04277831677264,0.0,0.0,96
log1p_y,2024-01-23,7,28.046068956524383,32.052650236027866,30.049359596276126,0.0,0.0,75
log1p_y,2024-01-23,8,32.052650236027866,36.05923151553135,34.05594087577961,0.0,0.0,96
log1p_y,2024-01-23,9,36.05923151553135,40.06581279503483,38.06252215528309,0.0,0.0,58
log1p_y,2024-01-23,10,40.06581279503483,44.072394074538316,42.06910343478657,0.0,0.0,38
log1p_y,2024-01-23,11,44.072394074538316,48.078975354041795,46.075684714290055,0.0,0.0,12
log1p_y,2024-01-24,0,0.0,4.006581279503483,2.0032906397517416,0.0,0.0,40
log1p_y,2024-01-24,1,4.006581279503483,8.013162559006966,6.009871919255225,0.0,0.0,185
log1p_y,2024-01-24,2,8.013162559006966,12.01974383851045,10.016453198758708,0.0,0.0,161
log1p_y,2024-01-24,3,12.01974383851045,16.026325118013933,14.023034478262192,0.0,0.0,154
log1p_y,2024-01-24,4,16.026325118013933,20.032906397517415,18.029615757765676,0.0,0.0,162
log1p_y,2024-01-24,5,20.032906397517415,24.0394876770209,22.036197037269158,0.0,0.0,99
log1p_y,2024-01-24,6,24.0394876770209,28.046068956524383,26.04277831677264,0.0,0.0,96
log1p_y,2024-01-24,7,28.046068956524383,32.052650236027866,30.049359596276126,0.0,0.0,75
log1p_y,2024-01-24,8,32.052650236027866,36.05923151553135,34.05594087577961,0.0,0.0,96
log1p_y,2024-01-24,9,36.05923151553135,40.06581279503483,38.06252215528309,0.0,0.0,58
log1p_y,2024-01-24,10,40.06581279503483,44.072394074538316,42.06910343478657,0.0,0.0,38
log1p_y,2024-01-24,11,44.072394074538316,48.078975354041795,46.075684714290055,0.0,0.0,12
log1p_y,2024-01-25,0,0.0,4.006581279503483,2.0032906397517416,0.012011325347955034,0.0,40
log1p_y,2024-01-25,1,4.006581279503483,8.013162559006966,6.009871919255225,0.007791129955430293,0.0,185
log1p_y,2024-01-25,2,8.013162559006966,12.01974383851045,10.016453198758708,0.007460450526680146,0.0,161
log1p_y,2024-01-25,3,12.01974383851045,16.026325118013933,14.023034478262192,0.006239649531405213,0.0,154
log1p_y,2024-01-25,4,16.026325118013933,20.032906397517415,18.029615757765676,0.007414398362935205,0.0,162
log1p_y,2024-01-25,5,20.032906397517415,24.0394876770209,22.036197037269158,0.004853060746648499,0.0,99
log1p_y,2024-01-25,6,24.0394876770209,28.046068956524383,26.04277831677264,0.007507078342471896,0.0,96
log1p_y,2024-01-25,7,28.046068956524383,32.052650236027866,30.049359596276126,0.012812080371152036,0.0,75
log1p_y,2024-01-25,8,32.052650236027866,36.05923151553135,34.05594087577961,0.020018875579925054,0.0,96
log1p_y,2024-01-25,9,36.05923151553135,40.06581279503483,38.06252215528309,0.024851017961286276,0.0,58
log1p_y,2024-01-25,10,40.06581279503483,44.072394074538316,42.06910343478657,0.018965250549402686,0.0,38
log1p_y,2024-01-25,11,44.072394074538316,48.078975354041795,46.075684714290055,0.0,0.0,12
log1p_y,2024-01-26,0,0.0,4.006581279503483,2.0032906397517416,0.027098187358112313,0.0,40
log1p_y,2024-01-26,1,4.006581279503483,8.013162559006966,6.009871919255225,0.022582078093434873,0.0,185
log1p_y,2024-01-26,2,8.013162559006966,12.01974383851045,10.016453198758708,0.02543778553005509,0.0,161
log1p_y,2024-01-26,3,12.01974383851045,16.026325118013933,14.023034478262192,0.020354398977288742,0.0,154
log1p_y,2024-01-26,4,16.026325118013933,20.032906397517415,18.029615757765676,0.028282425372062648,0.0,162
log1p_y,2024-01-26,5,20.032906397517415,24.0394876770209,22.036197037269158,0.017044464391220038,0.0,99
log1p_y,2024-01-26,6,24.0394876770209,28.046068956524383,26.04277831677264,0.02508418224591756,0.0,96
log1p_y,2024-01-26,7,28.046068956524383,32.052650236027866,30.049359596276126,0.03695105958740368,0.0,75
log1p_y,2024-01-26,8,32.052650236027866,36.05923151553135,34.05594087577961,0.06652458255704108,0.0,96
log1p_y,2024-01-26,9,36.05923151553135,40.06581279503483,38.06252215528309,0.07485390350543188,0.0,58
log1p_y,2024-01-26,10,40.06581279503483,44.072394074538316,42.06910343478657,0.10160719445781176,0.0,38
log1p_y,2024-01-26,11,44.072394074538316,48.078975354041795,46.075684714290055,0.10057908006771517,0.0,12
log1p_y,2024-01-27,0,0.0,4.006581279503483,2.0032906397517416,0.0,0.0,40
log1p_y,2024-01-27,1,4.006581279503483,8.013162559006966,6.009871919255225,0.0,0.0,185
log1p_y,2024-01-27,2,8.013162559006966,12.01974383851045,10.016453198758708,0.0,0.0,161
log1p_y,2024-01-27,3,12.01974383851045,16.026325118013933,14.023034478262192,0.0,0.0,154
log1p_y,2024-01-27,4,16.026325118013933,20.032906397517415,18.029615757765676,0.0,0.0,162
log1p_y,2024-01-27,5,20.032906397517415,24.0394876770209,22.036197037269158,0.0,0.0,99
log1p_y,2024-01-27,6,24.0394876770209,28.046068956524383,26.04277831677264,0.0,0.0,96
log1p_y,2024-01-27,7,28.046068956524383,32.052650236027866,30.049359596276126,0.0,0.0,75
log1p_y,2024-01-27,8,32.052650236027866,36.05923151553135,34.05594087577961,0.0,0.0,96
log1p_y,2024-01-27,9,36.05923151553135,40.06581279503483,38.06252215528309,0.0,0.0,58
log1p_y,2024-01-27,10,40.06581279503483,44.072394074538316,42.06910343478657,0.0,0.0,38
log1p_y,2024-01-27,11,44.072394074538316,48.078975354041795,46.075684714290055,0.0,0.0,12
log1p_y,2024-01-28,0,0.0,4.006581279503483,2.0032906397517416,0.0,0.0,40
log1p_y,2024-01-28,1,4.006581279503483,8.013162559006966,6.009871919255225,0.0,0.0,185
log1p_y,2024-01-28,2,8.013162559006966,12.01974383851045,10.016453198758708,0.0,0.0,161
log1p_y,2024-01-28,3,12.01974383851045,16.026325118013933,14.023034478262192,0.0,0.0,154
log1p_y,2024-01-28,4,16.026325118013933,20.032906397517415,18.029615757765676,0.0,0.0,162
log1p_y,2024-01-28,5,20.032906397517415,24.0394876770209,22.036197037269158,0.0,0.0,99
log1p_y,2024-01-28,6,24.0394876770209,28.046068956524383,26.04277831677264,0.0,0.0,96
log1p_y,2024-01-28,7,28.046068956524383,32.052650236027866,30.049359596276126,0.0,0.0,75
log1p_y,2024-01-28,8,32.052650236027866,36.05923151553135,34.05594087577961,0.0,0.0,96
log1p_y,2024-01-28,9,36.05923151553135,40.06581279503483,38.06252215528309,0.0,0.0,58
log1p_y,2024-01-28,10,40.06581279503483,44.072394074538316,42.06910343478657,0.0,0.0,38
log1p_y,2024-01-28,11,44.072394074538316,48.078975354041795,46.075684714290055,0.0,0.0,12
log1p_y,2024-01-29,0,0.0,4.006581279503483,2.0032906397517416,0.006005662673977517,0.0,40
log1p_y,2024-01-29,1,4.006581279503483,8.013162559006966,6.009871919255225,0.006492608296191911,0.0,185
log1p_y,2024-01-29,2,8.013162559006966,12.01974383851045,10.016453198758708,0.0059683604213441165,0.0,161
log1p_y,2024-01-29,3,12.01974383851045,16.026325118013933,14.023034478262192,0.006239649531405213,0.0,154
log1p_y,2024-01-29,4,16.026325118013933,20.032906397517415,18.029615757765676,0.008897278035522246,0.0,162
log1p_y,2024-01-29,5,20.032906397517415,24.0394876770209,22.036197037269158,0.004853060746648499,0.0,99
log1p_y,2024-01-29,6,24.0394876770209,28.046068956524383,26.04277831677264,0.0050047188949812645,0.0,96
log1p_y,2024-01-29,7,28.046068956524383,32.052650236027866,30.049359596276126,0.009609060278364027,0.0,75
log1p_y,2024-01-29,8,32.052650236027866,36.05923151553135,34.05594087577961,0.017516516132434424,0.0,96
log1p_y,2024-01-29,9,36.05923151553135,40.06581279503483,38.06252215528309,0.024851017961286276,0.0,58
log1p_y,2024-01-29,10,40.06581279503483,44.072394074538316,42.06910343478657,0.03793050109880538,0.0,38
log1p_y,2024-01-29,11,44.072394074538316,48.078975354041795,46.075684714290055,0.040037751159850116,0.0,12
log1p_y,2024-01-30,0,0.0,4.006581279503483,2.0032906397517416,0.07456367929302252,0.0,40
log1p_y,2024-01-30,1,4.006581279503483,8.013162559006966,6.009871919255225,0.06290137006013732,0.0,185
log1p_y,2024-01-30,2,8.013162559006966,12.01974383851045,10.016453198758708,0.10274608835247413,0.0,161
log1p_y,2024-01-30,3,12.01974383851045,16.026325118013933,14.023034478262192,0.08421200707108194,0.0,154
log1p_y,2024-01-30,4,16.026325118013933,20.032906397517415,18.029615757765676,0.13011472145663508,0.0,162
log1p_y,2024-01-30,5,20.032906397517415,24.0394876770209,22.036197037269158,0.11163295423442077,0.0,99
log1p_y,2024-01-30,6,24.0394876770209,28.046068956524383,26.04277831677264,0.14186208838449474,0.0,96
log1p_y,2024-01-30,7,28.046068956524383,32.052650236027866,30.049359596276126,0.05750023465362097,0.0,75
log1p_y,2024-01-30,8,32.052650236027866,36.05923151553135,34.05594087577961,0.04400334752962539,0.0,96
log1p_y,2024-01-30,9,36.05923151553135,40.06581279503483,38.06252215528309,0.010404732420798122,0.0,58
log1p_y,2024-01-30,10,40.06581279503483,44.072394074538316,42.06910343478657,0.0,0.0,38
log1p_y,2024-01-30,11,44.072394074538316,48.078975354041795,46.075684714290055,0.0,0.0,12
log1p_y,2024-01-31,0,0.0,4.006581279503483,2.0032906397517416,0.0360339760438651,0.0,40
log1p_y,2024-01-31,1,4.006581279503483,8.013162559006966,6.009871919255225,0.04804530139182014,0.0,185
log1p_y,2024-01-31,2,8.013162559006966,12.01974383851045,10.016453198758708,0.08206495579348161,0.0,161
log1p_y,2024-01-31,3,12.01974383851045,16.026325118013933,14.023034478262192,0.08735509343967299,0.0,154
log1p_y,2024-01-31,4,16.026325118013933,20.032906397517415,18.029615757765676,0.13197629086024668,0.0,162
log1p_y,2024-01-31,5,20.032906397517415,24.0394876770209,22.036197037269158,0.11162039717291547,0.0,99
log1p_y,2024-01-31,6,24.0394876770209,28.046068956524383,26.04277831677264,0.11761089403205971,0.0,96
log1p_y,2024-01-31,7,28.046068956524383,32.052650236027866,30.049359596276126,0.03843624111345611,0.0,75
log1p_y,2024-01-31,8,32.052650236027866,36.05923151553135,34.05594087577961,0.017516516132434424,0.0,96
log1p_y,2024-01-31,9,36.05923151553135,40.06581279503483,38.06252215528309,0.004141836326881047,0.0,58
log1p_y,2024-01-31,10,40.06581279503483,44.072394074538316,42.06910343478657,0.0,0.0,38
log1p_y,2024-01-31,11,44.072394074538316,48.078975354041795,46.075684714290055,0.0,0.0,12
log1p_y,2024-02-01,0,0.0,4.006581279503483,2.0032906397517416,0.028511846838413485,0.0,40
log1p_y,2024-02-01,1,4.006581279503483,8.013162559006966,6.009871919255225,0.05461632492747921,0.0,185
log1p_y,2024-02-01,2,8.013162559006966,12.01974383851045,10.016453198758708,0.0846603727400853,0.0,161
log1p_y,2024-02-01,3,12.01974383851045,16.026325118013933,14.023034478262192,0.10471816716194385,0.0,154
log1p_y,2024-02-01,4,16.026325118013933,20.032906397517415,18.029615757765676,0.15080322914424774,0.0,162
log1p_y,2024-02-01,5,20.032906397517415,24.0394876770209,22.036197037269158,0.11879504179849294,0.0,99
log1p_y,2024-02-01,6,24.0394876770209,28.046068956524383,26.04277831677264,0.13295236089074944,0.0,96
log1p_y,2024-02-01,7,28.046068956524383,32.052650236027866,30.049359596276126,0.026877662904898927,0.0,75
log1p_y,2024-02-01,8,32.052650236027866,36.05923151553135,34.05594087577961,0.0,0.0,96
log1p_y,2024-02-01,9,36.05923151553135,40.06581279503483,38.06252215528309,0.0,0.0,58
log1p_y,2024-02-01,10,40.06581279503483,44.072394074538316,42.06910343478657,0.0,0.0,38
log1p_y,2024-02-01,11,44.072394074538316,48.078975354041795,46.075684714290055,0.0,0.0,12
log1p_y,2024-02-02,0,0.0,4.006581279503483,2.0032906397517416,0.040144024891194244,0.0,40
log1p_y,2024-02-02,1,4.006581279503483,8.013162559006966,6.009871919255225,0.058086492497987856,0.0,185
log1p_y,2024-02-02,2,8.013162559006966,12.01974383851045,10.016453198758708,0.09163644210871404,0.0,161
log1p_y,2024-02-02,3,12.01974383851045,16.026325118013933,14.023034478262192,0.10934494280003483,0.0,154
log1p_y,2024-02-02,4,16.026325118013933,20.032906397517415,18.029615757765676,0.1633680910346952,0.0,162
log1p_y,2024-02-02,5,20.032906397517415,24.0394876770209,22.036197037269158,0.13369417764463487,0.0,99
log1p_y,2024-02-02,6,24.0394876770209,28.046068956524383,26.04277831677264,0.13396711209726567,0.0,96
log1p_y,2024-02-02,7,28.046068956524383,32.052650236027866,30.049359596276126,0.04163926120624411,0.0,75
log1p_y,2024-02-02,8,32.052650236027866,36.05923151553135,34.05594087577961,0.017516516132434424,0.0,96
log1p_y,2024-02-02,9,36.05923151553135,40.06581279503483,38.06252215528309,0.004141836326881047,0.0,58
log1p_y,2024-02-02,10,40.06581279503483,44.072394074538316,42.06910343478657,0.0,0.0,38
log1p_y,2024-02-02,11,44.072394074538316,48.078975354041795,46.075684714290055,0.0,0.0,12
log1p_y,2024-02-03,0,0.0,4.006581279503483,2.0032906397517416,0.0,0.0,40
log1p_y,2024-02-03,1,4.006581279503483,8.013162559006966,6.009871919255225,0.0,0.0,185
log1p_y,2024-02-03,2,8.013162559006966,12.01974383851045,10.016453198758708,0.0,0.0,161
log1p_y,2024-02-03,3,12.01974383851045,16.026325118013933,14.023034478262192,0.0,0.0,154
log1p_y,2024-02-03,4,16.026325118013933,20.032906397517415,18.029615757765676,0.0,0.0,162
log1p_y,2024-02-03,5,20.032906397517415,24.0394876770209,22.036197037269158,0.0,0.0,99
log1p_y,2024-02-03,6,24.0394876770209,28.046068956524383,26.04277831677264,0.0,0.0,96
log1p_y,2024-02-03,7,28.046068956524383,32.052650236027866,30.049359596276126,0.0,0.0,75
log1p_y,2024-02-03,8,32.052650236027866,36.05923151553135,34.05594087577961,0.0,0.0,96
log1p_y,2024-02-03,9,36.05923151553135,40.06581279503483,38.06252215528309,0.0,0.0,58
log1p_y,2024-02-03,10,40.06581279503483,44.072394074538316,42.06910343478657,0.0,0.0,38
log1p_y,2024-02-03,11,44.072394074538316,48.078975354041795,46.075684714290055,0.0,0.0,12
log1p_y,2024-02-04,0,0.0,4.006581279503483,2.0032906397517416,0.0,0.0,40
log1p_y,2024-02-04,1,4.006581279503483,8.013162559006966,6.009871919255225,0.0,0.0,185
log1p_y,2024-02-04,2,8.013162559006966,12.01974383851045,10.016453198758708,0.0,0.0,161
log1p_y,2024-02-04,3,12.01974383851045,16.026325118013933,14.023034478262192,0.0,0.0,154
log1p_y,2024-02-04,4,16.026325118013933,20.032906397517415,18.029615757765676,0.0,0.0,162
log1p_y,2024-02-04,5,20.032906397517415,24.0394876770209,22.036197037269158,0.0,0.0,99
log1p_y,2024-02-04,6,24.0394876770209,28.046068956524383,26.04277831677264,0.0,0.0,96
log1p_y,2024-02-04,7,28.046068956524383,32.052650236027866,30.049359596276126,0.0,0.0,75
log1p_y,2024-02-04,8,32.052650236027866,36.05923151553135,34.05594087577961,0.0,0.0,96
log1p_y,2024-02-04,9,36.05923151553135,40.06581279503483,38.06252215528309,0.0,0.0,58
log1p_y,2024-02-04,10,40.06581279503483,44.072394074538316,42.06910343478657,0.0,0.0,38
log1p_y,2024-02-04,11,44.072394074538316,48.078975354041795,46.075684714290055,0.0,0.0,12
log1p_y,2024-02-05,0,0.0,4.006581279503483,2.0032906397517416,0.0,0.0,40
log1p_y,2024-02-05,1,4.006581279503483,8.013162559006966,6.009871919255225,0.0,0.0,185
log1p_y,2024-02-05,2,8.013162559006966,12.01974383851045,10.016453198758708,0.0,0.0,161
log1p_y,2024-02-05,3,12.01974383851045,16.026325118013933,14.023034478262192,0.0,0.0,154
log1p_y,2024-02-05,4,16.026325118013933,20.032906397517415,18.029615757765676,0.0,0.0,162
log1p_y,2024-02-05,5,20.032906397517415,24.0394876770209,22.036197037269158,0.0,0.0,99
log1p_y,2024-02-05,6,24.0394876770209,28.046068956524383,26.04277831677264,0.0,0.0,96
log1p_y,2024-02-05,7,28.046068956524383,32.052650236027866,30.049359596276126,0.0,0.0,75
log1p_y,2024-02-05,8,32.052650236027866,36.05923151553135,34.05594087577961,0.0,0.0,96
log1p_y,2024-02-05,9,36.05923151553135,40.06581279503483,38.06252215528309,0.0,0.0,58
log1p_y,2024-02-05,10,40.06581279503483,44.072394074538316,42.06910343478657,0.0,0.0,38
log1p_y,2024-02-05,11,44.072394074538316,48.078975354041795,46.075684714290055,0.0,0.0,12
log1p_y,2024-02-06,0,0.0,4.006581279503483,2.0032906397517416,0.05317586247768695,0.0,40
log1p_y,2024-02-06,1,4.006581279503483,8.013162559006966,6.009871919255225,0.06869531706671388,0.0,185
log1p_y,2024-02-06,2,8.013162559006966,12.01974383851045,10.016453198758708,0.09735125911675688,0.0,161
log1p_y,2024-02-06,3,12.01974383851045,16.026325118013933,14.023034478262192,0.06566739608019835,0.0,154
log1p_y,2024-02-06,4,16.026325118013933,20.032906397517415,18.029615757765676,0.10257002445862654,0.0,162
log1p_y,2024-02-06,5,20.032906397517415,24.0394876770209,22.036197037269158,0.10942887391139239,0.0,99
log1p_y,2024-02-06,6,24.0394876770209,28.046068956524383,26.04277831677264,0.1039387987273781,0.0,96
log1p_y,2024-02-06,7,28.046068956524383,32.052650236027866,30.049359596276126,0.08648154250527625,0.0,75
log1p_y,2024-02-06,8,32.052650236027866,36.05923151553135,34.05594087577961,0.07507078342471896,0.0,96
log1p_y,2024-02-06,9,36.05923151553135,40.06581279503483,38.06252215528309,0.016567345307524187,0.0,58
log1p_y,2024-02-06,10,40.06581279503483,44.072394074538316,42.06910343478657,0.0,0.0,38
log1p_y,2024-02-06,11,44.072394074538316,48.078975354041795,46.075684714290055,0.0,0.0,12
log1p_y,2024-02-07,0,0.0,4.006581279503483,2.0032906397517416,0.0,0.0,40
log1p_y,2024-02-07,1,4.006581279503483,8.013162559006966,6.009871919255225,0.0,0.0,185
log1p_y,2024-02-07,2,8.013162559006966,12.01974383851045,10.016453198758708,0.0,0.0,161
log1p_y,2024-02-07,3,12.01974383851045,16.026325118013933,14.023034478262192,0.0,0.0,154
log1p_y,2024-02-07,4,16.026325118013933,20.032906397517415,18.029615757765676,0.0,0.0,162
log1p_y,2024-02-07,5,20.032906397517415,24.0394876770209,22.036197037269158,0.0,0.0,99
log1p_y,2024-02-07,6,24.0394876770209,28.046068956524383,26.04277831677264,0.0,0.0,96
log1p_y,2024-02-07,7,28.046068956524383,32.052650236027866,30.049359596276126,0.0,0.0,75
log1p_y,2024-02-07,8,32.052650236027866,36.05923151553135,34.05594087577961,0.0,0.0,96
log1p_y,2024-02-07,9,36.05923151553135,40.06581279503483,38.06252215528309,0.0,0.0,58
log1p_y,2024-02-07,10,40.06581279503483,44.072394074538316,42.06910343478657,0.0,0.0,38
log1p_y,2024-02-07,11,44.072394074538316,48.078975354041795,46.075684714290055,0.0,0.0,12
log1p_y,2024-02-08,0,0.0,4.006581279503483,2.0032906397517416,0.0,0.0,40
log1p_y,2024-02-08,1,4.006581279503483,8.013162559006966,6.009871919255225,0.0,0.0,185
log1p_y,2024-02-08,2,8.013162559006966,12.01974383851045,10.016453198758708,0.0,0.0,161
log1p_y,2024-02-08,3,12.01974383851045,16.026325118013933,14.023034478262192,0.0,0.0,154
log1p_y,2024-02-08,4,16.026325118013933,20.032906397517415,18.029615757765676,0.0,0.0,162
log1p_y,2024-02-08,5,20.032906397517415,24.0394876770209,22.036197037269158,0.0,0.0,99
log1p_y,2024-02-08,6,24.0394876770209,28.046068956524383,26.04277831677264,0.0,0.0,96
log1p_y,2024-02-08,7,28.046068956524383,32.052650236027866,30.049359596276126,0.0,0.0,75
log1p_y,2024-02-08,8,32.052650236027866,36.05923151553135,34.05594087577961,0.0,0.0,96
log1p_y,2024-02-08,9,36.05923151553135,40.06581279503483,38.06252215528309,0.0,0.0,58
log1p_y,2024-02-08,10,40.06581279503483,44.072394074538316,42.06910343478657,0.0,0.0,38
log1p_y,2024-02-08,11,44.072394074538316,48.078975354041795,46.075684714290055,0.0,0.0,12
log1p_y,2024-02-09,0,0.0,4.006581279503483,2.0032906397517416,0.0,0.0,40
log1p_y,2024-02-09,1,4.006581279503483,8.013162559006966,6.009871919255225,0.0,0.0,185
log1p_y,2024-02-09,2,8.013162559006966,12.01974383851045,10.016453198758708,0.0,0.0,161
log1p_y,2024-02-09,3,12.01974383851045,16.026325118013933,14.023034478262192,0.0,0.0,154
log1p_y,2024-02-09,4,16.026325118013933,20.032906397517415,18.029615757765676,0.0,0.0,162
log1p_y,2024-02-09,5,20.032906397517415,24.0394876770209,22.036197037269158,0.0,0.0,99
log1p_y,2024-02-09,6,24.0394876770209,28.046068956524383,26.04277831677264,0.0,0.0,96
log1p_y,2024-02-09,7,28.046068956524383,32.052650236027866,30.049359596276126,0.0,0.0,75
log1p_y,2024-02-09,8,32.052650236027866,36.05923151553135,34.05594087577961,0.0,0.0,96
log1p_y,2024-02-09,9,36.05923151553135,40.06581279503483,38.06252215528309,0.0,0.0,58
log1p_y,2024-02-09,10,40.06581279503483,44.072394074538316,42.06910343478657,0.0,0.0,38
log1p_y,2024-02-09,11,44.072394074538316,48.078975354041795,46.075684714290055,0.0,0.0,12
log1p_y,2024-02-10,0,0.0,4.006581279503483,2.0032906397517416,0.0,0.0,40
log1p_y,2024-02-10,1,4.006581279503483,8.013162559006966,6.009871919255225,0.0,0.0,185
log1p_y,2024-02-10,2,8.013162559006966,12.01974383851045,10.016453198758708,0.0,0.0,161
log1p_y,2024-02-10,3,12.01974383851045,16.026325118013933,14.023034478262192,0.0,0.0,154
log1p_y,2024-02-10,4,16.026325118013933,20.032906397517415,18.029615757765676,0.0,0.0,162
log1p_y,2024-02-10,5,20.032906397517415,24.0394876770209,22.036197037269158,0.0,0.0,99
log1p_y,2024-02-10,6,24.0394876770209,28.046068956524383,26.04277831677264,0.0,0.0,96
log1p_y,2024-02-10,7,28.046068956524383,32.052650236027866,30.049359596276126,0.0,0.0,75
log1p_y,2024-02-10,8,32.052650236027866,36.05923151553135,34.05594087577961,0.0,0.0,96
log1p_y,2024-02-10,9,36.05923151553135,40.06581279503483,38.06252215528309,0.0,0.0,58
log1p_y,2024-02-10,10,40.06581279503483,44.072394074538316,42.06910343478657,0.0,0.0,38
log1p_y,2024-02-10,11,44.072394074538316,48.078975354041795,46.075684714290055,0.0,0.0,12
log1p_y,2024-02-11,0,0.0,4.006581279503483,2.0032906397517416,0.0,0.0,40
log1p_y,2024-02-11,1,4.006581279503483,8.013162559006966,6.009871919255225,0.0,0.0,185
log1p_y,2024-02-11,2,8.013162559006966,12.01974383851045,10.016453198758708,0.0,0.0,161
log1p_y,2024-02-11,3,12.01974383851045,16.026325118013933,14.023034478262192,0.0,0.0,154
log1p_y,2024-02-11,4,16.026325118013933,20.032906397517415,18.029615757765676,0.0,0.0,162
log1p_y,2024-02-11,5,20.032906397517415,24.0394876770209,22.036197037269158,0.0,0.0,99
log1p_y,2024-02-11,6,24.0394876770209,28.046068956524383,26.04277831677264,0.0,0.0,96
log1p_y,2024-02-11,7,28.046068956524383,32.052650236027866,30.049359596276126,0.0,0.0,75
log1p_y,2024-02-11,8,32.052650236027866,36.05923151553135,34.05594087577961,0.0,0.0,96
log1p_y,2024-02-11,9,36.05923151553135,40.06581279503483,38.06252215528309,0.0,0.0,58
log1p_y,2024-02-11,10,40.06581279503483,44.072394074538316,42.06910343478657,0.0,0.0,38
log1p_y,2024-02-11,11,44.072394074538316,48.078975354041795,46.075684714290055,0.0,0.0,12
log1p_y,2024-02-12,0,0.0,4.006581279503483,2.0032906397517416,0.01976230671415737,0.0,40
log1p_y,2024-02-12,1,4.006581279503483,8.013162559006966,6.009871919255225,0.1602473770405349,0.0,185
log1p_y,2024-02-12,2,8.013162559006966,12.01974383851045,10.016453198758708,0.13576567077964202,0.0,161
log1p_y,2024-02-12,3,12.01974383851045,16.026325118013933,14.023034478262192,0.1293005037109736,0.0,154
log1p_y,2024-02-12,4,16.026325118013933,20.032906397517415,18.029615757765676,0.1526519159629828,0.0,162
log1p_y,2024-02-12,5,20.032906397517415,24.0394876770209,22.036197037269158,0.09340460054551378,0.0,99
log1p_y,2024-02-12,6,24.0394876770209,28.046068956524383,26.04277831677264,0.12330568591652184,0.0,96
log1p_y,2024-02-12,7,28.046068956524383,32.052650236027866,30.049359596276126,0.13735965525382507,0.0,75
log1p_y,2024-02-12,8,32.052650236027866,36.05923151553135,34.05594087577961,0.18734009468541715,0.0,96
log1p_y,2024-02-12,9,36.05923151553135,40.06581279503483,38.06252215528309,0.13093928809630404,0.0,58
log1p_y,2024-02-12,10,40.06581279503483,44.072394074538316,42.06910343478657,0.047642722137338764,0.0,38
log1p_y,2024-02-12,11,44.072394074538316,48.078975354041795,46.075684714290055,0.0,0.0,12
log1p_y,2024-02-13,0,0.0,4.006581279503483,2.0032906397517416,0.03603397604386511,0.0,40
log1p_y,2024-02-13,1,4.006581279503483,8.013162559006966,6.009871919255225,0.042851214754866605,0.0,185
log1p_y,2024-02-13,2,8.013162559006966,12.01974383851045,10.016453198758708,0.06714405474012132,0.0,161
log1p_y,2024-02-13,3,12.01974383851045,16.026325118013933,14.023034478262192,0.06239649531405213,0.0,154
log1p_y,2024-02-13,4,16.026325118013933,20.032906397517415,18.029615757765676,0.0860070210100484,0.0,162
log1p_y,2024-02-13,5,20.032906397517415,24.0394876770209,22.036197037269158,0.06794285045307898,0.0,99
log1p_y,2024-02-13,6,24.0394876770209,28.046068956524383,26.04277831677264,0.1076014562420972,0.0,96
log1p_y,2024-02-13,7,28.046068956524383,32.052650236027866,30.049359596276126,0.04804530139182013,0.0,75
log1p_y,2024-02-13,8,32.052650236027866,36.05923151553135,34.05594087577961,0.022521235027415692,0.0,96
log1p_y,2024-02-13,9,36.05923151553135,40.06581279503483,38.06252215528309,0.004141836326881047,0.0,58
log1p_y,2024-02-13,10,40.06581279503483,44.072394074538316,42.06910343478657,0.0,0.0,38
log1p_y,2024-02-13,11,44.072394074538316,48.078975354041795,46.075684714290055,0.0,0.0,12
log1p_y,2024-02-14,0,0.0,4.006581279503483,2.0032906397517416,0.015086862010157276,0.0,40
log1p_y,2024-02-14,1,4.006581279503483,8.013162559006966,6.009871919255225,0.02283416952888669,0.0,185
log1p_y,2024-02-14,2,8.013162559006966,12.01974383851045,10.016453198758708,0.03373459828358149,0.0,161
log1p_y,2024-02-14,3,12.01974383851045,16.026325118013933,14.023034478262192,0.02351199274310225,0.0,154
log1p_y,2024-02-14,4,16.026325118013933,20.032906397517415,18.029615757765676,0.014900604454476322,0.0,162
log1p_y,2024-02-14,5,20.032906397517415,24.0394876770209,22.036197037269158,0.012191403644571537,0.0,99
log1p_y,2024-02-14,6,24.0394876770209,28.046068956524383,26.04277831677264,0.025144770016928792,0.0,96
log1p_y,2024-02-14,7,28.046068956524383,32.052650236027866,30.049359596276126,0.016092652810834426,0.0,75
log1p_y,2024-02-14,8,32.052650236027866,36.05923151553135,34.05594087577961,0.03143096252116099,0.0,96
log1p_y,2024-02-14,9,36.05923151553135,40.06581279503483,38.06252215528309,0.04161892968319249,0.0,58
log1p_y,2024-02-14,10,40.06581279503483,44.072394074538316,42.06910343478657,0.06352362951645169,0.0,38
log1p_y,2024-02-14,11,44.072394074538316,48.078975354041795,46.075684714290055,0.0,0.0,12
log1p_y,2024-02-15,0,0.0,4.006581279503483,2.0032906397517416,0.0,0.0,40
log1p_y,2024-02-15,1,4.006581279503483,8.013162559006966,6.009871919255225,0.0,0.0,185
log1p_y,2024-02-15,2,8.013162559006966,12.01974383851045,10.016453198758708,0.0,0.0,161
log1p_y,2024-02-15,3,12.01974383851045,16.026325118013933,14.023034478262192,0.0,0.0,154
log1p_y,2024-02-15,4,16.026325118013933,20.032906397517415,18.029615757765676,0.0,0.0,162
log1p_y,2024-02-15,5,20.032906397517415,24.0394876770209,22.036197037269158,0.0,0.0,99
log1p_y,2024-02-15,6,24.0394876770209,28.046068956524383,26.04277831677264,0.0,0.0,96
log1p_y,2024-02-15,7,28.046068956524383,32.052650236027866,30.049359596276126,0.0,0.0,75
log1p_y,2024-02-15,8,32.052650236027866,36.05923151553135,34.05594087577961,0.0,0.0,96
log1p_y,2024-02-15,9,36.05923151553135,40.06581279503483,38.06252215528309,0.0,0.0,58
log1p_y,2024-02-15,10,40.06581279503483,44.072394074538316,42.06910343478657,0.0,0.0,38
log1p_y,2024-02-15,11,44.072394074538316,48.078975354041795,46.075684714290055,0.0,0.0,12
log1p_y,2024-02-16,0,0.0,4.006581279503483,2.0032906397517416,0.0,0.0,40
log1p_y,2024-02-16,1,4.006581279503483,8.013162559006966,6.009871919255225,0.0,0.0,185
log1p_y,2024-02-16,2,8.013162559006966,12.01974383851045,10.016453198758708,0.0,0.0,161
log1p_y,2024-02-16,3,12.01974383851045,16.026325118013933,14.023034478262192,0.0,0.0,154
log1p_y,2024-02-16,4,16.026325118013933,20.032906397517415,18.029615757765676,0.0,0.0,162
log1p_y,2024-02-16,5,20.032906397517415,24.0394876770209,22.036197037269158,0.0,0.0,99
log1p_y,2024-02-16,6,24.0394876770209,28.046068956524383,26.04277831677264,0.0,0.0,96
log1p_y,2024-02-16,7,28.046068956524383,32.052650236027866,30.049359596276126,0.0,0.0,75
log1p_y,2024-02-16,8,32.052650236027866,36.05923151553135,34.05594087577961,0.0,0.0,96
log1p_y,2024-02-16,9,36.05923151553135,40.06581279503483,38.06252215528309,0.0,0.0,58
log1p_y,2024-02-16,10,40.06581279503483,44.072394074538316,42.06910343478657,0.0,0.0,38
log1p_y,2024-02-16,11,44.072394074538316,48.078975354041795,46.075684714290055,0.0,0.0,12
log1p_y,2024-02-17,0,0.0,4.006581279503483,2.0032906397517416,0.0,0.0,40
log1p_y,2024-02-17,1,4.006581279503483,8.013162559006966,6.009871919255225,0.0,0.0,185
log1p_y,2024-02-17,2,8.013162559006966,12.01974383851045,10.016453198758708,0.0,0.0,161
log1p_y,2024-02-17,3,12.01974383851045,16.026325118013933,14.023034478262192,0.0,0.0,154
log1p_y,2024-02-17,4,16.026325118013933,20.032906397517415,18.029615757765676,0.0,0.0,162
log1p_y,2024-02-17,5,20.032906397517415,24.0394876770209,22.036197037269158,0.0,0.0,99
log1p_y,2024-02-17,6,24.0394876770209,28.046068956524383,26.04277831677264,0.0,0.0,96
log1p_y,2024-02-17,7,28.046068956524383,32.052650236027866,30.049359596276126,0.0,0.0,75
log1p_y,2024-02-17,8,32.052650236027866,36.05923151553135,34.05594087577961,0.0,0.0,96
log1p_y,2024-02-17,9,36.05923151553135,40.06581279503483,38.06252215528309,0.0,0.0,58
log1p_y,2024-02-17,10,40.06581279503483,44.072394074538316,42.06910343478657,0.0,0.0,38
log1p_y,2024-02-17,11,44.072394074538316,48.078975354041795,46.075684714290055,0.0,0.0,12
log1p_y,2024-02-18,0,0.0,4.006581279503483,2.0032906397517416,0.0,0.0,40
log1p_y,2024-02-18,1,4.006581279503483,8.013162559006966,6.009871919255225,0.0,0.0,185
log1p_y,2024-02-18,2,8.013162559006966,12.01974383851045,10.016453198758708,0.0,0.0,161
log1p_y,2024-02-18,3,12.01974383851045,16.026325118013933,14.023034478262192,0.0,0.0,154
log1p_y,2024-02-18,4,16.026325118013933,20.032906397517415,18.029615757765676,0.0,0.0,162
log1p_y,2024-02-18,5,20.032906397517415,24.0394876770209,22.036197037269158,0.0,0.0,99
log1p_y,2024-02-18,6,24.0394876770209,28.046068956524383,26.04277831677264,0.0,0.0,96
log1p_y,2024-02-18,7,28.046068956524383,32.052650236027866,30.049359596276126,0.0,0.0,75
log1p_y,2024-02-18,8,32.052650236027866,36.05923151553135,34.05594087577961,0.0,0.0,96
log1p_y,2024-02-18,9,36.05923151553135,40.06581279503483,38.06252215528309,0.0,0.0,58
log1p_y,2024-02-18,10,40.06581279503483,44.072394074538316,42.06910343478657,0.0,0.0,38
log1p_y,2024-02-18,11,44.072394074538316,48.078975354041795,46.075684714290055,0.0,0.0,12
log1p_y,2024-02-19,0,0.0,4.006581279503483,2.0032906397517416,0.0351588744557544,0.0,40
log1p_y,2024-02-19,1,4.006581279503483,8.013162559006966,6.009871919255225,0.05229030524236442,0.0,185
log1p_y,2024-02-19,2,8.013162559006966,12.01974383851045,10.016453198758708,0.057318369685985374,0.0,161
log1p_y,2024-02-19,3,12.01974383851045,16.026325118013933,14.023034478262192,0.0906637632059301,0.0,154
log1p_y,2024-02-19,4,16.026325118013933,20.032906397517415,18.029615757765676,0.11139549476554288,0.0,162
log1p_y,2024-02-19,5,20.032906397517415,24.0394876770209,22.036197037269158,0.09842135956450782,0.0,99
log1p_y,2024-02-19,6,24.0394876770209,28.046068956524383,26.04277831677264,0.06396163533853921,0.0,96
log1p_y,2024-02-19,7,28.046068956524383,32.052650236027866,30.049359596276126,0.012812080371152036,0.0,75
log1p_y,2024-02-19,8,32.052650236027866,36.05923151553135,34.05594087577961,0.0,0.0,96
log1p_y,2024-02-19,9,36.05923151553135,40.06581279503483,38.06252215528309,0.0,0.0,58
log1p_y,2024-02-19,10,40.06581279503483,44.072394074538316,42.06910343478657,0.0,0.0,38
log1p_y,2024-02-19,11,44.072394074538316,48.078975354041795,46.075684714290055,0.0,0.0,12
log1p_y,2024-02-20,0,0.0,4.006581279503483,2.0032906397517416,0.0,0.0,40
log1p_y,2024-02-20,1,4.006581279503483,8.013162559006966,6.009871919255225,0.0,0.0,185
log1p_y,2024-02-20,2,8.013162559006966,12.01974383851045,10.016453198758708,0.0,0.0,161
log1p_y,2024-02-20,3,12.01974383851045,16.026325118013933,14.023034478262192,0.0,0.0,154
log1p_y,2024-02-20,4,16.026325118013933,20.032906397517415,18.029615757765676,0.0,0.0,162
log1p_y,2024-02-20,5,20.032906397517415,24.0394876770209,22.036197037269158,0.0,0.0,99
log1p_y,2024-02-20,6,24.0394876770209,28.046068956524383,26.04277831677264,0.0,0.0,96
log1p_y,2024-02-20,7,28.046068956524383,32.052650236027866,30.049359596276126,0.0,0.0,75
log1p_y,2024-02-20,8,32.052650236027866,36.05923151553135,34.05594087577961,0.0,0.0,96
log1p_y,2024-02-20,9,36.05923151553135,40.06581279503483,38.06252215528309,0.0,0.0,58
log1p_y,2024-02-20,10,40.06581279503483,44.072394074538316,42.06910343478657,0.0,0.0,38
log1p_y,2024-02-20,11,44.072394074538316,48.078975354041795,46.075684714290055,0.0,0.0,12
log1p_y,2024-02-21,0,0.0,4.006581279503483,2.0032906397517416,0.0,0.0,40
log1p_y,2024-02-21,1,4.006581279503483,8.013162559006966,6.009871919255225,0.0,0.0,185
log1p_y,2024-02-21,2,8.013162559006966,12.01974383851045,10.016453198758708,0.0,0.0,161
log1p_y,2024-02-21,3,12.01974383851045,16.026325118013933,14.023034478262192,0.0,0.0,154
log1p_y,2024-02-21,4,16.026325118013933,20.032906397517415,18.029615757765676,0.0,0.0,162
log1p_y,2024-02-21,5,20.032906397517415,24.0394876770209,22.036197037269158,0.0,0.0,99
log1p_y,2024-02-21,6,24.0394876770209,28.046068956524383,26.04277831677264,0.0,0.0,96
log1p_y,2024-02-21,7,28.046068956524383,32.052650236027866,30.049359596276126,0.0,0.0,75
log1p_y,2024-02-21,8,32.052650236027866,36.05923151553135,34.05594087577961,0.0,0.0,96
log1p_y,2024-02-21,9,36.05923151553135,40.06581279503483,38.06252215528309,0.0,0.0,58
log1p_y,2024-02-21,10,40.06581279503483,44.072394074538316,42.06910343478657,0.0,0.0,38
log1p_y,2024-02-21,11,44.072394074538316,48.078975354041795,46.075684714290055,0.0,0.0,12
log1p_y,2024-02-22,0,0.0,4.006581279503483,2.0032906397517416,0.006005662673977517,0.0,40
log1p_y,2024-02-22,1,4.006581279503483,8.013162559006966,6.009871919255225,0.009089651614668674,0.0,185
log1p_y,2024-02-22,2,8.013162559006966,12.01974383851045,10.016453198758708,0.013428810948024263,0.0,161
log1p_y,2024-02-22,3,12.01974383851045,16.026325118013933,14.023034478262192,0.009359474297107819,0.0,154
log1p_y,2024-02-22,4,16.026325118013933,20.032906397517415,18.029615757765676,0.005931518690348165,0.0,162
log1p_y,2024-02-22,5,20.032906397517415,24.0394876770209,22.036197037269158,0.004853060746648499,0.0,99
log1p_y,2024-02-22,6,24.0394876770209,28.046068956524383,26.04277831677264,0.010009437789962529,0.0,96
log1p_y,2024-02-22,7,28.046068956524383,32.052650236027866,30.049359596276126,0.006406040185576018,0.0,75
log1p_y,2024-02-22,8,32.052650236027866,36.05923151553135,34.05594087577961,0.01251179723745316,0.0,96
log1p_y,2024-02-22,9,36.05923151553135,40.06581279503483,38.06252215528309,0.016567345307524187,0.0,58
log1p_y,2024-02-22,10,40.06581279503483,44.072394074538316,42.06910343478657,0.025287000732536914,0.0,38
log1p_y,2024-02-22,11,44.072394074538316,48.078975354041795,46.075684714290055,0.0,0.0,12
log1p_y,2024-02-23,0,0.0,4.006581279503483,2.0032906397517416,0.0,0.0,40
log1p_y,2024-02-23,1,4.006581279503483,8.013162559006966,6.009871919255225,0.0,0.0,185
log1p_y,2024-02-23,2,8.013162559006966,12.01974383851045,10.016453198758708,0.0,0.0,161
log1p_y,2024-02-23,3,12.01974383851045,16.026325118013933,14.023034478262192,0.0,0.0,154
log1p_y,2024-02-23,4,16.026325118013933,20.032906397517415,18.029615757765676,0.0,0.0,162
log1p_y,2024-02-23,5,20.032906397517415,24.0394876770209,22.036197037269158,0.0,0.0,99
log1p_y,2024-02-23,6,24.0394876770209,28.046068956524383,26.04277831677264,0.0,0.0,96
log1p_y,2024-02-23,7,28.046068956524383,32.052650236027866,30.049359596276126,0.0,0.0,75
log1p_y,2024-02-23,8,32.052650236027866,36.05923151553135,34.05594087577961,0.0,0.0,96
log1p_y,2024-02-23,9,36.05923151553135,40.06581279503483,38.06252215528309,0.0,0.0,58
log1p_y,2024-02-23,10,40.06581279503483,44.072394074538316,42.06910343478657,0.0,0.0,38
log1p_y,2024-02-23,11,44.072394074538316,48.078975354041795,46.075684714290055,0.0,0.0,12
log1p_y,2024-02-24,0,0.0,4.006581279503483,2.0032906397517416,0.0,0.0,40
log1p_y,2024-02-24,1,4.006581279503483,8.013162559006966,6.009871919255225,0.0,0.0,185
log1p_y,2024-02-24,2,8.013162559006966,12.01974383851045,10.016453198758708,0.0,0.0,161
log1p_y,2024-02-24,3,12.01974383851045,16.026325118013933,14.023034478262192,0.0,0.0,154
log1p_y,2024-02-24,4,16.026325118013933,20.032906397517415,18.029615757765676,0.0,0.0,162
log1p_y,2024-02-24,5,20.032906397517415,24.0394876770209,22.036197037269158,0.0,0.0,99
log1p_y,2024-02-24,6,24.0394876770209,28.046068956524383,26.04277831677264,0.0,0.0,96
log1p_y,2024-02-24,7,28.046068956524383,32.052650236027866,30.049359596276126,0.0,0.0,75
log1p_y,2024-02-24,8,32.052650236027866,36.05923151553135,34.05594087577961,0.0,0.0,96
log1p_y,2024-02-24,9,36.05923151553135,40.06581279503483,38.06252215528309,0.0,0.0,58
log1p_y,2024-02-24,10,40.06581279503483,44.072394074538316,42.06910343478657,0.0,0.0,38
log1p_y,2024-02-24,11,44.072394074538316,48.078975354041795,46.075684714290055,0.0,0.0,12
log1p_y,2024-02-25,0,0.0,4.006581279503483,2.0032906397517416,0.0,0.0,40
log1p_y,2024-02-25,1,4.006581279503483,8.013162559006966,6.009871919255225,0.0,0.0,185
log1p_y,2024-02-25,2,8.013162559006966,12.01974383851045,10.016453198758708,0.0,0.0,161
log1p_y,2024-02-25,3,12.01974383851045,16.026325118013933,14.023034478262192,0.0,0.0,154
log1p_y,2024-02-25,4,16.026325118013933,20.032906397517415,18.029615757765676,0.0,0.0,162
log1p_y,2024-02-25,5,20.032906397517415,24.0394876770209,22.036197037269158,0.0,0.0,99
log1p_y,2024-02-25,6,24.0394876770209,28.046068956524383,26.04277831677264,0.0,0.0,96
log1p_y,2024-02-25,7,28.046068956524383,32.052650236027866,30.049359596276126,0.0,0.0,75
log1p_y,2024-02-25,8,32.052650236027866,36.05923151553135,34.05594087577961,0.0,0.0,96
log1p_y,2024-02-25,9,36.05923151553135,40.06581279503483,38.06252215528309,0.0,0.0,58
log1p_y,2024-02-25,10,40.06581279503483,44.072394074538316,42.06910343478657,0.0,0.0,38
log1p_y,2024-02-25,11,44.072394074538316,48.078975354041795,46.075684714290055,0.0,0.0,12
log1p_y,2024-02-26,0,0.0,4.006581279503483,2.0032906397517416,0.06939884110311435,0.0,40
log1p_y,2024-02-26,1,4.006581279503483,8.013162559006966,6.009871919255225,0.28106089931071243,0.0,185
log1p_y,2024-02-26,2,8.013162559006966,12.01974383851045,10.016453198758708,0.2290498247405123,0.0,161
log1p_y,2024-02-26,3,12.01974383851045,16.026325118013933,14.023034478262192,0.23148374738828112,0.0,154
log1p_y,2024-02-26,4,16.026325118013933,20.032906397517415,18.029615757765676,0.2640105284064481,0.0,162
log1p_y,2024-02-26,5,20.032906397517415,24.0394876770209,22.036197037269158,0.19590714473975165,0.0,99
log1p_y,2024-02-26,6,24.0394876770209,28.046068956524383,26.04277831677264,0.22896084481912896,0.0,96
log1p_y,2024-02-26,7,28.046068956524383,32.052650236027866,30.049359596276126,0.21212364668336925,0.0,75
log1p_y,2024-02-26,8,32.052650236027866,36.05923151553135,34.05594087577961,0.2633936916567821,0.0,96
log1p_y,2024-02-26,9,36.05923151553135,40.06581279503483,38.06252215528309,0.15232244677175805,0.0,58
log1p_y,2024-02-26,10,40.06581279503483,44.072394074538316,42.06910343478657,0.047642722137338764,0.0,38
log1p_y,2024-02-26,11,44.072394074538316,48.078975354041795,46.075684714290055,0.0,0.0,12
log1p_y,2024-02-27,0,0.0,4.006581279503483,2.0032906397517416,0.06944264732339808,0.0,40
log1p_y,2024-02-27,1,4.006581279503483,8.013162559006966,6.009871919255225,0.09102473341430799,0.0,185
log1p_y,2024-02-27,2,8.013162559006966,12.01974383851045,10.016453198758708,0.08512073441789404,0.0,161
log1p_y,2024-02-27,3,12.01974383851045,16.026325118013933,14.023034478262192,0.10306683915538914,0.0,154
log1p_y,2024-02-27,4,16.026325118013933,20.032906397517415,18.029615757765676,0.1332024328646301,0.0,162
log1p_y,2024-02-27,5,20.032906397517415,24.0394876770209,22.036197037269158,0.1497897598499691,0.0,99
log1p_y,2024-02-27,6,24.0394876770209,28.046068956524383,26.04277831677264,0.11046734231565523,0.0,96
log1p_y,2024-02-27,7,28.046068956524383,32.052650236027866,30.049359596276126,0.11085317876221104,0.0,75
log1p_y,2024-02-27,8,32.052650236027866,36.05923151553135,34.05594087577961,0.03887745309262166,0.0,96
log1p_y,2024-02-27,9,36.05923151553135,40.06581279503483,38.06252215528309,0.022830241401441263,0.0,58
log1p_y,2024-02-27,10,40.06581279503483,44.072394074538316,42.06910343478657,0.0,0.0,38
log1p_y,2024-02-27,11,44.072394074538316,48.078975354041795,46.075684714290055,0.0,0.0,12
log1p_y,2024-02-28,0,0.0,4.006581279503483,2.0032906397517416,0.06929723667297112,0.0,40
log1p_y,2024-02-28,1,4.006581279503483,8.013162559006966,6.009871919255225,0.0830764027557134,0.0,185
log1p_y,2024-02-28,2,8.013162559006966,12.01974383851045,10.016453198758708,0.09622109303373604,0.0,161
log1p_y,2024-02-28,3,12.01974383851045,16.026325118013933,14.023034478262192,0.13053595146891556,0.0,154
log1p_y,2024-02-28,4,16.026325118013933,20.032906397517415,18.029615757765676,0.19023944446277674,0.0,162
log1p_y,2024-02-28,5,20.032906397517415,24.0394876770209,22.036197037269158,0.19086452086263045,0.0,99
log1p_y,2024-02-28,6,24.0394876770209,28.046068956524383,26.04277831677264,0.09911584314543054,0.0,96
log1p_y,2024-02-28,7,28.046068956524383,32.052650236027866,30.049359596276126,0.04656011986576771,0.0,75
log1p_y,2024-02-28,8,32.052650236027866,36.05923151553135,34.05594087577961,0.007507078342471896,0.0,96
log1p_y,2024-02-28,9,36.05923151553135,40.06581279503483,38.06252215528309,0.004141836326881047,0.0,58
log1p_y,2024-02-28,10,40.06581279503483,44.072394074538316,42.06910343478657,0.0,0.0,38
log1p_y,2024-02-28,11,44.072394074538316,48.078975354041795,46.075684714290055,0.0,0.0,12
log1p_y,2024-02-29,0,0.0,4.006581279503483,2.0032906397517416,0.0992311101792302,0.0,40
log1p_y,2024-02-29,1,4.006581279503483,8.013162559006966,6.009871919255225,0.15187240471746405,0.0,185
log1p_y,2024-02-29,2,8.013162559006966,12.01974383851045,10.016453198758708,0.1895735064973366,0.0,161
log1p_y,2024-02-29,3,12.01974383851045,16.026325118013933,14.023034478262192,0.19967006084362787,0.0,154
log1p_y,2024-02-29,4,16.026325118013933,20.032906397517415,18.029615757765676,0.25610033370556934,0.0,162
log1p_y,2024-02-29,5,20.032906397517415,24.0394876770209,22.036197037269158,0.23543163556765512,0.0,99
log1p_y,2024-02-29,6,24.0394876770209,28.046068956524383,26.04277831677264,0.3127969775941812,0.0,96
log1p_y,2024-02-29,7,28.046068956524383,32.052650236027866,30.049359596276126,0.23687846853275554,0.0,75
log1p_y,2024-02-29,8,32.052650236027866,36.05923151553135,34.05594087577961,0.0822158627617884,0.0,96
log1p_y,2024-02-29,9,36.05923151553135,40.06581279503483,38.06252215528309,0.03535603358927541,0.0,58
log1p_y,2024-02-29,10,40.06581279503483,44.072394074538316,42.06910343478657,0.0,0.0,38
log1p_y,2024-02-29,11,44.072394074538316,48.078975354041795,46.075684714290055,0.0,0.0,12
log1p_y,2024-03-01,0,0.0,4.006581279503483,2.0032906397517416,0.08218366360903687,0.0,40
log1p_y,2024-03-01,1,4.006581279503483,8.013162559006966,6.009871919255225,0.10163412829342294,0.0,185
log1p_y,2024-03-01,2,8.013162559006966,12.01974383851045,10.016453198758708,0.08938024351587436,0.0,161
log1p_y,2024-03-01,3,12.01974383851045,16.026325118013933,14.023034478262192,0.1007465401942972,0.0,154
log1p_y,2024-03-01,4,16.026325118013933,20.032906397517415,18.029615757765676,0.10249821673002063,0.0,162
log1p_y,2024-03-01,5,20.032906397517415,24.0394876770209,22.036197037269158,0.11298054180445333,0.0,99
log1p_y,2024-03-01,6,24.0394876770209,28.046068956524383,26.04277831677264,0.12737688170233194,0.0,96
log1p_y,2024-03-01,7,28.046068956524383,32.052650236027866,30.049359596276126,0.12022958199989191,0.0,75
log1p_y,2024-03-01,8,32.052650236027866,36.05923151553135,34.05594087577961,0.06005662673977518,0.0,96
log1p_y,2024-03-01,9,36.05923151553135,40.06581279503483,38.06252215528309,0.028992854288167325,0.0,58
log1p_y,2024-03-01,10,40.06581279503483,44.072394074538316,42.06910343478657,0.03793050109880537,0.0,38
log1p_y,2024-03-01,11,44.072394074538316,48.078975354041795,46.075684714290055,0.0,0.0,12
log1p_y,2024-03-02,0,0.0,4.006581279503483,2.0032906397517416,0.0,0.0,40
log1p_y,2024-03-02,1,4.006581279503483,8.013162559006966,6.009871919255225,0.0,0.0,185
log1p_y,2024-03-02,2,8.013162559006966,12.01974383851045,10.016453198758708,0.0,0.0,161
log1p_y,2024-03-02,3,12.01974383851045,16.026325118013933,14.023034478262192,0.0,0.0,154
log1p_y,2024-03-02,4,16.026325118013933,20.032906397517415,18.029615757765676,0.0,0.0,162
log1p_y,2024-03-02,5,20.032906397517415,24.0394876770209,22.036197037269158,0.0,0.0,99
log1p_y,2024-03-02,6,24.0394876770209,28.046068956524383,26.04277831677264,0.0,0.0,96
log1p_y,2024-03-02,7,28.046068956524383,32.052650236027866,30.049359596276126,0.0,0.0,75
log1p_y,2024-03-02,8,32.052650236027866,36.05923151553135,34.05594087577961,0.0,0.0,96
log1p_y,2024-03-02,9,36.05923151553135,40.06581279503483,38.06252215528309,0.0,0.0,58
log1p_y,2024-03-02,10,40.06581279503483,44.072394074538316,42.06910343478657,0.0,0.0,38
log1p_y,2024-03-02,11,44.072394074538316,48.078975354041795,46.075684714290055,0.0,0.0,12
log1p_y,2024-03-03,0,0.0,4.006581279503483,2.0032906397517416,0.0,0.0,40
log1p_y,2024-03-03,1,4.006581279503483,8.013162559006966,6.009871919255225,0.0,0.0,185
log1p_y,2024-03-03,2,8.013162559006966,12.01974383851045,10.016453198758708,0.0,0.0,161
log1p_y,2024-03-03,3,12.01974383851045,16.026325118013933,14.023034478262192,0.0,0.0,154
log1p_y,2024-03-03,4,16.026325118013933,20.032906397517415,18.029615757765676,0.0,0.0,162
log1p_y,2024-03-03,5,20.032906397517415,24.0394876770209,22.036197037269158,0.0,0.0,99
log1p_y,2024-03-03,6,24.0394876770209,28.046068956524383,26.04277831677264,0.0,0.0,96
log1p_y,2024-03-03,7,28.046068956524383,32.052650236027866,30.049359596276126,0.0,0.0,75
log1p_y,2024-03-03,8,32.052650236027866,36.05923151553135,34.05594087577961,0.0,0.0,96
log1p_y,2024-03-03,9,36.05923151553135,40.06581279503483,38.06252215528309,0.0,0.0,58
log1p_y,2024-03-03,10,40.06581279503483,44.072394074538316,42.06910343478657,0.0,0.0,38
log1p_y,2024-03-03,11,44.072394074538316,48.078975354041795,46.075684714290055,0.0,0.0,12
log1p_y,2024-03-04,0,0.0,4.006581279503483,2.0032906397517416,0.11703283233335152,0.0,40
log1p_y,2024-03-04,1,4.006581279503483,8.013162559006966,6.009871919255225,0.17434943401013248,0.0,185
log1p_y,2024-03-04,2,8.013162559006966,12.01974383851045,10.016453198758708,0.16814798782155793,0.0,161
log1p_y,2024-03-04,3,12.01974383851045,16.026325118013933,14.023034478262192,0.1937110193448145,0.0,154
log1p_y,2024-03-04,4,16.026325118013933,20.032906397517415,18.029615757765676,0.22811841159062396,0.0,162
log1p_y,2024-03-04,5,20.032906397517415,24.0394876770209,22.036197037269158,0.21851344075982407,0.0,99
log1p_y,2024-03-04,6,24.0394876770209,28.046068956524383,26.04277831677264,0.1567428838680712,0.0,96
log1p_y,2024-03-04,7,28.046068956524383,32.052650236027866,30.049359596276126,0.1448484952642457,0.0,75
log1p_y,2024-03-04,8,32.052650236027866,36.05923151553135,34.05594087577961,0.14490821015042155,0.0,96
log1p_y,2024-03-04,9,36.05923151553135,40.06581279503483,38.06252215528309,0.062328111317597724,0.0,58
log1p_y,2024-03-04,10,40.06581279503483,44.072394074538316,42.06910343478657,0.018965250549402686,0.0,38
log1p_y,2024-03-04,11,44.072394074538316,48.078975354041795,46.075684714290055,0.0,0.0,12
log1p_y,2024-03-05,0,0.0,4.006581279503483,2.0032906397517416,0.06842213508486042,0.0,40
log1p_y,2024-03-05,1,4.006581279503483,8.013162559006966,6.009871919255225,0.20599408748333284,0.0,185
log1p_y,2024-03-05,2,8.013162559006966,12.01974383851045,10.016453198758708,0.16667860338477306,0.0,161
log1p_y,2024-03-05,3,12.01974383851045,16.026325118013933,14.023034478262192,0.18418591941342033,0.0,154
log1p_y,2024-03-05,4,16.026325118013933,20.032906397517415,18.029615757765676,0.20702608721180873,0.0,162
log1p_y,2024-03-05,5,20.032906397517415,24.0394876770209,22.036197037269158,0.18530430731750866,0.0,99
log1p_y,2024-03-05,6,24.0394876770209,28.046068956524383,26.04277831677264,0.16588970913324078,0.0,96
log1p_y,2024-03-05,7,28.046068956524383,32.052650236027866,30.049359596276126,0.16155722705293243,0.0,75
log1p_y,2024-03-05,8,32.052650236027866,36.05923151553135,34.05594087577961,0.15404657544820197,0.0,96
log1p_y,2024-03-05,9,36.05923151553135,40.06581279503483,38.06252215528309,0.08283672653762093,0.0,58
log1p_y,2024-03-05,10,40.06581279503483,44.072394074538316,42.06910343478657,0.018965250549402686,0.0,38
log1p_y,2024-03-05,11,44.072394074538316,48.078975354041795,46.075684714290055,0.0,0.0,12
log1p_y,2024-03-06,0,0.0,4.006581279503483,2.0032906397517416,0.045274585977061056,0.0,40
log1p_y,2024-03-06,1,4.006581279503483,8.013162559006966,6.009871919255225,0.17473222022423435,0.0,185
log1p_y,2024-03-06,2,8.013162559006966,12.01974383851045,10.016453198758708,0.18174466724242078,0.0,161
log1p_y,2024-03-06,3,12.01974383851045,16.026325118013933,14.023034478262192,0.21085619103546566,0.0,154
log1p_y,2024-03-06,4,16.026325118013933,20.032906397517415,18.029615757765676,0.21234593764824175,0.0,162
log1p_y,2024-03-06,5,20.032906397517415,24.0394876770209,22.036197037269158,0.1615699010488886,0.0,99
log1p_y,2024-03-06,6,24.0394876770209,28.046068956524383,26.04277831677264,0.18669842380760268,0.0,96
log1p_y,2024-03-06,7,28.046068956524383,32.052650236027866,30.049359596276126,0.12022958199989191,0.0,75
log1p_y,2024-03-06,8,32.052650236027866,36.05923151553135,34.05594087577961,0.15032333016247165,0.0,96
log1p_y,2024-03-06,9,36.05923151553135,40.06581279503483,38.06252215528309,0.14910610776771768,0.0,58
log1p_y,2024-03-06,10,40.06581279503483,44.072394074538316,42.06910343478657,0.10114800293014765,0.0,38
log1p_y,2024-03-06,11,44.072394074538316,48.078975354041795,46.075684714290055,0.0,0.0,12
log1p_y,2024-03-07,0,0.0,4.006581279503483,2.0032906397517416,0.034517509512391,0.0,40
log1p_y,2024-03-07,1,4.006581279503483,8.013162559006966,6.009871919255225,0.06194499443152831,0.0,185
log1p_y,2024-03-07,2,8.013162559006966,12.01974383851045,10.016453198758708,0.09062873316142941,0.0,161
log1p_y,2024-03-07,3,12.01974383851045,16.026325118013933,14.023034478262192,0.09847851763053865,0.0,154
log1p_y,2024-03-07,4,16.026325118013933,20.032906397517415,18.029615757765676,0.1315257934006162,0.0,162
log1p_y,2024-03-07,5,20.032906397517415,24.0394876770209,22.036197037269158,0.09452973806525045,0.0,99
log1p_y,2024-03-07,6,24.0394876770209,28.046068956524383,26.04277831677264,0.1288388418239507,0.0,96
log1p_y,2024-03-07,7,28.046068956524383,32.052650236027866,30.049359596276126,0.03648672318326296,0.0,75
log1p_y,2024-03-07,8,32.052650236027866,36.05923151553135,34.05594087577961,0.017516516132434424,0.0,96
log1p_y,2024-03-07,9,36.05923151553135,40.06581279503483,38.06252215528309,0.016567345307524187,0.0,58
log1p_y,2024-03-07,10,40.06581279503483,44.072394074538316,42.06910343478657,0.025287000732536914,0.0,38
log1p_y,2024-03-07,11,44.072394074538316,48.078975354041795,46.075684714290055,0.0,0.0,12
log1p_y,2024-03-08,0,0.0,4.006581279503483,2.0032906397517416,0.0,0.0,40
log1p_y,2024-03-08,1,4.006581279503483,8.013162559006966,6.009871919255225,0.0,0.0,185
log1p_y,2024-03-08,2,8.013162559006966,12.01974383851045,10.016453198758708,0.0,0.0,161
log1p_y,2024-03-08,3,12.01974383851045,16.026325118013933,14.023034478262192,0.0,0.0,154
log1p_y,2024-03-08,4,16.026325118013933,20.032906397517415,18.029615757765676,0.0,0.0,162
log1p_y,2024-03-08,5,20.032906397517415,24.0394876770209,22.036197037269158,0.0,0.0,99
log1p_y,2024-03-08,6,24.0394876770209,28.046068956524383,26.04277831677264,0.0,0.0,96
log1p_y,2024-03-08,7,28.046068956524383,32.052650236027866,30.049359596276126,0.0,0.0,75
log1p_y,2024-03-08,8,32.052650236027866,36.05923151553135,34.05594087577961,0.0,0.0,96
log1p_y,2024-03-08,9,36.05923151553135,40.06581279503483,38.06252215528309,0.0,0.0,58
log1p_y,2024-03-08,10,40.06581279503483,44.072394074538316,42.06910343478657,0.0,0.0,38
log1p_y,2024-03-08,11,44.072394074538316,48.078975354041795,46.075684714290055,0.0,0.0,12
log1p_y,2024-03-09,0,0.0,4.006581279503483,2.0032906397517416,0.0,0.0,40
log1p_y,2024-03-09,1,4.006581279503483,8.013162559006966,6.009871919255225,0.0,0.0,185
log1p_y,2024-03-09,2,8.013162559006966,12.01974383851045,10.016453198758708,0.0,0.0,161
log1p_y,2024-03-09,3,12.01974383851045,16.026325118013933,14.023034478262192,0.0,0.0,154
log1p_y,2024-03-09,4,16.026325118013933,20.032906397517415,18.029615757765676,0.0,0.0,162
log1p_y,2024-03-09,5,20.032906397517415,24.0394876770209,22.036197037269158,0.0,0.0,99
log1p_y,2024-03-09,6,24.0394876770209,28.046068956524383,26.04277831677264,0.0,0.0,96
log1p_y,2024-03-09,7,28.046068956524383,32.052650236027866,30.049359596276126,0.0,0.0,75
log1p_y,2024-03-09,8,32.052650236027866,36.05923151553135,34.05594087577961,0.0,0.0,96
log1p_y,2024-03-09,9,36.05923151553135,40.06581279503483,38.06252215528309,0.0,0.0,58
log1p_y,2024-03-09,10,40.06581279503483,44.072394074538316,42.06910343478657,0.0,0.0,38
log1p_y,2024-03-09,11,44.072394074538316,48.078975354041795,46.075684714290055,0.0,0.0,12
log1p_y,2024-03-10,0,0.0,4.006581279503483,2.0032906397517416,0.0,0.0,40
log1p_y,2024-03-10,1,4.006581279503483,8.013162559006966,6.009871919255225,0.0,0.0,185
log1p_y,2024-03-10,2,8.013162559006966,12.01974383851045,10.016453198758708,0.0,0.0,161
log1p_y,2024-03-10,3,12.01974383851045,16.026325118013933,14.023034478262192,0.0,0.0,154
log1p_y,2024-03-10,4,16.026325118013933,20.032906397517415,18.029615757765676,0.0,0.0,162
log1p_y,2024-03-10,5,20.032906397517415,24.0394876770209,22.036197037269158,0.0,0.0,99
log1p_y,2024-03-10,6,24.0394876770209,28.046068956524383,26.04277831677264,0.0,0.0,96
log1p_y,2024-03-10,7,28.046068956524383,32.052650236027866,30.049359596276126,0.0,0.0,75
log1p_y,2024-03-10,8,32.052650236027866,36.05923151553135,34.05594087577961,0.0,0.0,96
log1p_y,2024-03-10,9,36.05923151553135,40.06581279503483,38.06252215528309,0.0,0.0,58
log1p_y,2024-03-10,10,40.06581279503483,44.072394074538316,42.06910343478657,0.0,0.0,38
log1p_y,2024-03-10,11,44.072394074538316,48.078975354041795,46.075684714290055,0.0,0.0,12
log1p_y,2024-03-11,0,0.0,4.006581279503483,2.0032906397517416,0.07167439119231696,0.0,40
log1p_y,2024-03-11,1,4.006581279503483,8.013162559006966,6.009871919255225,0.12739392626187196,0.0,185
log1p_y,2024-03-11,2,8.013162559006966,12.01974383851045,10.016453198758708,0.10358199513961905,0.0,161
log1p_y,2024-03-11,3,12.01974383851045,16.026325118013933,14.023034478262192,0.11744422339134923,0.0,154
log1p_y,2024-03-11,4,16.026325118013933,20.032906397517415,18.029615757765676,0.11985876333732035,0.0,162
log1p_y,2024-03-11,5,20.032906397517415,24.0394876770209,22.036197037269158,0.09722260936404403,0.0,99
log1p_y,2024-03-11,6,24.0394876770209,28.046068956524383,26.04277831677264,0.08732380523649323,0.0,96
log1p_y,2024-03-11,7,28.046068956524383,32.052650236027866,30.049359596276126,0.09461863445869763,0.0,75
log1p_y,2024-03-11,8,32.052650236027866,36.05923151553135,34.05594087577961,0.1038911604260442,0.0,96
log1p_y,2024-03-11,9,36.05923151553135,40.06581279503483,38.06252215528309,0.13093928809630404,0.0,58
log1p_y,2024-03-11,10,40.06581279503483,44.072394074538316,42.06910343478657,0.047642722137338764,0.0,38
log1p_y,2024-03-11,11,44.072394074538316,48.078975354041795,46.075684714290055,0.0,0.0,12
log1p_y,2024-03-12,0,0.0,4.006581279503483,2.0032906397517416,0.0824909533082103,0.0,40
log1p_y,2024-03-12,1,4.006581279503483,8.013162559006966,6.009871919255225,0.1143946271061516,0.0,185
log1p_y,2024-03-12,2,8.013162559006966,12.01974383851045,10.016453198758708,0.16859509973455442,0.0,161
log1p_y,2024-03-12,3,12.01974383851045,16.026325118013933,14.023034478262192,0.1818258835109374,0.0,154
log1p_y,2024-03-12,4,16.026325118013933,20.032906397517415,18.029615757765676,0.24415183399348864,0.0,162
log1p_y,2024-03-12,5,20.032906397517415,24.0394876770209,22.036197037269158,0.20155631911437447,0.0,99
log1p_y,2024-03-12,6,24.0394876770209,28.046068956524383,26.04277831677264,0.28465774432672536,0.0,96
log1p_y,2024-03-12,7,28.046068956524383,32.052650236027866,30.049359596276126,0.14109536515660548,0.0,75
log1p_y,2024-03-12,8,32.052650236027866,36.05923151553135,34.05594087577961,0.056575732538089785,0.0,96
log1p_y,2024-03-12,9,36.05923151553135,40.06581279503483,38.06252215528309,0.010404732420798122,0.0,58
log1p_y,2024-03-12,10,40.06581279503483,44.072394074538316,42.06910343478657,0.0,0.0,38
log1p_y,2024-03-12,11,44.072394074538316,48.078975354041795,46.075684714290055,0.0,0.0,12
log1p_y,2024-03-13,0,0.0,4.006581279503483,2.0032906397517416,0.06803687392037798,0.0,40
log1p_y,2024-03-13,1,4.006581279503483,8.013162559006966,6.009871919255225,0.16595362252053183,0.0,185
log1p_y,2024-03-13,2,8.013162559006966,12.01974383851045,10.016453198758708,0.2254395187108805,0.0,161
log1p_y,2024-03-13,3,12.01974383851045,16.026325118013933,14.023034478262192,0.22910767517047761,0.0,154
log1p_y,2024-03-13,4,16.026325118013933,20.032906397517415,18.029615757765676,0.2929344818750771,0.2402265069591007,162
log1p_y,2024-03-13,5,20.032906397517415,24.0394876770209,22.036197037269158,0.2784038358851181,0.0,99
log1p_y,2024-03-13,6,24.0394876770209,28.046068956524383,26.04277831677264,0.3211952557648356,0.0,96
log1p_y,2024-03-13,7,28.046068956524383,32.052650236027866,30.049359596276126,0.23592434699948006,0.0,75
log1p_y,2024-03-13,8,32.052650236027866,36.05923151553135,34.05594087577961,0.08202454044572015,0.0,96
log1p_y,2024-03-13,9,36.05923151553135,40.06581279503483,38.06252215528309,0.026972077728322306,0.0,58
log1p_y,2024-03-13,10,40.06581279503483,44.072394074538316,42.06910343478657,0.025287000732536914,0.0,38
log1p_y,2024-03-13,11,44.072394074538316,48.078975354041795,46.075684714290055,0.0,0.0,12
log1p_y,2024-03-14,0,0.0,4.006581279503483,2.0032906397517416,0.043737469326816804,0.0,40
log1p_y,2024-03-14,1,4.006581279503483,8.013162559006966,6.009871919255225,0.11060759001559582,0.0,185
log1p_y,2024-03-14,2,8.013162559006966,12.01974383851045,10.016453198758708,0.1876341129381783,0.0,161
log1p_y,2024-03-14,3,12.01974383851045,16.026325118013933,14.023034478262192,0.24868264927246503,0.0,154
log1p_y,2024-03-14,4,16.026325118013933,20.032906397517415,18.029615757765676,0.3352591324075141,0.2402265069591007,162
log1p_y,2024-03-14,5,20.032906397517415,24.0394876770209,22.036197037269158,0.3053204070132507,0.2402265069591007,99
log1p_y,2024-03-14,6,24.0394876770209,28.046068956524383,26.04277831677264,0.22308274123045532,0.0,96
log1p_y,2024-03-14,7,28.046068956524383,32.052650236027866,30.049359596276126,0.09593409132422542,0.0,75
log1p_y,2024-03-14,8,32.052650236027866,36.05923151553135,34.05594087577961,0.03759597948337071,0.0,96
log1p_y,2024-03-14,9,36.05923151553135,40.06581279503483,38.06252215528309,0.02070918163440523,0.0,58
log1p_y,2024-03-14,10,40.06581279503483,44.072394074538316,42.06910343478657,0.025287000732536914,0.0,38
log1p_y,2024-03-14,11,44.072394074538316,48.078975354041795,46.075684714290055,0.0,0.0,12
log1p_y,2024-03-15,0,0.0,4.006581279503483,2.0032906397517416,0.052300760889576234,0.0,40
log1p_y,2024-03-15,1,4.006581279503483,8.013162559006966,6.009871919255225,0.11597714950044315,0.0,185
log1p_y,2024-03-15,2,8.013162559006966,12.01974383851045,10.016453198758708,0.15240234014150092,0.0,161
log1p_y,2024-03-15,3,12.01974383851045,16.026325118013933,14.023034478262192,0.1877865172444039,0.0,154
log1p_y,2024-03-15,4,16.026325118013933,20.032906397517415,18.029615757765676,0.2650199785991576,0.0,162
log1p_y,2024-03-15,5,20.032906397517415,24.0394876770209,22.036197037269158,0.2454784513317134,0.0,99
log1p_y,2024-03-15,6,24.0394876770209,28.046068956524383,26.04277831677264,0.20322473856368464,0.0,96
log1p_y,2024-03-15,7,28.046068956524383,32.052650236027866,30.049359596276126,0.13490713899338738,0.0,75
log1p_y,2024-03-15,8,32.052650236027866,36.05923151553135,34.05594087577961,0.03008890114089882,0.0,96
log1p_y,2024-03-15,9,36.05923151553135,40.06581279503483,38.06252215528309,0.004141836326881047,0.0,58
log1p_y,2024-03-15,10,40.06581279503483,44.072394074538316,42.06910343478657,0.0,0.0,38
log1p_y,2024-03-15,11,44.072394074538316,48.078975354041795,46.075684714290055,0.0,0.0,12
log1p_y,2024-03-16,0,0.0,4.006581279503483,2.0032906397517416,0.0,0.0,40
log1p_y,2024-03-16,1,4.006581279503483,8.013162559006966,6.009871919255225,0.0,0.0,185
log1p_y,2024-03-16,2,8.013162559006966,12.01974383851045,10.016453198758708,0.0,0.0,161
log1p_y,2024-03-16,3,12.01974383851045,16.026325118013933,14.023034478262192,0.0,0.0,154
log1p_y,2024-03-16,4,16.026325118013933,20.032906397517415,18.029615757765676,0.0,0.0,162
log1p_y,2024-03-16,5,20.032906397517415,24.0394876770209,22.036197037269158,0.0,0.0,99
log1p_y,2024-03-16,6,24.0394876770209,28.046068956524383,26.04277831677264,0.0,0.0,96
log1p_y,2024-03-16,7,28.046068956524383,32.052650236027866,30.049359596276126,0.0,0.0,75
log1p_y,2024-03-16,8,32.052650236027866,36.05923151553135,34.05594087577961,0.0,0.0,96
log1p_y,2024-03-16,9,36.05923151553135,40.06581279503483,38.06252215528309,0.0,0.0,58
log1p_y,2024-03-16,10,40.06581279503483,44.072394074538316,42.06910343478657,0.0,0.0,38
log1p_y,2024-03-16,11,44.072394074538316,48.078975354041795,46.075684714290055,0.0,0.0,12
log1p_y,2024-03-17,0,0.0,4.006581279503483,2.0032906397517416,0.0,0.0,40
log1p_y,2024-03-17,1,4.006581279503483,8.013162559006966,6.009871919255225,0.0,0.0,185
log1p_y,2024-03-17,2,8.013162559006966,12.01974383851045,10.016453198758708,0.0,0.0,161
log1p_y,2024-03-17,3,12.01974383851045,16.026325118013933,14.023034478262192,0.0,0.0,154
log1p_y,2024-03-17,4,16.026325118013933,20.032906397517415,18.029615757765676,0.0,0.0,162
log1p_y,2024-03-17,5,20.032906397517415,24.0394876770209,22.036197037269158,0.0,0.0,99
log1p_y,2024-03-17,6,24.0394876770209,28.046068956524383,26.04277831677264,0.0,0.0,96
log1p_y,2024-03-17,7,28.046068956524383,32.052650236027866,30.049359596276126,0.0,0.0,75
log1p_y,2024-03-17,8,32.052650236027866,36.05923151553135,34.05594087577961,0.0,0.0,96
log1p_y,2024-03-17,9,36.05923151553135,40.06581279503483,38.06252215528309,0.0,0.0,58
log1p_y,2024-03-17,10,40.06581279503483,44.072394074538316,42.06910343478657,0.0,0.0,38
log1p_y,2024-03-17,11,44.072394074538316,48.078975354041795,46.075684714290055,0.0,0.0,12
log1p_y,2024-03-18,0,0.0,4.006581279503483,2.0032906397517416,0.08232907425946383,0.0,40
log1p_y,2024-03-18,1,4.006581279503483,8.013162559006966,6.009871919255225,0.08203299954740559,0.0,185
log1p_y,2024-03-18,2,8.013162559006966,12.01974383851045,10.016453198758708,0.10266389165961122,0.0,161
log1p_y,2024-03-18,3,12.01974383851045,16.026325118013933,14.023034478262192,0.16024982474331215,0.0,154
log1p_y,2024-03-18,4,16.026325118013933,20.032906397517415,18.029615757765676,0.21320612745572443,0.0,162
log1p_y,2024-03-18,5,20.032906397517415,24.0394876770209,22.036197037269158,0.19080576908468014,0.0,99
log1p_y,2024-03-18,6,24.0394876770209,28.046068956524383,26.04277831677264,0.10784380732614213,0.0,96
log1p_y,2024-03-18,7,28.046068956524383,32.052650236027866,30.049359596276126,0.027264446962145274,0.0,75
log1p_y,2024-03-18,8,32.052650236027866,36.05923151553135,34.05594087577961,0.0,0.0,96
log1p_y,2024-03-18,9,36.05923151553135,40.06581279503483,38.06252215528309,0.0,0.0,58
log1p_y,2024-03-18,10,40.06581279503483,44.072394074538316,42.06910343478657,0.0,0.0,38
log1p_y,2024-03-18,11,44.072394074538316,48.078975354041795,46.075684714290055,0.0,0.0,12
log1p_y,2024-03-19,0,0.0,4.006581279503483,2.0032906397517416,0.0351588744557544,0.0,40
log1p_y,2024-03-19,1,4.006581279503483,8.013162559006966,6.009871919255225,0.05944789443849195,0.0,185
log1p_y,2024-03-19,2,8.013162559006966,12.01974383851045,10.016453198758708,0.04337899366375874,0.0,161
log1p_y,2024-03-19,3,12.01974383851045,16.026325118013933,14.023034478262192,0.05471024040012832,0.0,154
log1p_y,2024-03-19,4,16.026325118013933,20.032906397517415,18.029615757765676,0.0534554759417394,0.0,162
log1p_y,2024-03-19,5,20.032906397517415,24.0394876770209,22.036197037269158,0.06687646471129259,0.0,99
log1p_y,2024-03-19,6,24.0394876770209,28.046068956524383,26.04277831677264,0.06646399478602985,0.0,96
log1p_y,2024-03-19,7,28.046068956524383,32.052650236027866,30.049359596276126,0.07710513926759537,0.0,75
log1p_y,2024-03-19,8,32.052650236027866,36.05923151553135,34.05594087577961,0.03387273419764039,0.0,96
log1p_y,2024-03-19,9,36.05923151553135,40.06581279503483,38.06252215528309,0.022830241401441263,0.0,58
log1p_y,2024-03-19,10,40.06581279503483,44.072394074538316,42.06910343478657,0.0,0.0,38
log1p_y,2024-03-19,11,44.072394074538316,48.078975354041795,46.075684714290055,0.0,0.0,12
log1p_y,2024-03-20,0,0.0,4.006581279503483,2.0032906397517416,0.060890476763166425,0.0,40
log1p_y,2024-03-20,1,4.006581279503483,8.013162559006966,6.009871919255225,0.08776783485779155,0.0,185
log1p_y,2024-03-20,2,8.013162559006966,12.01974383851045,10.016453198758708,0.1109340650572853,0.0,161
log1p_y,2024-03-20,3,12.01974383851045,16.026325118013933,14.023034478262192,0.13062620583798346,0.0,154
log1p_y,2024-03-20,4,16.026325118013933,20.032906397517415,18.029615757765676,0.18078305211802484,0.0,162
log1p_y,2024-03-20,5,20.032906397517415,24.0394876770209,22.036197037269158,0.14306034553173544,0.0,99
log1p_y,2024-03-20,6,24.0394876770209,28.046068956524383,26.04277831677264,0.18354331215899825,0.0,96
log1p_y,2024-03-20,7,28.046068956524383,32.052650236027866,30.049359596276126,0.08383600880748479,0.0,75
log1p_y,2024-03-20,8,32.052650236027866,36.05923151553135,34.05594087577961,0.0050047188949812645,0.0,96
log1p_y,2024-03-20,9,36.05923151553135,40.06581279503483,38.06252215528309,0.0,0.0,58
log1p_y,2024-03-20,10,40.06581279503483,44.072394074538316,42.06910343478657,0.0,0.0,38
log1p_y,2024-03-20,11,44.072394074538316,48.078975354041795,46.075684714290055,0.0,0.0,12
log1p_y,2024-03-21,0,0.0,4.006581279503483,2.0032906397517416,0.05405096406579766,0.0,40
log1p_y,2024-03-21,1,4.006581279503483,8.013162559006966,6.009871919255225,0.06103051798420396,0.0,185
log1p_y,2024-03-21,2,8.013162559006966,12.01974383851045,10.016453198758708,0.07311241516146542,0.0,161
log1p_y,2024-03-21,3,12.01974383851045,16.026325118013933,14.023034478262192,0.08579518105682167,0.0,154
log1p_y,2024-03-21,4,16.026325118013933,20.032906397517415,18.029615757765676,0.12307901282472443,0.0,162
log1p_y,2024-03-21,5,20.032906397517415,24.0394876770209,22.036197037269158,0.10434080605294271,0.0,99
log1p_y,2024-03-21,6,24.0394876770209,28.046068956524383,26.04277831677264,0.1076014562420972,0.0,96
log1p_y,2024-03-21,7,28.046068956524383,32.052650236027866,30.049359596276126,0.06085738176297218,0.0,75
log1p_y,2024-03-21,8,32.052650236027866,36.05923151553135,34.05594087577961,0.017516516132434424,0.0,96
log1p_y,2024-03-21,9,36.05923151553135,40.06581279503483,38.06252215528309,0.004141836326881047,0.0,58
log1p_y,2024-03-21,10,40.06581279503483,44.072394074538316,42.06910343478657,0.0,0.0,38
log1p_y,2024-03-21,11,44.072394074538316,48.078975354041795,46.075684714290055,0.0,0.0,12
log1p_y,2024-03-22,0,0.0,4.006581279503483,2.0032906397517416,0.04614968756517176,0.0,40
log1p_y,2024-03-22,1,4.006581279503483,8.013162559006966,6.009871919255225,0.07306665179017854,0.0,185
log1p_y,2024-03-22,2,8.013162559006966,12.01974383851045,10.016453198758708,0.08293744488999914,0.0,161
log1p_y,2024-03-22,3,12.01974383851045,16.026325118013933,14.023034478262192,0.0921481375885596,0.0,154
log1p_y,2024-03-22,4,16.026325118013933,20.032906397517415,18.029615757765676,0.1202209650724592,0.0,162
log1p_y,2024-03-22,5,20.032906397517415,24.0394876770209,22.036197037269158,0.10445830960884328,0.0,99
log1p_y,2024-03-22,6,24.0394876770209,28.046068956524383,26.04277831677264,0.12529973568756533,0.0,96
log1p_y,2024-03-22,7,28.046068956524383,32.052650236027866,30.049359596276126,0.08991721963874741,0.0,75
log1p_y,2024-03-22,8,32.052650236027866,36.05923151553135,34.05594087577961,0.012572385008464396,0.0,96
log1p_y,2024-03-22,9,36.05923151553135,40.06581279503483,38.06252215528309,0.0,0.0,58
log1p_y,2024-03-22,10,40.06581279503483,44.072394074538316,42.06910343478657,0.0,0.0,38
log1p_y,2024-03-22,11,44.072394074538316,48.078975354041795,46.075684714290055,0.0,0.0,12
log1p_y,2024-03-23,0,0.0,4.006581279503483,2.0032906397517416,0.0,0.0,40
log1p_y,2024-03-23,1,4.006581279503483,8.013162559006966,6.009871919255225,0.0,0.0,185
log1p_y,2024-03-23,2,8.013162559006966,12.01974383851045,10.016453198758708,0.0,0.0,161
log1p_y,2024-03-23,3,12.01974383851045,16.026325118013933,14.023034478262192,0.0,0.0,154
log1p_y,2024-03-23,4,16.026325118013933,20.032906397517415,18.029615757765676,0.0,0.0,162
log1p_y,2024-03-23,5,20.032906397517415,24.0394876770209,22.036197037269158,0.0,0.0,99
log1p_y,2024-03-23,6,24.0394876770209,28.046068956524383,26.04277831677264,0.0,0.0,96
log1p_y,2024-03-23,7,28.046068956524383,32.052650236027866,30.049359596276126,0.0,0.0,75
log1p_y,2024-03-23,8,32.052650236027866,36.05923151553135,34.05594087577961,0.0,0.0,96
log1p_y,2024-03-23,9,36.05923151553135,40.06581279503483,38.06252215528309,0.0,0.0,58
log1p_y,2024-03-23,10,40.06581279503483,44.072394074538316,42.06910343478657,0.0,0.0,38
log1p_y,2024-03-23,11,44.072394074538316,48.078975354041795,46.075684714290055,0.0,0.0,12
log1p_y,2024-03-24,0,0.0,4.006581279503483,2.0032906397517416,0.0,0.0,40
log1p_y,2024-03-24,1,4.006581279503483,8.013162559006966,6.009871919255225,0.0,0.0,185
log1p_y,2024-03-24,2,8.013162559006966,12.01974383851045,10.016453198758708,0.0,0.0,161
log1p_y,2024-03-24,3,12.01974383851045,16.026325118013933,14.023034478262192,0.0,0.0,154
log1p_y,2024-03-24,4,16.026325118013933,20.032906397517415,18.029615757765676,0.0,0.0,162
log1p_y,2024-03-24,5,20.032906397517415,24.0394876770209,22.036197037269158,0.0,0.0,99
log1p_y,2024-03-24,6,24.0394876770209,28.046068956524383,26.04277831677264,0.0,0.0,96
log1p_y,2024-03-24,7,28.046068956524383,32.052650236027866,30.049359596276126,0.0,0.0,75
log1p_y,2024-03-24,8,32.052650236027866,36.05923151553135,34.05594087577961,0.0,0.0,96
log1p_y,2024-03-24,9,36.05923151553135,40.06581279503483,38.06252215528309,0.0,0.0,58
log1p_y,2024-03-24,10,40.06581279503483,44.072394074538316,42.06910343478657,0.0,0.0,38
log1p_y,2024-03-24,11,44.072394074538316,48.078975354041795,46.075684714290055,0.0,0.0,12
log1p_y,2024-03-25,0,0.0,4.006581279503483,2.0032906397517416,0.06020203739020215,0.0,40
log1p_y,2024-03-25,1,4.006581279503483,8.013162559006966,6.009871919255225,0.0924526129619455,0.0,185
log1p_y,2024-03-25,2,8.013162559006966,12.01974383851045,10.016453198758708,0.08101052169740315,0.0,161
log1p_y,2024-03-25,3,12.01974383851045,16.026325118013933,14.023034478262192,0.10793610641762715,0.0,154
log1p_y,2024-03-25,4,16.026325118013933,20.032906397517415,18.029615757765676,0.12719910644567603,0.0,162
log1p_y,2024-03-25,5,20.032906397517415,24.0394876770209,22.036197037269158,0.12002406008109,0.0,99
log1p_y,2024-03-25,6,24.0394876770209,28.046068956524383,26.04277831677264,0.09869062971270652,0.0,96
log1p_y,2024-03-25,7,28.046068956524383,32.052650236027866,30.049359596276126,0.06741852664233697,0.0,75
log1p_y,2024-03-25,8,32.052650236027866,36.05923151553135,34.05594087577961,0.030028313369887583,0.0,96
log1p_y,2024-03-25,9,36.05923151553135,40.06581279503483,38.06252215528309,0.03313469061504837,0.0,58
log1p_y,2024-03-25,10,40.06581279503483,44.072394074538316,42.06910343478657,0.025287000732536914,0.0,38
log1p_y,2024-03-25,11,44.072394074538316,48.078975354041795,46.075684714290055,0.0,0.0,12
log1p_y,2024-03-26,0,0.0,4.006581279503483,2.0032906397517416,0.11921926746085383,0.0,40
log1p_y,2024-03-26,1,4.006581279503483,8.013162559006966,6.009871919255225,0.20392815606667702,0.0,185
log1p_y,2024-03-26,2,8.013162559006966,12.01974383851045,10.016453198758708,0.1899308415067484,0.0,161
log1p_y,2024-03-26,3,12.01974383851045,16.026325118013933,14.023034478262192,0.17775622562499377,0.0,154
log1p_y,2024-03-26,4,16.026325118013933,20.032906397517415,18.029615757765676,0.15979287804191272,0.0,162
log1p_y,2024-03-26,5,20.032906397517415,24.0394876770209,22.036197037269158,0.16642986231296597,0.0,99
log1p_y,2024-03-26,6,24.0394876770209,28.046068956524383,26.04277831677264,0.25243631296370445,0.0,96
log1p_y,2024-03-26,7,28.046068956524383,32.052650236027866,30.049359596276126,0.27341967978077053,0.0,75
log1p_y,2024-03-26,8,32.052650236027866,36.05923151553135,34.05594087577961,0.112538655019343,0.0,96
log1p_y,2024-03-26,9,36.05923151553135,40.06581279503483,38.06252215528309,0.03535603358927541,0.0,58
log1p_y,2024-03-26,10,40.06581279503483,44.072394074538316,42.06910343478657,0.0,0.0,38
log1p_y,2024-03-26,11,44.072394074538316,48.078975354041795,46.075684714290055,0.0,0.0,12
log1p_y,2024-03-27,0,0.0,4.006581279503483,2.0032906397517416,0.0,0.0,40
log1p_y,2024-03-27,1,4.006581279503483,8.013162559006966,6.009871919255225,0.0,0.0,185
log1p_y,2024-03-27,2,8.013162559006966,12.01974383851045,10.016453198758708,0.0,0.0,161
log1p_y,2024-03-27,3,12.01974383851045,16.026325118013933,14.023034478262192,0.0,0.0,154
log1p_y,2024-03-27,4,16.026325118013933,20.032906397517415,18.029615757765676,0.0,0.0,162
log1p_y,2024-03-27,5,20.032906397517415,24.0394876770209,22.036197037269158,0.0,0.0,99
log1p_y,2024-03-27,6,24.0394876770209,28.046068956524383,26.04277831677264,0.0,0.0,96
log1p_y,2024-03-27,7,28.046068956524383,32.052650236027866,30.049359596276126,0.0,0.0,75
log1p_y,2024-03-27,8,32.052650236027866,36.05923151553135,34.05594087577961,0.0,0.0,96
log1p_y,2024-03-27,9,36.05923151553135,40.06581279503483,38.06252215528309,0.0,0.0,58
log1p_y,2024-03-27,10,40.06581279503483,44.072394074538316,42.06910343478657,0.0,0.0,38
log1p_y,2024-03-27,11,44.072394074538316,48.078975354041795,46.075684714290055,0.0,0.0,12
log1p_y,2024-03-28,0,0.0,4.006581279503483,2.0032906397517416,0.0,0.0,40
log1p_y,2024-03-28,1,4.006581279503483,8.013162559006966,6.009871919255225,0.0,0.0,185
log1p_y,2024-03-28,2,8.013162559006966,12.01974383851045,10.016453198758708,0.0,0.0,161
log1p_y,2024-03-28,3,12.01974383851045,16.026325118013933,14.023034478262192,0.0,0.0,154
log1p_y,2024-03-28,4,16.026325118013933,20.032906397517415,18.029615757765676,0.0,0.0,162
log1p_y,2024-03-28,5,20.032906397517415,24.0394876770209,22.036197037269158,0.0,0.0,99
log1p_y,2024-03-28,6,24.0394876770209,28.046068956524383,26.04277831677264,0.0,0.0,96
log1p_y,2024-03-28,7,28.046068956524383,32.052650236027866,30.049359596276126,0.0,0.0,75
log1p_y,2024-03-28,8,32.052650236027866,36.05923151553135,34.05594087577961,0.0,0.0,96
log1p_y,2024-03-28,9,36.05923151553135,40.06581279503483,38.06252215528309,0.0,0.0,58
log1p_y,2024-03-28,10,40.06581279503483,44.072394074538316,42.06910343478657,0.0,0.0,38
log1p_y,2024-03-28,11,44.072394074538316,48.078975354041795,46.075684714290055,0.0,0.0,12
log1p_y,2024-03-29,0,0.0,4.006581279503483,2.0032906397517416,0.006005662673977517,0.0,40
log1p_y,2024-03-29,1,4.006581279503483,8.013162559006966,6.009871919255225,0.009089651614668674,0.0,185
log1p_y,2024-03-29,2,8.013162559006966,12.01974383851045,10.016453198758708,0.008952540632016174,0.0,161
log1p_y,2024-03-29,3,12.01974383851045,16.026325118013933,14.023034478262192,0.010919386679959122,0.0,154
log1p_y,2024-03-29,4,16.026325118013933,20.032906397517415,18.029615757765676,0.008897278035522246,0.0,162
log1p_y,2024-03-29,5,20.032906397517415,24.0394876770209,22.036197037269158,0.007279591119972748,0.0,99
log1p_y,2024-03-29,6,24.0394876770209,28.046068956524383,26.04277831677264,0.007507078342471896,0.0,96
log1p_y,2024-03-29,7,28.046068956524383,32.052650236027866,30.049359596276126,0.009609060278364027,0.0,75
log1p_y,2024-03-29,8,32.052650236027866,36.05923151553135,34.05594087577961,0.012511797237453161,0.0,96
log1p_y,2024-03-29,9,36.05923151553135,40.06581279503483,38.06252215528309,0.016567345307524187,0.0,58
log1p_y,2024-03-29,10,40.06581279503483,44.072394074538316,42.06910343478657,0.018965250549402686,0.0,38
log1p_y,2024-03-29,11,44.072394074538316,48.078975354041795,46.075684714290055,0.0,0.0,12
log1p_y,2024-03-30,0,0.0,4.006581279503483,2.0032906397517416,0.0,0.0,40
log1p_y,2024-03-30,1,4.006581279503483,8.013162559006966,6.009871919255225,0.0,0.0,185
log1p_y,2024-03-30,2,8.013162559006966,12.01974383851045,10.016453198758708,0.0,0.0,161
log1p_y,2024-03-30,3,12.01974383851045,16.026325118013933,14.023034478262192,0.0,0.0,154
log1p_y,2024-03-30,4,16.026325118013933,20.032906397517415,18.029615757765676,0.0,0.0,162
log1p_y,2024-03-30,5,20.032906397517415,24.0394876770209,22.036197037269158,0.0,0.0,99
log1p_y,2024-03-30,6,24.0394876770209,28.046068956524383,26.04277831677264,0.0,0.0,96
log1p_y,2024-03-30,7,28.046068956524383,32.052650236027866,30.049359596276126,0.0,0.0,75
log1p_y,2024-03-30,8,32.052650236027866,36.05923151553135,34.05594087577961,0.0,0.0,96
log1p_y,2024-03-30,9,36.05923151553135,40.06581279503483,38.06252215528309,0.0,0.0,58
log1p_y,2024-03-30,10,40.06581279503483,44.072394074538316,42.06910343478657,0.0,0.0,38
log1p_y,2024-03-30,11,44.072394074538316,48.078975354041795,46.075684714290055,0.0,0.0,12
log1p_y,2024-03-31,0,0.0,4.006581279503483,2.0032906397517416,0.0,0.0,40
log1p_y,2024-03-31,1,4.006581279503483,8.013162559006966,6.009871919255225,0.0,0.0,185
log1p_y,2024-03-31,2,8.013162559006966,12.01974383851045,10.016453198758708,0.0,0.0,161
log1p_y,2024-03-31,3,12.01974383851045,16.026325118013933,14.023034478262192,0.0,0.0,154
log1p_y,2024-03-31,4,16.026325118013933,20.032906397517415,18.029615757765676,0.0,0.0,162
log1p_y,2024-03-31,5,20.032906397517415,24.0394876770209,22.036197037269158,0.0,0.0,99
log1p_y,2024-03-31,6,24.0394876770209,28.046068956524383,26.04277831677264,0.0,0.0,96
log1p_y,2024-03-31,7,28.046068956524383,32.052650236027866,30.049359596276126,0.0,0.0,75
log1p_y,2024-03-31,8,32.052650236027866,36.05923151553135,34.05594087577961,0.0,0.0,96
log1p_y,2024-03-31,9,36.05923151553135,40.06581279503483,38.06252215528309,0.0,0.0,58
log1p_y,2024-03-31,10,40.06581279503483,44.072394074538316,42.06910343478657,0.0,0.0,38
log1p_y,2024-03-31,11,44.072394074538316,48.078975354041795,46.075684714290055,0.0,0.0,12
log1p_y,2024-04-01,0,0.0,4.006581279503483,2.0032906397517416,0.0,0.0,40
log1p_y,2024-04-01,1,4.006581279503483,8.013162559006966,6.009871919255225,0.0,0.0,185
log1p_y,2024-04-01,2,8.013162559006966,12.01974383851045,10.016453198758708,0.0,0.0,161
log1p_y,2024-04-01,3,12.01974383851045,16.026325118013933,14.023034478262192,0.0,0.0,154
log1p_y,2024-04-01,4,16.026325118013933,20.032906397517415,18.029615757765676,0.0,0.0,162
log1p_y,2024-04-01,5,20.032906397517415,24.0394876770209,22.036197037269158,0.0,0.0,99
log1p_y,2024-04-01,6,24.0394876770209,28.046068956524383,26.04277831677264,0.0,0.0,96
log1p_y,2024-04-01,7,28.046068956524383,32.052650236027866,30.049359596276126,0.0,0.0,75
log1p_y,2024-04-01,8,32.052650236027866,36.05923151553135,34.05594087577961,0.0,0.0,96
log1p_y,2024-04-01,9,36.05923151553135,40.06581279503483,38.06252215528309,0.0,0.0,58
log1p_y,2024-04-01,10,40.06581279503483,44.072394074538316,42.06910343478657,0.0,0.0,38
log1p_y,2024-04-01,11,44.072394074538316,48.078975354041795,46.075684714290055,0.0,0.0,12
log1p_y,2024-04-02,0,0.0,4.006581279503483,2.0032906397517416,0.07133826115004646,0.0,40
log1p_y,2024-04-02,1,4.006581279503483,8.013162559006966,6.009871919255225,0.10283775922037379,0.0,185
log1p_y,2024-04-02,2,8.013162559006966,12.01974383851045,10.016453198758708,0.0758062697635627,0.0,161
log1p_y,2024-04-02,3,12.01974383851045,16.026325118013933,14.023034478262192,0.09097023666971032,0.0,154
log1p_y,2024-04-02,4,16.026325118013933,20.032906397517415,18.029615757765676,0.09218986675051724,0.0,162
log1p_y,2024-04-02,5,20.032906397517415,24.0394876770209,22.036197037269158,0.11191415606266693,0.0,99
log1p_y,2024-04-02,6,24.0394876770209,28.046068956524383,26.04277831677264,0.10876065527368028,0.0,96
log1p_y,2024-04-02,7,28.046068956524383,32.052650236027866,30.049359596276126,0.10069984528996026,0.0,75
log1p_y,2024-04-02,8,32.052650236027866,36.05923151553135,34.05594087577961,0.05639396922505608,0.0,96
log1p_y,2024-04-02,9,36.05923151553135,40.06581279503483,38.06252215528309,0.05596493201648964,0.0,58
log1p_y,2024-04-02,10,40.06581279503483,44.072394074538316,42.06910343478657,0.03160875091567114,0.0,38
log1p_y,2024-04-02,11,44.072394074538316,48.078975354041795,46.075684714290055,0.0,0.0,12
log1p_y,2024-04-03,0,0.0,4.006581279503483,2.0032906397517416,0.1596729980834878,0.0,40
log1p_y,2024-04-03,1,4.006581279503483,8.013162559006966,6.009871919255225,0.23370680162206653,0.0,185
log1p_y,2024-04-03,2,8.013162559006966,12.01974383851045,10.016453198758708,0.1894941327264713,0.0,161
log1p_y,2024-04-03,3,12.01974383851045,16.026325118013933,14.023034478262192,0.18303851479515507,0.0,154
log1p_y,2024-04-03,4,16.026325118013933,20.032906397517415,18.029615757765676,0.18492996435715053,0.0,162
log1p_y,2024-04-03,5,20.032906397517415,24.0394876770209,22.036197037269158,0.15162770671225553,0.0,99
log1p_y,2024-04-03,6,24.0394876770209,28.046068956524383,26.04277831677264,0.2019549315765914,0.0,96
log1p_y,2024-04-03,7,28.046068956524383,32.052650236027866,30.049359596276126,0.17500606624122747,0.0,75
log1p_y,2024-04-03,8,32.052650236027866,36.05923151553135,34.05594087577961,0.2086721708246265,0.0,96
log1p_y,2024-04-03,9,36.05923151553135,40.06581279503483,38.06252215528309,0.13304017849614855,0.0,58
log1p_y,2024-04-03,10,40.06581279503483,44.072394074538316,42.06910343478657,0.1429281664120163,0.0,38
log1p_y,2024-04-03,11,44.072394074538316,48.078975354041795,46.075684714290055,0.0,0.0,12
log1p_y,2024-04-04,0,0.0,4.006581279503483,2.0032906397517416,0.17474586014705584,0.0,40
log1p_y,2024-04-04,1,4.006581279503483,8.013162559006966,6.009871919255225,0.23235565071384404,0.0,185
log1p_y,2024-04-04,2,8.013162559006966,12.01974383851045,10.016453198758708,0.21735897178052532,0.0,161
log1p_y,2024-04-04,3,12.01974383851045,16.026325118013933,14.023034478262192,0.22674292146581218,0.0,154
log1p_y,2024-04-04,4,16.026325118013933,20.032906397517415,18.029615757765676,0.23590635373004407,0.0,162
log1p_y,2024-04-04,5,20.032906397517415,24.0394876770209,22.036197037269158,0.18369112021040537,0.0,99
log1p_y,2024-04-04,6,24.0394876770209,28.046068956524383,26.04277831677264,0.22830892080960216,0.0,96
log1p_y,2024-04-04,7,28.046068956524383,32.052650236027866,30.049359596276126,0.20700640061638387,0.0,75
log1p_y,2024-04-04,8,32.052650236027866,36.05923151553135,34.05594087577961,0.1575147039920843,0.0,96
log1p_y,2024-04-04,9,36.05923151553135,40.06581279503483,38.06252215528309,0.13555453504985182,0.0,58
log1p_y,2024-04-04,10,40.06581279503483,44.072394074538316,42.06910343478657,0.025287000732536914,0.0,38
log1p_y,2024-04-04,11,44.072394074538316,48.078975354041795,46.075684714290055,0.0,0.0,12
log1p_y,2024-04-05,0,0.0,4.006581279503483,2.0032906397517416,0.047170199803709435,0.0,40
log1p_y,2024-04-05,1,4.006581279503483,8.013162559006966,6.009871919255225,0.06356411071102605,0.0,185
log1p_y,2024-04-05,2,8.013162559006966,12.01974383851045,10.016453198758708,0.07351394430105171,0.0,161
log1p_y,2024-04-05,3,12.01974383851045,16.026325118013933,14.023034478262192,0.05783006516583092,0.0,154
log1p_y,2024-04-05,4,16.026325118013933,20.032906397517415,18.029615757765676,0.05869941059224847,0.0,162
log1p_y,2024-04-05,5,20.032906397517415,24.0394876770209,22.036197037269158,0.05350117176903407,0.0,99
log1p_y,2024-04-05,6,24.0394876770209,28.046068956524383,26.04277831677264,0.06268016172928828,0.0,96
log1p_y,2024-04-05,7,28.046068956524383,32.052650236027866,30.049359596276126,0.05937220023691975,0.0,75
log1p_y,2024-04-05,8,32.052650236027866,36.05923151553135,34.05594087577961,0.058896328672546704,0.0,96
log1p_y,2024-04-05,9,36.05923151553135,40.06581279503483,38.06252215528309,0.03727652694192942,0.0,58
log1p_y,2024-04-05,10,40.06581279503483,44.072394074538316,42.06910343478657,0.0442522512819396,0.0,38
log1p_y,2024-04-05,11,44.072394074538316,48.078975354041795,46.075684714290055,0.0,0.0,12
log1p_y,2024-04-06,0,0.0,4.006581279503483,2.0032906397517416,0.04218504936826959,0.0,40
log1p_y,2024-04-06,1,4.006581279503483,8.013162559006966,6.009871919255225,0.0592556562688271,0.0,185
log1p_y,2024-04-06,2,8.013162559006966,12.01974383851045,10.016453198758708,0.04265101204592636,0.0,161
log1p_y,2024-04-06,3,12.01974383851045,16.026325118013933,14.023034478262192,0.04455192541153939,0.0,154
log1p_y,2024-04-06,4,16.026325118013933,20.032906397517415,18.029615757765676,0.05450620668192608,0.0,162
log1p_y,2024-04-06,5,20.032906397517415,24.0394876770209,22.036197037269158,0.038883237751138285,0.0,99
log1p_y,2024-04-06,6,24.0394876770209,28.046068956524383,26.04277831677264,0.047666005044344484,0.0,96
log1p_y,2024-04-06,7,28.046068956524383,32.052650236027866,30.049359596276126,0.03695105958740368,0.0,75
log1p_y,2024-04-06,8,32.052650236027866,36.05923151553135,34.05594087577961,0.03771715502539319,0.0,96
log1p_y,2024-04-06,9,36.05923151553135,40.06581279503483,38.06252215528309,0.0,0.0,58
log1p_y,2024-04-06,10,40.06581279503483,44.072394074538316,42.06910343478657,0.0,0.0,38
log1p_y,2024-04-06,11,44.072394074538316,48.078975354041795,46.075684714290055,0.0,0.0,12
log1p_y,2024-04-07,0,0.0,4.006581279503483,2.0032906397517416,0.006005662673977517,0.0,40
log1p_y,2024-04-07,1,4.006581279503483,8.013162559006966,6.009871919255225,0.009089651614668674,0.0,185
log1p_y,2024-04-07,2,8.013162559006966,12.01974383851045,10.016453198758708,0.013428810948024263,0.0,161
log1p_y,2024-04-07,3,12.01974383851045,16.026325118013933,14.023034478262192,0.009359474297107819,0.0,154
log1p_y,2024-04-07,4,16.026325118013933,20.032906397517415,18.029615757765676,0.005931518690348165,0.0,162
log1p_y,2024-04-07,5,20.032906397517415,24.0394876770209,22.036197037269158,0.004853060746648499,0.0,99
log1p_y,2024-04-07,6,24.0394876770209,28.046068956524383,26.04277831677264,0.010009437789962529,0.0,96
log1p_y,2024-04-07,7,28.046068956524383,32.052650236027866,30.049359596276126,0.006406040185576018,0.0,75
log1p_y,2024-04-07,8,32.052650236027866,36.05923151553135,34.05594087577961,0.01251179723745316,0.0,96
log1p_y,2024-04-07,9,36.05923151553135,40.06581279503483,38.06252215528309,0.016567345307524187,0.0,58
log1p_y,2024-04-07,10,40.06581279503483,44.072394074538316,42.06910343478657,0.025287000732536914,0.0,38
log1p_y,2024-04-07,11,44.072394074538316,48.078975354041795,46.075684714290055,0.0,0.0,12
log1p_y,2024-04-08,0,0.0,4.006581279503483,2.0032906397517416,0.14049350241952482,0.0,40
log1p_y,2024-04-08,1,4.006581279503483,8.013162559006966,6.009871919255225,0.277633308963679,0.0,185
log1p_y,2024-04-08,2,8.013162559006966,12.01974383851045,10.016453198758708,0.26396548018745747,0.0,161
log1p_y,2024-04-08,3,12.01974383851045,16.026325118013933,14.023034478262192,0.2577640328687292,0.0,154
log1p_y,2024-04-08,4,16.026325118013933,20.032906397517415,18.029615757765676,0.26942779651159815,0.0,162
log1p_y,2024-04-08,5,20.032906397517415,24.0394876770209,22.036197037269158,0.206172940380123,0.0,99
log1p_y,2024-04-08,6,24.0394876770209,28.046068956524383,26.04277831677264,0.2712922638200907,0.0,96
log1p_y,2024-04-08,7,28.046068956524383,32.052650236027866,30.049359596276126,0.23960155457744142,0.0,75
log1p_y,2024-04-08,8,32.052650236027866,36.05923151553135,34.05594087577961,0.19867281107488566,0.0,96
log1p_y,2024-04-08,9,36.05923151553135,40.06581279503483,38.06252215528309,0.086978562864502,0.0,58
log1p_y,2024-04-08,10,40.06581279503483,44.072394074538316,42.06910343478657,0.0,0.0,38
log1p_y,2024-04-08,11,44.072394074538316,48.078975354041795,46.075684714290055,0.0,0.0,12
log1p_y,2024-04-09,0,0.0,4.006581279503483,2.0032906397517416,0.11796085811169399,0.0,40
log1p_y,2024-04-09,1,4.006581279503483,8.013162559006966,6.009871919255225,0.28318459013448927,0.0,185
log1p_y,2024-04-09,2,8.013162559006966,12.01974383851045,10.016453198758708,0.31369769515873036,0.0,161
log1p_y,2024-04-09,3,12.01974383851045,16.026325118013933,14.023034478262192,0.23994663838574365,0.0,154
log1p_y,2024-04-09,4,16.026325118013933,20.032906397517415,18.029615757765676,0.22847811625558423,0.0,162
log1p_y,2024-04-09,5,20.032906397517415,24.0394876770209,22.036197037269158,0.15772116731067387,0.0,99
log1p_y,2024-04-09,6,24.0394876770209,28.046068956524383,26.04277831677264,0.2580089888000336,0.0,96
log1p_y,2024-04-09,7,28.046068956524383,32.052650236027866,30.049359596276126,0.29666075345378157,0.0,75
log1p_y,2024-04-09,8,32.052650236027866,36.05923151553135,34.05594087577961,0.25638408114020317,0.0,96
log1p_y,2024-04-09,9,36.05923151553135,40.06581279503483,38.06252215528309,0.08313757615919395,0.0,58
log1p_y,2024-04-09,10,40.06581279503483,44.072394074538316,42.06910343478657,0.0,0.0,38
log1p_y,2024-04-09,11,44.072394074538316,48.078975354041795,46.075684714290055,0.0,0.0,12
log1p_y,2024-04-10,0,0.0,4.006581279503483,2.0032906397517416,0.07672217349102506,0.0,40
log1p_y,2024-04-10,1,4.006581279503483,8.013162559006966,6.009871919255225,0.20527769669493096,0.0,185
log1p_y,2024-04-10,2,8.013162559006966,12.01974383851045,10.016453198758708,0.2685159704758629,0.0,161
log1p_y,2024-04-10,3,12.01974383851045,16.026325118013933,14.023034478262192,0.2468754579580607,0.0,154
log1p_y,2024-04-10,4,16.026325118013933,20.032906397517415,18.029615757765676,0.27762732762776227,0.0,162
log1p_y,2024-04-10,5,20.032906397517415,24.0394876770209,22.036197037269158,0.22781127253627997,0.0,99
log1p_y,2024-04-10,6,24.0394876770209,28.046068956524383,26.04277831677264,0.28566468524596544,0.0,96
log1p_y,2024-04-10,7,28.046068956524383,32.052650236027866,30.049359596276126,0.22017743972696735,0.0,75
log1p_y,2024-04-10,8,32.052650236027866,36.05923151553135,34.05594087577961,0.2512581867031994,0.0,96
log1p_y,2024-04-10,9,36.05923151553135,40.06581279503483,38.06252215528309,0.13091911872911252,0.0,58
log1p_y,2024-04-10,10,40.06581279503483,44.072394074538316,42.06910343478657,0.08248888006585438,0.0,38
log1p_y,2024-04-10,11,44.072394074538316,48.078975354041795,46.075684714290055,0.0,0.0,12
log1p_y,2024-04-11,0,0.0,4.006581279503483,2.0032906397517416,0.0880250312020016,0.0,40
log1p_y,2024-04-11,1,4.006581279503483,8.013162559006966,6.009871919255225,0.24098084031536773,0.0,185
log1p_y,2024-04-11,2,8.013162559006966,12.01974383851045,10.016453198758708,0.2695613618680964,0.0,161
log1p_y,2024-04-11,3,12.01974383851045,16.026325118013933,14.023034478262192,0.2684605982531104,0.0,154
log1p_y,2024-04-11,4,16.026325118013933,20.032906397517415,18.029615757765676,0.27506777437263663,0.0,162
log1p_y,2024-04-11,5,20.032906397517415,24.0394876770209,22.036197037269158,0.22793525094146302,0.0,99
log1p_y,2024-04-11,6,24.0394876770209,28.046068956524383,26.04277831677264,0.26001353808022215,0.0,96
log1p_y,2024-04-11,7,28.046068956524383,32.052650236027866,30.049359596276126,0.25445630286964244,0.0,75
log1p_y,2024-04-11,8,32.052650236027866,36.05923151553135,34.05594087577961,0.21586913319217269,0.0,96
log1p_y,2024-04-11,9,36.05923151553135,40.06581279503483,38.06252215528309,0.10354590817202616,0.0,58
log1p_y,2024-04-11,10,40.06581279503483,44.072394074538316,42.06910343478657,0.025287000732536914,0.0,38
log1p_y,2024-04-11,11,44.072394074538316,48.078975354041795,46.075684714290055,0.0,0.0,12
log1p_y,2024-04-12,0,0.0,4.006581279503483,2.0032906397517416,0.03890093721633366,0.0,40
log1p_y,2024-04-12,1,4.006581279503483,8.013162559006966,6.009871919255225,0.27649220903161514,0.0,185
log1p_y,2024-04-12,2,8.013162559006966,12.01974383851045,10.016453198758708,0.24389879648845764,0.0,161
log1p_y,2024-04-12,3,12.01974383851045,16.026325118013933,14.023034478262192,0.22906044628719976,0.0,154
log1p_y,2024-04-12,4,16.026325118013933,20.032906397517415,18.029615757765676,0.2741263035847408,0.0,162
log1p_y,2024-04-12,5,20.032906397517415,24.0394876770209,22.036197037269158,0.19050186938648012,0.0,99
log1p_y,2024-04-12,6,24.0394876770209,28.046068956524383,26.04277831677264,0.2333960924010302,0.0,96
log1p_y,2024-04-12,7,28.046068956524383,32.052650236027866,30.049359596276126,0.2370164997020792,0.0,75
log1p_y,2024-04-12,8,32.052650236027866,36.05923151553135,34.05594087577961,0.28884294466752497,0.0,96
log1p_y,2024-04-12,9,36.05923151553135,40.06581279503483,38.06252215528309,0.17219018168996736,0.0,58
log1p_y,2024-04-12,10,40.06581279503483,44.072394074538316,42.06910343478657,0.047642722137338764,0.0,38
log1p_y,2024-04-12,11,44.072394074538316,48.078975354041795,46.075684714290055,0.0,0.0,12
log1p_y,2024-04-13,0,0.0,4.006581279503483,2.0032906397517416,0.0,0.0,40
log1p_y,2024-04-13,1,4.006581279503483,8.013162559006966,6.009871919255225,0.0,0.0,185
log1p_y,2024-04-13,2,8.013162559006966,12.01974383851045,10.016453198758708,0.0,0.0,161
log1p_y,2024-04-13,3,12.01974383851045,16.026325118013933,14.023034478262192,0.0,0.0,154
log1p_y,2024-04-13,4,16.026325118013933,20.032906397517415,18.029615757765676,0.0,0.0,162
log1p_y,2024-04-13,5,20.032906397517415,24.0394876770209,22.036197037269158,0.0,0.0,99
log1p_y,2024-04-13,6,24.0394876770209,28.046068956524383,26.04277831677264,0.0,0.0,96
log1p_y,2024-04-13,7,28.046068956524383,32.052650236027866,30.049359596276126,0.0,0.0,75
log1p_y,2024-04-13,8,32.052650236027866,36.05923151553135,34.05594087577961,0.0,0.0,96
log1p_y,2024-04-13,9,36.05923151553135,40.06581279503483,38.06252215528309,0.0,0.0,58
log1p_y,2024-04-13,10,40.06581279503483,44.072394074538316,42.06910343478657,0.0,0.0,38
log1p_y,2024-04-13,11,44.072394074538316,48.078975354041795,46.075684714290055,0.0,0.0,12
log1p_y,2024-04-14,0,0.0,4.006581279503483,2.0032906397517416,0.023147549107799363,0.0,40
log1p_y,2024-04-14,1,4.006581279503483,8.013162559006966,6.009871919255225,0.048867482994920046,0.0,185
log1p_y,2024-04-14,2,8.013162559006966,12.01974383851045,10.016453198758708,0.03966683183525431,0.0,161
log1p_y,2024-04-14,3,12.01974383851045,16.026325118013933,14.023034478262192,0.02895280158302636,0.0,154
log1p_y,2024-04-14,4,16.026325118013933,20.032906397517415,18.029615757765676,0.04018136661706193,0.0,162
log1p_y,2024-04-14,5,20.032906397517415,24.0394876770209,22.036197037269158,0.021897525137868537,0.0,99
log1p_y,2024-04-14,6,24.0394876770209,28.046068956524383,26.04277831677264,0.035154207806891324,0.0,96
log1p_y,2024-04-14,7,28.046068956524383,32.052650236027866,30.049359596276126,0.03374803949461567,0.0,75
log1p_y,2024-04-14,8,32.052650236027866,36.05923151553135,34.05594087577961,0.045224233367865095,0.0,96
log1p_y,2024-04-14,9,36.05923151553135,40.06581279503483,38.06252215528309,0.0,0.0,58
log1p_y,2024-04-14,10,40.06581279503483,44.072394074538316,42.06910343478657,0.0,0.0,38
log1p_y,2024-04-14,11,44.072394074538316,48.078975354041795,46.075684714290055,0.0,0.0,12
log1p_y,2024-04-15,0,0.0,4.006581279503483,2.0032906397517416,0.05992869873948525,0.0,40
log1p_y,2024-04-15,1,4.006581279503483,8.013162559006966,6.009871919255225,0.21012009160011588,0.0,185
log1p_y,2024-04-15,2,8.013162559006966,12.01974383851045,10.016453198758708,0.2508404192745689,0.0,161
log1p_y,2024-04-15,3,12.01974383851045,16.026325118013933,14.023034478262192,0.22143624743995818,0.0,154
log1p_y,2024-04-15,4,16.026325118013933,20.032906397517415,18.029615757765676,0.25758712278343715,0.0,162
log1p_y,2024-04-15,5,20.032906397517415,24.0394876770209,22.036197037269158,0.2063776794097909,0.0,99
log1p_y,2024-04-15,6,24.0394876770209,28.046068956524383,26.04277831677264,0.25005250240192595,0.0,96
log1p_y,2024-04-15,7,28.046068956524383,32.052650236027866,30.049359596276126,0.2380388207044946,0.0,75
log1p_y,2024-04-15,8,32.052650236027866,36.05923151553135,34.05594087577961,0.2812334176819853,0.0,96
log1p_y,2024-04-15,9,36.05923151553135,40.06581279503483,38.06252215528309,0.1889048273054472,0.0,58
log1p_y,2024-04-15,10,40.06581279503483,44.072394074538316,42.06910343478657,0.10145413061525707,0.0,38
log1p_y,2024-04-15,11,44.072394074538316,48.078975354041795,46.075684714290055,0.0,0.0,12
log1p_y,2024-04-16,0,0.0,4.006581279503483,2.0032906397517416,0.04218504936826959,0.0,40
log1p_y,2024-04-16,1,4.006581279503483,8.013162559006966,6.009871919255225,0.039525739944799555,0.0,185
log1p_y,2024-04-16,2,8.013162559006966,12.01974383851045,10.016453198758708,0.04417922902093369,0.0,161
log1p_y,2024-04-16,3,12.01974383851045,16.026325118013933,14.023034478262192,0.04306755102890989,0.0,154
log1p_y,2024-04-16,4,16.026325118013933,20.032906397517415,18.029615757765676,0.0379390951760299,0.0,162
log1p_y,2024-04-16,5,20.032906397517415,24.0394876770209,22.036197037269158,0.03533156985807734,0.0,99
log1p_y,2024-04-16,6,24.0394876770209,28.046068956524383,26.04277831677264,0.035154207806891324,0.0,96
log1p_y,2024-04-16,7,28.046068956524383,32.052650236027866,30.049359596276126,0.03374803949461567,0.0,75
log1p_y,2024-04-16,8,32.052650236027866,36.05923151553135,34.05594087577961,0.015014156684943792,0.0,96
log1p_y,2024-04-16,9,36.05923151553135,40.06581279503483,38.06252215528309,0.0,0.0,58
log1p_y,2024-04-16,10,40.06581279503483,44.072394074538316,42.06910343478657,0.0,0.0,38
log1p_y,2024-04-16,11,44.072394074538316,48.078975354041795,46.075684714290055,0.0,0.0,12
log1p_y,2024-04-17,0,0.0,4.006581279503483,2.0032906397517416,0.046295098215598726,0.0,40
log1p_y,2024-04-17,1,4.006581279503483,8.013162559006966,6.009871919255225,0.07385739325264559,0.0,185
log1p_y,2024-04-17,2,8.013162559006966,12.01974383851045,10.016453198758708,0.08533815096152403,0.0,161
log1p_y,2024-04-17,3,12.01974383851045,16.026325118013933,14.023034478262192,0.08137982690904406,0.0,154
log1p_y,2024-04-17,4,16.026325118013933,20.032906397517415,18.029615757765676,0.0736718227753307,0.0,162
log1p_y,2024-04-17,5,20.032906397517415,24.0394876770209,22.036197037269158,0.062082155742594375,0.0,99
log1p_y,2024-04-17,6,24.0394876770209,28.046068956524383,26.04277831677264,0.07030841561378265,0.0,96
log1p_y,2024-04-17,7,28.046068956524383,32.052650236027866,30.049359596276126,0.07069909908201935,0.0,75
log1p_y,2024-04-17,8,32.052650236027866,36.05923151553135,34.05594087577961,0.045224233367865095,0.0,96
log1p_y,2024-04-17,9,36.05923151553135,40.06581279503483,38.06252215528309,0.0,0.0,58
log1p_y,2024-04-17,10,40.06581279503483,44.072394074538316,42.06910343478657,0.0,0.0,38
log1p_y,2024-04-17,11,44.072394074538316,48.078975354041795,46.075684714290055,0.0,0.0,12
log1p_y,2024-04-18,0,0.0,4.006581279503483,2.0032906397517416,0.0744137978122487,0.0,40
log1p_y,2024-04-18,1,4.006581279503483,8.013162559006966,6.009871919255225,0.12240933422045916,0.0,185
log1p_y,2024-04-18,2,8.013162559006966,12.01974383851045,10.016453198758708,0.1536110611334618,0.0,161
log1p_y,2024-04-18,3,12.01974383851045,16.026325118013933,14.023034478262192,0.12091072394477227,0.0,154
log1p_y,2024-04-18,4,16.026325118013933,20.032906397517415,18.029615757765676,0.13479302413012598,0.0,162
log1p_y,2024-04-18,5,20.032906397517415,24.0394876770209,22.036197037269158,0.10966388102319355,0.0,99
log1p_y,2024-04-18,6,24.0394876770209,28.046068956524383,26.04277831677264,0.1369541737128462,0.0,96
log1p_y,2024-04-18,7,28.046068956524383,32.052650236027866,30.049359596276126,0.13670999654519828,0.0,75
log1p_y,2024-04-18,8,32.052650236027866,36.05923151553135,34.05594087577961,0.14824508511205967,0.0,96
log1p_y,2024-04-18,9,36.05923151553135,40.06581279503483,38.06252215528309,0.08930018904592002,0.0,58
log1p_y,2024-04-18,10,40.06581279503483,44.072394074538316,42.06910343478657,0.07925147305300992,0.0,38
log1p_y,2024-04-18,11,44.072394074538316,48.078975354041795,46.075684714290055,0.020018875579925058,0.0,12
log1p_y,2024-04-19,0,0.0,4.006581279503483,2.0032906397517416,0.01801698802193255,0.0,40
log1p_y,2024-04-19,1,4.006581279503483,8.013162559006966,6.009871919255225,0.040254171436389846,0.0,185
log1p_y,2024-04-19,2,8.013162559006966,12.01974383851045,10.016453198758708,0.04923897347608896,0.0,161
log1p_y,2024-04-19,3,12.01974383851045,16.026325118013933,14.023034478262192,0.03275816003987737,0.0,154
log1p_y,2024-04-19,4,16.026325118013933,20.032906397517415,18.029615757765676,0.03410623246950195,0.0,162
log1p_y,2024-04-19,5,20.032906397517415,24.0394876770209,22.036197037269158,0.026691834106566743,0.0,99
log1p_y,2024-04-19,6,24.0394876770209,28.046068956524383,26.04277831677264,0.037535391712359485,0.0,96
log1p_y,2024-04-19,7,28.046068956524383,32.052650236027866,30.049359596276126,0.0352332210206681,0.0,75
log1p_y,2024-04-19,8,32.052650236027866,36.05923151553135,34.05594087577961,0.04754482950232201,0.0,96
log1p_y,2024-04-19,9,36.05923151553135,40.06581279503483,38.06252215528309,0.03727652694192942,0.0,58
log1p_y,2024-04-19,10,40.06581279503483,44.072394074538316,42.06910343478657,0.025287000732536914,0.0,38
log1p_y,2024-04-19,11,44.072394074538316,48.078975354041795,46.075684714290055,0.0,0.0,12
log1p_y,2024-04-20,0,0.0,4.006581279503483,2.0032906397517416,0.0,0.0,40
log1p_y,2024-04-20,1,4.006581279503483,8.013162559006966,6.009871919255225,0.0,0.0,185
log1p_y,2024-04-20,2,8.013162559006966,12.01974383851045,10.016453198758708,0.0,0.0,161
log1p_y,2024-04-20,3,12.01974383851045,16.026325118013933,14.023034478262192,0.0,0.0,154
log1p_y,2024-04-20,4,16.026325118013933,20.032906397517415,18.029615757765676,0.0,0.0,162
log1p_y,2024-04-20,5,20.032906397517415,24.0394876770209,22.036197037269158,0.0,0.0,99
log1p_y,2024-04-20,6,24.0394876770209,28.046068956524383,26.04277831677264,0.0,0.0,96
log1p_y,2024-04-20,7,28.046068956524383,32.052650236027866,30.049359596276126,0.0,0.0,75
log1p_y,2024-04-20,8,32.052650236027866,36.05923151553135,34.05594087577961,0.0,0.0,96
log1p_y,2024-04-20,9,36.05923151553135,40.06581279503483,38.06252215528309,0.0,0.0,58
log1p_y,2024-04-20,10,40.06581279503483,44.072394074538316,42.06910343478657,0.0,0.0,38
log1p_y,2024-04-20,11,44.072394074538316,48.078975354041795,46.075684714290055,0.0,0.0,12
log1p_y,2024-04-21,0,0.0,4.006581279503483,2.0032906397517416,0.04218504936826959,0.0,40
log1p_y,2024-04-21,1,4.006581279503483,8.013162559006966,6.009871919255225,0.03731014595017374,0.0,185
log1p_y,2024-04-21,2,8.013162559006966,12.01974383851045,10.016453198758708,0.04188690355842271,0.0,161
log1p_y,2024-04-21,3,12.01974383851045,16.026325118013933,14.023034478262192,0.048508359868834,0.0,154
log1p_y,2024-04-21,4,16.026325118013933,20.032906397517415,18.029615757765676,0.052044403997758275,0.0,162
log1p_y,2024-04-21,5,20.032906397517415,24.0394876770209,22.036197037269158,0.04870686280033586,0.0,99
log1p_y,2024-04-21,6,24.0394876770209,28.046068956524383,26.04277831677264,0.03637509364513102,0.0,96
log1p_y,2024-04-21,7,28.046068956524383,32.052650236027866,30.049359596276126,0.043357099772979704,0.0,75
log1p_y,2024-04-21,8,32.052650236027866,36.05923151553135,34.05594087577961,0.05895691644355796,0.0,96
log1p_y,2024-04-21,9,36.05923151553135,40.06581279503483,38.06252215528309,0.026972077728322306,0.0,58
log1p_y,2024-04-21,10,40.06581279503483,44.072394074538316,42.06910343478657,0.0,0.0,38
log1p_y,2024-04-21,11,44.072394074538316,48.078975354041795,46.075684714290055,0.0,0.0,12
log1p_y,2024-04-22,0,0.0,4.006581279503483,2.0032906397517416,0.01612137419528417,0.0,40
log1p_y,2024-04-22,1,4.006581279503483,8.013162559006966,6.009871919255225,0.05599363205041473,0.0,185
log1p_y,2024-04-22,2,8.013162559006966,12.01974383851045,10.016453198758708,0.057608039968957955,0.0,161
log1p_y,2024-04-22,3,12.01974383851045,16.026325118013933,14.023034478262192,0.045350766103020496,0.0,154
log1p_y,2024-04-22,4,16.026325118013933,20.032906397517415,18.029615757765676,0.048319252884139186,0.0,162
log1p_y,2024-04-22,5,20.032906397517415,24.0394876770209,22.036197037269158,0.04136851990241282,0.0,99
log1p_y,2024-04-22,6,24.0394876770209,28.046068956524383,26.04277831677264,0.04516364559685385,0.0,96
log1p_y,2024-04-22,7,28.046068956524383,32.052650236027866,30.049359596276126,0.0433570997729797,0.0,75
log1p_y,2024-04-22,8,32.052650236027866,36.05923151553135,34.05594087577961,0.03387273419764039,0.0,96
log1p_y,2024-04-22,9,36.05923151553135,40.06581279503483,38.06252215528309,0.0,0.0,58
log1p_y,2024-04-22,10,40.06581279503483,44.072394074538316,42.06910343478657,0.0,0.0,38
log1p_y,2024-04-22,11,44.072394074538316,48.078975354041795,46.075684714290055,0.0,0.0,12
log1p_y,2024-04-23,0,0.0,4.006581279503483,2.0032906397517416,0.0360339760438651,0.0,40
log1p_y,2024-04-23,1,4.006581279503483,8.013162559006966,6.009871919255225,0.04155269309562823,0.0,185
log1p_y,2024-04-23,2,8.013162559006966,12.01974383851045,10.016453198758708,0.04774688337075293,0.0,161
log1p_y,2024-04-23,3,12.01974383851045,16.026325118013933,14.023034478262192,0.03119824765702606,0.0,154
log1p_y,2024-04-23,4,16.026325118013933,20.032906397517415,18.029615757765676,0.02965759345174082,0.0,162
log1p_y,2024-04-23,5,20.032906397517415,24.0394876770209,22.036197037269158,0.02426530373324249,0.0,99
log1p_y,2024-04-23,6,24.0394876770209,28.046068956524383,26.04277831677264,0.03503303226486885,0.0,96
log1p_y,2024-04-23,7,28.046068956524383,32.052650236027866,30.049359596276126,0.03843624111345611,0.0,75
log1p_y,2024-04-23,8,32.052650236027866,36.05923151553135,34.05594087577961,0.052549548397303275,0.0,96
log1p_y,2024-04-23,9,36.05923151553135,40.06581279503483,38.06252215528309,0.045560199595691506,0.0,58
log1p_y,2024-04-23,10,40.06581279503483,44.072394074538316,42.06910343478657,0.012643500366268457,0.0,38
log1p_y,2024-04-23,11,44.072394074538316,48.078975354041795,46.075684714290055,0.0,0.0,12
log1p_y,2024-04-24,0,0.0,4.006581279503483,2.0032906397517416,0.0427029571416899,0.0,40
log1p_y,2024-04-24,1,4.006581279503483,8.013162559006966,6.009871919255225,0.1314063325448819,0.0,185
log1p_y,2024-04-24,2,8.013162559006966,12.01974383851045,10.016453198758708,0.12123398843005145,0.0,161
log1p_y,2024-04-24,3,12.01974383851045,16.026325118013933,14.023034478262192,0.09843362851675769,0.0,154
log1p_y,2024-04-24,4,16.026325118013933,20.032906397517415,18.029615757765676,0.1220414217867001,0.0,162
log1p_y,2024-04-24,5,20.032906397517415,24.0394876770209,22.036197037269158,0.07368752293679266,0.0,99
log1p_y,2024-04-24,6,24.0394876770209,28.046068956524383,26.04277831677264,0.10797716852750948,0.0,96
log1p_y,2024-04-24,7,28.046068956524383,32.052650236027866,30.049359596276126,0.106489806497684,0.0,75
log1p_y,2024-04-24,8,32.052650236027866,36.05923151553135,34.05594087577961,0.14374791208319307,0.0,96
log1p_y,2024-04-24,9,36.05923151553135,40.06581279503483,38.06252215528309,0.05818627499071667,0.0,58
log1p_y,2024-04-24,10,40.06581279503483,44.072394074538316,42.06910343478657,0.025287000732536914,0.0,38
log1p_y,2024-04-24,11,44.072394074538316,48.078975354041795,46.075684714290055,0.0,0.0,12
log1p_y,2024-04-25,0,0.0,4.006581279503483,2.0032906397517416,0.012011325347955034,0.0,40
log1p_y,2024-04-25,1,4.006581279503483,8.013162559006966,6.009871919255225,0.01168669493314544,0.0,185
log1p_y,2024-04-25,2,8.013162559006966,12.01974383851045,10.016453198758708,0.016412991158696322,0.0,161
log1p_y,2024-04-25,3,12.01974383851045,16.026325118013933,14.023034478262192,0.02027886097706694,0.0,154
log1p_y,2024-04-25,4,16.026325118013933,20.032906397517415,18.029615757765676,0.02076031541621858,0.0,162
log1p_y,2024-04-25,5,20.032906397517415,24.0394876770209,22.036197037269158,0.019412242986593994,0.0,99
log1p_y,2024-04-25,6,24.0394876770209,28.046068956524383,26.04277831677264,0.017516516132434424,0.0,96
log1p_y,2024-04-25,7,28.046068956524383,32.052650236027866,30.049359596276126,0.019218120556728054,0.0,75
log1p_y,2024-04-25,8,32.052650236027866,36.05923151553135,34.05594087577961,0.027525953922396953,0.0,96
log1p_y,2024-04-25,9,36.05923151553135,40.06581279503483,38.06252215528309,0.028992854288167325,0.0,58
log1p_y,2024-04-25,10,40.06581279503483,44.072394074538316,42.06910343478657,0.03793050109880537,0.0,38
log1p_y,2024-04-25,11,44.072394074538316,48.078975354041795,46.075684714290055,0.0,0.0,12
log1p_y,2024-04-26,0,0.0,4.006581279503483,2.0032906397517416,0.015086862010157276,0.0,40
log1p_y,2024-04-26,1,4.006581279503483,8.013162559006966,6.009871919255225,0.02283416952888669,0.0,185
log1p_y,2024-04-26,2,8.013162559006966,12.01974383851045,10.016453198758708,0.03373459828358149,0.0,161
log1p_y,2024-04-26,3,12.01974383851045,16.026325118013933,14.023034478262192,0.02351199274310225,0.0,154
log1p_y,2024-04-26,4,16.026325118013933,20.032906397517415,18.029615757765676,0.014900604454476322,0.0,162
log1p_y,2024-04-26,5,20.032906397517415,24.0394876770209,22.036197037269158,0.012191403644571537,0.0,99
log1p_y,2024-04-26,6,24.0394876770209,28.046068956524383,26.04277831677264,0.025144770016928792,0.0,96
log1p_y,2024-04-26,7,28.046068956524383,32.052650236027866,30.049359596276126,0.016092652810834426,0.0,75
log1p_y,2024-04-26,8,32.052650236027866,36.05923151553135,34.05594087577961,0.03143096252116099,0.0,96
log1p_y,2024-04-26,9,36.05923151553135,40.06581279503483,38.06252215528309,0.04161892968319249,0.0,58
log1p_y,2024-04-26,10,40.06581279503483,44.072394074538316,42.06910343478657,0.06352362951645169,0.0,38
log1p_y,2024-04-26,11,44.072394074538316,48.078975354041795,46.075684714290055,0.0,0.0,12
log1p_y,2024-04-27,0,0.0,4.006581279503483,2.0032906397517416,0.0,0.0,40
log1p_y,2024-04-27,1,4.006581279503483,8.013162559006966,6.009871919255225,0.0,0.0,185
log1p_y,2024-04-27,2,8.013162559006966,12.01974383851045,10.016453198758708,0.0,0.0,161
log1p_y,2024-04-27,3,12.01974383851045,16.026325118013933,14.023034478262192,0.0,0.0,154
log1p_y,2024-04-27,4,16.026325118013933,20.032906397517415,18.029615757765676,0.0,0.0,162
log1p_y,2024-04-27,5,20.032906397517415,24.0394876770209,22.036197037269158,0.0,0.0,99
log1p_y,2024-04-27,6,24.0394876770209,28.046068956524383,26.04277831677264,0.0,0.0,96
log1p_y,2024-04-27,7,28.046068956524383,32.052650236027866,30.049359596276126,0.0,0.0,75
log1p_y,2024-04-27,8,32.052650236027866,36.05923151553135,34.05594087577961,0.0,0.0,96
log1p_y,2024-04-27,9,36.05923151553135,40.06581279503483,38.06252215528309,0.0,0.0,58
log1p_y,2024-04-27,10,40.06581279503483,44.072394074538316,42.06910343478657,0.0,0.0,38
log1p_y,2024-04-27,11,44.072394074538316,48.078975354041795,46.075684714290055,0.0,0.0,12
log1p_y,2024-04-28,0,0.0,4.006581279503483,2.0032906397517416,0.02402265069591007,0.0,40
log1p_y,2024-04-28,1,4.006581279503483,8.013162559006966,6.009871919255225,0.02467191152552926,0.0,185
log1p_y,2024-04-28,2,8.013162559006966,12.01974383851045,10.016453198758708,0.022381351580040433,0.0,161
log1p_y,2024-04-28,3,12.01974383851045,16.026325118013933,14.023034478262192,0.01559912382851303,0.0,154
log1p_y,2024-04-28,4,16.026325118013933,20.032906397517415,18.029615757765676,0.017794556071044493,0.0,162
log1p_y,2024-04-28,5,20.032906397517415,24.0394876770209,22.036197037269158,0.012132651866621245,0.0,99
log1p_y,2024-04-28,6,24.0394876770209,28.046068956524383,26.04277831677264,0.017516516132434424,0.0,96
log1p_y,2024-04-28,7,28.046068956524383,32.052650236027866,30.049359596276126,0.019218120556728054,0.0,75
log1p_y,2024-04-28,8,32.052650236027866,36.05923151553135,34.05594087577961,0.027525953922396953,0.0,96
log1p_y,2024-04-28,9,36.05923151553135,40.06581279503483,38.06252215528309,0.020709181634405233,0.0,58
log1p_y,2024-04-28,10,40.06581279503483,44.072394074538316,42.06910343478657,0.0,0.0,38
log1p_y,2024-04-28,11,44.072394074538316,48.078975354041795,46.075684714290055,0.0,0.0,12
log1p_y,2024-04-29,0,0.0,4.006581279503483,2.0032906397517416,0.11481351282867416,0.0,40
log1p_y,2024-04-29,1,4.006581279503483,8.013162559006966,6.009871919255225,0.30013581232414427,0.0,185
log1p_y,2024-04-29,2,8.013162559006966,12.01974383851045,10.016453198758708,0.43164470711658576,0.0,161
log1p_y,2024-04-29,3,12.01974383851045,16.026325118013933,14.023034478262192,0.35680391281882184,0.0,154
log1p_y,2024-04-29,4,16.026325118013933,20.032906397517415,18.029615757765676,0.32652705458179815,0.0,162
log1p_y,2024-04-29,5,20.032906397517415,24.0394876770209,22.036197037269158,0.2271183444382842,0.0,99
log1p_y,2024-04-29,6,24.0394876770209,28.046068956524383,26.04277831677264,0.32634210760984345,0.0,96
log1p_y,2024-04-29,7,28.046068956524383,32.052650236027866,30.049359596276126,0.3276929371971748,0.0,75
log1p_y,2024-04-29,8,32.052650236027866,36.05923151553135,34.05594087577961,0.43973011315657834,0.0,96
log1p_y,2024-04-29,9,36.05923151553135,40.06581279503483,38.06252215528309,0.42977463647986863,0.0,58
log1p_y,2024-04-29,10,40.06581279503483,44.072394074538316,42.06910343478657,0.352464305510774,0.0,38
log1p_y,2024-04-29,11,44.072394074538316,48.078975354041795,46.075684714290055,0.050289540033857584,0.0,12
log1p_y,2024-04-30,0,0.0,4.006581279503483,2.0032906397517416,0.10253655458559578,0.0,40
log1p_y,2024-04-30,1,4.006581279503483,8.013162559006966,6.009871919255225,0.16429876511454766,0.0,185
log1p_y,2024-04-30,2,8.013162559006966,12.01974383851045,10.016453198758708,0.2137596731323139,0.0,161
log1p_y,2024-04-30,3,12.01974383851045,16.026325118013933,14.023034478262192,0.14349031501557297,0.0,154
log1p_y,2024-04-30,4,16.026325118013933,20.032906397517415,18.029615757765676,0.13837946775830728,0.0,162
log1p_y,2024-04-30,5,20.032906397517415,24.0394876770209,22.036197037269158,0.11964256827239945,0.0,99
log1p_y,2024-04-30,6,24.0394876770209,28.046068956524383,26.04277831677264,0.156692618910427,0.0,96
log1p_y,2024-04-30,7,28.046068956524383,32.052650236027866,30.049359596276126,0.16188758235489484,0.0,75
log1p_y,2024-04-30,8,32.052650236027866,36.05923151553135,34.05594087577961,0.150467014177206,0.0,96
log1p_y,2024-04-30,9,36.05923151553135,40.06581279503483,38.06252215528309,0.15741121402646296,0.0,58
log1p_y,2024-04-30,10,40.06581279503483,44.072394074538316,42.06910343478657,0.06352362951645169,0.0,38
log1p_y,2024-04-30,11,44.072394074538316,48.078975354041795,46.075684714290055,0.0,0.0,12
log1p_y,2024-05-01,0,0.0,4.006581279503483,2.0032906397517416,0.027098187358112313,0.0,40
log1p_y,2024-05-01,1,4.006581279503483,8.013162559006966,6.009871919255225,0.02863035678451012,0.0,185
log1p_y,2024-05-01,2,8.013162559006966,12.01974383851045,10.016453198758708,0.027440440709593495,0.0,161
log1p_y,2024-05-01,3,12.01974383851045,16.026325118013933,14.023034478262192,0.029751642274507464,0.0,154
log1p_y,2024-05-01,4,16.026325118013933,20.032906397517415,18.029615757765676,0.03721560727188785,0.0,162
log1p_y,2024-05-01,5,20.032906397517415,24.0394876770209,22.036197037269158,0.03533156985807734,0.0,99
log1p_y,2024-05-01,6,24.0394876770209,28.046068956524383,26.04277831677264,0.035154207806891324,0.0,96
log1p_y,2024-05-01,7,28.046068956524383,32.052650236027866,30.049359596276126,0.03374803949461567,0.0,75
log1p_y,2024-05-01,8,32.052650236027866,36.05923151553135,34.05594087577961,0.05273131171033699,0.0,96
log1p_y,2024-05-01,9,36.05923151553135,40.06581279503483,38.06252215528309,0.03535603358927541,0.0,58
log1p_y,2024-05-01,10,40.06581279503483,44.072394074538316,42.06910343478657,0.047642722137338764,0.0,38
log1p_y,2024-05-01,11,44.072394074538316,48.078975354041795,46.075684714290055,0.0,0.0,12
log1p_y,2024-05-02,0,0.0,4.006581279503483,2.0032906397517416,0.0414833583237643,0.0,40
log1p_y,2024-05-02,1,4.006581279503483,8.013162559006966,6.009871919255225,0.15383199950858964,0.0,185
log1p_y,2024-05-02,2,8.013162559006966,12.01974383851045,10.016453198758708,0.27249969778261096,0.0,161
log1p_y,2024-05-02,3,12.01974383851045,16.026325118013933,14.023034478262192,0.17455341918975015,0.0,154
log1p_y,2024-05-02,4,16.026325118013933,20.032906397517415,18.029615757765676,0.15103289279997753,0.0,162
log1p_y,2024-05-02,5,20.032906397517415,24.0394876770209,22.036197037269158,0.11682596858726571,0.0,99
log1p_y,2024-05-02,6,24.0394876770209,28.046068956524383,26.04277831677264,0.19591109015640415,0.0,96
log1p_y,2024-05-02,7,28.046068956524383,32.052650236027866,30.049359596276126,0.17030293134602517,0.0,75
log1p_y,2024-05-02,8,32.052650236027866,36.05923151553135,34.05594087577961,0.2762289435601493,0.0,96
log1p_y,2024-05-02,9,36.05923151553135,40.06581279503483,38.06252215528309,0.2928518683062374,0.0,58
log1p_y,2024-05-02,10,40.06581279503483,44.072394074538316,42.06910343478657,0.2730597686152094,0.0,38
log1p_y,2024-05-02,11,44.072394074538316,48.078975354041795,46.075684714290055,0.0,0.0,12
log1p_y,2024-05-03,0,0.0,4.006581279503483,2.0032906397517416,0.11050684585368735,0.0,40
log1p_y,2024-05-03,1,4.006581279503483,8.013162559006966,6.009871919255225,0.14602959677988778,0.0,185
log1p_y,2024-05-03,2,8.013162559006966,12.01974383851045,10.016453198758708,0.23095420191218788,0.0,161
log1p_y,2024-05-03,3,12.01974383851045,16.026325118013933,14.023034478262192,0.17672968464738956,0.0,154
log1p_y,2024-05-03,4,16.026325118013933,20.032906397517415,18.029615757765676,0.15562777572312236,0.0,162
log1p_y,2024-05-03,5,20.032906397517415,24.0394876770209,22.036197037269158,0.12822268757323685,0.0,99
log1p_y,2024-05-03,6,24.0394876770209,28.046068956524383,26.04277831677264,0.16482090714828995,0.0,96
log1p_y,2024-05-03,7,28.046068956524383,32.052650236027866,30.049359596276126,0.1773002740020898,0.0,75
log1p_y,2024-05-03,8,32.052650236027866,36.05923151553135,34.05594087577961,0.2538283205943909,0.0,96
log1p_y,2024-05-03,9,36.05923151553135,40.06581279503483,38.06252215528309,0.30849108125326113,0.0,58
log1p_y,2024-05-03,10,40.06581279503483,44.072394074538316,42.06910343478657,0.25061772562211365,0.0,38
log1p_y,2024-05-03,11,44.072394074538316,48.078975354041795,46.075684714290055,0.0,0.0,12
log1p_y,2024-05-04,0,0.0,4.006581279503483,2.0032906397517416,0.0,0.0,40
log1p_y,2024-05-04,1,4.006581279503483,8.013162559006966,6.009871919255225,0.0,0.0,185
log1p_y,2024-05-04,2,8.013162559006966,12.01974383851045,10.016453198758708,0.0,0.0,161
log1p_y,2024-05-04,3,12.01974383851045,16.026325118013933,14.023034478262192,0.0,0.0,154
log1p_y,2024-05-04,4,16.026325118013933,20.032906397517415,18.029615757765676,0.0,0.0,162
log1p_y,2024-05-04,5,20.032906397517415,24.0394876770209,22.036197037269158,0.0,0.0,99
log1p_y,2024-05-04,6,24.0394876770209,28.046068956524383,26.04277831677264,0.0,0.0,96
log1p_y,2024-05-04,7,28.046068956524383,32.052650236027866,30.049359596276126,0.0,0.0,75
log1p_y,2024-05-04,8,32.052650236027866,36.05923151553135,34.05594087577961,0.0,0.0,96
log1p_y,2024-05-04,9,36.05923151553135,40.06581279503483,38.06252215528309,0.0,0.0,58
log1p_y,2024-05-04,10,40.06581279503483,44.072394074538316,42.06910343478657,0.0,0.0,38
log1p_y,2024-05-04,11,44.072394074538316,48.078975354041795,46.075684714290055,0.0,0.0,12
log1p_y,2024-05-05,0,0.0,4.006581279503483,2.0032906397517416,0.030028313369887583,0.0,40
log1p_y,2024-05-05,1,4.006581279503483,8.013162559006966,6.009871919255225,0.03116451982172117,0.0,185
log1p_y,2024-05-05,2,8.013162559006966,12.01974383851045,10.016453198758708,0.032825982317392643,0.0,161
log1p_y,2024-05-05,3,12.01974383851045,16.026325118013933,14.023034478262192,0.024958598125620853,0.0,154
log1p_y,2024-05-05,4,16.026325118013933,20.032906397517415,18.029615757765676,0.028174713779153784,0.0,162
log1p_y,2024-05-05,5,20.032906397517415,24.0394876770209,22.036197037269158,0.016985712613269744,0.0,99
log1p_y,2024-05-05,6,24.0394876770209,28.046068956524383,26.04277831677264,0.027525953922396953,0.0,96
log1p_y,2024-05-05,7,28.046068956524383,32.052650236027866,30.049359596276126,0.028827180835092083,0.0,75
log1p_y,2024-05-05,8,32.052650236027866,36.05923151553135,34.05594087577961,0.042540110607340746,0.0,96
log1p_y,2024-05-05,9,36.05923151553135,40.06581279503483,38.06252215528309,0.020709181634405233,0.0,58
log1p_y,2024-05-05,10,40.06581279503483,44.072394074538316,42.06910343478657,0.018965250549402686,0.0,38
log1p_y,2024-05-05,11,44.072394074538316,48.078975354041795,46.075684714290055,0.0,0.0,12
log1p_y,2024-05-06,0,0.0,4.006581279503483,2.0032906397517416,0.08232907425946381,0.0,40
log1p_y,2024-05-06,1,4.006581279503483,8.013162559006966,6.009871919255225,0.22140041428776763,0.0,185
log1p_y,2024-05-06,2,8.013162559006966,12.01974383851045,10.016453198758708,0.37776280854858474,0.0,161
log1p_y,2024-05-06,3,12.01974383851045,16.026325118013933,14.023034478262192,0.3076622476739985,0.0,154
log1p_y,2024-05-06,4,16.026325118013933,20.032906397517415,18.029615757765676,0.30096316967155223,0.0,162
log1p_y,2024-05-06,5,20.032906397517415,24.0394876770209,22.036197037269158,0.22677442687512758,0.0,99
log1p_y,2024-05-06,6,24.0394876770209,28.046068956524383,26.04277831677264,0.3148476446711348,0.0,96
log1p_y,2024-05-06,7,28.046068956524383,32.052650236027866,30.049359596276126,0.31754190335283644,0.0,75
log1p_y,2024-05-06,8,32.052650236027866,36.05923151553135,34.05594087577961,0.4702246148774412,0.0,96
log1p_y,2024-05-06,9,36.05923151553135,40.06581279503483,38.06252215528309,0.5017349293890162,0.0,58
log1p_y,2024-05-06,10,40.06581279503483,44.072394074538316,42.06910343478657,0.33505275970611403,0.0,38
log1p_y,2024-05-06,11,44.072394074538316,48.078975354041795,46.075684714290055,0.0,0.0,12
log1p_y,2024-05-07,0,0.0,4.006581279503483,2.0032906397517416,0.07443009305860777,0.0,40
log1p_y,2024-05-07,1,4.006581279503483,8.013162559006966,6.009871919255225,0.23713285587426006,0.0,185
log1p_y,2024-05-07,2,8.013162559006966,12.01974383851045,10.016453198758708,0.4233177506777423,0.0,161
log1p_y,2024-05-07,3,12.01974383851045,16.026325118013933,14.023034478262192,0.38434940740630685,0.0,154
log1p_y,2024-05-07,4,16.026325118013933,20.032906397517415,18.029615757765676,0.380036769746851,0.0,162
log1p_y,2024-05-07,5,20.032906397517415,24.0394876770209,22.036197037269158,0.28118388702682134,0.0,99
log1p_y,2024-05-07,6,24.0394876770209,28.046068956524383,26.04277831677264,0.4096659823325124,0.0,96
log1p_y,2024-05-07,7,28.046068956524383,32.052650236027866,30.049359596276126,0.39000046607780464,0.0,75
log1p_y,2024-05-07,8,32.052650236027866,36.05923151553135,34.05594087577961,0.5652170293335987,0.2402265069591007,96
log1p_y,2024-05-07,9,36.05923151553135,40.06581279503483,38.06252215528309,0.488193897227092,0.0,58
log1p_y,2024-05-07,10,40.06581279503483,44.072394074538316,42.06910343478657,0.4373824144501291,0.0,38
log1p_y,2024-05-07,11,44.072394074538316,48.078975354041795,46.075684714290055,0.020018875579925058,0.0,12
log1p_y,2024-05-08,0,0.0,4.006581279503483,2.0032906397517416,0.0911953006489856,0.0,40
log1p_y,2024-05-08,1,4.006581279503483,8.013162559006966,6.009871919255225,0.2954224423134859,0.0,185
log1p_y,2024-05-08,2,8.013162559006966,12.01974383851045,10.016453198758708,0.3938050692097943,0.0,161
log1p_y,2024-05-08,3,12.01974383851045,16.026325118013933,14.023034478262192,0.3162748695423163,0.0,154
log1p_y,2024-05-08,4,16.026325118013933,20.032906397517415,18.029615757765676,0.33623346273899524,0.0,162
log1p_y,2024-05-08,5,20.032906397517415,24.0394876770209,22.036197037269158,0.25519502451154225,0.0,99
log1p_y,2024-05-08,6,24.0394876770209,28.046068956524383,26.04277831677264,0.3370519482199732,0.0,96
log1p_y,2024-05-08,7,28.046068956524383,32.052650236027866,30.049359596276126,0.32686798672254413,0.0,75
log1p_y,2024-05-08,8,32.052650236027866,36.05923151553135,34.05594087577961,0.41063685135434996,0.0,96
log1p_y,2024-05-08,9,36.05923151553135,40.06581279503483,38.06252215528309,0.3481210668780517,0.0,58
log1p_y,2024-05-08,10,40.06581279503483,44.072394074538316,42.06910343478657,0.19929296358928797,0.0,38
log1p_y,2024-05-08,11,44.072394074538316,48.078975354041795,46.075684714290055,0.0,0.0,12
log1p_y,2024-05-09,0,0.0,4.006581279503483,2.0032906397517416,0.07330735741318878,0.0,40
log1p_y,2024-05-09,1,4.006581279503483,8.013162559006966,6.009871919255225,0.30915141135072016,0.0,185
log1p_y,2024-05-09,2,8.013162559006966,12.01974383851045,10.016453198758708,0.368323149307531,0.0,161
log1p_y,2024-05-09,3,12.01974383851045,16.026325118013933,14.023034478262192,0.3323817154170826,0.0,154
log1p_y,2024-05-09,4,16.026325118013933,20.032906397517415,18.029615757765676,0.37745400892559067,0.0,162
log1p_y,2024-05-09,5,20.032906397517415,24.0394876770209,22.036197037269158,0.3186518090803357,0.0,99
log1p_y,2024-05-09,6,24.0394876770209,28.046068956524383,26.04277831677264,0.36516577126192845,0.0,96
log1p_y,2024-05-09,7,28.046068956524383,32.052650236027866,30.049359596276126,0.3264783254553704,0.0,75
log1p_y,2024-05-09,8,32.052650236027866,36.05923151553135,34.05594087577961,0.31736640501621666,0.0,96
log1p_y,2024-05-09,9,36.05923151553135,40.06581279503483,38.06252215528309,0.15182886677789978,0.0,58
log1p_y,2024-05-09,10,40.06581279503483,44.072394074538316,42.06910343478657,0.07292972286987569,0.0,38
log1p_y,2024-05-09,11,44.072394074538316,48.078975354041795,46.075684714290055,0.0,0.0,12
log1p_y,2024-05-10,0,0.0,4.006581279503483,2.0032906397517416,0.05215535023914928,0.0,40
log1p_y,2024-05-10,1,4.006581279503483,8.013162559006966,6.009871919255225,0.23104499162762324,0.0,185
log1p_y,2024-05-10,2,8.013162559006966,12.01974383851045,10.016453198758708,0.21973877462398256,0.0,161
log1p_y,2024-05-10,3,12.01974383851045,16.026325118013933,14.023034478262192,0.20008856546907972,0.0,154
log1p_y,2024-05-10,4,16.026325118013933,20.032906397517415,18.029615757765676,0.23961073064786753,0.0,162
log1p_y,2024-05-10,5,20.032906397517415,24.0394876770209,22.036197037269158,0.1663642100175868,0.0,99
log1p_y,2024-05-10,6,24.0394876770209,28.046068956524383,26.04277831677264,0.21532408802621683,0.0,96
log1p_y,2024-05-10,7,28.046068956524383,32.052650236027866,30.049359596276126,0.20350810441238015,0.0,75
log1p_y,2024-05-10,8,32.052650236027866,36.05923151553135,34.05594087577961,0.24022650695910067,0.0,96
log1p_y,2024-05-10,9,36.05923151553135,40.06581279503483,38.06252215528309,0.0994040718451451,0.0,58
log1p_y,2024-05-10,10,40.06581279503483,44.072394074538316,42.06910343478657,0.0442522512819396,0.0,38
log1p_y,2024-05-10,11,44.072394074538316,48.078975354041795,46.075684714290055,0.0,0.0,12
log1p_y,2024-05-11,0,0.0,4.006581279503483,2.0032906397517416,0.0,0.0,40
log1p_y,2024-05-11,1,4.006581279503483,8.013162559006966,6.009871919255225,0.0,0.0,185
log1p_y,2024-05-11,2,8.013162559006966,12.01974383851045,10.016453198758708,0.0,0.0,161
log1p_y,2024-05-11,3,12.01974383851045,16.026325118013933,14.023034478262192,0.0,0.0,154
log1p_y,2024-05-11,4,16.026325118013933,20.032906397517415,18.029615757765676,0.0,0.0,162
log1p_y,2024-05-11,5,20.032906397517415,24.0394876770209,22.036197037269158,0.0,0.0,99
log1p_y,2024-05-11,6,24.0394876770209,28.046068956524383,26.04277831677264,0.0,0.0,96
log1p_y,2024-05-11,7,28.046068956524383,32.052650236027866,30.049359596276126,0.0,0.0,75
log1p_y,2024-05-11,8,32.052650236027866,36.05923151553135,34.05594087577961,0.0,0.0,96
log1p_y,2024-05-11,9,36.05923151553135,40.06581279503483,38.06252215528309,0.0,0.0,58
log1p_y,2024-05-11,10,40.06581279503483,44.072394074538316,42.06910343478657,0.0,0.0,38
log1p_y,2024-05-11,11,44.072394074538316,48.078975354041795,46.075684714290055,0.0,0.0,12
log1p_y,2024-05-12,0,0.0,4.006581279503483,2.0032906397517416,0.030028313369887587,0.0,40
log1p_y,2024-05-12,1,4.006581279503483,8.013162559006966,6.009871919255225,0.0727172129173494,0.0,185
log1p_y,2024-05-12,2,8.013162559006966,12.01974383851045,10.016453198758708,0.05968360421344117,0.0,161
log1p_y,2024-05-12,3,12.01974383851045,16.026325118013933,14.023034478262192,0.051477108634093,0.0,154
log1p_y,2024-05-12,4,16.026325118013933,20.032906397517415,18.029615757765676,0.06672958526641685,0.0,162
log1p_y,2024-05-12,5,20.032906397517415,24.0394876770209,22.036197037269158,0.03397142522653949,0.0,99
log1p_y,2024-05-12,6,24.0394876770209,28.046068956524383,26.04277831677264,0.05505190784479391,0.0,96
log1p_y,2024-05-12,7,28.046068956524383,32.052650236027866,30.049359596276126,0.057654361670184166,0.0,75
log1p_y,2024-05-12,8,32.052650236027866,36.05923151553135,34.05594087577961,0.0850802212146815,0.0,96
log1p_y,2024-05-12,9,36.05923151553135,40.06581279503483,38.06252215528309,0.033134690615048375,0.0,58
log1p_y,2024-05-12,10,40.06581279503483,44.072394074538316,42.06910343478657,0.018965250549402686,0.0,38
log1p_y,2024-05-12,11,44.072394074538316,48.078975354041795,46.075684714290055,0.0,0.0,12
log1p_y,2024-05-13,0,0.0,4.006581279503483,2.0032906397517416,0.1393889095222222,0.0,40
log1p_y,2024-05-13,1,4.006581279503483,8.013162559006966,6.009871919255225,0.4389832566749281,0.0,185
log1p_y,2024-05-13,2,8.013162559006966,12.01974383851045,10.016453198758708,0.48709332720974124,0.0,161
log1p_y,2024-05-13,3,12.01974383851045,16.026325118013933,14.023034478262192,0.5046459156012597,0.0,154
log1p_y,2024-05-13,4,16.026325118013933,20.032906397517415,18.029615757765676,0.6004695972400944,0.0,162
log1p_y,2024-05-13,5,20.032906397517415,24.0394876770209,22.036197037269158,0.5110689001351877,0.0,99
log1p_y,2024-05-13,6,24.0394876770209,28.046068956524383,26.04277831677264,0.5316109803087284,0.0,96
log1p_y,2024-05-13,7,28.046068956524383,32.052650236027866,30.049359596276126,0.4920539009145664,0.0,75
log1p_y,2024-05-13,8,32.052650236027866,36.05923151553135,34.05594087577961,0.5184268878137211,0.0,96
log1p_y,2024-05-13,9,36.05923151553135,40.06581279503483,38.06252215528309,0.31267653879650276,0.0,58
log1p_y,2024-05-13,10,40.06581279503483,44.072394074538316,42.06910343478657,0.12978675795558625,0.0,38
log1p_y,2024-05-13,11,44.072394074538316,48.078975354041795,46.075684714290055,0.040037751159850116,0.0,12
log1p_y,2024-05-14,0,0.0,4.006581279503483,2.0032906397517416,0.10529801079947916,0.0,40
log1p_y,2024-05-14,1,4.006581279503483,8.013162559006966,6.009871919255225,0.4287367721768985,0.0,185
log1p_y,2024-05-14,2,8.013162559006966,12.01974383851045,10.016453198758708,0.4271602840711815,0.0,161
log1p_y,2024-05-14,3,12.01974383851045,16.026325118013933,14.023034478262192,0.41374302029513593,0.0,154
log1p_y,2024-05-14,4,16.026325118013933,20.032906397517415,18.029615757765676,0.46950138243608686,0.0,162
log1p_y,2024-05-14,5,20.032906397517415,24.0394876770209,22.036197037269158,0.37087610688218237,0.0,99
log1p_y,2024-05-14,6,24.0394876770209,28.046068956524383,26.04277831677264,0.38923695040866385,0.0,96
log1p_y,2024-05-14,7,28.046068956524383,32.052650236027866,30.049359596276126,0.33537504191410883,0.0,75
log1p_y,2024-05-14,8,32.052650236027866,36.05923151553135,34.05594087577961,0.30618612893298214,0.0,96
log1p_y,2024-05-14,9,36.05923151553135,40.06581279503483,38.06252215528309,0.1378307832721753,0.0,58
log1p_y,2024-05-14,10,40.06581279503483,44.072394074538316,42.06910343478657,0.0942112208656905,0.0,38
log1p_y,2024-05-14,11,44.072394074538316,48.078975354041795,46.075684714290055,0.10057908006771517,0.0,12
log1p_y,2024-05-15,0,0.0,4.006581279503483,2.0032906397517416,0.06396889236943012,0.0,40
log1p_y,2024-05-15,1,4.006581279503483,8.013162559006966,6.009871919255225,0.3752413736148811,0.0,185
log1p_y,2024-05-15,2,8.013162559006966,12.01974383851045,10.016453198758708,0.4025452047112186,0.0,161
log1p_y,2024-05-15,3,12.01974383851045,16.026325118013933,14.023034478262192,0.3871606202591204,0.0,154
log1p_y,2024-05-15,4,16.026325118013933,20.032906397517415,18.029615757765676,0.43571962138131454,0.0,162
log1p_y,2024-05-15,5,20.032906397517415,24.0394876770209,22.036197037269158,0.35507818339844094,0.0,99
log1p_y,2024-05-15,6,24.0394876770209,28.046068956524383,26.04277831677264,0.4096863571151881,0.0,96
log1p_y,2024-05-15,7,28.046068956524383,32.052650236027866,30.049359596276126,0.34859525987237844,0.0,75
log1p_y,2024-05-15,8,32.052650236027866,36.05923151553135,34.05594087577961,0.3351085747116631,0.0,96
log1p_y,2024-05-15,9,36.05923151553135,40.06581279503483,38.06252215528309,0.12445565622081342,0.0,58
log1p_y,2024-05-15,10,40.06581279503483,44.072394074538316,42.06910343478657,0.07292972286987569,0.0,38
log1p_y,2024-05-15,11,44.072394074538316,48.078975354041795,46.075684714290055,0.0,0.0,12
log1p_y,2024-05-16,0,0.0,4.006581279503483,2.0032906397517416,0.03413836221721672,0.0,40
log1p_y,2024-05-16,1,4.006581279503483,8.013162559006966,6.009871919255225,0.219843176851731,0.0,185
log1p_y,2024-05-16,2,8.013162559006966,12.01974383851045,10.016453198758708,0.22091901430954275,0.0,161
log1p_y,2024-05-16,3,12.01974383851045,16.026325118013933,14.023034478262192,0.20098548264871022,0.0,154
log1p_y,2024-05-16,4,16.026325118013933,20.032906397517415,18.029615757765676,0.2304394310594636,0.0,162
log1p_y,2024-05-16,5,20.032906397517415,24.0394876770209,22.036197037269158,0.17516888801479538,0.0,99
log1p_y,2024-05-16,6,24.0394876770209,28.046068956524383,26.04277831677264,0.20779841071486302,0.0,96
log1p_y,2024-05-16,7,28.046068956524383,32.052650236027866,30.049359596276126,0.19911517890475539,0.0,75
log1p_y,2024-05-16,8,32.052650236027866,36.05923151553135,34.05594087577961,0.19443035330088296,0.0,96
log1p_y,2024-05-16,9,36.05923151553135,40.06581279503483,38.06252215528309,0.05818627499071667,0.0,58
log1p_y,2024-05-16,10,40.06581279503483,44.072394074538316,42.06910343478657,0.018965250549402686,0.0,38
log1p_y,2024-05-16,11,44.072394074538316,48.078975354041795,46.075684714290055,0.0,0.0,12
log1p_y,2024-05-17,0,0.0,4.006581279503483,2.0032906397517416,0.05918152515166446,0.0,40
log1p_y,2024-05-17,1,4.006581279503483,8.013162559006966,6.009871919255225,0.18061364685532008,0.0,185
log1p_y,2024-05-17,2,8.013162559006966,12.01974383851045,10.016453198758708,0.16263368790842514,0.0,161
log1p_y,2024-05-17,3,12.01974383851045,16.026325118013933,14.023034478262192,0.17051849549559991,0.0,154
log1p_y,2024-05-17,4,16.026325118013933,20.032906397517415,18.029615757765676,0.1940660448958159,0.0,162
log1p_y,2024-05-17,5,20.032906397517415,24.0394876770209,22.036197037269158,0.15546854268252638,0.0,99
log1p_y,2024-05-17,6,24.0394876770209,28.046068956524383,26.04277831677264,0.15288044406989468,0.0,96
log1p_y,2024-05-17,7,28.046068956524383,32.052650236027866,30.049359596276126,0.14279836070501584,0.0,75
log1p_y,2024-05-17,8,32.052650236027866,36.05923151553135,34.05594087577961,0.14591975470216925,0.0,96
log1p_y,2024-05-17,9,36.05923151553135,40.06581279503483,38.06252215528309,0.1307088971791517,0.0,58
log1p_y,2024-05-17,10,40.06581279503483,44.072394074538316,42.06910343478657,0.0442522512819396,0.0,38
log1p_y,2024-05-17,11,44.072394074538316,48.078975354041795,46.075684714290055,0.040037751159850116,0.0,12
log1p_y,2024-05-18,0,0.0,4.006581279503483,2.0032906397517416,0.006005662673977517,0.0,40
log1p_y,2024-05-18,1,4.006581279503483,8.013162559006966,6.009871919255225,0.006492608296191911,0.0,185
log1p_y,2024-05-18,2,8.013162559006966,12.01974383851045,10.016453198758708,0.0059683604213441165,0.0,161
log1p_y,2024-05-18,3,12.01974383851045,16.026325118013933,14.023034478262192,0.006239649531405213,0.0,154
log1p_y,2024-05-18,4,16.026325118013933,20.032906397517415,18.029615757765676,0.008897278035522246,0.0,162
log1p_y,2024-05-18,5,20.032906397517415,24.0394876770209,22.036197037269158,0.004853060746648499,0.0,99
log1p_y,2024-05-18,6,24.0394876770209,28.046068956524383,26.04277831677264,0.0050047188949812645,0.0,96
log1p_y,2024-05-18,7,28.046068956524383,32.052650236027866,30.049359596276126,0.009609060278364027,0.0,75
log1p_y,2024-05-18,8,32.052650236027866,36.05923151553135,34.05594087577961,0.017516516132434424,0.0,96
log1p_y,2024-05-18,9,36.05923151553135,40.06581279503483,38.06252215528309,0.024851017961286276,0.0,58
log1p_y,2024-05-18,10,40.06581279503483,44.072394074538316,42.06910343478657,0.03793050109880538,0.0,38
log1p_y,2024-05-18,11,44.072394074538316,48.078975354041795,46.075684714290055,0.040037751159850116,0.0,12
log1p_y,2024-05-19,0,0.0,4.006581279503483,2.0032906397517416,0.012011325347955034,0.0,40
log1p_y,2024-05-19,1,4.006581279503483,8.013162559006966,6.009871919255225,0.014283738251622201,0.0,185
log1p_y,2024-05-19,2,8.013162559006966,12.01974383851045,10.016453198758708,0.010444630737352203,0.0,161
log1p_y,2024-05-19,3,12.01974383851045,16.026325118013933,14.023034478262192,0.007799561914256515,0.0,154
log1p_y,2024-05-19,4,16.026325118013933,20.032906397517415,18.029615757765676,0.011863037380696329,0.0,162
log1p_y,2024-05-19,5,20.032906397517415,24.0394876770209,22.036197037269158,0.004853060746648499,0.0,99
log1p_y,2024-05-19,6,24.0394876770209,28.046068956524383,26.04277831677264,0.010009437789962529,0.0,96
log1p_y,2024-05-19,7,28.046068956524383,32.052650236027866,30.049359596276126,0.009609060278364027,0.0,75
log1p_y,2024-05-19,8,32.052650236027866,36.05923151553135,34.05594087577961,0.015014156684943792,0.0,96
log1p_y,2024-05-19,9,36.05923151553135,40.06581279503483,38.06252215528309,0.0,0.0,58
log1p_y,2024-05-19,10,40.06581279503483,44.072394074538316,42.06910343478657,0.0,0.0,38
log1p_y,2024-05-19,11,44.072394074538316,48.078975354041795,46.075684714290055,0.0,0.0,12
log1p_y,2024-05-20,0,0.0,4.006581279503483,2.0032906397517416,0.10979975874056949,0.0,40
log1p_y,2024-05-20,1,4.006581279503483,8.013162559006966,6.009871919255225,0.38069866869228397,0.0,185
log1p_y,2024-05-20,2,8.013162559006966,12.01974383851045,10.016453198758708,0.3817264912555037,0.0,161
log1p_y,2024-05-20,3,12.01974383851045,16.026325118013933,14.023034478262192,0.3534290147545476,0.0,154
log1p_y,2024-05-20,4,16.026325118013933,20.032906397517415,18.029615757765676,0.40173639270006845,0.0,162
log1p_y,2024-05-20,5,20.032906397517415,24.0394876770209,22.036197037269158,0.31313215571736597,0.0,99
log1p_y,2024-05-20,6,24.0394876770209,28.046068956524383,26.04277831677264,0.3606291247685826,0.0,96
log1p_y,2024-05-20,7,28.046068956524383,32.052650236027866,30.049359596276126,0.3536082908455322,0.0,75
log1p_y,2024-05-20,8,32.052650236027866,36.05923151553135,34.05594087577961,0.344127878133398,0.0,96
log1p_y,2024-05-20,9,36.05923151553135,40.06581279503483,38.06252215528309,0.19201791068102253,0.0,58
log1p_y,2024-05-20,10,40.06581279503483,44.072394074538316,42.06910343478657,0.08449899982715713,0.0,38
log1p_y,2024-05-20,11,44.072394074538316,48.078975354041795,46.075684714290055,0.06005662673977517,0.0,12
log1p_y,2024-05-21,0,0.0,4.006581279503483,2.0032906397517416,0.09411454903995262,0.0,40
log1p_y,2024-05-21,1,4.006581279503483,8.013162559006966,6.009871919255225,0.39754739551304236,0.0,185
log1p_y,2024-05-21,2,8.013162559006966,12.01974383851045,10.016453198758708,0.4405977557692988,0.0,161
log1p_y,2024-05-21,3,12.01974383851045,16.026325118013933,14.023034478262192,0.4254774577787945,0.0,154
log1p_y,2024-05-21,4,16.026325118013933,20.032906397517415,18.029615757765676,0.48356288004027614,0.0,162
log1p_y,2024-05-21,5,20.032906397517415,24.0394876770209,22.036197037269158,0.4015474313543355,0.0,99
log1p_y,2024-05-21,6,24.0394876770209,28.046068956524383,26.04277831677264,0.4238562104140864,0.0,96
log1p_y,2024-05-21,7,28.046068956524383,32.052650236027866,30.049359596276126,0.38411131429863254,0.0,75
log1p_y,2024-05-21,8,32.052650236027866,36.05923151553135,34.05594087577961,0.35420003401108424,0.0,96
log1p_y,2024-05-21,9,36.05923151553135,40.06581279503483,38.06252215528309,0.15312355910149414,0.0,58
log1p_y,2024-05-21,10,40.06581279503483,44.072394074538316,42.06910343478657,0.07185549946088866,0.0,38
log1p_y,2024-05-21,11,44.072394074538316,48.078975354041795,46.075684714290055,0.040037751159850116,0.0,12
log1p_y,2024-05-22,0,0.0,4.006581279503483,2.0032906397517416,0.04016144008471767,0.0,40
log1p_y,2024-05-22,1,4.006581279503483,8.013162559006966,6.009871919255225,0.28514574348013455,0.0,185
log1p_y,2024-05-22,2,8.013162559006966,12.01974383851045,10.016453198758708,0.29398857196813666,0.0,161
log1p_y,2024-05-22,3,12.01974383851045,16.026325118013933,14.023034478262192,0.2764452124628339,0.0,154
log1p_y,2024-05-22,4,16.026325118013933,20.032906397517415,18.029615757765676,0.2969059467248084,0.0,162
log1p_y,2024-05-22,5,20.032906397517415,24.0394876770209,22.036197037269158,0.25542991500462237,0.0,99
log1p_y,2024-05-22,6,24.0394876770209,28.046068956524383,26.04277831677264,0.2736734477255588,0.0,96
log1p_y,2024-05-22,7,28.046068956524383,32.052650236027866,30.049359596276126,0.25077334872875223,0.0,75
log1p_y,2024-05-22,8,32.052650236027866,36.05923151553135,34.05594087577961,0.21137220493645137,0.0,96
log1p_y,2024-05-22,9,36.05923151553135,40.06581279503483,38.06252215528309,0.08323785936638498,0.0,58
log1p_y,2024-05-22,10,40.06581279503483,44.072394074538316,42.06910343478657,0.047642722137338764,0.0,38
log1p_y,2024-05-22,11,44.072394074538316,48.078975354041795,46.075684714290055,0.0,0.0,12
log1p_y,2024-05-23,0,0.0,4.006581279503483,2.0032906397517416,0.16689200913082222,0.0,40
log1p_y,2024-05-23,1,4.006581279503483,8.013162559006966,6.009871919255225,0.5016331695355309,0.0,185
log1p_y,2024-05-23,2,8.013162559006966,12.01974383851045,10.016453198758708,0.46814991603503053,0.0,161
log1p_y,2024-05-23,3,12.01974383851045,16.026325118013933,14.023034478262192,0.4145686094558244,0.0617907321758293,154
log1p_y,2024-05-23,4,16.026325118013933,20.032906397517415,18.029615757765676,0.48180605567867507,0.2402265069591007,162
log1p_y,2024-05-23,5,20.032906397517415,24.0394876770209,22.036197037269158,0.3956921915269902,0.2402265069591007,99
log1p_y,2024-05-23,6,24.0394876770209,28.046068956524383,26.04277831677264,0.4432994041649459,0.0,96
log1p_y,2024-05-23,7,28.046068956524383,32.052650236027866,30.049359596276126,0.43350793926672754,0.0,75
log1p_y,2024-05-23,8,32.052650236027866,36.05923151553135,34.05594087577961,0.41591762664997306,0.0,96
log1p_y,2024-05-23,9,36.05923151553135,40.06581279503483,38.06252215528309,0.13697179327306877,0.0,58
log1p_y,2024-05-23,10,40.06581279503483,44.072394074538316,42.06910343478657,0.0442522512819396,0.0,38
log1p_y,2024-05-23,11,44.072394074538316,48.078975354041795,46.075684714290055,0.040037751159850116,0.0,12
log1p_y,2024-05-24,0,0.0,4.006581279503483,2.0032906397517416,0.069035019024782,0.0,40
log1p_y,2024-05-24,1,4.006581279503483,8.013162559006966,6.009871919255225,0.2028960567616334,0.0,185
log1p_y,2024-05-24,2,8.013162559006966,12.01974383851045,10.016453198758708,0.17875215384396587,0.0,161
log1p_y,2024-05-24,3,12.01974383851045,16.026325118013933,14.023034478262192,0.17362581512184758,0.0,154
log1p_y,2024-05-24,4,16.026325118013933,20.032906397517415,18.029615757765676,0.19162719427403777,0.0,162
log1p_y,2024-05-24,5,20.032906397517415,24.0394876770209,22.036197037269158,0.13664494818454573,0.0,99
log1p_y,2024-05-24,6,24.0394876770209,28.046068956524383,26.04277831677264,0.1670060945910911,0.0,96
log1p_y,2024-05-24,7,28.046068956524383,32.052650236027866,30.049359596276126,0.16767201761496958,0.0,75
log1p_y,2024-05-24,8,32.052650236027866,36.05923151553135,34.05594087577961,0.1693121292298919,0.0,96
log1p_y,2024-05-24,9,36.05923151553135,40.06581279503483,38.06252215528309,0.11150462941830165,0.0,58
log1p_y,2024-05-24,10,40.06581279503483,44.072394074538316,42.06910343478657,0.0442522512819396,0.0,38
log1p_y,2024-05-24,11,44.072394074538316,48.078975354041795,46.075684714290055,0.040037751159850116,0.0,12
log1p_y,2024-05-25,0,0.0,4.006581279503483,2.0032906397517416,0.006005662673977517,0.0,40
log1p_y,2024-05-25,1,4.006581279503483,8.013162559006966,6.009871919255225,0.006492608296191911,0.0,185
log1p_y,2024-05-25,2,8.013162559006966,12.01974383851045,10.016453198758708,0.0059683604213441165,0.0,161
log1p_y,2024-05-25,3,12.01974383851045,16.026325118013933,14.023034478262192,0.006239649531405213,0.0,154
log1p_y,2024-05-25,4,16.026325118013933,20.032906397517415,18.029615757765676,0.008897278035522246,0.0,162
log1p_y,2024-05-25,5,20.032906397517415,24.0394876770209,22.036197037269158,0.004853060746648499,0.0,99
log1p_y,2024-05-25,6,24.0394876770209,28.046068956524383,26.04277831677264,0.0050047188949812645,0.0,96
log1p_y,2024-05-25,7,28.046068956524383,32.052650236027866,30.049359596276126,0.009609060278364027,0.0,75
log1p_y,2024-05-25,8,32.052650236027866,36.05923151553135,34.05594087577961,0.017516516132434424,0.0,96
log1p_y,2024-05-25,9,36.05923151553135,40.06581279503483,38.06252215528309,0.024851017961286276,0.0,58
log1p_y,2024-05-25,10,40.06581279503483,44.072394074538316,42.06910343478657,0.03793050109880538,0.0,38
log1p_y,2024-05-25,11,44.072394074538316,48.078975354041795,46.075684714290055,0.040037751159850116,0.0,12
log1p_y,2024-05-26,0,0.0,4.006581279503483,2.0032906397517416,0.03603397604386511,0.0,40
log1p_y,2024-05-26,1,4.006581279503483,8.013162559006966,6.009871919255225,0.06882164793963426,0.0,185
log1p_y,2024-05-26,2,8.013162559006966,12.01974383851045,10.016453198758708,0.050731063581425,0.0,161
log1p_y,2024-05-26,3,12.01974383851045,16.026325118013933,14.023034478262192,0.04055772195413389,0.0,154
log1p_y,2024-05-26,4,16.026325118013933,20.032906397517415,18.029615757765676,0.05783230723089461,0.0,162
log1p_y,2024-05-26,5,20.032906397517415,24.0394876770209,22.036197037269158,0.026691834106566746,0.0,99
log1p_y,2024-05-26,6,24.0394876770209,28.046068956524383,26.04277831677264,0.04754482950232202,0.0,96
log1p_y,2024-05-26,7,28.046068956524383,32.052650236027866,30.049359596276126,0.048045301391820144,0.0,75
log1p_y,2024-05-26,8,32.052650236027866,36.05923151553135,34.05594087577961,0.07256842397722833,0.0,96
log1p_y,2024-05-26,9,36.05923151553135,40.06581279503483,38.06252215528309,0.016567345307524187,0.0,58
log1p_y,2024-05-26,10,40.06581279503483,44.072394074538316,42.06910343478657,0.0,0.0,38
log1p_y,2024-05-26,11,44.072394074538316,48.078975354041795,46.075684714290055,0.0,0.0,12
log1p_y,2024-05-27,0,0.0,4.006581279503483,2.0032906397517416,0.19860934931546503,0.0,40
log1p_y,2024-05-27,1,4.006581279503483,8.013162559006966,6.009871919255225,0.4492877594176567,0.13047140894795664,185
log1p_y,2024-05-27,2,8.013162559006966,12.01974383851045,10.016453198758708,0.4657353182262915,0.08220097694658277,161
log1p_y,2024-05-27,3,12.01974383851045,16.026325118013933,14.023034478262192,0.41999940865293217,0.0,154
log1p_y,2024-05-27,4,16.026325118013933,20.032906397517415,18.029615757765676,0.4067231674236378,0.08220097694658277,162
log1p_y,2024-05-27,5,20.032906397517415,24.0394876770209,22.036197037269158,0.3471048891480086,0.0,99
log1p_y,2024-05-27,6,24.0394876770209,28.046068956524383,26.04277831677264,0.44717822453667466,0.2402265069591007,96
log1p_y,2024-05-27,7,28.046068956524383,32.052650236027866,30.049359596276126,0.39602789565404334,0.0,75
log1p_y,2024-05-27,8,32.052650236027866,36.05923151553135,34.05594087577961,0.34759746255118484,0.0,96
log1p_y,2024-05-27,9,36.05923151553135,40.06581279503483,38.06252215528309,0.1759538005029354,0.0,58
log1p_y,2024-05-27,10,40.06581279503483,44.072394074538316,42.06910343478657,0.06553374927775443,0.0,38
log1p_y,2024-05-27,11,44.072394074538316,48.078975354041795,46.075684714290055,0.040037751159850116,0.0,12
log1p_y,2024-05-28,0,0.0,4.006581279503483,2.0032906397517416,0.11104458485289743,0.0,40
log1p_y,2024-05-28,1,4.006581279503483,8.013162559006966,6.009871919255225,0.2723556319725264,0.0,185
log1p_y,2024-05-28,2,8.013162559006966,12.01974383851045,10.016453198758708,0.35541710813959887,0.0,161
log1p_y,2024-05-28,3,12.01974383851045,16.026325118013933,14.023034478262192,0.34526246291684876,0.2402265069591007,154
log1p_y,2024-05-28,4,16.026325118013933,20.032906397517415,18.029615757765676,0.4047259040866409,0.2402265069591007,162
log1p_y,2024-05-28,5,20.032906397517415,24.0394876770209,22.036197037269158,0.34708356021839026,0.2402265069591007,99
log1p_y,2024-05-28,6,24.0394876770209,28.046068956524383,26.04277831677264,0.36094482928144184,0.16121374195284172,96
log1p_y,2024-05-28,7,28.046068956524383,32.052650236027866,30.049359596276126,0.3561193996888256,0.0,75
log1p_y,2024-05-28,8,32.052650236027866,36.05923151553135,34.05594087577961,0.3527802417648334,0.0,96
log1p_y,2024-05-28,9,36.05923151553135,40.06581279503483,38.06252215528309,0.16969090440901832,0.0,58
log1p_y,2024-05-28,10,40.06581279503483,44.072394074538316,42.06910343478657,0.07185549946088866,0.0,38
log1p_y,2024-05-28,11,44.072394074538316,48.078975354041795,46.075684714290055,0.040037751159850116,0.0,12
log1p_y,2024-05-29,0,0.0,4.006581279503483,2.0032906397517416,0.12610344696987624,0.0,40
log1p_y,2024-05-29,1,4.006581279503483,8.013162559006966,6.009871919255225,0.28885660432050836,0.0,185
log1p_y,2024-05-29,2,8.013162559006966,12.01974383851045,10.016453198758708,0.3995489140641603,0.0,161
log1p_y,2024-05-29,3,12.01974383851045,16.026325118013933,14.023034478262192,0.2799389800653238,0.0,154
log1p_y,2024-05-29,4,16.026325118013933,20.032906397517415,18.029615757765676,0.31763488283718966,0.0,162
log1p_y,2024-05-29,5,20.032906397517415,24.0394876770209,22.036197037269158,0.24389946944207913,0.0,99
log1p_y,2024-05-29,6,24.0394876770209,28.046068956524383,26.04277831677264,0.31799750830751883,0.0,96
log1p_y,2024-05-29,7,28.046068956524383,32.052650236027866,30.049359596276126,0.31906672448221823,0.0,75
log1p_y,2024-05-29,8,32.052650236027866,36.05923151553135,34.05594087577961,0.39450087804254524,0.0,96
log1p_y,2024-05-29,9,36.05923151553135,40.06581279503483,38.06252215528309,0.29929921478465227,0.0,58
log1p_y,2024-05-29,10,40.06581279503483,44.072394074538316,42.06910343478657,0.11379150329641612,0.0,38
log1p_y,2024-05-29,11,44.072394074538316,48.078975354041795,46.075684714290055,0.020018875579925058,0.0,12
log1p_y,2024-05-30,0,0.0,4.006581279503483,2.0032906397517416,0.10445611112872552,0.0,40
log1p_y,2024-05-30,1,4.006581279503483,8.013162559006966,6.009871919255225,0.1799638010327782,0.0,185
log1p_y,2024-05-30,2,8.013162559006966,12.01974383851045,10.016453198758708,0.20955051022192925,0.0,161
log1p_y,2024-05-30,3,12.01974383851045,16.026325118013933,14.023034478262192,0.1703362380814427,0.0,154
log1p_y,2024-05-30,4,16.026325118013933,20.032906397517415,18.029615757765676,0.21107567566491928,0.0,162
log1p_y,2024-05-30,5,20.032906397517415,24.0394876770209,22.036197037269158,0.17216508721858623,0.0,99
log1p_y,2024-05-30,6,24.0394876770209,28.046068956524383,26.04277831677264,0.1938467097994406,0.0,96
log1p_y,2024-05-30,7,28.046068956524383,32.052650236027866,30.049359596276126,0.19148788755215987,0.0,75
log1p_y,2024-05-30,8,32.052650236027866,36.05923151553135,34.05594087577961,0.18584799694215462,0.16121374195284172,96
log1p_y,2024-05-30,9,36.05923151553135,40.06581279503483,38.06252215528309,0.1391121633112624,0.0,58
log1p_y,2024-05-30,10,40.06581279503483,44.072394074538316,42.06910343478657,0.12658806750523927,0.0,38
log1p_y,2024-05-30,11,44.072394074538316,48.078975354041795,46.075684714290055,0.06005662673977517,0.0,12
log1p_y,2024-05-31,0,0.0,4.006581279503483,2.0032906397517416,0.027098187358112313,0.0,40
log1p_y,2024-05-31,1,4.006581279503483,8.013162559006966,6.009871919255225,0.03300169150797479,0.0,185
log1p_y,2024-05-31,2,8.013162559006966,12.01974383851045,10.016453198758708,0.04417922902093369,0.0,161
log1p_y,2024-05-31,3,12.01974383851045,16.026325118013933,14.023034478262192,0.03131155465735877,0.0,154
log1p_y,2024-05-31,4,16.026325118013933,20.032906397517415,18.029615757765676,0.026763641835172654,0.0,162
log1p_y,2024-05-31,5,20.032906397517415,24.0394876770209,22.036197037269158,0.017044464391220038,0.0,99
log1p_y,2024-05-31,6,24.0394876770209,28.046068956524383,26.04277831677264,0.035154207806891324,0.0,96
log1p_y,2024-05-31,7,28.046068956524383,32.052650236027866,30.049359596276126,0.025701713089198455,0.0,75
log1p_y,2024-05-31,8,32.052650236027866,36.05923151553135,34.05594087577961,0.046445119206104786,0.0,96
log1p_y,2024-05-31,9,36.05923151553135,40.06581279503483,38.06252215528309,0.04161892968319249,0.0,58
log1p_y,2024-05-31,10,40.06581279503483,44.072394074538316,42.06910343478657,0.06352362951645169,0.0,38
log1p_y,2024-05-31,11,44.072394074538316,48.078975354041795,46.075684714290055,0.0,0.0,12
log1p_y,2024-06-01,0,0.0,4.006581279503483,2.0032906397517416,0.07821902541213469,0.0,40
log1p_y,2024-06-01,1,4.006581279503483,8.013162559006966,6.009871919255225,0.1397863582358034,0.0,185
log1p_y,2024-06-01,2,8.013162559006966,12.01974383851045,10.016453198758708,0.10010758804099952,0.0,161
log1p_y,2024-06-01,3,12.01974383851045,16.026325118013933,14.023034478262192,0.09373854627199493,0.0,154
log1p_y,2024-06-01,4,16.026325118013933,20.032906397517415,18.029615757765676,0.06336066729927416,0.0,162
log1p_y,2024-06-01,5,20.032906397517415,24.0394876770209,22.036197037269158,0.1296013649303335,0.0,99
log1p_y,2024-06-01,6,24.0394876770209,28.046068956524383,26.04277831677264,0.1461632048218596,0.0,96
log1p_y,2024-06-01,7,28.046068956524383,32.052650236027866,30.049359596276126,0.20849158214243627,0.0,75
log1p_y,2024-06-01,8,32.052650236027866,36.05923151553135,34.05594087577961,0.12523331460547524,0.0,96
log1p_y,2024-06-01,9,36.05923151553135,40.06581279503483,38.06252215528309,0.0898034241753571,0.0,58
log1p_y,2024-06-01,10,40.06581279503483,44.072394074538316,42.06910343478657,0.012643500366268457,0.0,38
log1p_y,2024-06-01,11,44.072394074538316,48.078975354041795,46.075684714290055,0.0,0.0,12
log1p_y,2024-06-02,0,0.0,4.006581279503483,2.0032906397517416,0.12279522924633934,0.0,40
log1p_y,2024-06-02,1,4.006581279503483,8.013162559006966,6.009871919255225,0.14776962194970894,0.0,185
log1p_y,2024-06-02,2,8.013162559006966,12.01974383851045,10.016453198758708,0.12836359735148303,0.0,161
log1p_y,2024-06-02,3,12.01974383851045,16.026325118013933,14.023034478262192,0.09614993730114113,0.0,154
log1p_y,2024-06-02,4,16.026325118013933,20.032906397517415,18.029615757765676,0.08188828527413232,0.0,162
log1p_y,2024-06-02,5,20.032906397517415,24.0394876770209,22.036197037269158,0.12364629614904173,0.0,99
log1p_y,2024-06-02,6,24.0394876770209,28.046068956524383,26.04277831677264,0.12776958167710092,0.0,96
log1p_y,2024-06-02,7,28.046068956524383,32.052650236027866,30.049359596276126,0.205087413606514,0.0,75
log1p_y,2024-06-02,8,32.052650236027866,36.05923151553135,34.05594087577961,0.1898900924342417,0.0,96
log1p_y,2024-06-02,9,36.05923151553135,40.06581279503483,38.06252215528309,0.1312388734800854,0.0,58
log1p_y,2024-06-02,10,40.06581279503483,44.072394074538316,42.06910343478657,0.05057400146507383,0.0,38
log1p_y,2024-06-02,11,44.072394074538316,48.078975354041795,46.075684714290055,0.0,0.0,12
log1p_y,2024-06-03,0,0.0,4.006581279503483,2.0032906397517416,0.20479605954081373,0.0,40
log1p_y,2024-06-03,1,4.006581279503483,8.013162559006966,6.009871919255225,0.3308212107445916,0.0,185
log1p_y,2024-06-03,2,8.013162559006966,12.01974383851045,10.016453198758708,0.42236734307767926,0.08220097694658277,161
log1p_y,2024-06-03,3,12.01974383851045,16.026325118013933,14.023034478262192,0.38062552217808515,0.0,154
log1p_y,2024-06-03,4,16.026325118013933,20.032906397517415,18.029615757765676,0.3746306959375277,0.0,162
log1p_y,2024-06-03,5,20.032906397517415,24.0394876770209,22.036197037269158,0.2857320016494126,0.0,99
log1p_y,2024-06-03,6,24.0394876770209,28.046068956524383,26.04277831677264,0.40230014925101987,0.0,96
log1p_y,2024-06-03,7,28.046068956524383,32.052650236027866,30.049359596276126,0.3243178947268708,0.0,75
log1p_y,2024-06-03,8,32.052650236027866,36.05923151553135,34.05594087577961,0.3567437748260211,0.0,96
log1p_y,2024-06-03,9,36.05923151553135,40.06581279503483,38.06252215528309,0.24042314095476064,0.0,58
log1p_y,2024-06-03,10,40.06581279503483,44.072394074538316,42.06910343478657,0.17250752392697782,0.0,38
log1p_y,2024-06-03,11,44.072394074538316,48.078975354041795,46.075684714290055,0.040037751159850116,0.0,12
log1p_y,2024-06-04,0,0.0,4.006581279503483,2.0032906397517416,0.16217678386405848,0.0,40
log1p_y,2024-06-04,1,4.006581279503483,8.013162559006966,6.009871919255225,0.3719259227649924,0.04138048740507583,185
log1p_y,2024-06-04,2,8.013162559006966,12.01974383851045,10.016453198758708,0.4797777973311117,0.2402265069591007,161
log1p_y,2024-06-04,3,12.01974383851045,16.026325118013933,14.023034478262192,0.44325538634445816,0.2402265069591007,154
log1p_y,2024-06-04,4,16.026325118013933,20.032906397517415,18.029615757765676,0.4389038064424641,0.2402265069591007,162
log1p_y,2024-06-04,5,20.032906397517415,24.0394876770209,22.036197037269158,0.3509056185745321,0.2402265069591007,99
log1p_y,2024-06-04,6,24.0394876770209,28.046068956524383,26.04277831677264,0.45034675988146483,0.2402265069591007,96
log1p_y,2024-06-04,7,28.046068956524383,32.052650236027866,30.049359596276126,0.4322113612291095,0.2402265069591007,75
log1p_y,2024-06-04,8,32.052650236027866,36.05923151553135,34.05594087577961,0.4101792456004363,0.08220097694658277,96
log1p_y,2024-06-04,9,36.05923151553135,40.06581279503483,38.06252215528309,0.19139676238957626,0.0,58
log1p_y,2024-06-04,10,40.06581279503483,44.072394074538316,42.06910343478657,0.09421122086569052,0.0,38
log1p_y,2024-06-04,11,44.072394074538316,48.078975354041795,46.075684714290055,0.10057908006771517,0.0,12
log1p_y,2024-06-05,0,0.0,4.006581279503483,2.0032906397517416,0.26817826175572373,0.2402265069591007,40
log1p_y,2024-06-05,1,4.006581279503483,8.013162559006966,6.009871919255225,0.31158509774521015,0.2402265069591007,185
log1p_y,2024-06-05,2,8.013162559006966,12.01974383851045,10.016453198758708,0.3928478907278457,0.2402265069591007,161
log1p_y,2024-06-05,3,12.01974383851045,16.026325118013933,14.023034478262192,0.3741497853892639,0.2402265069591007,154
log1p_y,2024-06-05,4,16.026325118013933,20.032906397517415,18.029615757765676,0.3333180505630236,0.2402265069591007,162
log1p_y,2024-06-05,5,20.032906397517415,24.0394876770209,22.036197037269158,0.39472582225846664,0.2402265069591007,99
log1p_y,2024-06-05,6,24.0394876770209,28.046068956524383,26.04277831677264,0.37679983450453364,0.24022650695910064,96
log1p_y,2024-06-05,7,28.046068956524383,32.052650236027866,30.049359596276126,0.36766765628122355,0.2402265069591007,75
log1p_y,2024-06-05,8,32.052650236027866,36.05923151553135,34.05594087577961,0.23142736397682273,0.0,96
log1p_y,2024-06-05,9,36.05923151553135,40.06581279503483,38.06252215528309,0.1431440612953736,0.0,58
log1p_y,2024-06-05,10,40.06581279503483,44.072394074538316,42.06910343478657,0.08449899982715713,0.0,38
log1p_y,2024-06-05,11,44.072394074538316,48.078975354041795,46.075684714290055,0.040037751159850116,0.0,12
log1p_y,2024-06-06,0,0.0,4.006581279503483,2.0032906397517416,0.16031388191658785,0.0,40
log1p_y,2024-06-06,1,4.006581279503483,8.013162559006966,6.009871919255225,0.37011231826881485,0.2402265069591007,185
log1p_y,2024-06-06,2,8.013162559006966,12.01974383851045,10.016453198758708,0.3466815748465254,0.2402265069591007,161
log1p_y,2024-06-06,3,12.01974383851045,16.026325118013933,14.023034478262192,0.3158404383521459,0.08220097694658277,154
log1p_y,2024-06-06,4,16.026325118013933,20.032906397517415,18.029615757765676,0.3181406999846479,0.08220097694658274,162
log1p_y,2024-06-06,5,20.032906397517415,24.0394876770209,22.036197037269158,0.3584996885188838,0.2402265069591007,99
log1p_y,2024-06-06,6,24.0394876770209,28.046068956524383,26.04277831677264,0.38370532080324776,0.2402265069591007,96
log1p_y,2024-06-06,7,28.046068956524383,32.052650236027866,30.049359596276126,0.39273216012866563,0.08220097694658277,75
log1p_y,2024-06-06,8,32.052650236027866,36.05923151553135,34.05594087577961,0.26133816048851877,0.0,96
log1p_y,2024-06-06,9,36.05923151553135,40.06581279503483,38.06252215528309,0.14031919998451853,0.0,58
log1p_y,2024-06-06,10,40.06581279503483,44.072394074538316,42.06910343478657,0.0442522512819396,0.0,38
log1p_y,2024-06-06,11,44.072394074538316,48.078975354041795,46.075684714290055,0.040037751159850116,0.0,12
log1p_y,2024-06-07,0,0.0,4.006581279503483,2.0032906397517416,0.1325608107787863,0.0,40
log1p_y,2024-06-07,1,4.006581279503483,8.013162559006966,6.009871919255225,0.17335813991142626,0.0,185
log1p_y,2024-06-07,2,8.013162559006966,12.01974383851045,10.016453198758708,0.16852218276962486,0.0,161
log1p_y,2024-06-07,3,12.01974383851045,16.026325118013933,14.023034478262192,0.14597604148432855,0.0,154
log1p_y,2024-06-07,4,16.026325118013933,20.032906397517415,18.029615757765676,0.14202444639461081,0.0,162
log1p_y,2024-06-07,5,20.032906397517415,24.0394876770209,22.036197037269158,0.12812265101136017,0.0,99
log1p_y,2024-06-07,6,24.0394876770209,28.046068956524383,26.04277831677264,0.14720706162249905,0.0,96
log1p_y,2024-06-07,7,28.046068956524383,32.052650236027866,30.049359596276126,0.1573282796429034,0.0,75
log1p_y,2024-06-07,8,32.052650236027866,36.05923151553135,34.05594087577961,0.12120603142904336,0.0,96
log1p_y,2024-06-07,9,36.05923151553135,40.06581279503483,38.06252215528309,0.09061716406194595,0.0,58
log1p_y,2024-06-07,10,40.06581279503483,44.072394074538316,42.06910343478657,0.06953925201447651,0.0,38
log1p_y,2024-06-07,11,44.072394074538316,48.078975354041795,46.075684714290055,0.06005662673977517,0.0,12
log1p_y,2024-06-08,0,0.0,4.006581279503483,2.0032906397517416,0.08626571256318755,0.0,40
log1p_y,2024-06-08,1,4.006581279503483,8.013162559006966,6.009871919255225,0.0598517028565395,0.0,185
log1p_y,2024-06-08,2,8.013162559006966,12.01974383851045,10.016453198758708,0.08172806857243607,0.0,161
log1p_y,2024-06-08,3,12.01974383851045,16.026325118013933,14.023034478262192,0.047668113827478556,0.0,154
log1p_y,2024-06-08,4,16.026325118013933,20.032906397517415,18.029615757765676,0.051245651588074696,0.0,162
log1p_y,2024-06-08,5,20.032906397517415,24.0394876770209,22.036197037269158,0.07698925783770005,0.0,99
log1p_y,2024-06-08,6,24.0394876770209,28.046068956524383,26.04277831677264,0.09361365642455631,0.0,96
log1p_y,2024-06-08,7,28.046068956524383,32.052650236027866,30.049359596276126,0.1262315204090081,0.0,75
log1p_y,2024-06-08,8,32.052650236027866,36.05923151553135,34.05594087577961,0.1353580946263814,0.0,96
log1p_y,2024-06-08,9,36.05923151553135,40.06581279503483,38.06252215528309,0.13687151006587778,0.0,58
log1p_y,2024-06-08,10,40.06581279503483,44.072394074538316,42.06910343478657,0.16034526523888445,0.0,38
log1p_y,2024-06-08,11,44.072394074538316,48.078975354041795,46.075684714290055,0.06005662673977517,0.0,12
log1p_y,2024-06-09,0,0.0,4.006581279503483,2.0032906397517416,0.12830535128103016,0.0,40
log1p_y,2024-06-09,1,4.006581279503483,8.013162559006966,6.009871919255225,0.09880735263369098,0.0,185
log1p_y,2024-06-09,2,8.013162559006966,12.01974383851045,10.016453198758708,0.10560151025781254,0.0,161
log1p_y,2024-06-09,3,12.01974383851045,16.026325118013933,14.023034478262192,0.0791314295984105,0.0,154
log1p_y,2024-06-09,4,16.026325118013933,20.032906397517415,18.029615757765676,0.08115522337031865,0.0,162
log1p_y,2024-06-09,5,20.032906397517415,24.0394876770209,22.036197037269158,0.0939749704509698,0.0,99
log1p_y,2024-06-09,6,24.0394876770209,28.046068956524383,26.04277831677264,0.11363253200448135,0.0,96
log1p_y,2024-06-09,7,28.046068956524383,32.052650236027866,30.049359596276126,0.11233089365008254,0.0,75
log1p_y,2024-06-09,8,32.052650236027866,36.05923151553135,34.05594087577961,0.15037225131132517,0.0,96
log1p_y,2024-06-09,9,36.05923151553135,40.06581279503483,38.06252215528309,0.1492970190465209,0.0,58
log1p_y,2024-06-09,10,40.06581279503483,44.072394074538316,42.06910343478657,0.08448426304127371,0.0,38
log1p_y,2024-06-09,11,44.072394074538316,48.078975354041795,46.075684714290055,0.0,0.0,12
log1p_y,2024-06-10,0,0.0,4.006581279503483,2.0032906397517416,0.2255898768468135,0.0,40
log1p_y,2024-06-10,1,4.006581279503483,8.013162559006966,6.009871919255225,0.3370468573186431,0.0,185
log1p_y,2024-06-10,2,8.013162559006966,12.01974383851045,10.016453198758708,0.2936146429473494,0.0,161
log1p_y,2024-06-10,3,12.01974383851045,16.026325118013933,14.023034478262192,0.32780389293654605,0.0,154
log1p_y,2024-06-10,4,16.026325118013933,20.032906397517415,18.029615757765676,0.3423961782923117,0.2402265069591007,162
log1p_y,2024-06-10,5,20.032906397517415,24.0394876770209,22.036197037269158,0.3565746733156179,0.2402265069591007,99
log1p_y,2024-06-10,6,24.0394876770209,28.046068956524383,26.04277831677264,0.3763185871843411,0.2402265069591007,96
log1p_y,2024-06-10,7,28.046068956524383,32.052650236027866,30.049359596276126,0.26468316220111077,0.0,75
log1p_y,2024-06-10,8,32.052650236027866,36.05923151553135,34.05594087577961,0.18657724826558017,0.0,96
log1p_y,2024-06-10,9,36.05923151553135,40.06581279503483,38.06252215528309,0.060106768343370684,0.0,58
log1p_y,2024-06-10,10,40.06581279503483,44.072394074538316,42.06910343478657,0.03793050109880538,0.0,38
log1p_y,2024-06-10,11,44.072394074538316,48.078975354041795,46.075684714290055,0.0,0.0,12
log1p_y,2024-06-11,0,0.0,4.006581279503483,2.0032906397517416,0.17352011162725794,0.0,40
log1p_y,2024-06-11,1,4.006581279503483,8.013162559006966,6.009871919255225,0.2988834370694262,0.0,185
log1p_y,2024-06-11,2,8.013162559006966,12.01974383851045,10.016453198758708,0.2980222650717393,0.0,161
log1p_y,2024-06-11,3,12.01974383851045,16.026325118013933,14.023034478262192,0.2643333660096749,0.0,154
log1p_y,2024-06-11,4,16.026325118013933,20.032906397517415,18.029615757765676,0.24051573266017312,0.0,162
log1p_y,2024-06-11,5,20.032906397517415,24.0394876770209,22.036197037269158,0.25597166388393916,0.0,99
log1p_y,2024-06-11,6,24.0394876770209,28.046068956524383,26.04277831677264,0.2980178190977419,0.0,96
log1p_y,2024-06-11,7,28.046068956524383,32.052650236027866,30.049359596276126,0.3233802705944134,0.0,75
log1p_y,2024-06-11,8,32.052650236027866,36.05923151553135,34.05594087577961,0.20004472927562453,0.0,96
log1p_y,2024-06-11,9,36.05923151553135,40.06581279503483,38.06252215528309,0.1262771306040681,0.0,58
log1p_y,2024-06-11,10,40.06581279503483,44.072394074538316,42.06910343478657,0.0942112208656905,0.0,38
log1p_y,2024-06-11,11,44.072394074538316,48.078975354041795,46.075684714290055,0.10057908006771517,0.0,12
log1p_y,2024-06-12,0,0.0,4.006581279503483,2.0032906397517416,0.1495896502555114,0.0,40
log1p_y,2024-06-12,1,4.006581279503483,8.013162559006966,6.009871919255225,0.3941321752057966,0.0,185
log1p_y,2024-06-12,2,8.013162559006966,12.01974383851045,10.016453198758708,0.38421426444429135,0.0,161
log1p_y,2024-06-12,3,12.01974383851045,16.026325118013933,14.023034478262192,0.3302356871353094,0.0,154
log1p_y,2024-06-12,4,16.026325118013933,20.032906397517415,18.029615757765676,0.3387379246758233,0.08220097694658277,162
log1p_y,2024-06-12,5,20.032906397517415,24.0394876770209,22.036197037269158,0.24360366777150688,0.0,99
log1p_y,2024-06-12,6,24.0394876770209,28.046068956524383,26.04277831677264,0.3890413228045699,0.0,96
log1p_y,2024-06-12,7,28.046068956524383,32.052650236027866,30.049359596276126,0.36089908328518605,0.0,75
log1p_y,2024-06-12,8,32.052650236027866,36.05923151553135,34.05594087577961,0.32623861494274614,0.0,96
log1p_y,2024-06-12,9,36.05923151553135,40.06581279503483,38.06252215528309,0.08647532773506492,0.0,58
log1p_y,2024-06-12,10,40.06581279503483,44.072394074538316,42.06910343478657,0.0442522512819396,0.0,38
log1p_y,2024-06-12,11,44.072394074538316,48.078975354041795,46.075684714290055,0.040037751159850116,0.0,12
log1p_y,2024-06-13,0,0.0,4.006581279503483,2.0032906397517416,0.16225993022716192,0.0,40
log1p_y,2024-06-13,1,4.006581279503483,8.013162559006966,6.009871919255225,0.35874369093257374,0.0,185
log1p_y,2024-06-13,2,8.013162559006966,12.01974383851045,10.016453198758708,0.3538037174537539,0.0,161
log1p_y,2024-06-13,3,12.01974383851045,16.026325118013933,14.023034478262192,0.3002299147183684,0.0,154
log1p_y,2024-06-13,4,16.026325118013933,20.032906397517415,18.029615757765676,0.2826918653154927,0.0,162
log1p_y,2024-06-13,5,20.032906397517415,24.0394876770209,22.036197037269158,0.25054401638155877,0.0,99
log1p_y,2024-06-13,6,24.0394876770209,28.046068956524383,26.04277831677264,0.31292609406640565,0.0,96
log1p_y,2024-06-13,7,28.046068956524383,32.052650236027866,30.049359596276126,0.3259340522614837,0.0,75
log1p_y,2024-06-13,8,32.052650236027866,36.05923151553135,34.05594087577961,0.26695568944033654,0.0,96
log1p_y,2024-06-13,9,36.05923151553135,40.06581279503483,38.06252215528309,0.051823095689608585,0.0,58
log1p_y,2024-06-13,10,40.06581279503483,44.072394074538316,42.06910343478657,0.018965250549402686,0.0,38
log1p_y,2024-06-13,11,44.072394074538316,48.078975354041795,46.075684714290055,0.0,0.0,12
log1p_y,2024-06-14,0,0.0,4.006581279503483,2.0032906397517416,0.19764519155325536,0.0,40
log1p_y,2024-06-14,1,4.006581279503483,8.013162559006966,6.009871919255225,0.20729717907929196,0.0,185
log1p_y,2024-06-14,2,8.013162559006966,12.01974383851045,10.016453198758708,0.22511436290478223,0.0,161
log1p_y,2024-06-14,3,12.01974383851045,16.026325118013933,14.023034478262192,0.20236425072203032,0.0,154
log1p_y,2024-06-14,4,16.026325118013933,20.032906397517415,18.029615757765676,0.2236321135194498,0.0,162
log1p_y,2024-06-14,5,20.032906397517415,24.0394876770209,22.036197037269158,0.23746354806058664,0.0,99
log1p_y,2024-06-14,6,24.0394876770209,28.046068956524383,26.04277831677264,0.20660721046920474,0.0,96
log1p_y,2024-06-14,7,28.046068956524383,32.052650236027866,30.049359596276126,0.19481892930889033,0.0,75
log1p_y,2024-06-14,8,32.052650236027866,36.05923151553135,34.05594087577961,0.13671182262880124,0.0,96
log1p_y,2024-06-14,9,36.05923151553135,40.06581279503483,38.06252215528309,0.08303729295200295,0.0,58
log1p_y,2024-06-14,10,40.06581279503483,44.072394074538316,42.06910343478657,0.06553374927775443,0.0,38
log1p_y,2024-06-14,11,44.072394074538316,48.078975354041795,46.075684714290055,0.040037751159850116,0.0,12
log1p_y,2024-06-15,0,0.0,4.006581279503483,2.0032906397517416,0.006005662673977517,0.0,40
log1p_y,2024-06-15,1,4.006581279503483,8.013162559006966,6.009871919255225,0.006492608296191911,0.0,185
log1p_y,2024-06-15,2,8.013162559006966,12.01974383851045,10.016453198758708,0.0059683604213441165,0.0,161
log1p_y,2024-06-15,3,12.01974383851045,16.026325118013933,14.023034478262192,0.006239649531405213,0.0,154
log1p_y,2024-06-15,4,16.026325118013933,20.032906397517415,18.029615757765676,0.008897278035522246,0.0,162
log1p_y,2024-06-15,5,20.032906397517415,24.0394876770209,22.036197037269158,0.004853060746648499,0.0,99
log1p_y,2024-06-15,6,24.0394876770209,28.046068956524383,26.04277831677264,0.0050047188949812645,0.0,96
log1p_y,2024-06-15,7,28.046068956524383,32.052650236027866,30.049359596276126,0.009609060278364027,0.0,75
log1p_y,2024-06-15,8,32.052650236027866,36.05923151553135,34.05594087577961,0.017516516132434424,0.0,96
log1p_y,2024-06-15,9,36.05923151553135,40.06581279503483,38.06252215528309,0.024851017961286276,0.0,58
log1p_y,2024-06-15,10,40.06581279503483,44.072394074538316,42.06910343478657,0.03793050109880538,0.0,38
log1p_y,2024-06-15,11,44.072394074538316,48.078975354041795,46.075684714290055,0.040037751159850116,0.0,12
log1p_y,2024-06-16,0,0.0,4.006581279503483,2.0032906397517416,0.012011325347955034,0.0,40
log1p_y,2024-06-16,1,4.006581279503483,8.013162559006966,6.009871919255225,0.01298521659238382,0.0,185
log1p_y,2024-06-16,2,8.013162559006966,12.01974383851045,10.016453198758708,0.013428810948024263,0.0,161
log1p_y,2024-06-16,3,12.01974383851045,16.026325118013933,14.023034478262192,0.009359474297107819,0.0,154
log1p_y,2024-06-16,4,16.026325118013933,20.032906397517415,18.029615757765676,0.01038015770810929,0.0,162
log1p_y,2024-06-16,5,20.032906397517415,24.0394876770209,22.036197037269158,0.009706121493296999,0.0,99
log1p_y,2024-06-16,6,24.0394876770209,28.046068956524383,26.04277831677264,0.010009437789962529,0.0,96
log1p_y,2024-06-16,7,28.046068956524383,32.052650236027866,30.049359596276126,0.009609060278364027,0.0,75
log1p_y,2024-06-16,8,32.052650236027866,36.05923151553135,34.05594087577961,0.007507078342471896,0.0,96
log1p_y,2024-06-16,9,36.05923151553135,40.06581279503483,38.06252215528309,0.0,0.0,58
log1p_y,2024-06-16,10,40.06581279503483,44.072394074538316,42.06910343478657,0.0,0.0,38
log1p_y,2024-06-16,11,44.072394074538316,48.078975354041795,46.075684714290055,0.0,0.0,12
log1p_y,2024-06-17,0,0.0,4.006581279503483,2.0032906397517416,0.1871965479692363,0.0,40
log1p_y,2024-06-17,1,4.006581279503483,8.013162559006966,6.009871919255225,0.3668794492576335,0.0,185
log1p_y,2024-06-17,2,8.013162559006966,12.01974383851045,10.016453198758708,0.3633572910323449,0.0,161
log1p_y,2024-06-17,3,12.01974383851045,16.026325118013933,14.023034478262192,0.33661018229502193,0.0,154
log1p_y,2024-06-17,4,16.026325118013933,20.032906397517415,18.029615757765676,0.358820276405597,0.0,162
log1p_y,2024-06-17,5,20.032906397517415,24.0394876770209,22.036197037269158,0.35990723719558454,0.0,99
log1p_y,2024-06-17,6,24.0394876770209,28.046068956524383,26.04277831677264,0.3879166352878518,0.0,96
log1p_y,2024-06-17,7,28.046068956524383,32.052650236027866,30.049359596276126,0.331127053635203,0.0,75
log1p_y,2024-06-17,8,32.052650236027866,36.05923151553135,34.05594087577961,0.18552062580713766,0.0,96
log1p_y,2024-06-17,9,36.05923151553135,40.06581279503483,38.06252215528309,0.03313469061504837,0.0,58
log1p_y,2024-06-17,10,40.06581279503483,44.072394074538316,42.06910343478657,0.018965250549402686,0.0,38
log1p_y,2024-06-17,11,44.072394074538316,48.078975354041795,46.075684714290055,0.0,0.0,12
log1p_y,2024-06-18,0,0.0,4.006581279503483,2.0032906397517416,0.1931296870578569,0.0,40
log1p_y,2024-06-18,1,4.006581279503483,8.013162559006966,6.009871919255225,0.3929504452587532,0.0,185
log1p_y,2024-06-18,2,8.013162559006966,12.01974383851045,10.016453198758708,0.45545104406445724,0.0,161
log1p_y,2024-06-18,3,12.01974383851045,16.026325118013933,14.023034478262192,0.442045744235516,0.2402265069591007,154
log1p_y,2024-06-18,4,16.026325118013933,20.032906397517415,18.029615757765676,0.45428270878935023,0.2402265069591007,162
log1p_y,2024-06-18,5,20.032906397517415,24.0394876770209,22.036197037269158,0.4587954963127437,0.2402265069591007,99
log1p_y,2024-06-18,6,24.0394876770209,28.046068956524383,26.04277831677264,0.4626646415010313,0.0,96
log1p_y,2024-06-18,7,28.046068956524383,32.052650236027866,30.049359596276126,0.4184544760922464,0.0,75
log1p_y,2024-06-18,8,32.052650236027866,36.05923151553135,34.05594087577961,0.2834859206655215,0.0,96
log1p_y,2024-06-18,9,36.05923151553135,40.06581279503483,38.06252215528309,0.05798570857633465,0.0,58
log1p_y,2024-06-18,10,40.06581279503483,44.072394074538316,42.06910343478657,0.018965250549402686,0.0,38
log1p_y,2024-06-18,11,44.072394074538316,48.078975354041795,46.075684714290055,0.0,0.0,12
log1p_y,2024-06-19,0,0.0,4.006581279503483,2.0032906397517416,0.16819010492471037,0.0,40
log1p_y,2024-06-19,1,4.006581279503483,8.013162559006966,6.009871919255225,0.39017882082795313,0.0,185
log1p_y,2024-06-19,2,8.013162559006966,12.01974383851045,10.016453198758708,0.43944471709948085,0.0,161
log1p_y,2024-06-19,3,12.01974383851045,16.026325118013933,14.023034478262192,0.4005445300510656,0.0,154
log1p_y,2024-06-19,4,16.026325118013933,20.032906397517415,18.029615757765676,0.3925168582416633,0.0,162
log1p_y,2024-06-19,5,20.032906397517415,24.0394876770209,22.036197037269158,0.3872819859943579,0.0,99
log1p_y,2024-06-19,6,24.0394876770209,28.046068956524383,26.04277831677264,0.3991305303504791,0.0,96
log1p_y,2024-06-19,7,28.046068956524383,32.052650236027866,30.049359596276126,0.37593725918141807,0.0,75
log1p_y,2024-06-19,8,32.052650236027866,36.05923151553135,34.05594087577961,0.2635456615124939,0.0,96
log1p_y,2024-06-19,9,36.05923151553135,40.06581279503483,38.06252215528309,0.06859100741151479,0.0,58
log1p_y,2024-06-19,10,40.06581279503483,44.072394074538316,42.06910343478657,0.018965250549402686,0.0,38
log1p_y,2024-06-19,11,44.072394074538316,48.078975354041795,46.075684714290055,0.0,0.0,12
log1p_y,2024-06-20,0,0.0,4.006581279503483,2.0032906397517416,0.15796288759939547,0.0,40
log1p_y,2024-06-20,1,4.006581279503483,8.013162559006966,6.009871919255225,0.3818296149003744,0.0,185
log1p_y,2024-06-20,2,8.013162559006966,12.01974383851045,10.016453198758708,0.4035519271355259,0.0,161
log1p_y,2024-06-20,3,12.01974383851045,16.026325118013933,14.023034478262192,0.4075368154963569,0.1245709116836114,154
log1p_y,2024-06-20,4,16.026325118013933,20.032906397517415,18.029615757765676,0.41005330843235693,0.06940387997751177,162
log1p_y,2024-06-20,5,20.032906397517415,24.0394876770209,22.036197037269158,0.3745374798856835,0.0,99
log1p_y,2024-06-20,6,24.0394876770209,28.046068956524383,26.04277831677264,0.3922045603042417,0.0,96
log1p_y,2024-06-20,7,28.046068956524383,32.052650236027866,30.049359596276126,0.380419209914372,0.0,75
log1p_y,2024-06-20,8,32.052650236027866,36.05923151553135,34.05594087577961,0.27532800696391174,0.0,96
log1p_y,2024-06-20,9,36.05923151553135,40.06581279503483,38.06252215528309,0.14738618082944568,0.0,58
log1p_y,2024-06-20,10,40.06581279503483,44.072394074538316,42.06910343478657,0.09528544427467753,0.0,38
log1p_y,2024-06-20,11,44.072394074538316,48.078975354041795,46.075684714290055,0.0,0.0,12
log1p_y,2024-06-21,0,0.0,4.006581279503483,2.0032906397517416,0.08731422469490366,0.0,40
log1p_y,2024-06-21,1,4.006581279503483,8.013162559006966,6.009871919255225,0.18562760338452378,0.0,185
log1p_y,2024-06-21,2,8.013162559006966,12.01974383851045,10.016453198758708,0.1918663237491267,0.0,161
log1p_y,2024-06-21,3,12.01974383851045,16.026325118013933,14.023034478262192,0.18365578318560855,0.0,154
log1p_y,2024-06-21,4,16.026325118013933,20.032906397517415,18.029615757765676,0.20930771929407935,0.0,162
log1p_y,2024-06-21,5,20.032906397517415,24.0394876770209,22.036197037269158,0.18205312058981055,0.0,99
log1p_y,2024-06-21,6,24.0394876770209,28.046068956524383,26.04277831677264,0.1663149225659648,0.0,96
log1p_y,2024-06-21,7,28.046068956524383,32.052650236027866,30.049359596276126,0.16358668177287164,0.0,75
log1p_y,2024-06-21,8,32.052650236027866,36.05923151553135,34.05594087577961,0.17150250380962517,0.0,96
log1p_y,2024-06-21,9,36.05923151553135,40.06581279503483,38.06252215528309,0.12839692613331244,0.0,58
log1p_y,2024-06-21,10,40.06581279503483,44.072394074538316,42.06910343478657,0.12011325347955033,0.0,38
log1p_y,2024-06-21,11,44.072394074538316,48.078975354041795,46.075684714290055,0.0,0.0,12
log1p_y,2024-06-22,0,0.0,4.006581279503483,2.0032906397517416,0.012011325347955034,0.0,40
log1p_y,2024-06-22,1,4.006581279503483,8.013162559006966,6.009871919255225,0.014283738251622205,0.0,185
log1p_y,2024-06-22,2,8.013162559006966,12.01974383851045,10.016453198758708,0.004476270316008087,0.0,161
log1p_y,2024-06-22,3,12.01974383851045,16.026325118013933,14.023034478262192,0.006239649531405213,0.0,154
log1p_y,2024-06-22,4,16.026325118013933,20.032906397517415,18.029615757765676,0.004448639017761123,0.0,162
log1p_y,2024-06-22,5,20.032906397517415,24.0394876770209,22.036197037269158,0.004853060746648499,0.0,99
log1p_y,2024-06-22,6,24.0394876770209,28.046068956524383,26.04277831677264,0.012511797237453161,0.0,96
log1p_y,2024-06-22,7,28.046068956524383,32.052650236027866,30.049359596276126,0.012812080371152036,0.0,75
log1p_y,2024-06-22,8,32.052650236027866,36.05923151553135,34.05594087577961,0.020018875579925058,0.0,96
log1p_y,2024-06-22,9,36.05923151553135,40.06581279503483,38.06252215528309,0.016567345307524187,0.0,58
log1p_y,2024-06-22,10,40.06581279503483,44.072394074538316,42.06910343478657,0.012643500366268457,0.0,38
log1p_y,2024-06-22,11,44.072394074538316,48.078975354041795,46.075684714290055,0.0,0.0,12
log1p_y,2024-06-23,0,0.0,4.006581279503483,2.0032906397517416,0.012011325347955034,0.0,40
log1p_y,2024-06-23,1,4.006581279503483,8.013162559006966,6.009871919255225,0.014283738251622201,0.0,185
log1p_y,2024-06-23,2,8.013162559006966,12.01974383851045,10.016453198758708,0.010444630737352203,0.0,161
log1p_y,2024-06-23,3,12.01974383851045,16.026325118013933,14.023034478262192,0.007799561914256515,0.0,154
log1p_y,2024-06-23,4,16.026325118013933,20.032906397517415,18.029615757765676,0.011863037380696329,0.0,162
log1p_y,2024-06-23,5,20.032906397517415,24.0394876770209,22.036197037269158,0.004853060746648499,0.0,99
log1p_y,2024-06-23,6,24.0394876770209,28.046068956524383,26.04277831677264,0.010009437789962529,0.0,96
log1p_y,2024-06-23,7,28.046068956524383,32.052650236027866,30.049359596276126,0.009609060278364027,0.0,75
log1p_y,2024-06-23,8,32.052650236027866,36.05923151553135,34.05594087577961,0.015014156684943792,0.0,96
log1p_y,2024-06-23,9,36.05923151553135,40.06581279503483,38.06252215528309,0.0,0.0,58
log1p_y,2024-06-23,10,40.06581279503483,44.072394074538316,42.06910343478657,0.0,0.0,38
log1p_y,2024-06-23,11,44.072394074538316,48.078975354041795,46.075684714290055,0.0,0.0,12
log1p_y,2024-06-24,0,0.0,4.006581279503483,2.0032906397517416,0.07923953765067235,0.0,40
log1p_y,2024-06-24,1,4.006581279503483,8.013162559006966,6.009871919255225,0.16419652696905562,0.0,185
log1p_y,2024-06-24,2,8.013162559006966,12.01974383851045,10.016453198758708,0.1986070935468473,0.0,161
log1p_y,2024-06-24,3,12.01974383851045,16.026325118013933,14.023034478262192,0.17792445178343447,0.0,154
log1p_y,2024-06-24,4,16.026325118013933,20.032906397517415,18.029615757765676,0.17431018602467424,0.0,162
log1p_y,2024-06-24,5,20.032906397517415,24.0394876770209,22.036197037269158,0.1774722582881426,0.0,99
log1p_y,2024-06-24,6,24.0394876770209,28.046068956524383,26.04277831677264,0.161292703737747,0.0,96
log1p_y,2024-06-24,7,28.046068956524383,32.052650236027866,30.049359596276126,0.15724326065782812,0.0,75
log1p_y,2024-06-24,8,32.052650236027866,36.05923151553135,34.05594087577961,0.092702641788097,0.0,96
log1p_y,2024-06-24,9,36.05923151553135,40.06581279503483,38.06252215528309,0.016567345307524187,0.0,58
log1p_y,2024-06-24,10,40.06581279503483,44.072394074538316,42.06910343478657,0.018965250549402686,0.0,38
log1p_y,2024-06-24,11,44.072394074538316,48.078975354041795,46.075684714290055,0.0,0.0,12
log1p_y,2024-06-25,0,0.0,4.006581279503483,2.0032906397517416,0.08626571256318755,0.0,40
log1p_y,2024-06-25,1,4.006581279503483,8.013162559006966,6.009871919255225,0.241430167251119,0.0,185
log1p_y,2024-06-25,2,8.013162559006966,12.01974383851045,10.016453198758708,0.24900126990722676,0.0,161
log1p_y,2024-06-25,3,12.01974383851045,16.026325118013933,14.023034478262192,0.20976250631884158,0.0,154
log1p_y,2024-06-25,4,16.026325118013933,20.032906397517415,18.029615757765676,0.22985329633904453,0.0,162
log1p_y,2024-06-25,5,20.032906397517415,24.0394876770209,22.036197037269158,0.190488318287088,0.0,99
log1p_y,2024-06-25,6,24.0394876770209,28.046068956524383,26.04277831677264,0.2106595625129876,0.0,96
log1p_y,2024-06-25,7,28.046068956524383,32.052650236027866,30.049359596276126,0.20223318001246807,0.0,75
log1p_y,2024-06-25,8,32.052650236027866,36.05923151553135,34.05594087577961,0.1655017502272126,0.0,96
log1p_y,2024-06-25,9,36.05923151553135,40.06581279503483,38.06252215528309,0.012425508980643138,0.0,58
log1p_y,2024-06-25,10,40.06581279503483,44.072394074538316,42.06910343478657,0.018965250549402686,0.0,38
log1p_y,2024-06-25,11,44.072394074538316,48.078975354041795,46.075684714290055,0.0,0.0,12
log1p_y,2024-06-26,0,0.0,4.006581279503483,2.0032906397517416,0.04328446483017056,0.0,40
log1p_y,2024-06-26,1,4.006581279503483,8.013162559006966,6.009871919255225,0.16229174598678264,0.0,185
log1p_y,2024-06-26,2,8.013162559006966,12.01974383851045,10.016453198758708,0.19528220824262632,0.0,161
log1p_y,2024-06-26,3,12.01974383851045,16.026325118013933,14.023034478262192,0.16433380642827958,0.0,154
log1p_y,2024-06-26,4,16.026325118013933,20.032906397517415,18.029615757765676,0.1775591972196116,0.0,162
log1p_y,2024-06-26,5,20.032906397517415,24.0394876770209,22.036197037269158,0.1469637834279333,0.0,99
log1p_y,2024-06-26,6,24.0394876770209,28.046068956524383,26.04277831677264,0.166570558345,0.0,96
log1p_y,2024-06-26,7,28.046068956524383,32.052650236027866,30.049359596276126,0.16711453121997302,0.0,75
log1p_y,2024-06-26,8,32.052650236027866,36.05923151553135,34.05594087577961,0.1530794625430196,0.0,96
log1p_y,2024-06-26,9,36.05923151553135,40.06581279503483,38.06252215528309,0.05798570857633465,0.0,58
log1p_y,2024-06-26,10,40.06581279503483,44.072394074538316,42.06910343478657,0.018965250549402686,0.0,38
log1p_y,2024-06-26,11,44.072394074538316,48.078975354041795,46.075684714290055,0.0,0.0,12
log1p_y,2024-06-27,0,0.0,4.006581279503483,2.0032906397517416,0.11896763451231973,0.0,40
log1p_y,2024-06-27,1,4.006581279503483,8.013162559006966,6.009871919255225,0.17335725737418647,0.0,185
log1p_y,2024-06-27,2,8.013162559006966,12.01974383851045,10.016453198758708,0.1669861243961138,0.0,161
log1p_y,2024-06-27,3,12.01974383851045,16.026325118013933,14.023034478262192,0.18389928685058615,0.0,154
log1p_y,2024-06-27,4,16.026325118013933,20.032906397517415,18.029615757765676,0.20642007368518198,0.0,162
log1p_y,2024-06-27,5,20.032906397517415,24.0394876770209,22.036197037269158,0.2064438941279174,0.0,99
log1p_y,2024-06-27,6,24.0394876770209,28.046068956524383,26.04277831677264,0.22190821689288365,0.0,96
log1p_y,2024-06-27,7,28.046068956524383,32.052650236027866,30.049359596276126,0.14164547517145773,0.0,75
log1p_y,2024-06-27,8,32.052650236027866,36.05923151553135,34.05594087577961,0.06005662673977518,0.0,96
log1p_y,2024-06-27,9,36.05923151553135,40.06581279503483,38.06252215528309,0.012425508980643138,0.0,58
log1p_y,2024-06-27,10,40.06581279503483,44.072394074538316,42.06910343478657,0.018965250549402686,0.0,38
log1p_y,2024-06-27,11,44.072394074538316,48.078975354041795,46.075684714290055,0.0,0.0,12
log1p_y,2024-06-28,0,0.0,4.006581279503483,2.0032906397517416,0.0360339760438651,0.0,40
log1p_y,2024-06-28,1,4.006581279503483,8.013162559006966,6.009871919255225,0.051940866369535287,0.0,185
log1p_y,2024-06-28,2,8.013162559006966,12.01974383851045,10.016453198758708,0.0566994240027691,0.0,161
log1p_y,2024-06-28,3,12.01974383851045,16.026325118013933,14.023034478262192,0.054596933399795614,0.0,154
log1p_y,2024-06-28,4,16.026325118013933,20.032906397517415,18.029615757765676,0.05931518690348164,0.0,162
log1p_y,2024-06-28,5,20.032906397517415,24.0394876770209,22.036197037269158,0.058236728959781985,0.0,99
log1p_y,2024-06-28,6,24.0394876770209,28.046068956524383,26.04277831677264,0.06005662673977518,0.0,96
log1p_y,2024-06-28,7,28.046068956524383,32.052650236027866,30.049359596276126,0.04484228129903213,0.0,75
log1p_y,2024-06-28,8,32.052650236027866,36.05923151553135,34.05594087577961,0.04754482950232201,0.0,96
log1p_y,2024-06-28,9,36.05923151553135,40.06581279503483,38.06252215528309,0.04556019959569151,0.0,58
log1p_y,2024-06-28,10,40.06581279503483,44.072394074538316,42.06910343478657,0.0442522512819396,0.0,38
log1p_y,2024-06-28,11,44.072394074538316,48.078975354041795,46.075684714290055,0.0,0.0,12
log1p_y,2024-06-29,0,0.0,4.006581279503483,2.0032906397517416,0.0,0.0,40
log1p_y,2024-06-29,1,4.006581279503483,8.013162559006966,6.009871919255225,0.0,0.0,185
log1p_y,2024-06-29,2,8.013162559006966,12.01974383851045,10.016453198758708,0.0,0.0,161
log1p_y,2024-06-29,3,12.01974383851045,16.026325118013933,14.023034478262192,0.0,0.0,154
log1p_y,2024-06-29,4,16.026325118013933,20.032906397517415,18.029615757765676,0.0,0.0,162
log1p_y,2024-06-29,5,20.032906397517415,24.0394876770209,22.036197037269158,0.0,0.0,99
log1p_y,2024-06-29,6,24.0394876770209,28.046068956524383,26.04277831677264,0.0,0.0,96
log1p_y,2024-06-29,7,28.046068956524383,32.052650236027866,30.049359596276126,0.0,0.0,75
log1p_y,2024-06-29,8,32.052650236027866,36.05923151553135,34.05594087577961,0.0,0.0,96
log1p_y,2024-06-29,9,36.05923151553135,40.06581279503483,38.06252215528309,0.0,0.0,58
log1p_y,2024-06-29,10,40.06581279503483,44.072394074538316,42.06910343478657,0.0,0.0,38
log1p_y,2024-06-29,11,44.072394074538316,48.078975354041795,46.075684714290055,0.0,0.0,12
log1p_y,2024-06-30,0,0.0,4.006581279503483,2.0032906397517416,0.02402265069591007,0.0,40
log1p_y,2024-06-30,1,4.006581279503483,8.013162559006966,6.009871919255225,0.03246304148095955,0.0,185
log1p_y,2024-06-30,2,8.013162559006966,12.01974383851045,10.016453198758708,0.029841802106720584,0.0,161
log1p_y,2024-06-30,3,12.01974383851045,16.026325118013933,14.023034478262192,0.04055772195413388,0.0,154
log1p_y,2024-06-30,4,16.026325118013933,20.032906397517415,18.029615757765676,0.04596926985019828,0.0,162
log1p_y,2024-06-30,5,20.032906397517415,24.0394876770209,22.036197037269158,0.038824485973187994,0.0,99
log1p_y,2024-06-30,6,24.0394876770209,28.046068956524383,26.04277831677264,0.030028313369887583,0.0,96
log1p_y,2024-06-30,7,28.046068956524383,32.052650236027866,30.049359596276126,0.012812080371152036,0.0,75
log1p_y,2024-06-30,8,32.052650236027866,36.05923151553135,34.05594087577961,0.0,0.0,96
log1p_y,2024-06-30,9,36.05923151553135,40.06581279503483,38.06252215528309,0.0,0.0,58
log1p_y,2024-06-30,10,40.06581279503483,44.072394074538316,42.06910343478657,0.0,0.0,38
log1p_y,2024-06-30,11,44.072394074538316,48.078975354041795,46.075684714290055,0.0,0.0,12
log1p_y,2024-07-01,0,0.0,4.006581279503483,2.0032906397517416,0.21827125672786427,0.0,40
log1p_y,2024-07-01,1,4.006581279503483,8.013162559006966,6.009871919255225,0.313584900632213,0.0,185
log1p_y,2024-07-01,2,8.013162559006966,12.01974383851045,10.016453198758708,0.33404752886537376,0.0,161
log1p_y,2024-07-01,3,12.01974383851045,16.026325118013933,14.023034478262192,0.30530110142547756,0.0,154
log1p_y,2024-07-01,4,16.026325118013933,20.032906397517415,18.029615757765676,0.363436284656981,0.0,162
log1p_y,2024-07-01,5,20.032906397517415,24.0394876770209,22.036197037269158,0.28346411175228464,0.0,99
log1p_y,2024-07-01,6,24.0394876770209,28.046068956524383,26.04277831677264,0.39416548950236424,0.0,96
log1p_y,2024-07-01,7,28.046068956524383,32.052650236027866,30.049359596276126,0.2557998292477334,0.0,75
log1p_y,2024-07-01,8,32.052650236027866,36.05923151553135,34.05594087577961,0.17406545102812698,0.0,96
log1p_y,2024-07-01,9,36.05923151553135,40.06581279503483,38.06252215528309,0.04161892968319249,0.0,58
log1p_y,2024-07-01,10,40.06581279503483,44.072394074538316,42.06910343478657,0.0,0.0,38
log1p_y,2024-07-01,11,44.072394074538316,48.078975354041795,46.075684714290055,0.0,0.0,12
log1p_y,2024-07-02,0,0.0,4.006581279503483,2.0032906397517416,0.12861828105062287,0.0,40
log1p_y,2024-07-02,1,4.006581279503483,8.013162559006966,6.009871919255225,0.4625609640459041,0.0,185
log1p_y,2024-07-02,2,8.013162559006966,12.01974383851045,10.016453198758708,0.46104299979989477,0.0,161
log1p_y,2024-07-02,3,12.01974383851045,16.026325118013933,14.023034478262192,0.48020617907899815,0.0,154
log1p_y,2024-07-02,4,16.026325118013933,20.032906397517415,18.029615757765676,0.5409447340932926,0.06523570447397832,162
log1p_y,2024-07-02,5,20.032906397517415,24.0394876770209,22.036197037269158,0.47464979182200523,0.0,99
log1p_y,2024-07-02,6,24.0394876770209,28.046068956524383,26.04277831677264,0.4710896367221249,0.0,96
log1p_y,2024-07-02,7,28.046068956524383,32.052650236027866,30.049359596276126,0.3721354277517765,0.0,75
log1p_y,2024-07-02,8,32.052650236027866,36.05923151553135,34.05594087577961,0.300703500044599,0.0,96
log1p_y,2024-07-02,9,36.05923151553135,40.06581279503483,38.06252215528309,0.08932035841311153,0.0,58
log1p_y,2024-07-02,10,40.06581279503483,44.072394074538316,42.06910343478657,0.0,0.0,38
log1p_y,2024-07-02,11,44.072394074538316,48.078975354041795,46.075684714290055,0.0,0.0,12
log1p_y,2024-07-03,0,0.0,4.006581279503483,2.0032906397517416,0.14730974340853256,0.0,40
log1p_y,2024-07-03,1,4.006581279503483,8.013162559006966,6.009871919255225,0.5605111950694375,0.0,185
log1p_y,2024-07-03,2,8.013162559006966,12.01974383851045,10.016453198758708,0.5828176457865633,0.0,161
log1p_y,2024-07-03,3,12.01974383851045,16.026325118013933,14.023034478262192,0.583800619707998,0.0,154
log1p_y,2024-07-03,4,16.026325118013933,20.032906397517415,18.029615757765676,0.6595531811721304,0.0,162
log1p_y,2024-07-03,5,20.032906397517415,24.0394876770209,22.036197037269158,0.5593544189922782,0.0,99
log1p_y,2024-07-03,6,24.0394876770209,28.046068956524383,26.04277831677264,0.5832539425401514,0.0,96
log1p_y,2024-07-03,7,28.046068956524383,32.052650236027866,30.049359596276126,0.5176736720043231,0.0,75
log1p_y,2024-07-03,8,32.052650236027866,36.05923151553135,34.05594087577961,0.505648608998405,0.0,96
log1p_y,2024-07-03,9,36.05923151553135,40.06581279503483,38.06252215528309,0.20926614221751477,0.0,58
log1p_y,2024-07-03,10,40.06581279503483,44.072394074538316,42.06910343478657,0.09482625274701344,0.0,38
log1p_y,2024-07-03,11,44.072394074538316,48.078975354041795,46.075684714290055,0.0,0.0,12
log1p_y,2024-07-04,0,0.0,4.006581279503483,2.0032906397517416,0.2484867328696959,0.0,40
log1p_y,2024-07-04,1,4.006581279503483,8.013162559006966,6.009871919255225,0.39396627581127364,0.0,185
log1p_y,2024-07-04,2,8.013162559006966,12.01974383851045,10.016453198758708,0.3827861830438505,0.0,161
log1p_y,2024-07-04,3,12.01974383851045,16.026325118013933,14.023034478262192,0.4177822736192052,0.2402265069591007,154
log1p_y,2024-07-04,4,16.026325118013933,20.032906397517415,18.029615757765676,0.42775675706305444,0.2402265069591007,162
log1p_y,2024-07-04,5,20.032906397517415,24.0394876770209,22.036197037269158,0.396012078826257,0.2402265069591007,99
log1p_y,2024-07-04,6,24.0394876770209,28.046068956524383,26.04277831677264,0.43503233930469426,0.2402265069591007,96
log1p_y,2024-07-04,7,28.046068956524383,32.052650236027866,30.049359596276126,0.3551381159945748,0.0,75
log1p_y,2024-07-04,8,32.052650236027866,36.05923151553135,34.05594087577961,0.2371033060724039,0.0,96
log1p_y,2024-07-04,9,36.05923151553135,40.06581279503483,38.06252215528309,0.14122356794271965,0.0,58
log1p_y,2024-07-04,10,40.06581279503483,44.072394074538316,42.06910343478657,0.06969231585703123,0.0,38
log1p_y,2024-07-04,11,44.072394074538316,48.078975354041795,46.075684714290055,0.0,0.0,12
log1p_y,2024-07-05,0,0.0,4.006581279503483,2.0032906397517416,0.142385700999239,0.0,40
log1p_y,2024-07-05,1,4.006581279503483,8.013162559006966,6.009871919255225,0.23677110395024553,0.0,185
log1p_y,2024-07-05,2,8.013162559006966,12.01974383851045,10.016453198758708,0.24142065963506007,0.0,161
log1p_y,2024-07-05,3,12.01974383851045,16.026325118013933,14.023034478262192,0.23257006323263135,0.0,154
log1p_y,2024-07-05,4,16.026325118013933,20.032906397517415,18.029615757765676,0.2485398044903747,0.0,162
log1p_y,2024-07-05,5,20.032906397517415,24.0394876770209,22.036197037269158,0.26371352729623176,0.0,99
log1p_y,2024-07-05,6,24.0394876770209,28.046068956524383,26.04277831677264,0.20646801595675857,0.0,96
log1p_y,2024-07-05,7,28.046068956524383,32.052650236027866,30.049359596276126,0.19576452075635953,0.0,75
log1p_y,2024-07-05,8,32.052650236027866,36.05923151553135,34.05594087577961,0.12896239320228442,0.0,96
log1p_y,2024-07-05,9,36.05923151553135,40.06581279503483,38.06252215528309,0.06626938123009675,0.0,58
log1p_y,2024-07-05,10,40.06581279503483,44.072394074538316,42.06910343478657,0.0442522512819396,0.0,38
log1p_y,2024-07-05,11,44.072394074538316,48.078975354041795,46.075684714290055,0.0,0.0,12
log1p_y,2024-07-06,0,0.0,4.006581279503483,2.0032906397517416,0.0,0.0,40
log1p_y,2024-07-06,1,4.006581279503483,8.013162559006966,6.009871919255225,0.0,0.0,185
log1p_y,2024-07-06,2,8.013162559006966,12.01974383851045,10.016453198758708,0.0,0.0,161
log1p_y,2024-07-06,3,12.01974383851045,16.026325118013933,14.023034478262192,0.0,0.0,154
log1p_y,2024-07-06,4,16.026325118013933,20.032906397517415,18.029615757765676,0.0,0.0,162
log1p_y,2024-07-06,5,20.032906397517415,24.0394876770209,22.036197037269158,0.0,0.0,99
log1p_y,2024-07-06,6,24.0394876770209,28.046068956524383,26.04277831677264,0.0,0.0,96
log1p_y,2024-07-06,7,28.046068956524383,32.052650236027866,30.049359596276126,0.0,0.0,75
log1p_y,2024-07-06,8,32.052650236027866,36.05923151553135,34.05594087577961,0.0,0.0,96
log1p_y,2024-07-06,9,36.05923151553135,40.06581279503483,38.06252215528309,0.0,0.0,58
log1p_y,2024-07-06,10,40.06581279503483,44.072394074538316,42.06910343478657,0.0,0.0,38
log1p_y,2024-07-06,11,44.072394074538316,48.078975354041795,46.075684714290055,0.0,0.0,12
log1p_y,2024-07-07,0,0.0,4.006581279503483,2.0032906397517416,0.02402265069591007,0.0,40
log1p_y,2024-07-07,1,4.006581279503483,8.013162559006966,6.009871919255225,0.019477824888575728,0.0,185
log1p_y,2024-07-07,2,8.013162559006966,12.01974383851045,10.016453198758708,0.019397171369368377,0.0,161
log1p_y,2024-07-07,3,12.01974383851045,16.026325118013933,14.023034478262192,0.02027886097706694,0.0,154
log1p_y,2024-07-07,4,16.026325118013933,20.032906397517415,18.029615757765676,0.02372607476139266,0.0,162
log1p_y,2024-07-07,5,20.032906397517415,24.0394876770209,22.036197037269158,0.019412242986593994,0.0,99
log1p_y,2024-07-07,6,24.0394876770209,28.046068956524383,26.04277831677264,0.017516516132434424,0.0,96
log1p_y,2024-07-07,7,28.046068956524383,32.052650236027866,30.049359596276126,0.019218120556728054,0.0,75
log1p_y,2024-07-07,8,32.052650236027866,36.05923151553135,34.05594087577961,0.027525953922396956,0.0,96
log1p_y,2024-07-07,9,36.05923151553135,40.06581279503483,38.06252215528309,0.004141836326881047,0.0,58
log1p_y,2024-07-07,10,40.06581279503483,44.072394074538316,42.06910343478657,0.0,0.0,38
log1p_y,2024-07-07,11,44.072394074538316,48.078975354041795,46.075684714290055,0.0,0.0,12
log1p_y,2024-07-08,0,0.0,4.006581279503483,2.0032906397517416,0.2509672825803707,0.0,40
log1p_y,2024-07-08,1,4.006581279503483,8.013162559006966,6.009871919255225,0.4926505073439247,0.0,185
log1p_y,2024-07-08,2,8.013162559006966,12.01974383851045,10.016453198758708,0.5129894864086844,0.0,161
log1p_y,2024-07-08,3,12.01974383851045,16.026325118013933,14.023034478262192,0.570215656301052,0.0,154
log1p_y,2024-07-08,4,16.026325118013933,20.032906397517415,18.029615757765676,0.6500539827238775,0.2402265069591007,162
log1p_y,2024-07-08,5,20.032906397517415,24.0394876770209,22.036197037269158,0.6055687405107143,0.0,99
log1p_y,2024-07-08,6,24.0394876770209,28.046068956524383,26.04277831677264,0.6038310223492678,0.2402265069591007,96
log1p_y,2024-07-08,7,28.046068956524383,32.052650236027866,30.049359596276126,0.37841373922555516,0.0,75
log1p_y,2024-07-08,8,32.052650236027866,36.05923151553135,34.05594087577961,0.23679343487062346,0.0,96
log1p_y,2024-07-08,9,36.05923151553135,40.06581279503483,38.06252215528309,0.07475362029824087,0.0,58
log1p_y,2024-07-08,10,40.06581279503483,44.072394074538316,42.06910343478657,0.03160875091567114,0.0,38
log1p_y,2024-07-08,11,44.072394074538316,48.078975354041795,46.075684714290055,0.0,0.0,12
log1p_y,2024-07-09,0,0.0,4.006581279503483,2.0032906397517416,0.24183082767613456,0.0,40
log1p_y,2024-07-09,1,4.006581279503483,8.013162559006966,6.009871919255225,0.5167142976098058,0.2402265069591007,185
log1p_y,2024-07-09,2,8.013162559006966,12.01974383851045,10.016453198758708,0.5475479176961136,0.2402265069591007,161
log1p_y,2024-07-09,3,12.01974383851045,16.026325118013933,14.023034478262192,0.5843765023747842,0.2402265069591007,154
log1p_y,2024-07-09,4,16.026325118013933,20.032906397517415,18.029615757765676,0.6309103318819492,0.2402265069591007,162
log1p_y,2024-07-09,5,20.032906397517415,24.0394876770209,22.036197037269158,0.688979683657186,0.2402265069591007,99
log1p_y,2024-07-09,6,24.0394876770209,28.046068956524383,26.04277831677264,0.6227302541966321,0.29959166953373356,96
log1p_y,2024-07-09,7,28.046068956524383,32.052650236027866,30.049359596276126,0.4824655146141,0.0,75
log1p_y,2024-07-09,8,32.052650236027866,36.05923151553135,34.05594087577961,0.3160143954116089,0.0,96
log1p_y,2024-07-09,9,36.05923151553135,40.06581279503483,38.06252215528309,0.11223071365455231,0.0,58
log1p_y,2024-07-09,10,40.06581279503483,44.072394074538316,42.06910343478657,0.0442522512819396,0.0,38
log1p_y,2024-07-09,11,44.072394074538316,48.078975354041795,46.075684714290055,0.0,0.0,12
log1p_y,2024-07-10,0,0.0,4.006581279503483,2.0032906397517416,0.2290490990911505,0.0,40
log1p_y,2024-07-10,1,4.006581279503483,8.013162559006966,6.009871919255225,0.4539032873805575,0.2402265069591007,185
log1p_y,2024-07-10,2,8.013162559006966,12.01974383851045,10.016453198758708,0.45165016909258665,0.0,161
log1p_y,2024-07-10,3,12.01974383851045,16.026325118013933,14.023034478262192,0.40405845543395325,0.0,154
log1p_y,2024-07-10,4,16.026325118013933,20.032906397517415,18.029615757765676,0.3643144210299879,0.0,162
log1p_y,2024-07-10,5,20.032906397517415,24.0394876770209,22.036197037269158,0.36476259273651324,0.0,99
log1p_y,2024-07-10,6,24.0394876770209,28.046068956524383,26.04277831677264,0.4313465976906434,0.0,96
log1p_y,2024-07-10,7,28.046068956524383,32.052650236027866,30.049359596276126,0.3974889839731079,0.0,75
log1p_y,2024-07-10,8,32.052650236027866,36.05923151553135,34.05594087577961,0.29501636571532236,0.0,96
log1p_y,2024-07-10,9,36.05923151553135,40.06581279503483,38.06252215528309,0.14375723476758046,0.0,58
log1p_y,2024-07-10,10,40.06581279503483,44.072394074538316,42.06910343478657,0.15187506823777622,0.0,38
log1p_y,2024-07-10,11,44.072394074538316,48.078975354041795,46.075684714290055,0.0,0.0,12
log1p_y,2024-07-11,0,0.0,4.006581279503483,2.0032906397517416,0.2196769474570191,0.0,40
log1p_y,2024-07-11,1,4.006581279503483,8.013162559006966,6.009871919255225,0.33716754920617475,0.0,185
log1p_y,2024-07-11,2,8.013162559006966,12.01974383851045,10.016453198758708,0.35128495250463354,0.0,161
log1p_y,2024-07-11,3,12.01974383851045,16.026325118013933,14.023034478262192,0.41795295524169257,0.2402265069591007,154
log1p_y,2024-07-11,4,16.026325118013933,20.032906397517415,18.029615757765676,0.4721557277559701,0.2402265069591007,162
log1p_y,2024-07-11,5,20.032906397517415,24.0394876770209,22.036197037269158,0.47648600409804653,0.2402265069591007,99
log1p_y,2024-07-11,6,24.0394876770209,28.046068956524383,26.04277831677264,0.5291872372755897,0.2402265069591007,96
log1p_y,2024-07-11,7,28.046068956524383,32.052650236027866,30.049359596276126,0.4221561972534923,0.0,75
log1p_y,2024-07-11,8,32.052650236027866,36.05923151553135,34.05594087577961,0.20094222786036364,0.0,96
log1p_y,2024-07-11,9,36.05923151553135,40.06581279503483,38.06252215528309,0.1179014489279237,0.0,58
log1p_y,2024-07-11,10,40.06581279503483,44.072394074538316,42.06910343478657,0.0,0.0,38
log1p_y,2024-07-11,11,44.072394074538316,48.078975354041795,46.075684714290055,0.0,0.0,12
log1p_y,2024-07-12,0,0.0,4.006581279503483,2.0032906397517416,0.09505120611451678,0.0,40
log1p_y,2024-07-12,1,4.006581279503483,8.013162559006966,6.009871919255225,0.14460056971675594,0.0,185
log1p_y,2024-07-12,2,8.013162559006966,12.01974383851045,10.016453198758708,0.1300617443991903,0.0,161
log1p_y,2024-07-12,3,12.01974383851045,16.026325118013933,14.023034478262192,0.15199370741914228,0.0,154
log1p_y,2024-07-12,4,16.026325118013933,20.032906397517415,18.029615757765676,0.17443943819365273,0.0,162
log1p_y,2024-07-12,5,20.032906397517415,24.0394876770209,22.036197037269158,0.18058237291980098,0.0,99
log1p_y,2024-07-12,6,24.0394876770209,28.046068956524383,26.04277831677264,0.1771697847287538,0.0,96
log1p_y,2024-07-12,7,28.046068956524383,32.052650236027866,30.049359596276126,0.13961602045151852,0.0,75
log1p_y,2024-07-12,8,32.052650236027866,36.05923151553135,34.05594087577961,0.04638453143509355,0.0,96
log1p_y,2024-07-12,9,36.05923151553135,40.06581279503483,38.06252215528309,0.022830241401441263,0.0,58
log1p_y,2024-07-12,10,40.06581279503483,44.072394074538316,42.06910343478657,0.018965250549402686,0.0,38
log1p_y,2024-07-12,11,44.072394074538316,48.078975354041795,46.075684714290055,0.0,0.0,12
log1p_y,2024-07-13,0,0.0,4.006581279503483,2.0032906397517416,0.0,0.0,40
log1p_y,2024-07-13,1,4.006581279503483,8.013162559006966,6.009871919255225,0.0,0.0,185
log1p_y,2024-07-13,2,8.013162559006966,12.01974383851045,10.016453198758708,0.0,0.0,161
log1p_y,2024-07-13,3,12.01974383851045,16.026325118013933,14.023034478262192,0.0,0.0,154
log1p_y,2024-07-13,4,16.026325118013933,20.032906397517415,18.029615757765676,0.0,0.0,162
log1p_y,2024-07-13,5,20.032906397517415,24.0394876770209,22.036197037269158,0.0,0.0,99
log1p_y,2024-07-13,6,24.0394876770209,28.046068956524383,26.04277831677264,0.0,0.0,96
log1p_y,2024-07-13,7,28.046068956524383,32.052650236027866,30.049359596276126,0.0,0.0,75
log1p_y,2024-07-13,8,32.052650236027866,36.05923151553135,34.05594087577961,0.0,0.0,96
log1p_y,2024-07-13,9,36.05923151553135,40.06581279503483,38.06252215528309,0.0,0.0,58
log1p_y,2024-07-13,10,40.06581279503483,44.072394074538316,42.06910343478657,0.0,0.0,38
log1p_y,2024-07-13,11,44.072394074538316,48.078975354041795,46.075684714290055,0.0,0.0,12
log1p_y,2024-07-14,0,0.0,4.006581279503483,2.0032906397517416,0.029153211781776878,0.0,40
log1p_y,2024-07-14,1,4.006581279503483,8.013162559006966,6.009871919255225,0.053396588731937956,0.0,185
log1p_y,2024-07-14,2,8.013162559006966,12.01974383851045,10.016453198758708,0.048401955923640494,0.0,161
log1p_y,2024-07-14,3,12.01974383851045,16.026325118013933,14.023034478262192,0.04223094133731789,0.0,154
log1p_y,2024-07-14,4,16.026325118013933,20.032906397517415,18.029615757765676,0.046836373211552144,0.0,162
log1p_y,2024-07-14,5,20.032906397517415,24.0394876770209,22.036197037269158,0.03651545915576432,0.0,99
log1p_y,2024-07-14,6,24.0394876770209,28.046068956524383,26.04277831677264,0.04266128614936323,0.0,96
log1p_y,2024-07-14,7,28.046068956524383,32.052650236027866,30.049359596276126,0.043357099772979704,0.0,75
log1p_y,2024-07-14,8,32.052650236027866,36.05923151553135,34.05594087577961,0.04638453143509355,0.0,96
log1p_y,2024-07-14,9,36.05923151553135,40.06581279503483,38.06252215528309,0.016567345307524187,0.0,58
log1p_y,2024-07-14,10,40.06581279503483,44.072394074538316,42.06910343478657,0.018965250549402686,0.0,38
log1p_y,2024-07-14,11,44.072394074538316,48.078975354041795,46.075684714290055,0.0,0.0,12
log1p_y,2024-07-15,0,0.0,4.006581279503483,2.0032906397517416,0.19985491999478278,0.0,40
log1p_y,2024-07-15,1,4.006581279503483,8.013162559006966,6.009871919255225,0.39362098436105253,0.06360850781684904,185
log1p_y,2024-07-15,2,8.013162559006966,12.01974383851045,10.016453198758708,0.4114544963183491,0.0,161
log1p_y,2024-07-15,3,12.01974383851045,16.026325118013933,14.023034478262192,0.4678529555643105,0.2402265069591007,154
log1p_y,2024-07-15,4,16.026325118013933,20.032906397517415,18.029615757765676,0.5475605736691403,0.2402265069591007,162
log1p_y,2024-07-15,5,20.032906397517415,24.0394876770209,22.036197037269158,0.5686862839941541,0.2402265069591007,99
log1p_y,2024-07-15,6,24.0394876770209,28.046068956524383,26.04277831677264,0.6282593835189666,0.2402265069591007,96
log1p_y,2024-07-15,7,28.046068956524383,32.052650236027866,30.049359596276126,0.4330707507702218,0.0,75
log1p_y,2024-07-15,8,32.052650236027866,36.05923151553135,34.05594087577961,0.20062429204534163,0.0,96
log1p_y,2024-07-15,9,36.05923151553135,40.06581279503483,38.06252215528309,0.13253876246019347,0.0,58
log1p_y,2024-07-15,10,40.06581279503483,44.072394074538316,42.06910343478657,0.0,0.0,38
log1p_y,2024-07-15,11,44.072394074538316,48.078975354041795,46.075684714290055,0.0,0.0,12
log1p_y,2024-07-16,0,0.0,4.006581279503483,2.0032906397517416,0.23182796031506844,0.0,40
log1p_y,2024-07-16,1,4.006581279503483,8.013162559006966,6.009871919255225,0.44344576184489004,0.0,185
log1p_y,2024-07-16,2,8.013162559006966,12.01974383851045,10.016453198758708,0.42546178683525127,0.08220097694658277,161
log1p_y,2024-07-16,3,12.01974383851045,16.026325118013933,14.023034478262192,0.4442948840363581,0.1063361929472697,154
log1p_y,2024-07-16,4,16.026325118013933,20.032906397517415,18.029615757765676,0.4504040033175762,0.2402265069591007,162
log1p_y,2024-07-16,5,20.032906397517415,24.0394876770209,22.036197037269158,0.48723947088389563,0.2402265069591007,99
log1p_y,2024-07-16,6,24.0394876770209,28.046068956524383,26.04277831677264,0.5937776661262356,0.2402265069591007,96
log1p_y,2024-07-16,7,28.046068956524383,32.052650236027866,30.049359596276126,0.6228172751737688,0.0,75
log1p_y,2024-07-16,8,32.052650236027866,36.05923151553135,34.05594087577961,0.3256336639986099,0.0,96
log1p_y,2024-07-16,9,36.05923151553135,40.06581279503483,38.06252215528309,0.1450309203749631,0.0,58
log1p_y,2024-07-16,10,40.06581279503483,44.072394074538316,42.06910343478657,0.0,0.0,38
log1p_y,2024-07-16,11,44.072394074538316,48.078975354041795,46.075684714290055,0.0,0.0,12
log1p_y,2024-07-17,0,0.0,4.006581279503483,2.0032906397517416,0.28312378232561636,0.0,40
log1p_y,2024-07-17,1,4.006581279503483,8.013162559006966,6.009871919255225,0.484014719251352,0.13047140894795664,185
log1p_y,2024-07-17,2,8.013162559006966,12.01974383851045,10.016453198758708,0.5314077841728485,0.2402265069591007,161
log1p_y,2024-07-17,3,12.01974383851045,16.026325118013933,14.023034478262192,0.5777834857985512,0.2402265069591007,154
log1p_y,2024-07-17,4,16.026325118013933,20.032906397517415,18.029615757765676,0.5775623077852245,0.330010429809169,162
log1p_y,2024-07-17,5,20.032906397517415,24.0394876770209,22.036197037269158,0.6787048550038615,0.603474480406291,99
log1p_y,2024-07-17,6,24.0394876770209,28.046068956524383,26.04277831677264,0.7634429780937344,0.5116344165327642,96
log1p_y,2024-07-17,7,28.046068956524383,32.052650236027866,30.049359596276126,0.638815305781023,0.2402265069591007,75
log1p_y,2024-07-17,8,32.052650236027866,36.05923151553135,34.05594087577961,0.2882290459549128,0.0,96
log1p_y,2024-07-17,9,36.05923151553135,40.06581279503483,38.06252215528309,0.11010965388751627,0.0,58
log1p_y,2024-07-17,10,40.06581279503483,44.072394074538316,42.06910343478657,0.0442522512819396,0.0,38
log1p_y,2024-07-17,11,44.072394074538316,48.078975354041795,46.075684714290055,0.0,0.0,12
log1p_y,2024-07-18,0,0.0,4.006581279503483,2.0032906397517416,0.11241284446173609,0.0,40
log1p_y,2024-07-18,1,4.006581279503483,8.013162559006966,6.009871919255225,0.351525820872197,0.08220097694658277,185
log1p_y,2024-07-18,2,8.013162559006966,12.01974383851045,10.016453198758708,0.34305543036932107,0.08220097694658277,161
log1p_y,2024-07-18,3,12.01974383851045,16.026325118013933,14.023034478262192,0.34362577109851006,0.2402265069591007,154
log1p_y,2024-07-18,4,16.026325118013933,20.032906397517415,18.029615757765676,0.3898612441319869,0.2402265069591007,162
log1p_y,2024-07-18,5,20.032906397517415,24.0394876770209,22.036197037269158,0.3587370661045751,0.2402265069591007,99
log1p_y,2024-07-18,6,24.0394876770209,28.046068956524383,26.04277831677264,0.34847295486400043,0.2402265069591007,96
log1p_y,2024-07-18,7,28.046068956524383,32.052650236027866,30.049359596276126,0.32197470480850804,0.0,75
log1p_y,2024-07-18,8,32.052650236027866,36.05923151553135,34.05594087577961,0.27076594130605636,0.0,96
log1p_y,2024-07-18,9,36.05923151553135,40.06581279503483,38.06252215528309,0.08717912927888402,0.0,58
log1p_y,2024-07-18,10,40.06581279503483,44.072394074538316,42.06910343478657,0.03793050109880537,0.0,38
log1p_y,2024-07-18,11,44.072394074538316,48.078975354041795,46.075684714290055,0.0,0.0,12
log1p_y,2024-07-19,0,0.0,4.006581279503483,2.0032906397517416,0.170189742923839,0.0,40
log1p_y,2024-07-19,1,4.006581279503483,8.013162559006966,6.009871919255225,0.30533325244516524,0.08220097694658277,185
log1p_y,2024-07-19,2,8.013162559006966,12.01974383851045,10.016453198758708,0.3713674595538003,0.2402265069591007,161
log1p_y,2024-07-19,3,12.01974383851045,16.026325118013933,14.023034478262192,0.33351926479818667,0.2402265069591007,154
log1p_y,2024-07-19,4,16.026325118013933,20.032906397517415,18.029615757765676,0.4055223467195471,0.2402265069591007,162
log1p_y,2024-07-19,5,20.032906397517415,24.0394876770209,22.036197037269158,0.30655465009616173,0.0,99
log1p_y,2024-07-19,6,24.0394876770209,28.046068956524383,26.04277831677264,0.4098373652151355,0.2402265069591007,96
log1p_y,2024-07-19,7,28.046068956524383,32.052650236027866,30.049359596276126,0.3141997752902468,0.0,75
log1p_y,2024-07-19,8,32.052650236027866,36.05923151553135,34.05594087577961,0.201601727763891,0.0,96
log1p_y,2024-07-19,9,36.05923151553135,40.06581279503483,38.06252215528309,0.2024467448877342,0.0,58
log1p_y,2024-07-19,10,40.06581279503483,44.072394074538316,42.06910343478657,0.08557322323614415,0.0,38
log1p_y,2024-07-19,11,44.072394074538316,48.078975354041795,46.075684714290055,0.020018875579925058,0.0,12
log1p_y,2024-07-20,0,0.0,4.006581279503483,2.0032906397517416,0.0,0.0,40
log1p_y,2024-07-20,1,4.006581279503483,8.013162559006966,6.009871919255225,0.0,0.0,185
log1p_y,2024-07-20,2,8.013162559006966,12.01974383851045,10.016453198758708,0.0,0.0,161
log1p_y,2024-07-20,3,12.01974383851045,16.026325118013933,14.023034478262192,0.0,0.0,154
log1p_y,2024-07-20,4,16.026325118013933,20.032906397517415,18.029615757765676,0.0,0.0,162
log1p_y,2024-07-20,5,20.032906397517415,24.0394876770209,22.036197037269158,0.0,0.0,99
log1p_y,2024-07-20,6,24.0394876770209,28.046068956524383,26.04277831677264,0.0,0.0,96
log1p_y,2024-07-20,7,28.046068956524383,32.052650236027866,30.049359596276126,0.0,0.0,75
log1p_y,2024-07-20,8,32.052650236027866,36.05923151553135,34.05594087577961,0.0,0.0,96
log1p_y,2024-07-20,9,36.05923151553135,40.06581279503483,38.06252215528309,0.0,0.0,58
log1p_y,2024-07-20,10,40.06581279503483,44.072394074538316,42.06910343478657,0.0,0.0,38
log1p_y,2024-07-20,11,44.072394074538316,48.078975354041795,46.075684714290055,0.0,0.0,12
log1p_y,2024-07-21,0,0.0,4.006581279503483,2.0032906397517416,0.04218504936826959,0.0,40
log1p_y,2024-07-21,1,4.006581279503483,8.013162559006966,6.009871919255225,0.04082426160403794,0.0,185
log1p_y,2024-07-21,2,8.013162559006966,12.01974383851045,10.016453198758708,0.03591854313707859,0.0,161
log1p_y,2024-07-21,3,12.01974383851045,16.026325118013933,14.023034478262192,0.029751642274507464,0.0,154
log1p_y,2024-07-21,4,16.026325118013933,20.032906397517415,18.029615757765676,0.03349045615826877,0.0,162
log1p_y,2024-07-21,5,20.032906397517415,24.0394876770209,22.036197037269158,0.023140166213505804,0.0,99
log1p_y,2024-07-21,6,24.0394876770209,28.046068956524383,26.04277831677264,0.028868015302659127,0.0,96
log1p_y,2024-07-21,7,28.046068956524383,32.052650236027866,30.049359596276126,0.03374803949461567,0.0,75
log1p_y,2024-07-21,8,32.052650236027866,36.05923151553135,34.05594087577961,0.046445119206104786,0.0,96
log1p_y,2024-07-21,9,36.05923151553135,40.06581279503483,38.06252215528309,0.045760766010073534,0.0,58
log1p_y,2024-07-21,10,40.06581279503483,44.072394074538316,42.06910343478657,0.0,0.0,38
log1p_y,2024-07-21,11,44.072394074538316,48.078975354041795,46.075684714290055,0.0,0.0,12
log1p_y,2024-07-22,0,0.0,4.006581279503483,2.0032906397517416,0.10635725694528383,0.0,40
log1p_y,2024-07-22,1,4.006581279503483,8.013162559006966,6.009871919255225,0.3312085474803129,0.0,185
log1p_y,2024-07-22,2,8.013162559006966,12.01974383851045,10.016453198758708,0.4295563693945297,0.2402265069591007,161
log1p_y,2024-07-22,3,12.01974383851045,16.026325118013933,14.023034478262192,0.40398071257629076,0.19840571100619633,154
log1p_y,2024-07-22,4,16.026325118013933,20.032906397517415,18.029615757765676,0.4378041450403921,0.2402265069591007,162
log1p_y,2024-07-22,5,20.032906397517415,24.0394876770209,22.036197037269158,0.37791933623991236,0.02489652224655867,99
log1p_y,2024-07-22,6,24.0394876770209,28.046068956524383,26.04277831677264,0.40673729109238693,0.16121374195284172,96
log1p_y,2024-07-22,7,28.046068956524383,32.052650236027866,30.049359596276126,0.3969706966511087,0.0,75
log1p_y,2024-07-22,8,32.052650236027866,36.05923151553135,34.05594087577961,0.35932724053429754,0.04110048847329138,96
log1p_y,2024-07-22,9,36.05923151553135,40.06581279503483,38.06252215528309,0.23236413650129412,0.0,58
log1p_y,2024-07-22,10,40.06581279503483,44.072394074538316,42.06910343478657,0.14879072506748642,0.0,38
log1p_y,2024-07-22,11,44.072394074538316,48.078975354041795,46.075684714290055,0.0,0.0,12
log1p_y,2024-07-23,0,0.0,4.006581279503483,2.0032906397517416,0.12113339814013094,0.0,40
log1p_y,2024-07-23,1,4.006581279503483,8.013162559006966,6.009871919255225,0.35363129261527126,0.0,185
log1p_y,2024-07-23,2,8.013162559006966,12.01974383851045,10.016453198758708,0.45460383074461,0.2402265069591007,161
log1p_y,2024-07-23,3,12.01974383851045,16.026325118013933,14.023034478262192,0.3996954920293722,0.00831028751794281,154
log1p_y,2024-07-23,4,16.026325118013933,20.032906397517415,18.029615757765676,0.41836833666592926,0.16121374195284172,162
log1p_y,2024-07-23,5,20.032906397517415,24.0394876770209,22.036197037269158,0.36079954135579395,0.0,99
log1p_y,2024-07-23,6,24.0394876770209,28.046068956524383,26.04277831677264,0.4896239284456964,0.2402265069591007,96
log1p_y,2024-07-23,7,28.046068956524383,32.052650236027866,30.049359596276126,0.36907597102728446,0.0,75
log1p_y,2024-07-23,8,32.052650236027866,36.05923151553135,34.05594087577961,0.35011891310678195,0.0,96
log1p_y,2024-07-23,9,36.05923151553135,40.06581279503483,38.06252215528309,0.1583847764512931,0.0,58
log1p_y,2024-07-23,10,40.06581279503483,44.072394074538316,42.06910343478657,0.025287000732536914,0.0,38
log1p_y,2024-07-23,11,44.072394074538316,48.078975354041795,46.075684714290055,0.0,0.0,12
log1p_y,2024-07-24,0,0.0,4.006581279503483,2.0032906397517416,0.12079672373538182,0.0,40
log1p_y,2024-07-24,1,4.006581279503483,8.013162559006966,6.009871919255225,0.40985260713992244,0.0,185
log1p_y,2024-07-24,2,8.013162559006966,12.01974383851045,10.016453198758708,0.49052102287979776,0.0,161
log1p_y,2024-07-24,3,12.01974383851045,16.026325118013933,14.023034478262192,0.4534260117204274,0.0,154
log1p_y,2024-07-24,4,16.026325118013933,20.032906397517415,18.029615757765676,0.516451918214574,0.0,162
log1p_y,2024-07-24,5,20.032906397517415,24.0394876770209,22.036197037269158,0.48304132912282755,0.0,99
log1p_y,2024-07-24,6,24.0394876770209,28.046068956524383,26.04277831677264,0.4811731758469522,0.0,96
log1p_y,2024-07-24,7,28.046068956524383,32.052650236027866,30.049359596276126,0.41052864582888454,0.0,75
log1p_y,2024-07-24,8,32.052650236027866,36.05923151553135,34.05594087577961,0.4010529169605957,0.0,96
log1p_y,2024-07-24,9,36.05923151553135,40.06581279503483,38.06252215528309,0.2554886557200034,0.0,58
log1p_y,2024-07-24,10,40.06581279503483,44.072394074538316,42.06910343478657,0.0442522512819396,0.0,38
log1p_y,2024-07-24,11,44.072394074538316,48.078975354041795,46.075684714290055,0.0,0.0,12
log1p_y,2024-07-25,0,0.0,4.006581279503483,2.0032906397517416,0.10986402856581581,0.0,40
log1p_y,2024-07-25,1,4.006581279503483,8.013162559006966,6.009871919255225,0.2961365135687844,0.0,185
log1p_y,2024-07-25,2,8.013162559006966,12.01974383851045,10.016453198758708,0.3561664695115157,0.2402265069591007,161
log1p_y,2024-07-25,3,12.01974383851045,16.026325118013933,14.023034478262192,0.3559510720697482,0.2402265069591007,154
log1p_y,2024-07-25,4,16.026325118013933,20.032906397517415,18.029615757765676,0.3696525035180506,0.2402265069591007,162
log1p_y,2024-07-25,5,20.032906397517415,24.0394876770209,22.036197037269158,0.33909633314988996,0.2402265069591007,99
log1p_y,2024-07-25,6,24.0394876770209,28.046068956524383,26.04277831677264,0.36555767711121573,0.2402265069591007,96
log1p_y,2024-07-25,7,28.046068956524383,32.052650236027866,30.049359596276126,0.37565771878103166,0.0,75
log1p_y,2024-07-25,8,32.052650236027866,36.05923151553135,34.05594087577961,0.3722892461377511,0.0,96
log1p_y,2024-07-25,9,36.05923151553135,40.06581279503483,38.06252215528309,0.2510856383150893,0.0,58
log1p_y,2024-07-25,10,40.06581279503483,44.072394074538316,42.06910343478657,0.09189497341927838,0.0,38
log1p_y,2024-07-25,11,44.072394074538316,48.078975354041795,46.075684714290055,0.0,0.0,12
log1p_y,2024-07-26,0,0.0,4.006581279503483,2.0032906397517416,0.11119146474038677,0.0,40
log1p_y,2024-07-26,1,4.006581279503483,8.013162559006966,6.009871919255225,0.25996493401917553,0.0,185
log1p_y,2024-07-26,2,8.013162559006966,12.01974383851045,10.016453198758708,0.23753829820099862,0.0,161
log1p_y,2024-07-26,3,12.01974383851045,16.026325118013933,14.023034478262192,0.24075959442354633,0.0,154
log1p_y,2024-07-26,4,16.026325118013933,20.032906397517415,18.029615757765676,0.2864471038594196,0.0,162
log1p_y,2024-07-26,5,20.032906397517415,24.0394876770209,22.036197037269158,0.21015926029332385,0.0,99
log1p_y,2024-07-26,6,24.0394876770209,28.046068956524383,26.04277831677264,0.24797593638561752,0.0,96
log1p_y,2024-07-26,7,28.046068956524383,32.052650236027866,30.049359596276126,0.24366218409257182,0.0,75
log1p_y,2024-07-26,8,32.052650236027866,36.05923151553135,34.05594087577961,0.2966204761841567,0.0,96
log1p_y,2024-07-26,9,36.05923151553135,40.06581279503483,38.06252215528309,0.17395712572900396,0.0,58
log1p_y,2024-07-26,10,40.06581279503483,44.072394074538316,42.06910343478657,0.018965250549402686,0.0,38
log1p_y,2024-07-26,11,44.072394074538316,48.078975354041795,46.075684714290055,0.0,0.0,12
log1p_y,2024-07-27,0,0.0,4.006581279503483,2.0032906397517416,0.012011325347955034,0.0,40
log1p_y,2024-07-27,1,4.006581279503483,8.013162559006966,6.009871919255225,0.015582259910860584,0.0,185
log1p_y,2024-07-27,2,8.013162559006966,12.01974383851045,10.016453198758708,0.019397171369368377,0.0,161
log1p_y,2024-07-27,3,12.01974383851045,16.026325118013933,14.023034478262192,0.012479299062810426,0.0,154
log1p_y,2024-07-27,4,16.026325118013933,20.032906397517415,18.029615757765676,0.01038015770810929,0.0,162
log1p_y,2024-07-27,5,20.032906397517415,24.0394876770209,22.036197037269158,0.016985712613269744,0.0,99
log1p_y,2024-07-27,6,24.0394876770209,28.046068956524383,26.04277831677264,0.022521235027415692,0.0,96
log1p_y,2024-07-27,7,28.046068956524383,32.052650236027866,30.049359596276126,0.03203020092788009,0.0,75
log1p_y,2024-07-27,8,32.052650236027866,36.05923151553135,34.05594087577961,0.030028313369887583,0.0,96
log1p_y,2024-07-27,9,36.05923151553135,40.06581279503483,38.06252215528309,0.033134690615048375,0.0,58
log1p_y,2024-07-27,10,40.06581279503483,44.072394074538316,42.06910343478657,0.03160875091567115,0.0,38
log1p_y,2024-07-27,11,44.072394074538316,48.078975354041795,46.075684714290055,0.020018875579925058,0.0,12
log1p_y,2024-07-28,0,0.0,4.006581279503483,2.0032906397517416,0.03603397604386511,0.0,40
log1p_y,2024-07-28,1,4.006581279503483,8.013162559006966,6.009871919255225,0.06882164793963426,0.0,185
log1p_y,2024-07-28,2,8.013162559006966,12.01974383851045,10.016453198758708,0.050731063581425,0.0,161
log1p_y,2024-07-28,3,12.01974383851045,16.026325118013933,14.023034478262192,0.04055772195413389,0.0,154
log1p_y,2024-07-28,4,16.026325118013933,20.032906397517415,18.029615757765676,0.05783230723089461,0.0,162
log1p_y,2024-07-28,5,20.032906397517415,24.0394876770209,22.036197037269158,0.026691834106566746,0.0,99
log1p_y,2024-07-28,6,24.0394876770209,28.046068956524383,26.04277831677264,0.04754482950232202,0.0,96
log1p_y,2024-07-28,7,28.046068956524383,32.052650236027866,30.049359596276126,0.048045301391820144,0.0,75
log1p_y,2024-07-28,8,32.052650236027866,36.05923151553135,34.05594087577961,0.07256842397722833,0.0,96
log1p_y,2024-07-28,9,36.05923151553135,40.06581279503483,38.06252215528309,0.016567345307524187,0.0,58
log1p_y,2024-07-28,10,40.06581279503483,44.072394074538316,42.06910343478657,0.0,0.0,38
log1p_y,2024-07-28,11,44.072394074538316,48.078975354041795,46.075684714290055,0.0,0.0,12
log1p_y,2024-07-29,0,0.0,4.006581279503483,2.0032906397517416,0.12697455277531794,0.0,40
log1p_y,2024-07-29,1,4.006581279503483,8.013162559006966,6.009871919255225,0.33207682665856214,0.0,185
log1p_y,2024-07-29,2,8.013162559006966,12.01974383851045,10.016453198758708,0.3784550113952714,0.0,161
log1p_y,2024-07-29,3,12.01974383851045,16.026325118013933,14.023034478262192,0.36479719740356503,0.0,154
log1p_y,2024-07-29,4,16.026325118013933,20.032906397517415,18.029615757765676,0.4489948581950788,0.0,162
log1p_y,2024-07-29,5,20.032906397517415,24.0394876770209,22.036197037269158,0.40477770459839596,0.0,99
log1p_y,2024-07-29,6,24.0394876770209,28.046068956524383,26.04277831677264,0.39028523658275677,0.0,96
log1p_y,2024-07-29,7,28.046068956524383,32.052650236027866,30.049359596276126,0.3538238743617503,0.0,75
log1p_y,2024-07-29,8,32.052650236027866,36.05923151553135,34.05594087577961,0.40378023921503714,0.0,96
log1p_y,2024-07-29,9,36.05923151553135,40.06581279503483,38.06252215528309,0.24260139924694515,0.0,58
log1p_y,2024-07-29,10,40.06581279503483,44.072394074538316,42.06910343478657,0.047642722137338764,0.0,38
log1p_y,2024-07-29,11,44.072394074538316,48.078975354041795,46.075684714290055,0.0,0.0,12
log1p_y,2024-07-30,0,0.0,4.006581279503483,2.0032906397517416,0.15019823785189482,0.0,40
log1p_y,2024-07-30,1,4.006581279503483,8.013162559006966,6.009871919255225,0.2735165599595449,0.0,185
log1p_y,2024-07-30,2,8.013162559006966,12.01974383851045,10.016453198758708,0.26657254863869806,0.0,161
log1p_y,2024-07-30,3,12.01974383851045,16.026325118013933,14.023034478262192,0.2530023081049447,0.0,154
log1p_y,2024-07-30,4,16.026325118013933,20.032906397517415,18.029615757765676,0.24134979174106475,0.0,162
log1p_y,2024-07-30,5,20.032906397517415,24.0394876770209,22.036197037269158,0.2286647055731058,0.0,99
log1p_y,2024-07-30,6,24.0394876770209,28.046068956524383,26.04277831677264,0.24448048068827602,0.0,96
log1p_y,2024-07-30,7,28.046068956524383,32.052650236027866,30.049359596276126,0.22274996054279655,0.0,75
log1p_y,2024-07-30,8,32.052650236027866,36.05923151553135,34.05594087577961,0.1767702194153854,0.0,96
log1p_y,2024-07-30,9,36.05923151553135,40.06581279503483,38.06252215528309,0.087179129278884,0.0,58
log1p_y,2024-07-30,10,40.06581279503483,44.072394074538316,42.06910343478657,0.050727065307628535,0.0,38
log1p_y,2024-07-30,11,44.072394074538316,48.078975354041795,46.075684714290055,0.0,0.0,12
log1p_y,2024-07-31,0,0.0,4.006581279503483,2.0032906397517416,0.0,0.0,40
log1p_y,2024-07-31,1,4.006581279503483,8.013162559006966,6.009871919255225,0.0,0.0,185
log1p_y,2024-07-31,2,8.013162559006966,12.01974383851045,10.016453198758708,0.0,0.0,161
log1p_y,2024-07-31,3,12.01974383851045,16.026325118013933,14.023034478262192,0.0,0.0,154
log1p_y,2024-07-31,4,16.026325118013933,20.032906397517415,18.029615757765676,0.0,0.0,162
log1p_y,2024-07-31,5,20.032906397517415,24.0394876770209,22.036197037269158,0.0,0.0,99
log1p_y,2024-07-31,6,24.0394876770209,28.046068956524383,26.04277831677264,0.0,0.0,96
log1p_y,2024-07-31,7,28.046068956524383,32.052650236027866,30.049359596276126,0.0,0.0,75
log1p_y,2024-07-31,8,32.052650236027866,36.05923151553135,34.05594087577961,0.0,0.0,96
log1p_y,2024-07-31,9,36.05923151553135,40.06581279503483,38.06252215528309,0.0,0.0,58
log1p_y,2024-07-31,10,40.06581279503483,44.072394074538316,42.06910343478657,0.0,0.0,38
log1p_y,2024-07-31,11,44.072394074538316,48.078975354041795,46.075684714290055,0.0,0.0,12
log1p_y,2024-08-01,0,0.0,4.006581279503483,2.0032906397517416,0.0,0.0,40
log1p_y,2024-08-01,1,4.006581279503483,8.013162559006966,6.009871919255225,0.0,0.0,185
log1p_y,2024-08-01,2,8.013162559006966,12.01974383851045,10.016453198758708,0.0,0.0,161
log1p_y,2024-08-01,3,12.01974383851045,16.026325118013933,14.023034478262192,0.0,0.0,154
log1p_y,2024-08-01,4,16.026325118013933,20.032906397517415,18.029615757765676,0.0,0.0,162
log1p_y,2024-08-01,5,20.032906397517415,24.0394876770209,22.036197037269158,0.0,0.0,99
log1p_y,2024-08-01,6,24.0394876770209,28.046068956524383,26.04277831677264,0.0,0.0,96
log1p_y,2024-08-01,7,28.046068956524383,32.052650236027866,30.049359596276126,0.0,0.0,75
log1p_y,2024-08-01,8,32.052650236027866,36.05923151553135,34.05594087577961,0.0,0.0,96
log1p_y,2024-08-01,9,36.05923151553135,40.06581279503483,38.06252215528309,0.0,0.0,58
log1p_y,2024-08-01,10,40.06581279503483,44.072394074538316,42.06910343478657,0.0,0.0,38
log1p_y,2024-08-01,11,44.072394074538316,48.078975354041795,46.075684714290055,0.0,0.0,12
log1p_y,2024-08-02,0,0.0,4.006581279503483,2.0032906397517416,0.0,0.0,40
log1p_y,2024-08-02,1,4.006581279503483,8.013162559006966,6.009871919255225,0.0,0.0,185
log1p_y,2024-08-02,2,8.013162559006966,12.01974383851045,10.016453198758708,0.0,0.0,161
log1p_y,2024-08-02,3,12.01974383851045,16.026325118013933,14.023034478262192,0.0,0.0,154
log1p_y,2024-08-02,4,16.026325118013933,20.032906397517415,18.029615757765676,0.0,0.0,162
log1p_y,2024-08-02,5,20.032906397517415,24.0394876770209,22.036197037269158,0.0,0.0,99
log1p_y,2024-08-02,6,24.0394876770209,28.046068956524383,26.04277831677264,0.0,0.0,96
log1p_y,2024-08-02,7,28.046068956524383,32.052650236027866,30.049359596276126,0.0,0.0,75
log1p_y,2024-08-02,8,32.052650236027866,36.05923151553135,34.05594087577961,0.0,0.0,96
log1p_y,2024-08-02,9,36.05923151553135,40.06581279503483,38.06252215528309,0.0,0.0,58
log1p_y,2024-08-02,10,40.06581279503483,44.072394074538316,42.06910343478657,0.0,0.0,38
log1p_y,2024-08-02,11,44.072394074538316,48.078975354041795,46.075684714290055,0.0,0.0,12
log1p_y,2024-08-03,0,0.0,4.006581279503483,2.0032906397517416,0.0,0.0,40
log1p_y,2024-08-03,1,4.006581279503483,8.013162559006966,6.009871919255225,0.0,0.0,185
log1p_y,2024-08-03,2,8.013162559006966,12.01974383851045,10.016453198758708,0.0,0.0,161
log1p_y,2024-08-03,3,12.01974383851045,16.026325118013933,14.023034478262192,0.0,0.0,154
log1p_y,2024-08-03,4,16.026325118013933,20.032906397517415,18.029615757765676,0.0,0.0,162
log1p_y,2024-08-03,5,20.032906397517415,24.0394876770209,22.036197037269158,0.0,0.0,99
log1p_y,2024-08-03,6,24.0394876770209,28.046068956524383,26.04277831677264,0.0,0.0,96
log1p_y,2024-08-03,7,28.046068956524383,32.052650236027866,30.049359596276126,0.0,0.0,75
log1p_y,2024-08-03,8,32.052650236027866,36.05923151553135,34.05594087577961,0.0,0.0,96
log1p_y,2024-08-03,9,36.05923151553135,40.06581279503483,38.06252215528309,0.0,0.0,58
log1p_y,2024-08-03,10,40.06581279503483,44.072394074538316,42.06910343478657,0.0,0.0,38
log1p_y,2024-08-03,11,44.072394074538316,48.078975354041795,46.075684714290055,0.0,0.0,12
log1p_y,2024-08-04,0,0.0,4.006581279503483,2.0032906397517416,0.04804530139182014,0.0,40
log1p_y,2024-08-04,1,4.006581279503483,8.013162559006966,6.009871919255225,0.03116451982172117,0.0,185
log1p_y,2024-08-04,2,8.013162559006966,12.01974383851045,10.016453198758708,0.041778522949408814,0.0,161
log1p_y,2024-08-04,3,12.01974383851045,16.026325118013933,14.023034478262192,0.024958598125620853,0.0,154
log1p_y,2024-08-04,4,16.026325118013933,20.032906397517415,18.029615757765676,0.02372607476139266,0.0,162
log1p_y,2024-08-04,5,20.032906397517415,24.0394876770209,22.036197037269158,0.038824485973187994,0.0,99
log1p_y,2024-08-04,6,24.0394876770209,28.046068956524383,26.04277831677264,0.05004718894981264,0.0,96
log1p_y,2024-08-04,7,28.046068956524383,32.052650236027866,30.049359596276126,0.06406040185576017,0.0,75
log1p_y,2024-08-04,8,32.052650236027866,36.05923151553135,34.05594087577961,0.06005662673977517,0.0,96
log1p_y,2024-08-04,9,36.05923151553135,40.06581279503483,38.06252215528309,0.04970203592257255,0.0,58
log1p_y,2024-08-04,10,40.06581279503483,44.072394074538316,42.06910343478657,0.05057400146507383,0.0,38
log1p_y,2024-08-04,11,44.072394074538316,48.078975354041795,46.075684714290055,0.0,0.0,12
log1p_y,2024-08-05,0,0.0,4.006581279503483,2.0032906397517416,0.03617938669429207,0.0,40
log1p_y,2024-08-05,1,4.006581279503483,8.013162559006966,6.009871919255225,0.024766231947427834,0.0,185
log1p_y,2024-08-05,2,8.013162559006966,12.01974383851045,10.016453198758708,0.03369847141391019,0.0,161
log1p_y,2024-08-05,3,12.01974383851045,16.026325118013933,14.023034478262192,0.02503413612584265,0.0,154
log1p_y,2024-08-05,4,16.026325118013933,20.032906397517415,18.029615757765676,0.026763641835172654,0.0,162
log1p_y,2024-08-05,5,20.032906397517415,24.0394876770209,22.036197037269158,0.036515459155764325,0.0,99
log1p_y,2024-08-05,6,24.0394876770209,28.046068956524383,26.04277831677264,0.041440400311123525,0.0,96
log1p_y,2024-08-05,7,28.046068956524383,32.052650236027866,30.049359596276126,0.0498406923054501,0.0,75
log1p_y,2024-08-05,8,32.052650236027866,36.05923151553135,34.05594087577961,0.044799019935141064,0.0,96
log1p_y,2024-08-05,9,36.05923151553135,40.06581279503483,38.06252215528309,0.04363970624303751,0.0,58
log1p_y,2024-08-05,10,40.06581279503483,44.072394074538316,42.06910343478657,0.050727065307628535,0.0,38
log1p_y,2024-08-05,11,44.072394074538316,48.078975354041795,46.075684714290055,0.0,0.0,12
log1p_y,2024-08-06,0,0.0,4.006581279503483,2.0032906397517416,0.0,0.0,40
log1p_y,2024-08-06,1,4.006581279503483,8.013162559006966,6.009871919255225,0.0,0.0,185
log1p_y,2024-08-06,2,8.013162559006966,12.01974383851045,10.016453198758708,0.0,0.0,161
log1p_y,2024-08-06,3,12.01974383851045,16.026325118013933,14.023034478262192,0.0,0.0,154
log1p_y,2024-08-06,4,16.026325118013933,20.032906397517415,18.029615757765676,0.0,0.0,162
log1p_y,2024-08-06,5,20.032906397517415,24.0394876770209,22.036197037269158,0.0,0.0,99
log1p_y,2024-08-06,6,24.0394876770209,28.046068956524383,26.04277831677264,0.0,0.0,96
log1p_y,2024-08-06,7,28.046068956524383,32.052650236027866,30.049359596276126,0.0,0.0,75
log1p_y,2024-08-06,8,32.052650236027866,36.05923151553135,34.05594087577961,0.0,0.0,96
log1p_y,2024-08-06,9,36.05923151553135,40.06581279503483,38.06252215528309,0.0,0.0,58
log1p_y,2024-08-06,10,40.06581279503483,44.072394074538316,42.06910343478657,0.0,0.0,38
log1p_y,2024-08-06,11,44.072394074538316,48.078975354041795,46.075684714290055,0.0,0.0,12
log1p_y,2024-08-07,0,0.0,4.006581279503483,2.0032906397517416,0.0,0.0,40
log1p_y,2024-08-07,1,4.006581279503483,8.013162559006966,6.009871919255225,0.0,0.0,185
log1p_y,2024-08-07,2,8.013162559006966,12.01974383851045,10.016453198758708,0.0,0.0,161
log1p_y,2024-08-07,3,12.01974383851045,16.026325118013933,14.023034478262192,0.0,0.0,154
log1p_y,2024-08-07,4,16.026325118013933,20.032906397517415,18.029615757765676,0.0,0.0,162
log1p_y,2024-08-07,5,20.032906397517415,24.0394876770209,22.036197037269158,0.0,0.0,99
log1p_y,2024-08-07,6,24.0394876770209,28.046068956524383,26.04277831677264,0.0,0.0,96
log1p_y,2024-08-07,7,28.046068956524383,32.052650236027866,30.049359596276126,0.0,0.0,75
log1p_y,2024-08-07,8,32.052650236027866,36.05923151553135,34.05594087577961,0.0,0.0,96
log1p_y,2024-08-07,9,36.05923151553135,40.06581279503483,38.06252215528309,0.0,0.0,58
log1p_y,2024-08-07,10,40.06581279503483,44.072394074538316,42.06910343478657,0.0,0.0,38
log1p_y,2024-08-07,11,44.072394074538316,48.078975354041795,46.075684714290055,0.0,0.0,12
log1p_y,2024-08-08,0,0.0,4.006581279503483,2.0032906397517416,0.0,0.0,40
log1p_y,2024-08-08,1,4.006581279503483,8.013162559006966,6.009871919255225,0.0,0.0,185
log1p_y,2024-08-08,2,8.013162559006966,12.01974383851045,10.016453198758708,0.0,0.0,161
log1p_y,2024-08-08,3,12.01974383851045,16.026325118013933,14.023034478262192,0.0,0.0,154
log1p_y,2024-08-08,4,16.026325118013933,20.032906397517415,18.029615757765676,0.0,0.0,162
log1p_y,2024-08-08,5,20.032906397517415,24.0394876770209,22.036197037269158,0.0,0.0,99
log1p_y,2024-08-08,6,24.0394876770209,28.046068956524383,26.04277831677264,0.0,0.0,96
log1p_y,2024-08-08,7,28.046068956524383,32.052650236027866,30.049359596276126,0.0,0.0,75
log1p_y,2024-08-08,8,32.052650236027866,36.05923151553135,34.05594087577961,0.0,0.0,96
log1p_y,2024-08-08,9,36.05923151553135,40.06581279503483,38.06252215528309,0.0,0.0,58
log1p_y,2024-08-08,10,40.06581279503483,44.072394074538316,42.06910343478657,0.0,0.0,38
log1p_y,2024-08-08,11,44.072394074538316,48.078975354041795,46.075684714290055,0.0,0.0,12
log1p_y,2024-08-09,0,0.0,4.006581279503483,2.0032906397517416,0.0,0.0,40
log1p_y,2024-08-09,1,4.006581279503483,8.013162559006966,6.009871919255225,0.0,0.0,185
log1p_y,2024-08-09,2,8.013162559006966,12.01974383851045,10.016453198758708,0.0,0.0,161
log1p_y,2024-08-09,3,12.01974383851045,16.026325118013933,14.023034478262192,0.0,0.0,154
log1p_y,2024-08-09,4,16.026325118013933,20.032906397517415,18.029615757765676,0.0,0.0,162
log1p_y,2024-08-09,5,20.032906397517415,24.0394876770209,22.036197037269158,0.0,0.0,99
log1p_y,2024-08-09,6,24.0394876770209,28.046068956524383,26.04277831677264,0.0,0.0,96
log1p_y,2024-08-09,7,28.046068956524383,32.052650236027866,30.049359596276126,0.0,0.0,75
log1p_y,2024-08-09,8,32.052650236027866,36.05923151553135,34.05594087577961,0.0,0.0,96
log1p_y,2024-08-09,9,36.05923151553135,40.06581279503483,38.06252215528309,0.0,0.0,58
log1p_y,2024-08-09,10,40.06581279503483,44.072394074538316,42.06910343478657,0.0,0.0,38
log1p_y,2024-08-09,11,44.072394074538316,48.078975354041795,46.075684714290055,0.0,0.0,12
log1p_y,2024-08-10,0,0.0,4.006581279503483,2.0032906397517416,0.0,0.0,40
log1p_y,2024-08-10,1,4.006581279503483,8.013162559006966,6.009871919255225,0.0,0.0,185
log1p_y,2024-08-10,2,8.013162559006966,12.01974383851045,10.016453198758708,0.0,0.0,161
log1p_y,2024-08-10,3,12.01974383851045,16.026325118013933,14.023034478262192,0.0,0.0,154
log1p_y,2024-08-10,4,16.026325118013933,20.032906397517415,18.029615757765676,0.0,0.0,162
log1p_y,2024-08-10,5,20.032906397517415,24.0394876770209,22.036197037269158,0.0,0.0,99
log1p_y,2024-08-10,6,24.0394876770209,28.046068956524383,26.04277831677264,0.0,0.0,96
log1p_y,2024-08-10,7,28.046068956524383,32.052650236027866,30.049359596276126,0.0,0.0,75
log1p_y,2024-08-10,8,32.052650236027866,36.05923151553135,34.05594087577961,0.0,0.0,96
log1p_y,2024-08-10,9,36.05923151553135,40.06581279503483,38.06252215528309,0.0,0.0,58
log1p_y,2024-08-10,10,40.06581279503483,44.072394074538316,42.06910343478657,0.0,0.0,38
log1p_y,2024-08-10,11,44.072394074538316,48.078975354041795,46.075684714290055,0.0,0.0,12
log1p_y,2024-08-11,0,0.0,4.006581279503483,2.0032906397517416,0.0,0.0,40
log1p_y,2024-08-11,1,4.006581279503483,8.013162559006966,6.009871919255225,0.0,0.0,185
log1p_y,2024-08-11,2,8.013162559006966,12.01974383851045,10.016453198758708,0.0,0.0,161
log1p_y,2024-08-11,3,12.01974383851045,16.026325118013933,14.023034478262192,0.0,0.0,154
log1p_y,2024-08-11,4,16.026325118013933,20.032906397517415,18.029615757765676,0.0,0.0,162
log1p_y,2024-08-11,5,20.032906397517415,24.0394876770209,22.036197037269158,0.0,0.0,99
log1p_y,2024-08-11,6,24.0394876770209,28.046068956524383,26.04277831677264,0.0,0.0,96
log1p_y,2024-08-11,7,28.046068956524383,32.052650236027866,30.049359596276126,0.0,0.0,75
log1p_y,2024-08-11,8,32.052650236027866,36.05923151553135,34.05594087577961,0.0,0.0,96
log1p_y,2024-08-11,9,36.05923151553135,40.06581279503483,38.06252215528309,0.0,0.0,58
log1p_y,2024-08-11,10,40.06581279503483,44.072394074538316,42.06910343478657,0.0,0.0,38
log1p_y,2024-08-11,11,44.072394074538316,48.078975354041795,46.075684714290055,0.0,0.0,12
log1p_y,2024-08-12,0,0.0,4.006581279503483,2.0032906397517416,0.0,0.0,40
log1p_y,2024-08-12,1,4.006581279503483,8.013162559006966,6.009871919255225,0.0,0.0,185
log1p_y,2024-08-12,2,8.013162559006966,12.01974383851045,10.016453198758708,0.0,0.0,161
log1p_y,2024-08-12,3,12.01974383851045,16.026325118013933,14.023034478262192,0.0,0.0,154
log1p_y,2024-08-12,4,16.026325118013933,20.032906397517415,18.029615757765676,0.0,0.0,162
log1p_y,2024-08-12,5,20.032906397517415,24.0394876770209,22.036197037269158,0.0,0.0,99
log1p_y,2024-08-12,6,24.0394876770209,28.046068956524383,26.04277831677264,0.0,0.0,96
log1p_y,2024-08-12,7,28.046068956524383,32.052650236027866,30.049359596276126,0.0,0.0,75
log1p_y,2024-08-12,8,32.052650236027866,36.05923151553135,34.05594087577961,0.0,0.0,96
log1p_y,2024-08-12,9,36.05923151553135,40.06581279503483,38.06252215528309,0.0,0.0,58
log1p_y,2024-08-12,10,40.06581279503483,44.072394074538316,42.06910343478657,0.0,0.0,38
log1p_y,2024-08-12,11,44.072394074538316,48.078975354041795,46.075684714290055,0.0,0.0,12
log1p_y,2024-08-13,0,0.0,4.006581279503483,2.0032906397517416,0.006005662673977517,0.0,40
log1p_y,2024-08-13,1,4.006581279503483,8.013162559006966,6.009871919255225,0.014283738251622201,0.0,185
log1p_y,2024-08-13,2,8.013162559006966,12.01974383851045,10.016453198758708,0.013428810948024263,0.0,161
log1p_y,2024-08-13,3,12.01974383851045,16.026325118013933,14.023034478262192,0.012479299062810426,0.0,154
log1p_y,2024-08-13,4,16.026325118013933,20.032906397517415,18.029615757765676,0.016311676398457455,0.0,162
log1p_y,2024-08-13,5,20.032906397517415,24.0394876770209,22.036197037269158,0.009706121493296999,0.0,99
log1p_y,2024-08-13,6,24.0394876770209,28.046068956524383,26.04277831677264,0.01251179723745316,0.0,96
log1p_y,2024-08-13,7,28.046068956524383,32.052650236027866,30.049359596276126,0.022421140649516065,0.0,75
log1p_y,2024-08-13,8,32.052650236027866,36.05923151553135,34.05594087577961,0.037535391712359485,0.0,96
log1p_y,2024-08-13,9,36.05923151553135,40.06581279503483,38.06252215528309,0.04970203592257255,0.0,58
log1p_y,2024-08-13,10,40.06581279503483,44.072394074538316,42.06910343478657,0.05689575164820806,0.0,38
log1p_y,2024-08-13,11,44.072394074538316,48.078975354041795,46.075684714290055,0.040037751159850116,0.0,12
log1p_y,2024-08-14,0,0.0,4.006581279503483,2.0032906397517416,0.012011325347955034,0.0,40
log1p_y,2024-08-14,1,4.006581279503483,8.013162559006966,6.009871919255225,0.007791129955430293,0.0,185
log1p_y,2024-08-14,2,8.013162559006966,12.01974383851045,10.016453198758708,0.007460450526680146,0.0,161
log1p_y,2024-08-14,3,12.01974383851045,16.026325118013933,14.023034478262192,0.006239649531405213,0.0,154
log1p_y,2024-08-14,4,16.026325118013933,20.032906397517415,18.029615757765676,0.007414398362935205,0.0,162
log1p_y,2024-08-14,5,20.032906397517415,24.0394876770209,22.036197037269158,0.004853060746648499,0.0,99
log1p_y,2024-08-14,6,24.0394876770209,28.046068956524383,26.04277831677264,0.007507078342471896,0.0,96
log1p_y,2024-08-14,7,28.046068956524383,32.052650236027866,30.049359596276126,0.012812080371152036,0.0,75
log1p_y,2024-08-14,8,32.052650236027866,36.05923151553135,34.05594087577961,0.020018875579925054,0.0,96
log1p_y,2024-08-14,9,36.05923151553135,40.06581279503483,38.06252215528309,0.024851017961286276,0.0,58
log1p_y,2024-08-14,10,40.06581279503483,44.072394074538316,42.06910343478657,0.018965250549402686,0.0,38
log1p_y,2024-08-14,11,44.072394074538316,48.078975354041795,46.075684714290055,0.0,0.0,12
log1p_y,2024-08-15,0,0.0,4.006581279503483,2.0032906397517416,0.0,0.0,40
log1p_y,2024-08-15,1,4.006581279503483,8.013162559006966,6.009871919255225,0.0,0.0,185
log1p_y,2024-08-15,2,8.013162559006966,12.01974383851045,10.016453198758708,0.0,0.0,161
log1p_y,2024-08-15,3,12.01974383851045,16.026325118013933,14.023034478262192,0.0,0.0,154
log1p_y,2024-08-15,4,16.026325118013933,20.032906397517415,18.029615757765676,0.0,0.0,162
log1p_y,2024-08-15,5,20.032906397517415,24.0394876770209,22.036197037269158,0.0,0.0,99
log1p_y,2024-08-15,6,24.0394876770209,28.046068956524383,26.04277831677264,0.0,0.0,96
log1p_y,2024-08-15,7,28.046068956524383,32.052650236027866,30.049359596276126,0.0,0.0,75
log1p_y,2024-08-15,8,32.052650236027866,36.05923151553135,34.05594087577961,0.0,0.0,96
log1p_y,2024-08-15,9,36.05923151553135,40.06581279503483,38.06252215528309,0.0,0.0,58
log1p_y,2024-08-15,10,40.06581279503483,44.072394074538316,42.06910343478657,0.0,0.0,38
log1p_y,2024-08-15,11,44.072394074538316,48.078975354041795,46.075684714290055,0.0,0.0,12
log1p_y,2024-08-16,0,0.0,4.006581279503483,2.0032906397517416,0.006005662673977517,0.0,40
log1p_y,2024-08-16,1,4.006581279503483,8.013162559006966,6.009871919255225,0.005194086636953529,0.0,185
log1p_y,2024-08-16,2,8.013162559006966,12.01974383851045,10.016453198758708,0.007460450526680144,0.0,161
log1p_y,2024-08-16,3,12.01974383851045,16.026325118013933,14.023034478262192,0.009359474297107819,0.0,154
log1p_y,2024-08-16,4,16.026325118013933,20.032906397517415,18.029615757765676,0.01186303738069633,0.0,162
log1p_y,2024-08-16,5,20.032906397517415,24.0394876770209,22.036197037269158,0.012132651866621245,0.0,99
log1p_y,2024-08-16,6,24.0394876770209,28.046068956524383,26.04277831677264,0.010009437789962529,0.0,96
log1p_y,2024-08-16,7,28.046068956524383,32.052650236027866,30.049359596276126,0.009609060278364027,0.0,75
log1p_y,2024-08-16,8,32.052650236027866,36.05923151553135,34.05594087577961,0.015014156684943792,0.0,96
log1p_y,2024-08-16,9,36.05923151553135,40.06581279503483,38.06252215528309,0.012425508980643138,0.0,58
log1p_y,2024-08-16,10,40.06581279503483,44.072394074538316,42.06910343478657,0.018965250549402686,0.0,38
log1p_y,2024-08-16,11,44.072394074538316,48.078975354041795,46.075684714290055,0.0,0.0,12
log1p_y,2024-08-17,0,0.0,4.006581279503483,2.0032906397517416,0.0,0.0,40
log1p_y,2024-08-17,1,4.006581279503483,8.013162559006966,6.009871919255225,0.0,0.0,185
log1p_y,2024-08-17,2,8.013162559006966,12.01974383851045,10.016453198758708,0.0,0.0,161
log1p_y,2024-08-17,3,12.01974383851045,16.026325118013933,14.023034478262192,0.0,0.0,154
log1p_y,2024-08-17,4,16.026325118013933,20.032906397517415,18.029615757765676,0.0,0.0,162
log1p_y,2024-08-17,5,20.032906397517415,24.0394876770209,22.036197037269158,0.0,0.0,99
log1p_y,2024-08-17,6,24.0394876770209,28.046068956524383,26.04277831677264,0.0,0.0,96
log1p_y,2024-08-17,7,28.046068956524383,32.052650236027866,30.049359596276126,0.0,0.0,75
log1p_y,2024-08-17,8,32.052650236027866,36.05923151553135,34.05594087577961,0.0,0.0,96
log1p_y,2024-08-17,9,36.05923151553135,40.06581279503483,38.06252215528309,0.0,0.0,58
log1p_y,2024-08-17,10,40.06581279503483,44.072394074538316,42.06910343478657,0.0,0.0,38
log1p_y,2024-08-17,11,44.072394074538316,48.078975354041795,46.075684714290055,0.0,0.0,12
log1p_y,2024-08-18,0,0.0,4.006581279503483,2.0032906397517416,0.0,0.0,40
log1p_y,2024-08-18,1,4.006581279503483,8.013162559006966,6.009871919255225,0.0,0.0,185
log1p_y,2024-08-18,2,8.013162559006966,12.01974383851045,10.016453198758708,0.0,0.0,161
log1p_y,2024-08-18,3,12.01974383851045,16.026325118013933,14.023034478262192,0.0,0.0,154
log1p_y,2024-08-18,4,16.026325118013933,20.032906397517415,18.029615757765676,0.0,0.0,162
log1p_y,2024-08-18,5,20.032906397517415,24.0394876770209,22.036197037269158,0.0,0.0,99
log1p_y,2024-08-18,6,24.0394876770209,28.046068956524383,26.04277831677264,0.0,0.0,96
log1p_y,2024-08-18,7,28.046068956524383,32.052650236027866,30.049359596276126,0.0,0.0,75
log1p_y,2024-08-18,8,32.052650236027866,36.05923151553135,34.05594087577961,0.0,0.0,96
log1p_y,2024-08-18,9,36.05923151553135,40.06581279503483,38.06252215528309,0.0,0.0,58
log1p_y,2024-08-18,10,40.06581279503483,44.072394074538316,42.06910343478657,0.0,0.0,38
log1p_y,2024-08-18,11,44.072394074538316,48.078975354041795,46.075684714290055,0.0,0.0,12
log1p_y,2024-08-19,0,0.0,4.006581279503483,2.0032906397517416,0.0,0.0,40
log1p_y,2024-08-19,1,4.006581279503483,8.013162559006966,6.009871919255225,0.0,0.0,185
log1p_y,2024-08-19,2,8.013162559006966,12.01974383851045,10.016453198758708,0.0,0.0,161
log1p_y,2024-08-19,3,12.01974383851045,16.026325118013933,14.023034478262192,0.0,0.0,154
log1p_y,2024-08-19,4,16.026325118013933,20.032906397517415,18.029615757765676,0.0,0.0,162
log1p_y,2024-08-19,5,20.032906397517415,24.0394876770209,22.036197037269158,0.0,0.0,99
log1p_y,2024-08-19,6,24.0394876770209,28.046068956524383,26.04277831677264,0.0,0.0,96
log1p_y,2024-08-19,7,28.046068956524383,32.052650236027866,30.049359596276126,0.0,0.0,75
log1p_y,2024-08-19,8,32.052650236027866,36.05923151553135,34.05594087577961,0.0,0.0,96
log1p_y,2024-08-19,9,36.05923151553135,40.06581279503483,38.06252215528309,0.0,0.0,58
log1p_y,2024-08-19,10,40.06581279503483,44.072394074538316,42.06910343478657,0.0,0.0,38
log1p_y,2024-08-19,11,44.072394074538316,48.078975354041795,46.075684714290055,0.0,0.0,12
log1p_y,2024-08-20,0,0.0,4.006581279503483,2.0032906397517416,0.0,0.0,40
log1p_y,2024-08-20,1,4.006581279503483,8.013162559006966,6.009871919255225,0.0,0.0,185
log1p_y,2024-08-20,2,8.013162559006966,12.01974383851045,10.016453198758708,0.0,0.0,161
log1p_y,2024-08-20,3,12.01974383851045,16.026325118013933,14.023034478262192,0.0,0.0,154
log1p_y,2024-08-20,4,16.026325118013933,20.032906397517415,18.029615757765676,0.0,0.0,162
log1p_y,2024-08-20,5,20.032906397517415,24.0394876770209,22.036197037269158,0.0,0.0,99
log1p_y,2024-08-20,6,24.0394876770209,28.046068956524383,26.04277831677264,0.0,0.0,96
log1p_y,2024-08-20,7,28.046068956524383,32.052650236027866,30.049359596276126,0.0,0.0,75
log1p_y,2024-08-20,8,32.052650236027866,36.05923151553135,34.05594087577961,0.0,0.0,96
log1p_y,2024-08-20,9,36.05923151553135,40.06581279503483,38.06252215528309,0.0,0.0,58
log1p_y,2024-08-20,10,40.06581279503483,44.072394074538316,42.06910343478657,0.0,0.0,38
log1p_y,2024-08-20,11,44.072394074538316,48.078975354041795,46.075684714290055,0.0,0.0,12
log1p_y,2024-08-21,0,0.0,4.006581279503483,2.0032906397517416,0.0,0.0,40
log1p_y,2024-08-21,1,4.006581279503483,8.013162559006966,6.009871919255225,0.0,0.0,185
log1p_y,2024-08-21,2,8.013162559006966,12.01974383851045,10.016453198758708,0.0,0.0,161
log1p_y,2024-08-21,3,12.01974383851045,16.026325118013933,14.023034478262192,0.0,0.0,154
log1p_y,2024-08-21,4,16.026325118013933,20.032906397517415,18.029615757765676,0.0,0.0,162
log1p_y,2024-08-21,5,20.032906397517415,24.0394876770209,22.036197037269158,0.0,0.0,99
log1p_y,2024-08-21,6,24.0394876770209,28.046068956524383,26.04277831677264,0.0,0.0,96
log1p_y,2024-08-21,7,28.046068956524383,32.052650236027866,30.049359596276126,0.0,0.0,75
log1p_y,2024-08-21,8,32.052650236027866,36.05923151553135,34.05594087577961,0.0,0.0,96
log1p_y,2024-08-21,9,36.05923151553135,40.06581279503483,38.06252215528309,0.0,0.0,58
log1p_y,2024-08-21,10,40.06581279503483,44.072394074538316,42.06910343478657,0.0,0.0,38
log1p_y,2024-08-21,11,44.072394074538316,48.078975354041795,46.075684714290055,0.0,0.0,12
log1p_y,2024-08-22,0,0.0,4.006581279503483,2.0032906397517416,0.006005662673977517,0.0,40
log1p_y,2024-08-22,1,4.006581279503483,8.013162559006966,6.009871919255225,0.009089651614668674,0.0,185
log1p_y,2024-08-22,2,8.013162559006966,12.01974383851045,10.016453198758708,0.013428810948024263,0.0,161
log1p_y,2024-08-22,3,12.01974383851045,16.026325118013933,14.023034478262192,0.009359474297107819,0.0,154
log1p_y,2024-08-22,4,16.026325118013933,20.032906397517415,18.029615757765676,0.005931518690348165,0.0,162
log1p_y,2024-08-22,5,20.032906397517415,24.0394876770209,22.036197037269158,0.004853060746648499,0.0,99
log1p_y,2024-08-22,6,24.0394876770209,28.046068956524383,26.04277831677264,0.010009437789962529,0.0,96
log1p_y,2024-08-22,7,28.046068956524383,32.052650236027866,30.049359596276126,0.006406040185576018,0.0,75
log1p_y,2024-08-22,8,32.052650236027866,36.05923151553135,34.05594087577961,0.01251179723745316,0.0,96
log1p_y,2024-08-22,9,36.05923151553135,40.06581279503483,38.06252215528309,0.016567345307524187,0.0,58
log1p_y,2024-08-22,10,40.06581279503483,44.072394074538316,42.06910343478657,0.025287000732536914,0.0,38
log1p_y,2024-08-22,11,44.072394074538316,48.078975354041795,46.075684714290055,0.0,0.0,12
log1p_y,2024-08-23,0,0.0,4.006581279503483,2.0032906397517416,0.012011325347955034,0.0,40
log1p_y,2024-08-23,1,4.006581279503483,8.013162559006966,6.009871919255225,0.014283738251622205,0.0,185
log1p_y,2024-08-23,2,8.013162559006966,12.01974383851045,10.016453198758708,0.017905081264032348,0.0,161
log1p_y,2024-08-23,3,12.01974383851045,16.026325118013933,14.023034478262192,0.018718948594215638,0.0,154
log1p_y,2024-08-23,4,16.026325118013933,20.032906397517415,18.029615757765676,0.017794556071044493,0.0,162
log1p_y,2024-08-23,5,20.032906397517415,24.0394876770209,22.036197037269158,0.016985712613269744,0.0,99
log1p_y,2024-08-23,6,24.0394876770209,28.046068956524383,26.04277831677264,0.020018875579925058,0.0,96
log1p_y,2024-08-23,7,28.046068956524383,32.052650236027866,30.049359596276126,0.016015100463940043,0.0,75
log1p_y,2024-08-23,8,32.052650236027866,36.05923151553135,34.05594087577961,0.027525953922396956,0.0,96
log1p_y,2024-08-23,9,36.05923151553135,40.06581279503483,38.06252215528309,0.028992854288167325,0.0,58
log1p_y,2024-08-23,10,40.06581279503483,44.072394074538316,42.06910343478657,0.0442522512819396,0.0,38
log1p_y,2024-08-23,11,44.072394074538316,48.078975354041795,46.075684714290055,0.0,0.0,12
log1p_y,2024-08-24,0,0.0,4.006581279503483,2.0032906397517416,0.0,0.0,40
log1p_y,2024-08-24,1,4.006581279503483,8.013162559006966,6.009871919255225,0.0,0.0,185
log1p_y,2024-08-24,2,8.013162559006966,12.01974383851045,10.016453198758708,0.0,0.0,161
log1p_y,2024-08-24,3,12.01974383851045,16.026325118013933,14.023034478262192,0.0,0.0,154
log1p_y,2024-08-24,4,16.026325118013933,20.032906397517415,18.029615757765676,0.0,0.0,162
log1p_y,2024-08-24,5,20.032906397517415,24.0394876770209,22.036197037269158,0.0,0.0,99
log1p_y,2024-08-24,6,24.0394876770209,28.046068956524383,26.04277831677264,0.0,0.0,96
log1p_y,2024-08-24,7,28.046068956524383,32.052650236027866,30.049359596276126,0.0,0.0,75
log1p_y,2024-08-24,8,32.052650236027866,36.05923151553135,34.05594087577961,0.0,0.0,96
log1p_y,2024-08-24,9,36.05923151553135,40.06581279503483,38.06252215528309,0.0,0.0,58
log1p_y,2024-08-24,10,40.06581279503483,44.072394074538316,42.06910343478657,0.0,0.0,38
log1p_y,2024-08-24,11,44.072394074538316,48.078975354041795,46.075684714290055,0.0,0.0,12
log1p_y,2024-08-25,0,0.0,4.006581279503483,2.0032906397517416,0.0,0.0,40
log1p_y,2024-08-25,1,4.006581279503483,8.013162559006966,6.009871919255225,0.0,0.0,185
log1p_y,2024-08-25,2,8.013162559006966,12.01974383851045,10.016453198758708,0.0,0.0,161
log1p_y,2024-08-25,3,12.01974383851045,16.026325118013933,14.023034478262192,0.0,0.0,154
log1p_y,2024-08-25,4,16.026325118013933,20.032906397517415,18.029615757765676,0.0,0.0,162
log1p_y,2024-08-25,5,20.032906397517415,24.0394876770209,22.036197037269158,0.0,0.0,99
log1p_y,2024-08-25,6,24.0394876770209,28.046068956524383,26.04277831677264,0.0,0.0,96
log1p_y,2024-08-25,7,28.046068956524383,32.052650236027866,30.049359596276126,0.0,0.0,75
log1p_y,2024-08-25,8,32.052650236027866,36.05923151553135,34.05594087577961,0.0,0.0,96
log1p_y,2024-08-25,9,36.05923151553135,40.06581279503483,38.06252215528309,0.0,0.0,58
log1p_y,2024-08-25,10,40.06581279503483,44.072394074538316,42.06910343478657,0.0,0.0,38
log1p_y,2024-08-25,11,44.072394074538316,48.078975354041795,46.075684714290055,0.0,0.0,12
log1p_y,2024-08-26,0,0.0,4.006581279503483,2.0032906397517416,0.0,0.0,40
log1p_y,2024-08-26,1,4.006581279503483,8.013162559006966,6.009871919255225,0.0,0.0,185
log1p_y,2024-08-26,2,8.013162559006966,12.01974383851045,10.016453198758708,0.0,0.0,161
log1p_y,2024-08-26,3,12.01974383851045,16.026325118013933,14.023034478262192,0.0,0.0,154
log1p_y,2024-08-26,4,16.026325118013933,20.032906397517415,18.029615757765676,0.0,0.0,162
log1p_y,2024-08-26,5,20.032906397517415,24.0394876770209,22.036197037269158,0.0,0.0,99
log1p_y,2024-08-26,6,24.0394876770209,28.046068956524383,26.04277831677264,0.0,0.0,96
log1p_y,2024-08-26,7,28.046068956524383,32.052650236027866,30.049359596276126,0.0,0.0,75
log1p_y,2024-08-26,8,32.052650236027866,36.05923151553135,34.05594087577961,0.0,0.0,96
log1p_y,2024-08-26,9,36.05923151553135,40.06581279503483,38.06252215528309,0.0,0.0,58
log1p_y,2024-08-26,10,40.06581279503483,44.072394074538316,42.06910343478657,0.0,0.0,38
log1p_y,2024-08-26,11,44.072394074538316,48.078975354041795,46.075684714290055,0.0,0.0,12
log1p_y,2024-08-27,0,0.0,4.006581279503483,2.0032906397517416,0.0,0.0,40
log1p_y,2024-08-27,1,4.006581279503483,8.013162559006966,6.009871919255225,0.0,0.0,185
log1p_y,2024-08-27,2,8.013162559006966,12.01974383851045,10.016453198758708,0.0,0.0,161
log1p_y,2024-08-27,3,12.01974383851045,16.026325118013933,14.023034478262192,0.0,0.0,154
log1p_y,2024-08-27,4,16.026325118013933,20.032906397517415,18.029615757765676,0.0,0.0,162
log1p_y,2024-08-27,5,20.032906397517415,24.0394876770209,22.036197037269158,0.0,0.0,99
log1p_y,2024-08-27,6,24.0394876770209,28.046068956524383,26.04277831677264,0.0,0.0,96
log1p_y,2024-08-27,7,28.046068956524383,32.052650236027866,30.049359596276126,0.0,0.0,75
log1p_y,2024-08-27,8,32.052650236027866,36.05923151553135,34.05594087577961,0.0,0.0,96
log1p_y,2024-08-27,9,36.05923151553135,40.06581279503483,38.06252215528309,0.0,0.0,58
log1p_y,2024-08-27,10,40.06581279503483,44.072394074538316,42.06910343478657,0.0,0.0,38
log1p_y,2024-08-27,11,44.072394074538316,48.078975354041795,46.075684714290055,0.0,0.0,12
log1p_y,2024-08-28,0,0.0,4.006581279503483,2.0032906397517416,0.006005662673977517,0.0,40
log1p_y,2024-08-28,1,4.006581279503483,8.013162559006966,6.009871919255225,0.009089651614668674,0.0,185
log1p_y,2024-08-28,2,8.013162559006966,12.01974383851045,10.016453198758708,0.013428810948024263,0.0,161
log1p_y,2024-08-28,3,12.01974383851045,16.026325118013933,14.023034478262192,0.009359474297107819,0.0,154
log1p_y,2024-08-28,4,16.026325118013933,20.032906397517415,18.029615757765676,0.005931518690348165,0.0,162
log1p_y,2024-08-28,5,20.032906397517415,24.0394876770209,22.036197037269158,0.004853060746648499,0.0,99
log1p_y,2024-08-28,6,24.0394876770209,28.046068956524383,26.04277831677264,0.010009437789962529,0.0,96
log1p_y,2024-08-28,7,28.046068956524383,32.052650236027866,30.049359596276126,0.006406040185576018,0.0,75
log1p_y,2024-08-28,8,32.052650236027866,36.05923151553135,34.05594087577961,0.01251179723745316,0.0,96
log1p_y,2024-08-28,9,36.05923151553135,40.06581279503483,38.06252215528309,0.016567345307524187,0.0,58
log1p_y,2024-08-28,10,40.06581279503483,44.072394074538316,42.06910343478657,0.025287000732536914,0.0,38
log1p_y,2024-08-28,11,44.072394074538316,48.078975354041795,46.075684714290055,0.0,0.0,12
log1p_y,2024-08-29,0,0.0,4.006581279503483,2.0032906397517416,0.006005662673977517,0.0,40
log1p_y,2024-08-29,1,4.006581279503483,8.013162559006966,6.009871919255225,0.009089651614668674,0.0,185
log1p_y,2024-08-29,2,8.013162559006966,12.01974383851045,10.016453198758708,0.013428810948024263,0.0,161
log1p_y,2024-08-29,3,12.01974383851045,16.026325118013933,14.023034478262192,0.009359474297107819,0.0,154
log1p_y,2024-08-29,4,16.026325118013933,20.032906397517415,18.029615757765676,0.005931518690348165,0.0,162
log1p_y,2024-08-29,5,20.032906397517415,24.0394876770209,22.036197037269158,0.004853060746648499,0.0,99
log1p_y,2024-08-29,6,24.0394876770209,28.046068956524383,26.04277831677264,0.010009437789962529,0.0,96
log1p_y,2024-08-29,7,28.046068956524383,32.052650236027866,30.049359596276126,0.006406040185576018,0.0,75
log1p_y,2024-08-29,8,32.052650236027866,36.05923151553135,34.05594087577961,0.01251179723745316,0.0,96
log1p_y,2024-08-29,9,36.05923151553135,40.06581279503483,38.06252215528309,0.016567345307524187,0.0,58
log1p_y,2024-08-29,10,40.06581279503483,44.072394074538316,42.06910343478657,0.025287000732536914,0.0,38
log1p_y,2024-08-29,11,44.072394074538316,48.078975354041795,46.075684714290055,0.0,0.0,12
log1p_y,2024-08-30,0,0.0,4.006581279503483,2.0032906397517416,0.006005662673977517,0.0,40
log1p_y,2024-08-30,1,4.006581279503483,8.013162559006966,6.009871919255225,0.009089651614668674,0.0,185
log1p_y,2024-08-30,2,8.013162559006966,12.01974383851045,10.016453198758708,0.013428810948024263,0.0,161
log1p_y,2024-08-30,3,12.01974383851045,16.026325118013933,14.023034478262192,0.009359474297107819,0.0,154
log1p_y,2024-08-30,4,16.026325118013933,20.032906397517415,18.029615757765676,0.005931518690348165,0.0,162
log1p_y,2024-08-30,5,20.032906397517415,24.0394876770209,22.036197037269158,0.004853060746648499,0.0,99
log1p_y,2024-08-30,6,24.0394876770209,28.046068956524383,26.04277831677264,0.010009437789962529,0.0,96
log1p_y,2024-08-30,7,28.046068956524383,32.052650236027866,30.049359596276126,0.006406040185576018,0.0,75
log1p_y,2024-08-30,8,32.052650236027866,36.05923151553135,34.05594087577961,0.01251179723745316,0.0,96
log1p_y,2024-08-30,9,36.05923151553135,40.06581279503483,38.06252215528309,0.016567345307524187,0.0,58
log1p_y,2024-08-30,10,40.06581279503483,44.072394074538316,42.06910343478657,0.025287000732536914,0.0,38
log1p_y,2024-08-30,11,44.072394074538316,48.078975354041795,46.075684714290055,0.0,0.0,12
log1p_y,2024-08-31,0,0.0,4.006581279503483,2.0032906397517416,0.0,0.0,40
log1p_y,2024-08-31,1,4.006581279503483,8.013162559006966,6.009871919255225,0.0,0.0,185
log1p_y,2024-08-31,2,8.013162559006966,12.01974383851045,10.016453198758708,0.0,0.0,161
log1p_y,2024-08-31,3,12.01974383851045,16.026325118013933,14.023034478262192,0.0,0.0,154
log1p_y,2024-08-31,4,16.026325118013933,20.032906397517415,18.029615757765676,0.0,0.0,162
log1p_y,2024-08-31,5,20.032906397517415,24.0394876770209,22.036197037269158,0.0,0.0,99
log1p_y,2024-08-31,6,24.0394876770209,28.046068956524383,26.04277831677264,0.0,0.0,96
log1p_y,2024-08-31,7,28.046068956524383,32.052650236027866,30.049359596276126,0.0,0.0,75
log1p_y,2024-08-31,8,32.052650236027866,36.05923151553135,34.05594087577961,0.0,0.0,96
log1p_y,2024-08-31,9,36.05923151553135,40.06581279503483,38.06252215528309,0.0,0.0,58
log1p_y,2024-08-31,10,40.06581279503483,44.072394074538316,42.06910343478657,0.0,0.0,38
log1p_y,2024-08-31,11,44.072394074538316,48.078975354041795,46.075684714290055,0.0,0.0,12
log1p_y,2024-09-01,0,0.0,4.006581279503483,2.0032906397517416,0.0,0.0,40
log1p_y,2024-09-01,1,4.006581279503483,8.013162559006966,6.009871919255225,0.0,0.0,185
log1p_y,2024-09-01,2,8.013162559006966,12.01974383851045,10.016453198758708,0.0,0.0,161
log1p_y,2024-09-01,3,12.01974383851045,16.026325118013933,14.023034478262192,0.0,0.0,154
log1p_y,2024-09-01,4,16.026325118013933,20.032906397517415,18.029615757765676,0.0,0.0,162
log1p_y,2024-09-01,5,20.032906397517415,24.0394876770209,22.036197037269158,0.0,0.0,99
log1p_y,2024-09-01,6,24.0394876770209,28.046068956524383,26.04277831677264,0.0,0.0,96
log1p_y,2024-09-01,7,28.046068956524383,32.052650236027866,30.049359596276126,0.0,0.0,75
log1p_y,2024-09-01,8,32.052650236027866,36.05923151553135,34.05594087577961,0.0,0.0,96
log1p_y,2024-09-01,9,36.05923151553135,40.06581279503483,38.06252215528309,0.0,0.0,58
log1p_y,2024-09-01,10,40.06581279503483,44.072394074538316,42.06910343478657,0.0,0.0,38
log1p_y,2024-09-01,11,44.072394074538316,48.078975354041795,46.075684714290055,0.0,0.0,12
log1p_y,2024-09-02,0,0.0,4.006581279503483,2.0032906397517416,0.0,0.0,40
log1p_y,2024-09-02,1,4.006581279503483,8.013162559006966,6.009871919255225,0.0,0.0,185
log1p_y,2024-09-02,2,8.013162559006966,12.01974383851045,10.016453198758708,0.0,0.0,161
log1p_y,2024-09-02,3,12.01974383851045,16.026325118013933,14.023034478262192,0.0,0.0,154
log1p_y,2024-09-02,4,16.026325118013933,20.032906397517415,18.029615757765676,0.0,0.0,162
log1p_y,2024-09-02,5,20.032906397517415,24.0394876770209,22.036197037269158,0.0,0.0,99
log1p_y,2024-09-02,6,24.0394876770209,28.046068956524383,26.04277831677264,0.0,0.0,96
log1p_y,2024-09-02,7,28.046068956524383,32.052650236027866,30.049359596276126,0.0,0.0,75
log1p_y,2024-09-02,8,32.052650236027866,36.05923151553135,34.05594087577961,0.0,0.0,96
log1p_y,2024-09-02,9,36.05923151553135,40.06581279503483,38.06252215528309,0.0,0.0,58
log1p_y,2024-09-02,10,40.06581279503483,44.072394074538316,42.06910343478657,0.0,0.0,38
log1p_y,2024-09-02,11,44.072394074538316,48.078975354041795,46.075684714290055,0.0,0.0,12
log1p_y,2024-09-03,0,0.0,4.006581279503483,2.0032906397517416,0.0,0.0,40
log1p_y,2024-09-03,1,4.006581279503483,8.013162559006966,6.009871919255225,0.0,0.0,185
log1p_y,2024-09-03,2,8.013162559006966,12.01974383851045,10.016453198758708,0.0,0.0,161
log1p_y,2024-09-03,3,12.01974383851045,16.026325118013933,14.023034478262192,0.0,0.0,154
log1p_y,2024-09-03,4,16.026325118013933,20.032906397517415,18.029615757765676,0.0,0.0,162
log1p_y,2024-09-03,5,20.032906397517415,24.0394876770209,22.036197037269158,0.0,0.0,99
log1p_y,2024-09-03,6,24.0394876770209,28.046068956524383,26.04277831677264,0.0,0.0,96
log1p_y,2024-09-03,7,28.046068956524383,32.052650236027866,30.049359596276126,0.0,0.0,75
log1p_y,2024-09-03,8,32.052650236027866,36.05923151553135,34.05594087577961,0.0,0.0,96
log1p_y,2024-09-03,9,36.05923151553135,40.06581279503483,38.06252215528309,0.0,0.0,58
log1p_y,2024-09-03,10,40.06581279503483,44.072394074538316,42.06910343478657,0.0,0.0,38
log1p_y,2024-09-03,11,44.072394074538316,48.078975354041795,46.075684714290055,0.0,0.0,12
log1p_y,2024-09-04,0,0.0,4.006581279503483,2.0032906397517416,0.0,0.0,40
log1p_y,2024-09-04,1,4.006581279503483,8.013162559006966,6.009871919255225,0.0,0.0,185
log1p_y,2024-09-04,2,8.013162559006966,12.01974383851045,10.016453198758708,0.0,0.0,161
log1p_y,2024-09-04,3,12.01974383851045,16.026325118013933,14.023034478262192,0.0,0.0,154
log1p_y,2024-09-04,4,16.026325118013933,20.032906397517415,18.029615757765676,0.0,0.0,162
log1p_y,2024-09-04,5,20.032906397517415,24.0394876770209,22.036197037269158,0.0,0.0,99
log1p_y,2024-09-04,6,24.0394876770209,28.046068956524383,26.04277831677264,0.0,0.0,96
log1p_y,2024-09-04,7,28.046068956524383,32.052650236027866,30.049359596276126,0.0,0.0,75
log1p_y,2024-09-04,8,32.052650236027866,36.05923151553135,34.05594087577961,0.0,0.0,96
log1p_y,2024-09-04,9,36.05923151553135,40.06581279503483,38.06252215528309,0.0,0.0,58
log1p_y,2024-09-04,10,40.06581279503483,44.072394074538316,42.06910343478657,0.0,0.0,38
log1p_y,2024-09-04,11,44.072394074538316,48.078975354041795,46.075684714290055,0.0,0.0,12
log1p_y,2024-09-05,0,0.0,4.006581279503483,2.0032906397517416,0.0,0.0,40
log1p_y,2024-09-05,1,4.006581279503483,8.013162559006966,6.009871919255225,0.0,0.0,185
log1p_y,2024-09-05,2,8.013162559006966,12.01974383851045,10.016453198758708,0.0,0.0,161
log1p_y,2024-09-05,3,12.01974383851045,16.026325118013933,14.023034478262192,0.0,0.0,154
log1p_y,2024-09-05,4,16.026325118013933,20.032906397517415,18.029615757765676,0.0,0.0,162
log1p_y,2024-09-05,5,20.032906397517415,24.0394876770209,22.036197037269158,0.0,0.0,99
log1p_y,2024-09-05,6,24.0394876770209,28.046068956524383,26.04277831677264,0.0,0.0,96
log1p_y,2024-09-05,7,28.046068956524383,32.052650236027866,30.049359596276126,0.0,0.0,75
log1p_y,2024-09-05,8,32.052650236027866,36.05923151553135,34.05594087577961,0.0,0.0,96
log1p_y,2024-09-05,9,36.05923151553135,40.06581279503483,38.06252215528309,0.0,0.0,58
log1p_y,2024-09-05,10,40.06581279503483,44.072394074538316,42.06910343478657,0.0,0.0,38
log1p_y,2024-09-05,11,44.072394074538316,48.078975354041795,46.075684714290055,0.0,0.0,12
log1p_y,2024-09-06,0,0.0,4.006581279503483,2.0032906397517416,0.0,0.0,40
log1p_y,2024-09-06,1,4.006581279503483,8.013162559006966,6.009871919255225,0.0,0.0,185
log1p_y,2024-09-06,2,8.013162559006966,12.01974383851045,10.016453198758708,0.0,0.0,161
log1p_y,2024-09-06,3,12.01974383851045,16.026325118013933,14.023034478262192,0.0,0.0,154
log1p_y,2024-09-06,4,16.026325118013933,20.032906397517415,18.029615757765676,0.0,0.0,162
log1p_y,2024-09-06,5,20.032906397517415,24.0394876770209,22.036197037269158,0.0,0.0,99
log1p_y,2024-09-06,6,24.0394876770209,28.046068956524383,26.04277831677264,0.0,0.0,96
log1p_y,2024-09-06,7,28.046068956524383,32.052650236027866,30.049359596276126,0.0,0.0,75
log1p_y,2024-09-06,8,32.052650236027866,36.05923151553135,34.05594087577961,0.0,0.0,96
log1p_y,2024-09-06,9,36.05923151553135,40.06581279503483,38.06252215528309,0.0,0.0,58
log1p_y,2024-09-06,10,40.06581279503483,44.072394074538316,42.06910343478657,0.0,0.0,38
log1p_y,2024-09-06,11,44.072394074538316,48.078975354041795,46.075684714290055,0.0,0.0,12
log1p_y,2024-09-07,0,0.0,4.006581279503483,2.0032906397517416,0.0,0.0,40
log1p_y,2024-09-07,1,4.006581279503483,8.013162559006966,6.009871919255225,0.0,0.0,185
log1p_y,2024-09-07,2,8.013162559006966,12.01974383851045,10.016453198758708,0.0,0.0,161
log1p_y,2024-09-07,3,12.01974383851045,16.026325118013933,14.023034478262192,0.0,0.0,154
log1p_y,2024-09-07,4,16.026325118013933,20.032906397517415,18.029615757765676,0.0,0.0,162
log1p_y,2024-09-07,5,20.032906397517415,24.0394876770209,22.036197037269158,0.0,0.0,99
log1p_y,2024-09-07,6,24.0394876770209,28.046068956524383,26.04277831677264,0.0,0.0,96
log1p_y,2024-09-07,7,28.046068956524383,32.052650236027866,30.049359596276126,0.0,0.0,75
log1p_y,2024-09-07,8,32.052650236027866,36.05923151553135,34.05594087577961,0.0,0.0,96
log1p_y,2024-09-07,9,36.05923151553135,40.06581279503483,38.06252215528309,0.0,0.0,58
log1p_y,2024-09-07,10,40.06581279503483,44.072394074538316,42.06910343478657,0.0,0.0,38
log1p_y,2024-09-07,11,44.072394074538316,48.078975354041795,46.075684714290055,0.0,0.0,12
log1p_y,2024-09-08,0,0.0,4.006581279503483,2.0032906397517416,0.0,0.0,40
log1p_y,2024-09-08,1,4.006581279503483,8.013162559006966,6.009871919255225,0.0,0.0,185
log1p_y,2024-09-08,2,8.013162559006966,12.01974383851045,10.016453198758708,0.0,0.0,161
log1p_y,2024-09-08,3,12.01974383851045,16.026325118013933,14.023034478262192,0.0,0.0,154
log1p_y,2024-09-08,4,16.026325118013933,20.032906397517415,18.029615757765676,0.0,0.0,162
log1p_y,2024-09-08,5,20.032906397517415,24.0394876770209,22.036197037269158,0.0,0.0,99
log1p_y,2024-09-08,6,24.0394876770209,28.046068956524383,26.04277831677264,0.0,0.0,96
log1p_y,2024-09-08,7,28.046068956524383,32.052650236027866,30.049359596276126,0.0,0.0,75
log1p_y,2024-09-08,8,32.052650236027866,36.05923151553135,34.05594087577961,0.0,0.0,96
log1p_y,2024-09-08,9,36.05923151553135,40.06581279503483,38.06252215528309,0.0,0.0,58
log1p_y,2024-09-08,10,40.06581279503483,44.072394074538316,42.06910343478657,0.0,0.0,38
log1p_y,2024-09-08,11,44.072394074538316,48.078975354041795,46.075684714290055,0.0,0.0,12
log1p_y,2024-09-09,0,0.0,4.006581279503483,2.0032906397517416,0.0,0.0,40
log1p_y,2024-09-09,1,4.006581279503483,8.013162559006966,6.009871919255225,0.0,0.0,185
log1p_y,2024-09-09,2,8.013162559006966,12.01974383851045,10.016453198758708,0.0,0.0,161
log1p_y,2024-09-09,3,12.01974383851045,16.026325118013933,14.023034478262192,0.0,0.0,154
log1p_y,2024-09-09,4,16.026325118013933,20.032906397517415,18.029615757765676,0.0,0.0,162
log1p_y,2024-09-09,5,20.032906397517415,24.0394876770209,22.036197037269158,0.0,0.0,99
log1p_y,2024-09-09,6,24.0394876770209,28.046068956524383,26.04277831677264,0.0,0.0,96
log1p_y,2024-09-09,7,28.046068956524383,32.052650236027866,30.049359596276126,0.0,0.0,75
log1p_y,2024-09-09,8,32.052650236027866,36.05923151553135,34.05594087577961,0.0,0.0,96
log1p_y,2024-09-09,9,36.05923151553135,40.06581279503483,38.06252215528309,0.0,0.0,58
log1p_y,2024-09-09,10,40.06581279503483,44.072394074538316,42.06910343478657,0.0,0.0,38
log1p_y,2024-09-09,11,44.072394074538316,48.078975354041795,46.075684714290055,0.0,0.0,12
log1p_y,2024-09-10,0,0.0,4.006581279503483,2.0032906397517416,0.0,0.0,40
log1p_y,2024-09-10,1,4.006581279503483,8.013162559006966,6.009871919255225,0.0,0.0,185
log1p_y,2024-09-10,2,8.013162559006966,12.01974383851045,10.016453198758708,0.0,0.0,161
log1p_y,2024-09-10,3,12.01974383851045,16.026325118013933,14.023034478262192,0.0,0.0,154
log1p_y,2024-09-10,4,16.026325118013933,20.032906397517415,18.029615757765676,0.0,0.0,162
log1p_y,2024-09-10,5,20.032906397517415,24.0394876770209,22.036197037269158,0.0,0.0,99
log1p_y,2024-09-10,6,24.0394876770209,28.046068956524383,26.04277831677264,0.0,0.0,96
log1p_y,2024-09-10,7,28.046068956524383,32.052650236027866,30.049359596276126,0.0,0.0,75
log1p_y,2024-09-10,8,32.052650236027866,36.05923151553135,34.05594087577961,0.0,0.0,96
log1p_y,2024-09-10,9,36.05923151553135,40.06581279503483,38.06252215528309,0.0,0.0,58
log1p_y,2024-09-10,10,40.06581279503483,44.072394074538316,42.06910343478657,0.0,0.0,38
log1p_y,2024-09-10,11,44.072394074538316,48.078975354041795,46.075684714290055,0.0,0.0,12
log1p_y,2024-09-11,0,0.0,4.006581279503483,2.0032906397517416,0.0,0.0,40
log1p_y,2024-09-11,1,4.006581279503483,8.013162559006966,6.009871919255225,0.0,0.0,185
log1p_y,2024-09-11,2,8.013162559006966,12.01974383851045,10.016453198758708,0.0,0.0,161
log1p_y,2024-09-11,3,12.01974383851045,16.026325118013933,14.023034478262192,0.0,0.0,154
log1p_y,2024-09-11,4,16.026325118013933,20.032906397517415,18.029615757765676,0.0,0.0,162
log1p_y,2024-09-11,5,20.032906397517415,24.0394876770209,22.036197037269158,0.0,0.0,99
log1p_y,2024-09-11,6,24.0394876770209,28.046068956524383,26.04277831677264,0.0,0.0,96
log1p_y,2024-09-11,7,28.046068956524383,32.052650236027866,30.049359596276126,0.0,0.0,75
log1p_y,2024-09-11,8,32.052650236027866,36.05923151553135,34.05594087577961,0.0,0.0,96
log1p_y,2024-09-11,9,36.05923151553135,40.06581279503483,38.06252215528309,0.0,0.0,58
log1p_y,2024-09-11,10,40.06581279503483,44.072394074538316,42.06910343478657,0.0,0.0,38
log1p_y,2024-09-11,11,44.072394074538316,48.078975354041795,46.075684714290055,0.0,0.0,12
log1p_y,2024-09-12,0,0.0,4.006581279503483,2.0032906397517416,0.0,0.0,40
log1p_y,2024-09-12,1,4.006581279503483,8.013162559006966,6.009871919255225,0.0,0.0,185
log1p_y,2024-09-12,2,8.013162559006966,12.01974383851045,10.016453198758708,0.0,0.0,161
log1p_y,2024-09-12,3,12.01974383851045,16.026325118013933,14.023034478262192,0.0,0.0,154
log1p_y,2024-09-12,4,16.026325118013933,20.032906397517415,18.029615757765676,0.0,0.0,162
log1p_y,2024-09-12,5,20.032906397517415,24.0394876770209,22.036197037269158,0.0,0.0,99
log1p_y,2024-09-12,6,24.0394876770209,28.046068956524383,26.04277831677264,0.0,0.0,96
log1p_y,2024-09-12,7,28.046068956524383,32.052650236027866,30.049359596276126,0.0,0.0,75
log1p_y,2024-09-12,8,32.052650236027866,36.05923151553135,34.05594087577961,0.0,0.0,96
log1p_y,2024-09-12,9,36.05923151553135,40.06581279503483,38.06252215528309,0.0,0.0,58
log1p_y,2024-09-12,10,40.06581279503483,44.072394074538316,42.06910343478657,0.0,0.0,38
log1p_y,2024-09-12,11,44.072394074538316,48.078975354041795,46.075684714290055,0.0,0.0,12
log1p_y,2024-09-13,0,0.0,4.006581279503483,2.0032906397517416,0.0,0.0,40
log1p_y,2024-09-13,1,4.006581279503483,8.013162559006966,6.009871919255225,0.0,0.0,185
log1p_y,2024-09-13,2,8.013162559006966,12.01974383851045,10.016453198758708,0.0,0.0,161
log1p_y,2024-09-13,3,12.01974383851045,16.026325118013933,14.023034478262192,0.0,0.0,154
log1p_y,2024-09-13,4,16.026325118013933,20.032906397517415,18.029615757765676,0.0,0.0,162
log1p_y,2024-09-13,5,20.032906397517415,24.0394876770209,22.036197037269158,0.0,0.0,99
log1p_y,2024-09-13,6,24.0394876770209,28.046068956524383,26.04277831677264,0.0,0.0,96
log1p_y,2024-09-13,7,28.046068956524383,32.052650236027866,30.049359596276126,0.0,0.0,75
log1p_y,2024-09-13,8,32.052650236027866,36.05923151553135,34.05594087577961,0.0,0.0,96
log1p_y,2024-09-13,9,36.05923151553135,40.06581279503483,38.06252215528309,0.0,0.0,58
log1p_y,2024-09-13,10,40.06581279503483,44.072394074538316,42.06910343478657,0.0,0.0,38
log1p_y,2024-09-13,11,44.072394074538316,48.078975354041795,46.075684714290055,0.0,0.0,12
log1p_y,2024-09-14,0,0.0,4.006581279503483,2.0032906397517416,0.03603397604386511,0.0,40
log1p_y,2024-09-14,1,4.006581279503483,8.013162559006966,6.009871919255225,0.03376156314019794,0.0,185
log1p_y,2024-09-14,2,8.013162559006966,12.01974383851045,10.016453198758708,0.032825982317392643,0.0,161
log1p_y,2024-09-14,3,12.01974383851045,16.026325118013933,14.023034478262192,0.024958598125620853,0.0,154
log1p_y,2024-09-14,4,16.026325118013933,20.032906397517415,18.029615757765676,0.03410623246950195,0.0,162
log1p_y,2024-09-14,5,20.032906397517415,24.0394876770209,22.036197037269158,0.026691834106566746,0.0,99
log1p_y,2024-09-14,6,24.0394876770209,28.046068956524383,26.04277831677264,0.040037751159850116,0.0,96
log1p_y,2024-09-14,7,28.046068956524383,32.052650236027866,30.049359596276126,0.04163926120624412,0.0,75
log1p_y,2024-09-14,8,32.052650236027866,36.05923151553135,34.05594087577961,0.0850802212146815,0.0,96
log1p_y,2024-09-14,9,36.05923151553135,40.06581279503483,38.06252215528309,0.10354590817202616,0.0,58
log1p_y,2024-09-14,10,40.06581279503483,44.072394074538316,42.06910343478657,0.1706872549446242,0.0,38
log1p_y,2024-09-14,11,44.072394074538316,48.078975354041795,46.075684714290055,0.340320884858726,0.0,12
log1p_y,2024-09-15,0,0.0,4.006581279503483,2.0032906397517416,0.06913782607595494,0.0,40
log1p_y,2024-09-15,1,4.006581279503483,8.013162559006966,6.009871919255225,0.07129236038519063,0.0,185
log1p_y,2024-09-15,2,8.013162559006966,12.01974383851045,10.016453198758708,0.057756681020845156,0.0,161
log1p_y,2024-09-15,3,12.01974383851045,16.026325118013933,14.023034478262192,0.05360856259463043,0.0,154
log1p_y,2024-09-15,4,16.026325118013933,20.032906397517415,18.029615757765676,0.05866350672794552,0.0,162
log1p_y,2024-09-15,5,20.032906397517415,24.0394876770209,22.036197037269158,0.058295480737732275,0.0,99
log1p_y,2024-09-15,6,24.0394876770209,28.046068956524383,26.04277831677264,0.08391992314745304,0.0,96
log1p_y,2024-09-15,7,28.046068956524383,32.052650236027866,30.049359596276126,0.0769500345738066,0.0,75
log1p_y,2024-09-15,8,32.052650236027866,36.05923151553135,34.05594087577961,0.10906469316438183,0.0,96
log1p_y,2024-09-15,9,36.05923151553135,40.06581279503483,38.06252215528309,0.10516373280962511,0.0,58
log1p_y,2024-09-15,10,40.06581279503483,44.072394074538316,42.06910343478657,0.12581997178136167,0.0,38
log1p_y,2024-09-15,11,44.072394074538316,48.078975354041795,46.075684714290055,0.20115816013543034,0.0,12
log1p_y,2024-09-16,0,0.0,4.006581279503483,2.0032906397517416,0.09024435070667895,0.0,40
log1p_y,2024-09-16,1,4.006581279503483,8.013162559006966,6.009871919255225,0.18651380588966732,0.0,185
log1p_y,2024-09-16,2,8.013162559006966,12.01974383851045,10.016453198758708,0.2088593107993704,0.0,161
log1p_y,2024-09-16,3,12.01974383851045,16.026325118013933,14.023034478262192,0.21713360956698177,0.0,154
log1p_y,2024-09-16,4,16.026325118013933,20.032906397517415,18.029615757765676,0.233469399764808,0.2402265069591007,162
log1p_y,2024-09-16,5,20.032906397517415,24.0394876770209,22.036197037269158,0.19773744034949275,0.0,99
log1p_y,2024-09-16,6,24.0394876770209,28.046068956524383,26.04277831677264,0.20293929964186505,0.0,96
log1p_y,2024-09-16,7,28.046068956524383,32.052650236027866,30.049359596276126,0.17780639132318168,0.0,75
log1p_y,2024-09-16,8,32.052650236027866,36.05923151553135,34.05594087577961,0.19017931800928803,0.0,96
log1p_y,2024-09-16,9,36.05923151553135,40.06581279503483,38.06252215528309,0.1325387624601935,0.0,58
log1p_y,2024-09-16,10,40.06581279503483,44.072394074538316,42.06910343478657,0.06321750183134228,0.0,38
log1p_y,2024-09-16,11,44.072394074538316,48.078975354041795,46.075684714290055,0.0,0.0,12
log1p_y,2024-09-17,0,0.0,4.006581279503483,2.0032906397517416,0.06915182602254416,0.0,40
log1p_y,2024-09-17,1,4.006581279503483,8.013162559006966,6.009871919255225,0.14556321341270897,0.0,185
log1p_y,2024-09-17,2,8.013162559006966,12.01974383851045,10.016453198758708,0.17468292293332932,0.0,161
log1p_y,2024-09-17,3,12.01974383851045,16.026325118013933,14.023034478262192,0.17170366911397605,0.0,154
log1p_y,2024-09-17,4,16.026325118013933,20.032906397517415,18.029615757765676,0.18597508410423091,0.0,162
log1p_y,2024-09-17,5,20.032906397517415,24.0394876770209,22.036197037269158,0.1193767247921019,0.0,99
log1p_y,2024-09-17,6,24.0394876770209,28.046068956524383,26.04277831677264,0.1606426391542146,0.0,96
log1p_y,2024-09-17,7,28.046068956524383,32.052650236027866,30.049359596276126,0.12609134899158117,0.0,75
log1p_y,2024-09-17,8,32.052650236027866,36.05923151553135,34.05594087577961,0.15905129434318324,0.0,96
log1p_y,2024-09-17,9,36.05923151553135,40.06581279503483,38.06252215528309,0.09960463825952713,0.0,58
log1p_y,2024-09-17,10,40.06581279503483,44.072394074538316,42.06910343478657,0.03793050109880537,0.0,38
log1p_y,2024-09-17,11,44.072394074538316,48.078975354041795,46.075684714290055,0.0,0.0,12
log1p_y,2024-09-18,0,0.0,4.006581279503483,2.0032906397517416,0.008060687097642086,0.0,40
log1p_y,2024-09-18,1,4.006581279503483,8.013162559006966,6.009871919255225,0.06416621132969597,0.0,185
log1p_y,2024-09-18,2,8.013162559006966,12.01974383851045,10.016453198758708,0.061030531514489804,0.0,161
log1p_y,2024-09-18,3,12.01974383851045,16.026325118013933,14.023034478262192,0.06304357489196005,0.0,154
log1p_y,2024-09-18,4,16.026325118013933,20.032906397517415,18.029615757765676,0.06535441718673868,0.0,162
log1p_y,2024-09-18,5,20.032906397517415,24.0394876770209,22.036197037269158,0.0522585306933968,0.0,99
log1p_y,2024-09-18,6,24.0394876770209,28.046068956524383,26.04277831677264,0.05639396922505607,0.0,96
log1p_y,2024-09-18,7,28.046068956524383,32.052650236027866,30.049359596276126,0.06257522032970775,0.0,75
log1p_y,2024-09-18,8,32.052650236027866,36.05923151553135,34.05594087577961,0.06646399478602985,0.0,96
log1p_y,2024-09-18,9,36.05923151553135,40.06581279503483,38.06252215528309,0.05818627499071667,0.0,58
log1p_y,2024-09-18,10,40.06581279503483,44.072394074538316,42.06910343478657,0.047642722137338764,0.0,38
log1p_y,2024-09-18,11,44.072394074538316,48.078975354041795,46.075684714290055,0.0,0.0,12
log1p_y,2024-09-19,0,0.0,4.006581279503483,2.0032906397517416,0.13291717728617716,0.0,40
log1p_y,2024-09-19,1,4.006581279503483,8.013162559006966,6.009871919255225,0.22919586464092367,0.0,185
log1p_y,2024-09-19,2,8.013162559006966,12.01974383851045,10.016453198758708,0.19414068255834674,0.0,161
log1p_y,2024-09-19,3,12.01974383851045,16.026325118013933,14.023034478262192,0.17981928932113153,0.0,154
log1p_y,2024-09-19,4,16.026325118013933,20.032906397517415,18.029615757765676,0.18397555038737506,0.0,162
log1p_y,2024-09-19,5,20.032906397517415,24.0394876770209,22.036197037269158,0.15424140101901854,0.0,99
log1p_y,2024-09-19,6,24.0394876770209,28.046068956524383,26.04277831677264,0.23039628429017323,0.1063361929472697,96
log1p_y,2024-09-19,7,28.046068956524383,32.052650236027866,30.049359596276126,0.22040627768757587,0.0,75
log1p_y,2024-09-19,8,32.052650236027866,36.05923151553135,34.05594087577961,0.2165603776347568,0.0,96
log1p_y,2024-09-19,9,36.05923151553135,40.06581279503483,38.06252215528309,0.16140723175525623,0.0,58
log1p_y,2024-09-19,10,40.06581279503483,44.072394074538316,42.06910343478657,0.0934525374162273,0.0,38
log1p_y,2024-09-19,11,44.072394074538316,48.078975354041795,46.075684714290055,0.0,0.0,12
log1p_y,2024-09-20,0,0.0,4.006581279503483,2.0032906397517416,0.08643912310679296,0.0,40
log1p_y,2024-09-20,1,4.006581279503483,8.013162559006966,6.009871919255225,0.10416772102024503,0.0,185
log1p_y,2024-09-20,2,8.013162559006966,12.01974383851045,10.016453198758708,0.11798632185255778,0.0,161
log1p_y,2024-09-20,3,12.01974383851045,16.026325118013933,14.023034478262192,0.09724765520122641,0.0,154
log1p_y,2024-09-20,4,16.026325118013933,20.032906397517415,18.029615757765676,0.1373307426002178,0.0,162
log1p_y,2024-09-20,5,20.032906397517415,24.0394876770209,22.036197037269158,0.14115002409845848,0.0,99
log1p_y,2024-09-20,6,24.0394876770209,28.046068956524383,26.04277831677264,0.14013103002383,0.0,96
log1p_y,2024-09-20,7,28.046068956524383,32.052650236027866,30.049359596276126,0.12210252526041626,0.0,75
log1p_y,2024-09-20,8,32.052650236027866,36.05923151553135,34.05594087577961,0.11168822815389494,0.0,96
log1p_y,2024-09-20,9,36.05923151553135,40.06581279503483,38.06252215528309,0.0602070515505617,0.0,58
log1p_y,2024-09-20,10,40.06581279503483,44.072394074538316,42.06910343478657,0.041167908111649845,0.0,38
log1p_y,2024-09-20,11,44.072394074538316,48.078975354041795,46.075684714290055,0.020018875579925058,0.0,12
log1p_y,2024-09-21,0,0.0,4.006581279503483,2.0032906397517416,0.006005662673977517,0.0,40
log1p_y,2024-09-21,1,4.006581279503483,8.013162559006966,6.009871919255225,0.006492608296191911,0.0,185
log1p_y,2024-09-21,2,8.013162559006966,12.01974383851045,10.016453198758708,0.0059683604213441165,0.0,161
log1p_y,2024-09-21,3,12.01974383851045,16.026325118013933,14.023034478262192,0.006239649531405213,0.0,154
log1p_y,2024-09-21,4,16.026325118013933,20.032906397517415,18.029615757765676,0.008897278035522246,0.0,162
log1p_y,2024-09-21,5,20.032906397517415,24.0394876770209,22.036197037269158,0.004853060746648499,0.0,99
log1p_y,2024-09-21,6,24.0394876770209,28.046068956524383,26.04277831677264,0.0050047188949812645,0.0,96
log1p_y,2024-09-21,7,28.046068956524383,32.052650236027866,30.049359596276126,0.009609060278364027,0.0,75
log1p_y,2024-09-21,8,32.052650236027866,36.05923151553135,34.05594087577961,0.017516516132434424,0.0,96
log1p_y,2024-09-21,9,36.05923151553135,40.06581279503483,38.06252215528309,0.024851017961286276,0.0,58
log1p_y,2024-09-21,10,40.06581279503483,44.072394074538316,42.06910343478657,0.03793050109880538,0.0,38
log1p_y,2024-09-21,11,44.072394074538316,48.078975354041795,46.075684714290055,0.040037751159850116,0.0,12
log1p_y,2024-09-22,0,0.0,4.006581279503483,2.0032906397517416,0.03617938669429207,0.0,40
log1p_y,2024-09-22,1,4.006581279503483,8.013162559006966,6.009871919255225,0.02847258577095688,0.0,185
log1p_y,2024-09-22,2,8.013162559006966,12.01974383851045,10.016453198758708,0.020961515214047002,0.0,161
log1p_y,2024-09-22,3,12.01974383851045,16.026325118013933,14.023034478262192,0.01799564590295634,0.0,154
log1p_y,2024-09-22,4,16.026325118013933,20.032906397517415,18.029615757765676,0.023797882489998572,0.0,162
log1p_y,2024-09-22,5,20.032906397517415,24.0394876770209,22.036197037269158,0.017044464391220038,0.0,99
log1p_y,2024-09-22,6,24.0394876770209,28.046068956524383,26.04277831677264,0.02386329640767786,0.0,96
log1p_y,2024-09-22,7,28.046068956524383,32.052650236027866,30.049359596276126,0.04179436590003289,0.0,75
log1p_y,2024-09-22,8,32.052650236027866,36.05923151553135,34.05594087577961,0.061519863662059825,0.0,96
log1p_y,2024-09-22,9,36.05923151553135,40.06581279503483,38.06252215528309,0.08727941248607501,0.0,58
log1p_y,2024-09-22,10,40.06581279503483,44.072394074538316,42.06910343478657,0.10145413061525707,0.0,38
log1p_y,2024-09-22,11,44.072394074538316,48.078975354041795,46.075684714290055,0.0903272911937077,0.0,12
log1p_y,2024-09-23,0,0.0,4.006581279503483,2.0032906397517416,0.1969023919672562,0.0,40
log1p_y,2024-09-23,1,4.006581279503483,8.013162559006966,6.009871919255225,0.25946512043878006,0.0,185
log1p_y,2024-09-23,2,8.013162559006966,12.01974383851045,10.016453198758708,0.31661537540458845,0.0,161
log1p_y,2024-09-23,3,12.01974383851045,16.026325118013933,14.023034478262192,0.35344687392728275,0.0,154
log1p_y,2024-09-23,4,16.026325118013933,20.032906397517415,18.029615757765676,0.445825831926427,0.19840571100619633,162
log1p_y,2024-09-23,5,20.032906397517415,24.0394876770209,22.036197037269158,0.3791839416724637,0.0,99
log1p_y,2024-09-23,6,24.0394876770209,28.046068956524383,26.04277831677264,0.3655852456388146,0.0,96
log1p_y,2024-09-23,7,28.046068956524383,32.052650236027866,30.049359596276126,0.2416568962193783,0.0,75
log1p_y,2024-09-23,8,32.052650236027866,36.05923151553135,34.05594087577961,0.1605933932722652,0.0,96
log1p_y,2024-09-23,9,36.05923151553135,40.06581279503483,38.06252215528309,0.18855696058310953,0.0,58
log1p_y,2024-09-23,10,40.06581279503483,44.072394074538316,42.06910343478657,0.03160875091567114,0.0,38
log1p_y,2024-09-23,11,44.072394074538316,48.078975354041795,46.075684714290055,0.0,0.0,12
log1p_y,2024-09-24,0,0.0,4.006581279503483,2.0032906397517416,0.05630800268573245,0.0,40
log1p_y,2024-09-24,1,4.006581279503483,8.013162559006966,6.009871919255225,0.16182068778038355,0.0,185
log1p_y,2024-09-24,2,8.013162559006966,12.01974383851045,10.016453198758708,0.20069904176476172,0.0,161
log1p_y,2024-09-24,3,12.01974383851045,16.026325118013933,14.023034478262192,0.14804076009780612,0.0,154
log1p_y,2024-09-24,4,16.026325118013933,20.032906397517415,18.029615757765676,0.21388543295274212,0.0,162
log1p_y,2024-09-24,5,20.032906397517415,24.0394876770209,22.036197037269158,0.23556299927237317,0.0,99
log1p_y,2024-09-24,6,24.0394876770209,28.046068956524383,26.04277831677264,0.27174395619062763,0.0,96
log1p_y,2024-09-24,7,28.046068956524383,32.052650236027866,30.049359596276126,0.21963293018836305,0.0,75
log1p_y,2024-09-24,8,32.052650236027866,36.05923151553135,34.05594087577961,0.24088112730659259,0.0,96
log1p_y,2024-09-24,9,36.05923151553135,40.06581279503483,38.06252215528309,0.11417137637439782,0.0,58
log1p_y,2024-09-24,10,40.06581279503483,44.072394074538316,42.06910343478657,0.05304801889124788,0.0,38
log1p_y,2024-09-24,11,44.072394074538316,48.078975354041795,46.075684714290055,0.0,0.0,12
log1p_y,2024-09-25,0,0.0,4.006581279503483,2.0032906397517416,0.1931828333752324,0.0,40
log1p_y,2024-09-25,1,4.006581279503483,8.013162559006966,6.009871919255225,0.1843701415887866,0.0,185
log1p_y,2024-09-25,2,8.013162559006966,12.01974383851045,10.016453198758708,0.27612167961872736,0.0,161
log1p_y,2024-09-25,3,12.01974383851045,16.026325118013933,14.023034478262192,0.19933029242848654,0.0,154
log1p_y,2024-09-25,4,16.026325118013933,20.032906397517415,18.029615757765676,0.2992106934608611,0.0,162
log1p_y,2024-09-25,5,20.032906397517415,24.0394876770209,22.036197037269158,0.2850588968580598,0.0,99
log1p_y,2024-09-25,6,24.0394876770209,28.046068956524383,26.04277831677264,0.36754408373794095,0.0,96
log1p_y,2024-09-25,7,28.046068956524383,32.052650236027866,30.049359596276126,0.22413311175023973,0.0,75
log1p_y,2024-09-25,8,32.052650236027866,36.05923151553135,34.05594087577961,0.23846576830625477,0.0,96
log1p_y,2024-09-25,9,36.05923151553135,40.06581279503483,38.06252215528309,0.09466614808197503,0.0,58
log1p_y,2024-09-25,10,40.06581279503483,44.072394074538316,42.06910343478657,0.03408276834184519,0.0,38
log1p_y,2024-09-25,11,44.072394074538316,48.078975354041795,46.075684714290055,0.0,0.0,12
log1p_y,2024-09-26,0,0.0,4.006581279503483,2.0032906397517416,0.09906333239466959,0.0,40
log1p_y,2024-09-26,1,4.006581279503483,8.013162559006966,6.009871919255225,0.17166356615588307,0.0,185
log1p_y,2024-09-26,2,8.013162559006966,12.01974383851045,10.016453198758708,0.2399398495556377,0.0,161
log1p_y,2024-09-26,3,12.01974383851045,16.026325118013933,14.023034478262192,0.18645662981339767,0.0,154
log1p_y,2024-09-26,4,16.026325118013933,20.032906397517415,18.029615757765676,0.27665403972970415,0.0,162
log1p_y,2024-09-26,5,20.032906397517415,24.0394876770209,22.036197037269158,0.23727269191335348,0.0,99
log1p_y,2024-09-26,6,24.0394876770209,28.046068956524383,26.04277831677264,0.3777480504987403,0.0,96
log1p_y,2024-09-26,7,28.046068956524383,32.052650236027866,30.049359596276126,0.2516465557950561,0.0,75
log1p_y,2024-09-26,8,32.052650236027866,36.05923151553135,34.05594087577961,0.23152367790741132,0.0,96
log1p_y,2024-09-26,9,36.05923151553135,40.06581279503483,38.06252215528309,0.10012495942488203,0.0,58
log1p_y,2024-09-26,10,40.06581279503483,44.072394074538316,42.06910343478657,0.04672626870811365,0.0,38
log1p_y,2024-09-26,11,44.072394074538316,48.078975354041795,46.075684714290055,0.0,0.0,12
log1p_y,2024-09-27,0,0.0,4.006581279503483,2.0032906397517416,0.0,0.0,40
log1p_y,2024-09-27,1,4.006581279503483,8.013162559006966,6.009871919255225,0.0,0.0,185
log1p_y,2024-09-27,2,8.013162559006966,12.01974383851045,10.016453198758708,0.0,0.0,161
log1p_y,2024-09-27,3,12.01974383851045,16.026325118013933,14.023034478262192,0.0,0.0,154
log1p_y,2024-09-27,4,16.026325118013933,20.032906397517415,18.029615757765676,0.0,0.0,162
log1p_y,2024-09-27,5,20.032906397517415,24.0394876770209,22.036197037269158,0.0,0.0,99
log1p_y,2024-09-27,6,24.0394876770209,28.046068956524383,26.04277831677264,0.0,0.0,96
log1p_y,2024-09-27,7,28.046068956524383,32.052650236027866,30.049359596276126,0.0,0.0,75
log1p_y,2024-09-27,8,32.052650236027866,36.05923151553135,34.05594087577961,0.0,0.0,96
log1p_y,2024-09-27,9,36.05923151553135,40.06581279503483,38.06252215528309,0.0,0.0,58
log1p_y,2024-09-27,10,40.06581279503483,44.072394074538316,42.06910343478657,0.0,0.0,38
log1p_y,2024-09-27,11,44.072394074538316,48.078975354041795,46.075684714290055,0.0,0.0,12
log1p_y,2024-09-28,0,0.0,4.006581279503483,2.0032906397517416,0.012011325347955034,0.0,40
log1p_y,2024-09-28,1,4.006581279503483,8.013162559006966,6.009871919255225,0.007791129955430293,0.0,185
log1p_y,2024-09-28,2,8.013162559006966,12.01974383851045,10.016453198758708,0.007460450526680146,0.0,161
log1p_y,2024-09-28,3,12.01974383851045,16.026325118013933,14.023034478262192,0.006239649531405213,0.0,154
log1p_y,2024-09-28,4,16.026325118013933,20.032906397517415,18.029615757765676,0.007414398362935205,0.0,162
log1p_y,2024-09-28,5,20.032906397517415,24.0394876770209,22.036197037269158,0.004853060746648499,0.0,99
log1p_y,2024-09-28,6,24.0394876770209,28.046068956524383,26.04277831677264,0.007507078342471896,0.0,96
log1p_y,2024-09-28,7,28.046068956524383,32.052650236027866,30.049359596276126,0.012812080371152036,0.0,75
log1p_y,2024-09-28,8,32.052650236027866,36.05923151553135,34.05594087577961,0.020018875579925054,0.0,96
log1p_y,2024-09-28,9,36.05923151553135,40.06581279503483,38.06252215528309,0.024851017961286276,0.0,58
log1p_y,2024-09-28,10,40.06581279503483,44.072394074538316,42.06910343478657,0.018965250549402686,0.0,38
log1p_y,2024-09-28,11,44.072394074538316,48.078975354041795,46.075684714290055,0.0,0.0,12
log1p_y,2024-09-29,0,0.0,4.006581279503483,2.0032906397517416,0.0689511638608085,0.0,40
log1p_y,2024-09-29,1,4.006581279503483,8.013162559006966,6.009871919255225,0.08558378502763932,0.0,185
log1p_y,2024-09-29,2,8.013162559006966,12.01974383851045,10.016453198758708,0.0751898982795618,0.0,161
log1p_y,2024-09-29,3,12.01974383851045,16.026325118013933,14.023034478262192,0.06308894014724696,0.0,154
log1p_y,2024-09-29,4,16.026325118013933,20.032906397517415,18.029615757765676,0.06561251273997783,0.0,162
log1p_y,2024-09-29,5,20.032906397517415,24.0394876770209,22.036197037269158,0.07327700115570544,0.0,99
log1p_y,2024-09-29,6,24.0394876770209,28.046068956524383,26.04277831677264,0.09406272213878292,0.0,96
log1p_y,2024-09-29,7,28.046068956524383,32.052650236027866,30.049359596276126,0.14891823346238223,0.0,75
log1p_y,2024-09-29,8,32.052650236027866,36.05923151553135,34.05594087577961,0.15086471664459658,0.0,96
log1p_y,2024-09-29,9,36.05923151553135,40.06581279503483,38.06252215528309,0.21893524059305056,0.0,58
log1p_y,2024-09-29,10,40.06581279503483,44.072394074538316,42.06910343478657,0.22914250021588428,0.0,38
log1p_y,2024-09-29,11,44.072394074538316,48.078975354041795,46.075684714290055,0.20850784648355827,0.0,12
log1p_y,2024-09-30,0,0.0,4.006581279503483,2.0032906397517416,0.13843506274892606,0.0,40
log1p_y,2024-09-30,1,4.006581279503483,8.013162559006966,6.009871919255225,0.21711012193844123,0.0,185
log1p_y,2024-09-30,2,8.013162559006966,12.01974383851045,10.016453198758708,0.2589666397987749,0.0,161
log1p_y,2024-09-30,3,12.01974383851045,16.026325118013933,14.023034478262192,0.17097968130958716,0.0,154
log1p_y,2024-09-30,4,16.026325118013933,20.032906397517415,18.029615757765676,0.2004069844816215,0.0,162
log1p_y,2024-09-30,5,20.032906397517415,24.0394876770209,22.036197037269158,0.14388269218122202,0.0,99
log1p_y,2024-09-30,6,24.0394876770209,28.046068956524383,26.04277831677264,0.24035241677655664,0.0,96
log1p_y,2024-09-30,7,28.046068956524383,32.052650236027866,30.049359596276126,0.1775797941550534,0.0,75
log1p_y,2024-09-30,8,32.052650236027866,36.05923151553135,34.05594087577961,0.262321429518147,0.0,96
log1p_y,2024-09-30,9,36.05923151553135,40.06581279503483,38.06252215528309,0.1845624245641841,0.0,58
log1p_y,2024-09-30,10,40.06581279503483,44.072394074538316,42.06910343478657,0.025287000732536914,0.0,38
log1p_y,2024-09-30,11,44.072394074538316,48.078975354041795,46.075684714290055,0.0,0.0,12
log1p_y,2024-10-01,0,0.0,4.006581279503483,2.0032906397517416,0.12809350066015315,0.0,40
log1p_y,2024-10-01,1,4.006581279503483,8.013162559006966,6.009871919255225,0.2893430309930697,0.0,185
log1p_y,2024-10-01,2,8.013162559006966,12.01974383851045,10.016453198758708,0.3953387565150482,0.0,161
log1p_y,2024-10-01,3,12.01974383851045,16.026325118013933,14.023034478262192,0.24827970955984652,0.0,154
log1p_y,2024-10-01,4,16.026325118013933,20.032906397517415,18.029615757765676,0.3458564922504198,0.0,162
log1p_y,2024-10-01,5,20.032906397517415,24.0394876770209,22.036197037269158,0.32969013297409233,0.0,99
log1p_y,2024-10-01,6,24.0394876770209,28.046068956524383,26.04277831677264,0.5386784593540966,0.0,96
log1p_y,2024-10-01,7,28.046068956524383,32.052650236027866,30.049359596276126,0.4620940013852951,0.0,75
log1p_y,2024-10-01,8,32.052650236027866,36.05923151553135,34.05594087577961,0.4494500468916954,0.0,96
log1p_y,2024-10-01,9,36.05923151553135,40.06581279503483,38.06252215528309,0.18238661698085382,0.0,58
log1p_y,2024-10-01,10,40.06581279503483,44.072394074538316,42.06910343478657,0.07586100219761074,0.0,38
log1p_y,2024-10-01,11,44.072394074538316,48.078975354041795,46.075684714290055,0.0,0.0,12
log1p_y,2024-10-02,0,0.0,4.006581279503483,2.0032906397517416,0.060511329467992134,0.0,40
log1p_y,2024-10-02,1,4.006581279503483,8.013162559006966,6.009871919255225,0.12485197280999373,0.0,185
log1p_y,2024-10-02,2,8.013162559006966,12.01974383851045,10.016453198758708,0.1683709446577395,0.0,161
log1p_y,2024-10-02,3,12.01974383851045,16.026325118013933,14.023034478262192,0.11203117149372904,0.0,154
log1p_y,2024-10-02,4,16.026325118013933,20.032906397517415,18.029615757765676,0.1709118643849302,0.0,162
log1p_y,2024-10-02,5,20.032906397517415,24.0394876770209,22.036197037269158,0.14554562768300996,0.0,99
log1p_y,2024-10-02,6,24.0394876770209,28.046068956524383,26.04277831677264,0.24189587851310881,0.0,96
log1p_y,2024-10-02,7,28.046068956524383,32.052650236027866,30.049359596276126,0.18398075214530016,0.0,75
log1p_y,2024-10-02,8,32.052650236027866,36.05923151553135,34.05594087577961,0.21544526356823934,0.0,96
log1p_y,2024-10-02,9,36.05923151553135,40.06581279503483,38.06252215528309,0.12869777575488547,0.0,58
log1p_y,2024-10-02,10,40.06581279503483,44.072394074538316,42.06910343478657,0.07292972286987569,0.0,38
log1p_y,2024-10-02,11,44.072394074538316,48.078975354041795,46.075684714290055,0.0,0.0,12
log1p_y,2024-10-03,0,0.0,4.006581279503483,2.0032906397517416,0.0,0.0,40
log1p_y,2024-10-03,1,4.006581279503483,8.013162559006966,6.009871919255225,0.0,0.0,185
log1p_y,2024-10-03,2,8.013162559006966,12.01974383851045,10.016453198758708,0.0,0.0,161
log1p_y,2024-10-03,3,12.01974383851045,16.026325118013933,14.023034478262192,0.0,0.0,154
log1p_y,2024-10-03,4,16.026325118013933,20.032906397517415,18.029615757765676,0.0,0.0,162
log1p_y,2024-10-03,5,20.032906397517415,24.0394876770209,22.036197037269158,0.0,0.0,99
log1p_y,2024-10-03,6,24.0394876770209,28.046068956524383,26.04277831677264,0.0,0.0,96
log1p_y,2024-10-03,7,28.046068956524383,32.052650236027866,30.049359596276126,0.0,0.0,75
log1p_y,2024-10-03,8,32.052650236027866,36.05923151553135,34.05594087577961,0.0,0.0,96
log1p_y,2024-10-03,9,36.05923151553135,40.06581279503483,38.06252215528309,0.0,0.0,58
log1p_y,2024-10-03,10,40.06581279503483,44.072394074538316,42.06910343478657,0.0,0.0,38
log1p_y,2024-10-03,11,44.072394074538316,48.078975354041795,46.075684714290055,0.0,0.0,12
log1p_y,2024-10-04,0,0.0,4.006581279503483,2.0032906397517416,0.0,0.0,40
log1p_y,2024-10-04,1,4.006581279503483,8.013162559006966,6.009871919255225,0.0,0.0,185
log1p_y,2024-10-04,2,8.013162559006966,12.01974383851045,10.016453198758708,0.0,0.0,161
log1p_y,2024-10-04,3,12.01974383851045,16.026325118013933,14.023034478262192,0.0,0.0,154
log1p_y,2024-10-04,4,16.026325118013933,20.032906397517415,18.029615757765676,0.0,0.0,162
log1p_y,2024-10-04,5,20.032906397517415,24.0394876770209,22.036197037269158,0.0,0.0,99
log1p_y,2024-10-04,6,24.0394876770209,28.046068956524383,26.04277831677264,0.0,0.0,96
log1p_y,2024-10-04,7,28.046068956524383,32.052650236027866,30.049359596276126,0.0,0.0,75
log1p_y,2024-10-04,8,32.052650236027866,36.05923151553135,34.05594087577961,0.0,0.0,96
log1p_y,2024-10-04,9,36.05923151553135,40.06581279503483,38.06252215528309,0.0,0.0,58
log1p_y,2024-10-04,10,40.06581279503483,44.072394074538316,42.06910343478657,0.0,0.0,38
log1p_y,2024-10-04,11,44.072394074538316,48.078975354041795,46.075684714290055,0.0,0.0,12
log1p_y,2024-10-05,0,0.0,4.006581279503483,2.0032906397517416,0.0,0.0,40
log1p_y,2024-10-05,1,4.006581279503483,8.013162559006966,6.009871919255225,0.0,0.0,185
log1p_y,2024-10-05,2,8.013162559006966,12.01974383851045,10.016453198758708,0.0,0.0,161
log1p_y,2024-10-05,3,12.01974383851045,16.026325118013933,14.023034478262192,0.0,0.0,154
log1p_y,2024-10-05,4,16.026325118013933,20.032906397517415,18.029615757765676,0.0,0.0,162
log1p_y,2024-10-05,5,20.032906397517415,24.0394876770209,22.036197037269158,0.0,0.0,99
log1p_y,2024-10-05,6,24.0394876770209,28.046068956524383,26.04277831677264,0.0,0.0,96
log1p_y,2024-10-05,7,28.046068956524383,32.052650236027866,30.049359596276126,0.0,0.0,75
log1p_y,2024-10-05,8,32.052650236027866,36.05923151553135,34.05594087577961,0.0,0.0,96
log1p_y,2024-10-05,9,36.05923151553135,40.06581279503483,38.06252215528309,0.0,0.0,58
log1p_y,2024-10-05,10,40.06581279503483,44.072394074538316,42.06910343478657,0.0,0.0,38
log1p_y,2024-10-05,11,44.072394074538316,48.078975354041795,46.075684714290055,0.0,0.0,12
log1p_y,2024-10-06,0,0.0,4.006581279503483,2.0032906397517416,0.06416667558710432,0.0,40
log1p_y,2024-10-06,1,4.006581279503483,8.013162559006966,6.009871919255225,0.0780056199762015,0.0,185
log1p_y,2024-10-06,2,8.013162559006966,12.01974383851045,10.016453198758708,0.08592162510067121,0.0,161
log1p_y,2024-10-06,3,12.01974383851045,16.026325118013933,14.023034478262192,0.06688670234892194,0.0,154
log1p_y,2024-10-06,4,16.026325118013933,20.032906397517415,18.029615757765676,0.05938699463208757,0.0,162
log1p_y,2024-10-06,5,20.032906397517415,24.0394876770209,22.036197037269158,0.05794190433849563,0.0,99
log1p_y,2024-10-06,6,24.0394876770209,28.046068956524383,26.04277831677264,0.09398994870842681,0.0,96
log1p_y,2024-10-06,7,28.046068956524383,32.052650236027866,30.049359596276126,0.12030713434678632,0.0,75
log1p_y,2024-10-06,8,32.052650236027866,36.05923151553135,34.05594087577961,0.11986980335986003,0.0,96
log1p_y,2024-10-06,9,36.05923151553135,40.06581279503483,38.06252215528309,0.13890194176130158,0.0,58
log1p_y,2024-10-06,10,40.06581279503483,44.072394074538316,42.06910343478657,0.1581968184209104,0.0,38
log1p_y,2024-10-06,11,44.072394074538316,48.078975354041795,46.075684714290055,0.12011325347955033,0.0,12
log1p_y,2024-10-07,0,0.0,4.006581279503483,2.0032906397517416,0.11952402125168335,0.0,40
log1p_y,2024-10-07,1,4.006581279503483,8.013162559006966,6.009871919255225,0.25482221885036893,0.0,185
log1p_y,2024-10-07,2,8.013162559006966,12.01974383851045,10.016453198758708,0.31647371514428757,0.2402265069591007,161
log1p_y,2024-10-07,3,12.01974383851045,16.026325118013933,14.023034478262192,0.2868195458102688,0.0,154
log1p_y,2024-10-07,4,16.026325118013933,20.032906397517415,18.029615757765676,0.3862453774970269,0.2402265069591007,162
log1p_y,2024-10-07,5,20.032906397517415,24.0394876770209,22.036197037269158,0.3786490220737003,0.2402265069591007,99
log1p_y,2024-10-07,6,24.0394876770209,28.046068956524383,26.04277831677264,0.3945534518283759,0.0,96
log1p_y,2024-10-07,7,28.046068956524383,32.052650236027866,30.049359596276126,0.27325882852405287,0.0,75
log1p_y,2024-10-07,8,32.052650236027866,36.05923151553135,34.05594087577961,0.2655402746312601,0.0,96
log1p_y,2024-10-07,9,36.05923151553135,40.06581279503483,38.06252215528309,0.14313440615979484,0.0,58
log1p_y,2024-10-07,10,40.06581279503483,44.072394074538316,42.06910343478657,0.11178138353511337,0.0,38
log1p_y,2024-10-07,11,44.072394074538316,48.078975354041795,46.075684714290055,0.020018875579925058,0.0,12
log1p_y,2024-10-08,0,0.0,4.006581279503483,2.0032906397517416,0.0501003258154847,0.0,40
log1p_y,2024-10-08,1,4.006581279503483,8.013162559006966,6.009871919255225,0.09900564483431334,0.0,185
log1p_y,2024-10-08,2,8.013162559006966,12.01974383851045,10.016453198758708,0.1433490307212727,0.0,161
log1p_y,2024-10-08,3,12.01974383851045,16.026325118013933,14.023034478262192,0.14910382406268763,0.0,154
log1p_y,2024-10-08,4,16.026325118013933,20.032906397517415,18.029615757765676,0.16123763924389012,0.0,162
log1p_y,2024-10-08,5,20.032906397517415,24.0394876770209,22.036197037269158,0.11978905296928882,0.0,99
log1p_y,2024-10-08,6,24.0394876770209,28.046068956524383,26.04277831677264,0.1351938312465842,0.0,96
log1p_y,2024-10-08,7,28.046068956524383,32.052650236027866,30.049359596276126,0.0753873007008598,0.0,75
log1p_y,2024-10-08,8,32.052650236027866,36.05923151553135,34.05594087577961,0.07354585969577772,0.0,96
log1p_y,2024-10-08,9,36.05923151553135,40.06581279503483,38.06252215528309,0.09960463825952713,0.0,58
log1p_y,2024-10-08,10,40.06581279503483,44.072394074538316,42.06910343478657,0.07292972286987569,0.0,38
log1p_y,2024-10-08,11,44.072394074538316,48.078975354041795,46.075684714290055,0.0,0.0,12
log1p_y,2024-10-09,0,0.0,4.006581279503483,2.0032906397517416,0.008060687097642086,0.0,40
log1p_y,2024-10-09,1,4.006581279503483,8.013162559006966,6.009871919255225,0.07122890979353597,0.0,185
log1p_y,2024-10-09,2,8.013162559006966,12.01974383851045,10.016453198758708,0.06412309233417575,0.0,161
log1p_y,2024-10-09,3,12.01974383851045,16.026325118013933,14.023034478262192,0.06810168715475254,0.0,154
log1p_y,2024-10-09,4,16.026325118013933,20.032906397517415,18.029615757765676,0.07067015956585368,0.0,162
log1p_y,2024-10-09,5,20.032906397517415,24.0394876770209,22.036197037269158,0.051133393173660106,0.0,99
log1p_y,2024-10-09,6,24.0394876770209,28.046068956524383,26.04277831677264,0.057736030605318255,0.0,96
log1p_y,2024-10-09,7,28.046068956524383,32.052650236027866,30.049359596276126,0.06749607898923134,0.0,75
log1p_y,2024-10-09,8,32.052650236027866,36.05923151553135,34.05594087577961,0.08538316006973767,0.0,96
log1p_y,2024-10-09,9,36.05923151553135,40.06581279503483,38.06252215528309,0.08323785936638498,0.0,58
log1p_y,2024-10-09,10,40.06581279503483,44.072394074538316,42.06910343478657,0.047642722137338764,0.0,38
log1p_y,2024-10-09,11,44.072394074538316,48.078975354041795,46.075684714290055,0.0,0.0,12
log1p_y,2024-10-10,0,0.0,4.006581279503483,2.0032906397517416,0.05022678457871225,0.0,40
log1p_y,2024-10-10,1,4.006581279503483,8.013162559006966,6.009871919255225,0.135353717398923,0.0,185
log1p_y,2024-10-10,2,8.013162559006966,12.01974383851045,10.016453198758708,0.15362120397288295,0.0,161
log1p_y,2024-10-10,3,12.01974383851045,16.026325118013933,14.023034478262192,0.14572816483439666,0.0,154
log1p_y,2024-10-10,4,16.026325118013933,20.032906397517415,18.029615757765676,0.14649053182388966,0.0,162
log1p_y,2024-10-10,5,20.032906397517415,24.0394876770209,22.036197037269158,0.09597996828840677,0.0,99
log1p_y,2024-10-10,6,24.0394876770209,28.046068956524383,26.04277831677264,0.12775183017741173,0.0,96
log1p_y,2024-10-10,7,28.046068956524383,32.052650236027866,30.049359596276126,0.13836490273177535,0.0,75
log1p_y,2024-10-10,8,32.052650236027866,36.05923151553135,34.05594087577961,0.16030025449447913,0.0,96
log1p_y,2024-10-10,9,36.05923151553135,40.06581279503483,38.06252215528309,0.20478854043634379,0.0,58
log1p_y,2024-10-10,10,40.06581279503483,44.072394074538316,42.06910343478657,0.16467163244659938,0.0,38
log1p_y,2024-10-10,11,44.072394074538316,48.078975354041795,46.075684714290055,0.0,0.0,12
log1p_y,2024-10-11,0,0.0,4.006581279503483,2.0032906397517416,0.0,0.0,40
log1p_y,2024-10-11,1,4.006581279503483,8.013162559006966,6.009871919255225,0.0,0.0,185
log1p_y,2024-10-11,2,8.013162559006966,12.01974383851045,10.016453198758708,0.0,0.0,161
log1p_y,2024-10-11,3,12.01974383851045,16.026325118013933,14.023034478262192,0.0,0.0,154
log1p_y,2024-10-11,4,16.026325118013933,20.032906397517415,18.029615757765676,0.0,0.0,162
log1p_y,2024-10-11,5,20.032906397517415,24.0394876770209,22.036197037269158,0.0,0.0,99
log1p_y,2024-10-11,6,24.0394876770209,28.046068956524383,26.04277831677264,0.0,0.0,96
log1p_y,2024-10-11,7,28.046068956524383,32.052650236027866,30.049359596276126,0.0,0.0,75
log1p_y,2024-10-11,8,32.052650236027866,36.05923151553135,34.05594087577961,0.0,0.0,96
log1p_y,2024-10-11,9,36.05923151553135,40.06581279503483,38.06252215528309,0.0,0.0,58
log1p_y,2024-10-11,10,40.06581279503483,44.072394074538316,42.06910343478657,0.0,0.0,38
log1p_y,2024-10-11,11,44.072394074538316,48.078975354041795,46.075684714290055,0.0,0.0,12
log1p_y,2024-10-12,0,0.0,4.006581279503483,2.0032906397517416,0.0,0.0,40
log1p_y,2024-10-12,1,4.006581279503483,8.013162559006966,6.009871919255225,0.0,0.0,185
log1p_y,2024-10-12,2,8.013162559006966,12.01974383851045,10.016453198758708,0.0,0.0,161
log1p_y,2024-10-12,3,12.01974383851045,16.026325118013933,14.023034478262192,0.0,0.0,154
log1p_y,2024-10-12,4,16.026325118013933,20.032906397517415,18.029615757765676,0.0,0.0,162
log1p_y,2024-10-12,5,20.032906397517415,24.0394876770209,22.036197037269158,0.0,0.0,99
log1p_y,2024-10-12,6,24.0394876770209,28.046068956524383,26.04277831677264,0.0,0.0,96
log1p_y,2024-10-12,7,28.046068956524383,32.052650236027866,30.049359596276126,0.0,0.0,75
log1p_y,2024-10-12,8,32.052650236027866,36.05923151553135,34.05594087577961,0.0,0.0,96
log1p_y,2024-10-12,9,36.05923151553135,40.06581279503483,38.06252215528309,0.0,0.0,58
log1p_y,2024-10-12,10,40.06581279503483,44.072394074538316,42.06910343478657,0.0,0.0,38
log1p_y,2024-10-12,11,44.072394074538316,48.078975354041795,46.075684714290055,0.0,0.0,12
log1p_y,2024-10-13,0,0.0,4.006581279503483,2.0032906397517416,0.0752888994003594,0.0,40
log1p_y,2024-10-13,1,4.006581279503483,8.013162559006966,6.009871919255225,0.059671572748789654,0.0,185
log1p_y,2024-10-13,2,8.013162559006966,12.01974383851045,10.016453198758708,0.06281229190279841,0.0,161
log1p_y,2024-10-13,3,12.01974383851045,16.026325118013933,14.023034478262192,0.06098765893164442,0.0,154
log1p_y,2024-10-13,4,16.026325118013933,20.032906397517415,18.029615757765676,0.0720812315098348,0.0,162
log1p_y,2024-10-13,5,20.032906397517415,24.0394876770209,22.036197037269158,0.057170343217995585,0.0,99
log1p_y,2024-10-13,6,24.0394876770209,28.046068956524383,26.04277831677264,0.07525254673775268,0.0,96
log1p_y,2024-10-13,7,28.046068956524383,32.052650236027866,30.049359596276126,0.09960383226400582,0.0,75
log1p_y,2024-10-13,8,32.052650236027866,36.05923151553135,34.05594087577961,0.16429836432220946,0.0,96
log1p_y,2024-10-13,9,36.05923151553135,40.06581279503483,38.06252215528309,0.20072681794946226,0.0,58
log1p_y,2024-10-13,10,40.06581279503483,44.072394074538316,42.06910343478657,0.26828894666571385,0.0,38
log1p_y,2024-10-13,11,44.072394074538316,48.078975354041795,46.075684714290055,0.47117062938037374,0.603474480406291,12
log1p_y,2024-10-14,0,0.0,4.006581279503483,2.0032906397517416,0.0826095326535804,0.0,40
log1p_y,2024-10-14,1,4.006581279503483,8.013162559006966,6.009871919255225,0.3416830848353229,0.0,185
log1p_y,2024-10-14,2,8.013162559006966,12.01974383851045,10.016453198758708,0.4452561583794025,0.0,161
log1p_y,2024-10-14,3,12.01974383851045,16.026325118013933,14.023034478262192,0.33711053563271154,0.0,154
log1p_y,2024-10-14,4,16.026325118013933,20.032906397517415,18.029615757765676,0.43972092674295377,0.2402265069591007,162
log1p_y,2024-10-14,5,20.032906397517415,24.0394876770209,22.036197037269158,0.4053802778341882,0.04138048740507583,99
log1p_y,2024-10-14,6,24.0394876770209,28.046068956524383,26.04277831677264,0.5415377622406228,0.2402265069591007,96
log1p_y,2024-10-14,7,28.046068956524383,32.052650236027866,30.049359596276126,0.4245812319570966,0.0,75
log1p_y,2024-10-14,8,32.052650236027866,36.05923151553135,34.05594087577961,0.41642110092238455,0.0,96
log1p_y,2024-10-14,9,36.05923151553135,40.06581279503483,38.06252215528309,0.22755532306195023,0.0,58
log1p_y,2024-10-14,10,40.06581279503483,44.072394074538316,42.06910343478657,0.10885010420737831,0.0,38
log1p_y,2024-10-14,11,44.072394074538316,48.078975354041795,46.075684714290055,0.0,0.0,12
log1p_y,2024-10-15,0,0.0,4.006581279503483,2.0032906397517416,0.1704157072037136,0.0,40
log1p_y,2024-10-15,1,4.006581279503483,8.013162559006966,6.009871919255225,0.3161828842294461,0.0,185
log1p_y,2024-10-15,2,8.013162559006966,12.01974383851045,10.016453198758708,0.4068991946788528,0.0,161
log1p_y,2024-10-15,3,12.01974383851045,16.026325118013933,14.023034478262192,0.28882266279573204,0.0,154
log1p_y,2024-10-15,4,16.026325118013933,20.032906397517415,18.029615757765676,0.3640182024579109,0.0,162
log1p_y,2024-10-15,5,20.032906397517415,24.0394876770209,22.036197037269158,0.34158892532294205,0.0,99
log1p_y,2024-10-15,6,24.0394876770209,28.046068956524383,26.04277831677264,0.5115090778202082,0.0,96
log1p_y,2024-10-15,7,28.046068956524383,32.052650236027866,30.049359596276126,0.426714575680593,0.0,75
log1p_y,2024-10-15,8,32.052650236027866,36.05923151553135,34.05594087577961,0.3740223519887042,0.0,96
log1p_y,2024-10-15,9,36.05923151553135,40.06581279503483,38.06252215528309,0.12560431827722254,0.0,58
log1p_y,2024-10-15,10,40.06581279503483,44.072394074538316,42.06910343478657,0.04982324089732199,0.0,38
log1p_y,2024-10-15,11,44.072394074538316,48.078975354041795,46.075684714290055,0.0,0.0,12
log1p_y,2024-10-16,0,0.0,4.006581279503483,2.0032906397517416,0.1560218586860452,0.0,40
log1p_y,2024-10-16,1,4.006581279503483,8.013162559006966,6.009871919255225,0.28036895435322956,0.0,185
log1p_y,2024-10-16,2,8.013162559006966,12.01974383851045,10.016453198758708,0.3568785615977847,0.0,161
log1p_y,2024-10-16,3,12.01974383851045,16.026325118013933,14.023034478262192,0.21697699067950962,0.0,154
log1p_y,2024-10-16,4,16.026325118013933,20.032906397517415,18.029615757765676,0.26855360266891,0.0,162
log1p_y,2024-10-16,5,20.032906397517415,24.0394876770209,22.036197037269158,0.32647304924126685,0.0,99
log1p_y,2024-10-16,6,24.0394876770209,28.046068956524383,26.04277831677264,0.40257199962216167,0.0617907321758293,96
log1p_y,2024-10-16,7,28.046068956524383,32.052650236027866,30.049359596276126,0.45521389057853034,0.0,75
log1p_y,2024-10-16,8,32.052650236027866,36.05923151553135,34.05594087577961,0.39031713112207655,0.0,96
log1p_y,2024-10-16,9,36.05923151553135,40.06581279503483,38.06252215528309,0.16230362489421796,0.0,58
log1p_y,2024-10-16,10,40.06581279503483,44.072394074538316,42.06910343478657,0.12183180420076536,0.0,38
log1p_y,2024-10-16,11,44.072394074538316,48.078975354041795,46.075684714290055,0.15086862010157276,0.0,12
log1p_y,2024-10-17,0,0.0,4.006581279503483,2.0032906397517416,0.16758827453070294,0.0,40
log1p_y,2024-10-17,1,4.006581279503483,8.013162559006966,6.009871919255225,0.25444565399829033,0.0,185
log1p_y,2024-10-17,2,8.013162559006966,12.01974383851045,10.016453198758708,0.284143925420329,0.0,161
log1p_y,2024-10-17,3,12.01974383851045,16.026325118013933,14.023034478262192,0.22066594209727047,0.0,154
log1p_y,2024-10-17,4,16.026325118013933,20.032906397517415,18.029615757765676,0.2720498047855672,0.0,162
log1p_y,2024-10-17,5,20.032906397517415,24.0394876770209,22.036197037269158,0.2630651262757087,0.0,99
log1p_y,2024-10-17,6,24.0394876770209,28.046068956524383,26.04277831677264,0.26414345879106554,0.0,96
log1p_y,2024-10-17,7,28.046068956524383,32.052650236027866,30.049359596276126,0.2666336578085295,0.0,75
log1p_y,2024-10-17,8,32.052650236027866,36.05923151553135,34.05594087577961,0.23399396987915547,0.0,96
log1p_y,2024-10-17,9,36.05923151553135,40.06581279503483,38.06252215528309,0.2587125265257969,0.0,58
log1p_y,2024-10-17,10,40.06581279503483,44.072394074538316,42.06910343478657,0.21216129074138343,0.0,38
log1p_y,2024-10-17,11,44.072394074538316,48.078975354041795,46.075684714290055,0.15086862010157276,0.0,12
log1p_y,2024-10-18,0,0.0,4.006581279503483,2.0032906397517416,0.03617938669429207,0.0,40
log1p_y,2024-10-18,1,4.006581279503483,8.013162559006966,6.009871919255225,0.02977110743019526,0.0,185
log1p_y,2024-10-18,2,8.013162559006966,12.01974383851045,10.016453198758708,0.03293436292640654,0.0,161
log1p_y,2024-10-18,3,12.01974383851045,16.026325118013933,14.023034478262192,0.0477472881774638,0.0,154
log1p_y,2024-10-18,4,16.026325118013933,20.032906397517415,18.029615757765676,0.06622152054809255,0.0,162
log1p_y,2024-10-18,5,20.032906397517415,24.0394876770209,22.036197037269158,0.06699396826719316,0.0,99
log1p_y,2024-10-18,6,24.0394876770209,28.046068956524383,26.04277831677264,0.026305068084157262,0.0,96
log1p_y,2024-10-18,7,28.046068956524383,32.052650236027866,30.049359596276126,0.003203020092788009,0.0,75
log1p_y,2024-10-18,8,32.052650236027866,36.05923151553135,34.05594087577961,0.0,0.0,96
log1p_y,2024-10-18,9,36.05923151553135,40.06581279503483,38.06252215528309,0.0,0.0,58
log1p_y,2024-10-18,10,40.06581279503483,44.072394074538316,42.06910343478657,0.0,0.0,38
log1p_y,2024-10-18,11,44.072394074538316,48.078975354041795,46.075684714290055,0.0,0.0,12
log1p_y,2024-10-19,0,0.0,4.006581279503483,2.0032906397517416,0.0,0.0,40
log1p_y,2024-10-19,1,4.006581279503483,8.013162559006966,6.009871919255225,0.0,0.0,185
log1p_y,2024-10-19,2,8.013162559006966,12.01974383851045,10.016453198758708,0.0,0.0,161
log1p_y,2024-10-19,3,12.01974383851045,16.026325118013933,14.023034478262192,0.0,0.0,154
log1p_y,2024-10-19,4,16.026325118013933,20.032906397517415,18.029615757765676,0.0,0.0,162
log1p_y,2024-10-19,5,20.032906397517415,24.0394876770209,22.036197037269158,0.0,0.0,99
log1p_y,2024-10-19,6,24.0394876770209,28.046068956524383,26.04277831677264,0.0,0.0,96
log1p_y,2024-10-19,7,28.046068956524383,32.052650236027866,30.049359596276126,0.0,0.0,75
log1p_y,2024-10-19,8,32.052650236027866,36.05923151553135,34.05594087577961,0.0,0.0,96
log1p_y,2024-10-19,9,36.05923151553135,40.06581279503483,38.06252215528309,0.0,0.0,58
log1p_y,2024-10-19,10,40.06581279503483,44.072394074538316,42.06910343478657,0.0,0.0,38
log1p_y,2024-10-19,11,44.072394074538316,48.078975354041795,46.075684714290055,0.0,0.0,12
log1p_y,2024-10-20,0,0.0,4.006581279503483,2.0032906397517416,0.03017372402031455,0.0,40
log1p_y,2024-10-20,1,4.006581279503483,8.013162559006966,6.009871919255225,0.019572145310474305,0.0,185
log1p_y,2024-10-20,2,8.013162559006966,12.01974383851045,10.016453198758708,0.022489732189054323,0.0,161
log1p_y,2024-10-20,3,12.01974383851045,16.026325118013933,14.023034478262192,0.015674661828734834,0.0,154
log1p_y,2024-10-20,4,16.026325118013933,20.032906397517415,18.029615757765676,0.011175453340857242,0.0,162
log1p_y,2024-10-20,5,20.032906397517415,24.0394876770209,22.036197037269158,0.018287105466857304,0.0,99
log1p_y,2024-10-20,6,24.0394876770209,28.046068956524383,26.04277831677264,0.025144770016928792,0.0,96
log1p_y,2024-10-20,7,28.046068956524383,32.052650236027866,30.049359596276126,0.040231632027086066,0.0,75
log1p_y,2024-10-20,8,32.052650236027866,36.05923151553135,34.05594087577961,0.03771715502539319,0.0,96
log1p_y,2024-10-20,9,36.05923151553135,40.06581279503483,38.06252215528309,0.052023662103990606,0.0,58
log1p_y,2024-10-20,10,40.06581279503483,44.072394074538316,42.06910343478657,0.047642722137338764,0.0,38
log1p_y,2024-10-20,11,44.072394074538316,48.078975354041795,46.075684714290055,0.050289540033857584,0.0,12
log1p_y,2024-10-21,0,0.0,4.006581279503483,2.0032906397517416,0.13321569455847554,0.0,40
log1p_y,2024-10-21,1,4.006581279503483,8.013162559006966,6.009871919255225,0.20040457967213884,0.0,185
log1p_y,2024-10-21,2,8.013162559006966,12.01974383851045,10.016453198758708,0.26453147946259276,0.0,161
log1p_y,2024-10-21,3,12.01974383851045,16.026325118013933,14.023034478262192,0.27782656353911,0.0,154
log1p_y,2024-10-21,4,16.026325118013933,20.032906397517415,18.029615757765676,0.37145828749175147,0.2402265069591007,162
log1p_y,2024-10-21,5,20.032906397517415,24.0394876770209,22.036197037269158,0.37778358432756487,0.2402265069591007,99
log1p_y,2024-10-21,6,24.0394876770209,28.046068956524383,26.04277831677264,0.21559215423774222,0.0,96
log1p_y,2024-10-21,7,28.046068956524383,32.052650236027866,30.049359596276126,0.16173031383353428,0.0,75
log1p_y,2024-10-21,8,32.052650236027866,36.05923151553135,34.05594087577961,0.13037705565721533,0.0,96
log1p_y,2024-10-21,9,36.05923151553135,40.06581279503483,38.06252215528309,0.08957132507472243,0.0,58
log1p_y,2024-10-21,10,40.06581279503483,44.072394074538316,42.06910343478657,0.13522606513478563,0.0,38
log1p_y,2024-10-21,11,44.072394074538316,48.078975354041795,46.075684714290055,0.2910007491610482,0.2402265069591007,12
log1p_y,2024-10-22,0,0.0,4.006581279503483,2.0032906397517416,0.08494495625283889,0.0,40
log1p_y,2024-10-22,1,4.006581279503483,8.013162559006966,6.009871919255225,0.20334058650943634,0.0,185
log1p_y,2024-10-22,2,8.013162559006966,12.01974383851045,10.016453198758708,0.3165928898676572,0.0,161
log1p_y,2024-10-22,3,12.01974383851045,16.026325118013933,14.023034478262192,0.3941044350306795,0.0,154
log1p_y,2024-10-22,4,16.026325118013933,20.032906397517415,18.029615757765676,0.5853587809408567,0.0,162
log1p_y,2024-10-22,5,20.032906397517415,24.0394876770209,22.036197037269158,0.5629676036727311,0.0,99
log1p_y,2024-10-22,6,24.0394876770209,28.046068956524383,26.04277831677264,0.3570650008686891,0.0,96
log1p_y,2024-10-22,7,28.046068956524383,32.052650236027866,30.049359596276126,0.1760119780867773,0.0,75
log1p_y,2024-10-22,8,32.052650236027866,36.05923151553135,34.05594087577961,0.06402222310955046,0.0,96
log1p_y,2024-10-22,9,36.05923151553135,40.06581279503483,38.06252215528309,0.010404732420798122,0.0,58
log1p_y,2024-10-22,10,40.06581279503483,44.072394074538316,42.06910343478657,0.0,0.0,38
log1p_y,2024-10-22,11,44.072394074538316,48.078975354041795,46.075684714290055,0.0,0.0,12
log1p_y,2024-10-23,0,0.0,4.006581279503483,2.0032906397517416,0.06331526574941679,0.0,40
log1p_y,2024-10-23,1,4.006581279503483,8.013162559006966,6.009871919255225,0.21092221747509252,0.0,185
log1p_y,2024-10-23,2,8.013162559006966,12.01974383851045,10.016453198758708,0.272662861270695,0.0,161
log1p_y,2024-10-23,3,12.01974383851045,16.026325118013933,14.023034478262192,0.32740725917800395,0.0,154
log1p_y,2024-10-23,4,16.026325118013933,20.032906397517415,18.029615757765676,0.4742985578867296,0.0,162
log1p_y,2024-10-23,5,20.032906397517415,24.0394876770209,22.036197037269158,0.45753223570578916,0.0,99
log1p_y,2024-10-23,6,24.0394876770209,28.046068956524383,26.04277831677264,0.3870676488600613,0.0,96
log1p_y,2024-10-23,7,28.046068956524383,32.052650236027866,30.049359596276126,0.16008082867265042,0.0,75
log1p_y,2024-10-23,8,32.052650236027866,36.05923151553135,34.05594087577961,0.1390930065342694,0.0,96
log1p_y,2024-10-23,9,36.05923151553135,40.06581279503483,38.06252215528309,0.06010676834337068,0.0,58
log1p_y,2024-10-23,10,40.06581279503483,44.072394074538316,42.06910343478657,0.025287000732536914,0.0,38
log1p_y,2024-10-23,11,44.072394074538316,48.078975354041795,46.075684714290055,0.0,0.0,12
log1p_y,2024-10-24,0,0.0,4.006581279503483,2.0032906397517416,0.13229798937111079,0.0,40
log1p_y,2024-10-24,1,4.006581279503483,8.013162559006966,6.009871919255225,0.22082310010331668,0.0,185
log1p_y,2024-10-24,2,8.013162559006966,12.01974383851045,10.016453198758708,0.2652253258286938,0.0,161
log1p_y,2024-10-24,3,12.01974383851045,16.026325118013933,14.023034478262192,0.24053229530975132,0.0,154
log1p_y,2024-10-24,4,16.026325118013933,20.032906397517415,18.029615757765676,0.372240855899821,0.0,162
log1p_y,2024-10-24,5,20.032906397517415,24.0394876770209,22.036197037269158,0.33426482000056235,0.0,99
log1p_y,2024-10-24,6,24.0394876770209,28.046068956524383,26.04277831677264,0.41691549297674074,0.0,96
log1p_y,2024-10-24,7,28.046068956524383,32.052650236027866,30.049359596276126,0.2356158576871546,0.0,75
log1p_y,2024-10-24,8,32.052650236027866,36.05923151553135,34.05594087577961,0.26671333835629163,0.0,96
log1p_y,2024-10-24,9,36.05923151553135,40.06581279503483,38.06252215528309,0.14708533120787265,0.0,58
log1p_y,2024-10-24,10,40.06581279503483,44.072394074538316,42.06910343478657,0.07586100219761074,0.0,38
log1p_y,2024-10-24,11,44.072394074538316,48.078975354041795,46.075684714290055,0.0,0.0,12
log1p_y,2024-10-25,0,0.0,4.006581279503483,2.0032906397517416,0.04933103287183139,0.0,40
log1p_y,2024-10-25,1,4.006581279503483,8.013162559006966,6.009871919255225,0.15193941747585388,0.0,185
log1p_y,2024-10-25,2,8.013162559006966,12.01974383851045,10.016453198758708,0.20889927219082716,0.0,161
log1p_y,2024-10-25,3,12.01974383851045,16.026325118013933,14.023034478262192,0.14678663269355363,0.0,154
log1p_y,2024-10-25,4,16.026325118013933,20.032906397517415,18.029615757765676,0.22885845305981486,0.0,162
log1p_y,2024-10-25,5,20.032906397517415,24.0394876770209,22.036197037269158,0.21515419805431873,0.0,99
log1p_y,2024-10-25,6,24.0394876770209,28.046068956524383,26.04277831677264,0.2895142452561194,0.0,96
log1p_y,2024-10-25,7,28.046068956524383,32.052650236027866,30.049359596276126,0.21594997604747287,0.0,75
log1p_y,2024-10-25,8,32.052650236027866,36.05923151553135,34.05594087577961,0.21711387131191495,0.0,96
log1p_y,2024-10-25,9,36.05923151553135,40.06581279503483,38.06252215528309,0.09688314348713671,0.0,58
log1p_y,2024-10-25,10,40.06581279503483,44.072394074538316,42.06910343478657,0.0442522512819396,0.0,38
log1p_y,2024-10-25,11,44.072394074538316,48.078975354041795,46.075684714290055,0.0,0.0,12
log1p_y,2024-10-26,0,0.0,4.006581279503483,2.0032906397517416,0.0,0.0,40
log1p_y,2024-10-26,1,4.006581279503483,8.013162559006966,6.009871919255225,0.0,0.0,185
log1p_y,2024-10-26,2,8.013162559006966,12.01974383851045,10.016453198758708,0.0,0.0,161
log1p_y,2024-10-26,3,12.01974383851045,16.026325118013933,14.023034478262192,0.0,0.0,154
log1p_y,2024-10-26,4,16.026325118013933,20.032906397517415,18.029615757765676,0.0,0.0,162
log1p_y,2024-10-26,5,20.032906397517415,24.0394876770209,22.036197037269158,0.0,0.0,99
log1p_y,2024-10-26,6,24.0394876770209,28.046068956524383,26.04277831677264,0.0,0.0,96
log1p_y,2024-10-26,7,28.046068956524383,32.052650236027866,30.049359596276126,0.0,0.0,75
log1p_y,2024-10-26,8,32.052650236027866,36.05923151553135,34.05594087577961,0.0,0.0,96
log1p_y,2024-10-26,9,36.05923151553135,40.06581279503483,38.06252215528309,0.0,0.0,58
log1p_y,2024-10-26,10,40.06581279503483,44.072394074538316,42.06910343478657,0.0,0.0,38
log1p_y,2024-10-26,11,44.072394074538316,48.078975354041795,46.075684714290055,0.0,0.0,12
log1p_y,2024-10-27,0,0.0,4.006581279503483,2.0032906397517416,0.0,0.0,40
log1p_y,2024-10-27,1,4.006581279503483,8.013162559006966,6.009871919255225,0.0,0.0,185
log1p_y,2024-10-27,2,8.013162559006966,12.01974383851045,10.016453198758708,0.0,0.0,161
log1p_y,2024-10-27,3,12.01974383851045,16.026325118013933,14.023034478262192,0.0,0.0,154
log1p_y,2024-10-27,4,16.026325118013933,20.032906397517415,18.029615757765676,0.0,0.0,162
log1p_y,2024-10-27,5,20.032906397517415,24.0394876770209,22.036197037269158,0.0,0.0,99
log1p_y,2024-10-27,6,24.0394876770209,28.046068956524383,26.04277831677264,0.0,0.0,96
log1p_y,2024-10-27,7,28.046068956524383,32.052650236027866,30.049359596276126,0.0,0.0,75
log1p_y,2024-10-27,8,32.052650236027866,36.05923151553135,34.05594087577961,0.0,0.0,96
log1p_y,2024-10-27,9,36.05923151553135,40.06581279503483,38.06252215528309,0.0,0.0,58
log1p_y,2024-10-27,10,40.06581279503483,44.072394074538316,42.06910343478657,0.0,0.0,38
log1p_y,2024-10-27,11,44.072394074538316,48.078975354041795,46.075684714290055,0.0,0.0,12
log1p_y,2024-10-28,0,0.0,4.006581279503483,2.0032906397517416,0.06536059836924739,0.0,40
log1p_y,2024-10-28,1,4.006581279503483,8.013162559006966,6.009871919255225,0.17793684788194955,0.0,185
log1p_y,2024-10-28,2,8.013162559006966,12.01974383851045,10.016453198758708,0.2531858702209868,0.0,161
log1p_y,2024-10-28,3,12.01974383851045,16.026325118013933,14.023034478262192,0.2700900860076817,0.0,154
log1p_y,2024-10-28,4,16.026325118013933,20.032906397517415,18.029615757765676,0.4029016033358739,0.0,162
log1p_y,2024-10-28,5,20.032906397517415,24.0394876770209,22.036197037269158,0.3672286112632657,0.0,99
log1p_y,2024-10-28,6,24.0394876770209,28.046068956524383,26.04277831677264,0.3754053744765911,0.0,96
log1p_y,2024-10-28,7,28.046068956524383,32.052650236027866,30.049359596276126,0.1815522778442304,0.0,75
log1p_y,2024-10-28,8,32.052650236027866,36.05923151553135,34.05594087577961,0.14666067264775254,0.0,96
log1p_y,2024-10-28,9,36.05923151553135,40.06581279503483,38.06252215528309,0.06010676834337068,0.0,58
log1p_y,2024-10-28,10,40.06581279503483,44.072394074538316,42.06910343478657,0.025287000732536914,0.0,38
log1p_y,2024-10-28,11,44.072394074538316,48.078975354041795,46.075684714290055,0.0,0.0,12
log1p_y,2024-10-29,0,0.0,4.006581279503483,2.0032906397517416,0.09550137055577329,0.0,40
log1p_y,2024-10-29,1,4.006581279503483,8.013162559006966,6.009871919255225,0.20370289475350778,0.0,185
log1p_y,2024-10-29,2,8.013162559006966,12.01974383851045,10.016453198758708,0.24842912845788775,0.0,161
log1p_y,2024-10-29,3,12.01974383851045,16.026325118013933,14.023034478262192,0.20612334693211107,0.0,154
log1p_y,2024-10-29,4,16.026325118013933,20.032906397517415,18.029615757765676,0.3213821333821436,0.0,162
log1p_y,2024-10-29,5,20.032906397517415,24.0394876770209,22.036197037269158,0.3385792829866349,0.0,99
log1p_y,2024-10-29,6,24.0394876770209,28.046068956524383,26.04277831677264,0.29204698784485267,0.0,96
log1p_y,2024-10-29,7,28.046068956524383,32.052650236027866,30.049359596276126,0.23445648319264117,0.0,75
log1p_y,2024-10-29,8,32.052650236027866,36.05923151553135,34.05594087577961,0.26808053486557604,0.0,96
log1p_y,2024-10-29,9,36.05923151553135,40.06581279503483,38.06252215528309,0.17083702660343286,0.0,58
log1p_y,2024-10-29,10,40.06581279503483,44.072394074538316,42.06910343478657,0.11657164840769955,0.0,38
log1p_y,2024-10-29,11,44.072394074538316,48.078975354041795,46.075684714290055,0.050289540033857584,0.0,12
log1p_y,2024-10-30,0,0.0,4.006581279503483,2.0032906397517416,0.06363191141488449,0.0,40
log1p_y,2024-10-30,1,4.006581279503483,8.013162559006966,6.009871919255225,0.17855535689387578,0.0,185
log1p_y,2024-10-30,2,8.013162559006966,12.01974383851045,10.016453198758708,0.2401062748596836,0.0,161
log1p_y,2024-10-30,3,12.01974383851045,16.026325118013933,14.023034478262192,0.16798415162813649,0.0,154
log1p_y,2024-10-30,4,16.026325118013933,20.032906397517415,18.029615757765676,0.27026821128803563,0.0,162
log1p_y,2024-10-30,5,20.032906397517415,24.0394876770209,22.036197037269158,0.23382018316300346,0.0,99
log1p_y,2024-10-30,6,24.0394876770209,28.046068956524383,26.04277831677264,0.3652272630444047,0.0,96
log1p_y,2024-10-30,7,28.046068956524383,32.052650236027866,30.049359596276126,0.25820999485923596,0.0,75
log1p_y,2024-10-30,8,32.052650236027866,36.05923151553135,34.05594087577961,0.3002195230849704,0.0,96
log1p_y,2024-10-30,9,36.05923151553135,40.06581279503483,38.06252215528309,0.16778612194449077,0.0,58
log1p_y,2024-10-30,10,40.06581279503483,44.072394074538316,42.06910343478657,0.08988485365797562,0.0,38
log1p_y,2024-10-30,11,44.072394074538316,48.078975354041795,46.075684714290055,0.0,0.0,12
log1p_y,2024-10-31,0,0.0,4.006581279503483,2.0032906397517416,0.06396601342536866,0.0,40
log1p_y,2024-10-31,1,4.006581279503483,8.013162559006966,6.009871919255225,0.08185038110060909,0.0,185
log1p_y,2024-10-31,2,8.013162559006966,12.01974383851045,10.016453198758708,0.08648729529762368,0.0,161
log1p_y,2024-10-31,3,12.01974383851045,16.026325118013933,14.023034478262192,0.059699249663239494,0.0,154
log1p_y,2024-10-31,4,16.026325118013933,20.032906397517415,18.029615757765676,0.08261222580661953,0.0,162
log1p_y,2024-10-31,5,20.032906397517415,24.0394876770209,22.036197037269158,0.06634918003886962,0.0,99
log1p_y,2024-10-31,6,24.0394876770209,28.046068956524383,26.04277831677264,0.1302568162812127,0.0,96
log1p_y,2024-10-31,7,28.046068956524383,32.052650236027866,30.049359596276126,0.09313583737549685,0.0,75
log1p_y,2024-10-31,8,32.052650236027866,36.05923151553135,34.05594087577961,0.13893637835025793,0.0,96
log1p_y,2024-10-31,9,36.05923151553135,40.06581279503483,38.06252215528309,0.07113210513671471,0.0,58
log1p_y,2024-10-31,10,40.06581279503483,44.072394074538316,42.06910343478657,0.03408276834184519,0.0,38
log1p_y,2024-10-31,11,44.072394074538316,48.078975354041795,46.075684714290055,0.0,0.0,12
log1p_y,2024-11-01,0,0.0,4.006581279503483,2.0032906397517416,0.0,0.0,40
log1p_y,2024-11-01,1,4.006581279503483,8.013162559006966,6.009871919255225,0.0,0.0,185
log1p_y,2024-11-01,2,8.013162559006966,12.01974383851045,10.016453198758708,0.0,0.0,161
log1p_y,2024-11-01,3,12.01974383851045,16.026325118013933,14.023034478262192,0.0,0.0,154
log1p_y,2024-11-01,4,16.026325118013933,20.032906397517415,18.029615757765676,0.0,0.0,162
log1p_y,2024-11-01,5,20.032906397517415,24.0394876770209,22.036197037269158,0.0,0.0,99
log1p_y,2024-11-01,6,24.0394876770209,28.046068956524383,26.04277831677264,0.0,0.0,96
log1p_y,2024-11-01,7,28.046068956524383,32.052650236027866,30.049359596276126,0.0,0.0,75
log1p_y,2024-11-01,8,32.052650236027866,36.05923151553135,34.05594087577961,0.0,0.0,96
log1p_y,2024-11-01,9,36.05923151553135,40.06581279503483,38.06252215528309,0.0,0.0,58
log1p_y,2024-11-01,10,40.06581279503483,44.072394074538316,42.06910343478657,0.0,0.0,38
log1p_y,2024-11-01,11,44.072394074538316,48.078975354041795,46.075684714290055,0.0,0.0,12
log1p_y,2024-11-02,0,0.0,4.006581279503483,2.0032906397517416,0.0,0.0,40
log1p_y,2024-11-02,1,4.006581279503483,8.013162559006966,6.009871919255225,0.0,0.0,185
log1p_y,2024-11-02,2,8.013162559006966,12.01974383851045,10.016453198758708,0.0,0.0,161
log1p_y,2024-11-02,3,12.01974383851045,16.026325118013933,14.023034478262192,0.0,0.0,154
log1p_y,2024-11-02,4,16.026325118013933,20.032906397517415,18.029615757765676,0.0,0.0,162
log1p_y,2024-11-02,5,20.032906397517415,24.0394876770209,22.036197037269158,0.0,0.0,99
log1p_y,2024-11-02,6,24.0394876770209,28.046068956524383,26.04277831677264,0.0,0.0,96
log1p_y,2024-11-02,7,28.046068956524383,32.052650236027866,30.049359596276126,0.0,0.0,75
log1p_y,2024-11-02,8,32.052650236027866,36.05923151553135,34.05594087577961,0.0,0.0,96
log1p_y,2024-11-02,9,36.05923151553135,40.06581279503483,38.06252215528309,0.0,0.0,58
log1p_y,2024-11-02,10,40.06581279503483,44.072394074538316,42.06910343478657,0.0,0.0,38
log1p_y,2024-11-02,11,44.072394074538316,48.078975354041795,46.075684714290055,0.0,0.0,12
log1p_y,2024-11-03,0,0.0,4.006581279503483,2.0032906397517416,0.0,0.0,40
log1p_y,2024-11-03,1,4.006581279503483,8.013162559006966,6.009871919255225,0.0,0.0,185
log1p_y,2024-11-03,2,8.013162559006966,12.01974383851045,10.016453198758708,0.0,0.0,161
log1p_y,2024-11-03,3,12.01974383851045,16.026325118013933,14.023034478262192,0.0,0.0,154
log1p_y,2024-11-03,4,16.026325118013933,20.032906397517415,18.029615757765676,0.0,0.0,162
log1p_y,2024-11-03,5,20.032906397517415,24.0394876770209,22.036197037269158,0.0,0.0,99
log1p_y,2024-11-03,6,24.0394876770209,28.046068956524383,26.04277831677264,0.0,0.0,96
log1p_y,2024-11-03,7,28.046068956524383,32.052650236027866,30.049359596276126,0.0,0.0,75
log1p_y,2024-11-03,8,32.052650236027866,36.05923151553135,34.05594087577961,0.0,0.0,96
log1p_y,2024-11-03,9,36.05923151553135,40.06581279503483,38.06252215528309,0.0,0.0,58
log1p_y,2024-11-03,10,40.06581279503483,44.072394074538316,42.06910343478657,0.0,0.0,38
log1p_y,2024-11-03,11,44.072394074538316,48.078975354041795,46.075684714290055,0.0,0.0,12
log1p_y,2024-11-04,0,0.0,4.006581279503483,2.0032906397517416,0.0801286391853723,0.0,40
log1p_y,2024-11-04,1,4.006581279503483,8.013162559006966,6.009871919255225,0.16260479301183994,0.0,185
log1p_y,2024-11-04,2,8.013162559006966,12.01974383851045,10.016453198758708,0.1958292060689348,0.0,161
log1p_y,2024-11-04,3,12.01974383851045,16.026325118013933,14.023034478262192,0.14963759664026283,0.0,154
log1p_y,2024-11-04,4,16.026325118013933,20.032906397517415,18.029615757765676,0.20163508032715222,0.0,162
log1p_y,2024-11-04,5,20.032906397517415,24.0394876770209,22.036197037269158,0.2266151411735061,0.0,99
log1p_y,2024-11-04,6,24.0394876770209,28.046068956524383,26.04277831677264,0.18999645566060896,0.0,96
log1p_y,2024-11-04,7,28.046068956524383,32.052650236027866,30.049359596276126,0.1548409774797789,0.0,75
log1p_y,2024-11-04,8,32.052650236027866,36.05923151553135,34.05594087577961,0.1826722396668162,0.0,96
log1p_y,2024-11-04,9,36.05923151553135,40.06581279503483,38.06252215528309,0.1325387624601935,0.0,58
log1p_y,2024-11-04,10,40.06581279503483,44.072394074538316,42.06910343478657,0.06953925201447653,0.0,38
log1p_y,2024-11-04,11,44.072394074538316,48.078975354041795,46.075684714290055,0.12011325347955033,0.12011325347955035,12
log1p_y,2024-11-05,0,0.0,4.006581279503483,2.0032906397517416,0.1099088023102736,0.0,40
log1p_y,2024-11-05,1,4.006581279503483,8.013162559006966,6.009871919255225,0.19957437554690696,0.0,185
log1p_y,2024-11-05,2,8.013162559006966,12.01974383851045,10.016453198758708,0.17021830772753557,0.0,161
log1p_y,2024-11-05,3,12.01974383851045,16.026325118013933,14.023034478262192,0.14907460360076463,0.0,154
log1p_y,2024-11-05,4,16.026325118013933,20.032906397517415,18.029615757765676,0.17202262103659594,0.0,162
log1p_y,2024-11-05,5,20.032906397517415,24.0394876770209,22.036197037269158,0.11021948225864577,0.0,99
log1p_y,2024-11-05,6,24.0394876770209,28.046068956524383,26.04277831677264,0.18977264799350801,0.0,96
log1p_y,2024-11-05,7,28.046068956524383,32.052650236027866,30.049359596276126,0.18310286196369271,0.0,75
log1p_y,2024-11-05,8,32.052650236027866,36.05923151553135,34.05594087577961,0.2105035586379699,0.0,96
log1p_y,2024-11-05,9,36.05923151553135,40.06581279503483,38.06252215528309,0.15973157597008933,0.0,58
log1p_y,2024-11-05,10,40.06581279503483,44.072394074538316,42.06910343478657,0.03793050109880538,0.0,38
log1p_y,2024-11-05,11,44.072394074538316,48.078975354041795,46.075684714290055,0.0,0.0,12
log1p_y,2024-11-06,0,0.0,4.006581279503483,2.0032906397517416,0.09218256813258138,0.0,40
log1p_y,2024-11-06,1,4.006581279503483,8.013162559006966,6.009871919255225,0.17674463121428455,0.0,185
log1p_y,2024-11-06,2,8.013162559006966,12.01974383851045,10.016453198758708,0.21239098783678484,0.0,161
log1p_y,2024-11-06,3,12.01974383851045,16.026325118013933,14.023034478262192,0.16808076242843764,0.0,154
log1p_y,2024-11-06,4,16.026325118013933,20.032906397517415,18.029615757765676,0.2110525156812488,0.0,162
log1p_y,2024-11-06,5,20.032906397517415,24.0394876770209,22.036197037269158,0.20257179004538767,0.0,99
log1p_y,2024-11-06,6,24.0394876770209,28.046068956524383,26.04277831677264,0.2549239271036647,0.0,96
log1p_y,2024-11-06,7,28.046068956524383,32.052650236027866,30.049359596276126,0.18998039188196444,0.0,75
log1p_y,2024-11-06,8,32.052650236027866,36.05923151553135,34.05594087577961,0.14948957845865665,0.0,96
log1p_y,2024-11-06,9,36.05923151553135,40.06581279503483,38.06252215528309,0.038897434910802074,0.0,58
log1p_y,2024-11-06,10,40.06581279503483,44.072394074538316,42.06910343478657,0.0,0.0,38
log1p_y,2024-11-06,11,44.072394074538316,48.078975354041795,46.075684714290055,0.0,0.0,12
log1p_y,2024-11-07,0,0.0,4.006581279503483,2.0032906397517416,0.06025416945374773,0.0,40
log1p_y,2024-11-07,1,4.006581279503483,8.013162559006966,6.009871919255225,0.13065561913585427,0.0,185
log1p_y,2024-11-07,2,8.013162559006966,12.01974383851045,10.016453198758708,0.20414824060171805,0.0,161
log1p_y,2024-11-07,3,12.01974383851045,16.026325118013933,14.023034478262192,0.20031753299135802,0.0,154
log1p_y,2024-11-07,4,16.026325118013933,20.032906397517415,18.029615757765676,0.26173031559833293,0.0,162
log1p_y,2024-11-07,5,20.032906397517415,24.0394876770209,22.036197037269158,0.20610165705118297,0.0,99
log1p_y,2024-11-07,6,24.0394876770209,28.046068956524383,26.04277831677264,0.2505516855944721,0.0,96
log1p_y,2024-11-07,7,28.046068956524383,32.052650236027866,30.049359596276126,0.11250971476600355,0.0,75
log1p_y,2024-11-07,8,32.052650236027866,36.05923151553135,34.05594087577961,0.09160876480295865,0.0,96
log1p_y,2024-11-07,9,36.05923151553135,40.06581279503483,38.06252215528309,0.07202904219457676,0.0,58
log1p_y,2024-11-07,10,40.06581279503483,44.072394074538316,42.06910343478657,0.08572628707869884,0.0,38
log1p_y,2024-11-07,11,44.072394074538316,48.078975354041795,46.075684714290055,0.050289540033857584,0.0,12
log1p_y,2024-11-08,0,0.0,4.006581279503483,2.0032906397517416,0.07133826115004646,0.0,40
log1p_y,2024-11-08,1,4.006581279503483,8.013162559006966,6.009871919255225,0.07730862862524407,0.0,185
log1p_y,2024-11-08,2,8.013162559006966,12.01974383851045,10.016453198758708,0.10007776234092564,0.0,161
log1p_y,2024-11-08,3,12.01974383851045,16.026325118013933,14.023034478262192,0.05627015278297961,0.0,154
log1p_y,2024-11-08,4,16.026325118013933,20.032906397517415,18.029615757765676,0.06365546304795147,0.0,162
log1p_y,2024-11-08,5,20.032906397517415,24.0394876770209,22.036197037269158,0.07421480760921562,0.0,99
log1p_y,2024-11-08,6,24.0394876770209,28.046068956524383,26.04277831677264,0.07238556162854926,0.0,96
log1p_y,2024-11-08,7,28.046068956524383,32.052650236027866,30.049359596276126,0.07069909908201936,0.0,75
log1p_y,2024-11-08,8,32.052650236027866,36.05923151553135,34.05594087577961,0.08501853440802487,0.0,96
log1p_y,2024-11-08,9,36.05923151553135,40.06581279503483,38.06252215528309,0.07899573983231292,0.0,58
log1p_y,2024-11-08,10,40.06581279503483,44.072394074538316,42.06910343478657,0.018965250549402686,0.0,38
log1p_y,2024-11-08,11,44.072394074538316,48.078975354041795,46.075684714290055,0.0,0.0,12
log1p_y,2024-11-09,0,0.0,4.006581279503483,2.0032906397517416,0.05727191137842687,0.0,40
log1p_y,2024-11-09,1,4.006581279503483,8.013162559006966,6.009871919255225,0.03430324018269192,0.0,185
log1p_y,2024-11-09,2,8.013162559006966,12.01974383851045,10.016453198758708,0.0631054404333708,0.0,161
log1p_y,2024-11-09,3,12.01974383851045,16.026325118013933,14.023034478262192,0.08449965167474668,0.0,154
log1p_y,2024-11-09,4,16.026325118013933,20.032906397517415,18.029615757765676,0.084811372251885,0.0,162
log1p_y,2024-11-09,5,20.032906397517415,24.0394876770209,22.036197037269158,0.08646496303173745,0.0,99
log1p_y,2024-11-09,6,24.0394876770209,28.046068956524383,26.04277831677264,0.06902694200453172,0.0,96
log1p_y,2024-11-09,7,28.046068956524383,32.052650236027866,30.049359596276126,0.07390211917480737,0.0,75
log1p_y,2024-11-09,8,32.052650236027866,36.05923151553135,34.05594087577961,0.10668350925891368,0.0,96
log1p_y,2024-11-09,9,36.05923151553135,40.06581279503483,38.06252215528309,0.09132096560576505,0.0,58
log1p_y,2024-11-09,10,40.06581279503483,44.072394074538316,42.06910343478657,0.09189497341927838,0.0,38
log1p_y,2024-11-09,11,44.072394074538316,48.078975354041795,46.075684714290055,0.0,0.0,12
log1p_y,2024-11-10,0,0.0,4.006581279503483,2.0032906397517416,0.11548453700811498,0.0,40
log1p_y,2024-11-10,1,4.006581279503483,8.013162559006966,6.009871919255225,0.09169574637396102,0.0,185
log1p_y,2024-11-10,2,8.013162559006966,12.01974383851045,10.016453198758708,0.13776373694627708,0.0,161
log1p_y,2024-11-10,3,12.01974383851045,16.026325118013933,14.023034478262192,0.16868312339703526,0.0,154
log1p_y,2024-11-10,4,16.026325118013933,20.032906397517415,18.029615757765676,0.17207296716382614,0.0,162
log1p_y,2024-11-10,5,20.032906397517415,24.0394876770209,22.036197037269158,0.16650608703193318,0.0,99
log1p_y,2024-11-10,6,24.0394876770209,28.046068956524383,26.04277831677264,0.12494992234150772,0.0,96
log1p_y,2024-11-10,7,28.046068956524383,32.052650236027866,30.049359596276126,0.15188957419171267,0.0,75
log1p_y,2024-11-10,8,32.052650236027866,36.05923151553135,34.05594087577961,0.20405907556635808,0.0,96
log1p_y,2024-11-10,9,36.05923151553135,40.06581279503483,38.06252215528309,0.18448357496197626,0.0,58
log1p_y,2024-11-10,10,40.06581279503483,44.072394074538316,42.06910343478657,0.09528544427467753,0.0,38
log1p_y,2024-11-10,11,44.072394074538316,48.078975354041795,46.075684714290055,0.0,0.0,12
log1p_y,2024-11-11,0,0.0,4.006581279503483,2.0032906397517416,0.043714085050273764,0.0,40
log1p_y,2024-11-11,1,4.006581279503483,8.013162559006966,6.009871919255225,0.21906675474704032,0.0,185
log1p_y,2024-11-11,2,8.013162559006966,12.01974383851045,10.016453198758708,0.192549731112309,0.0,161
log1p_y,2024-11-11,3,12.01974383851045,16.026325118013933,14.023034478262192,0.16028771862444158,0.0,154
log1p_y,2024-11-11,4,16.026325118013933,20.032906397517415,18.029615757765676,0.1998764373353465,0.0,162
log1p_y,2024-11-11,5,20.032906397517415,24.0394876770209,22.036197037269158,0.1269751989953884,0.0,99
log1p_y,2024-11-11,6,24.0394876770209,28.046068956524383,26.04277831677264,0.17038657300770754,0.0,96
log1p_y,2024-11-11,7,28.046068956524383,32.052650236027866,30.049359596276126,0.17558243543535426,0.0,75
log1p_y,2024-11-11,8,32.052650236027866,36.05923151553135,34.05594087577961,0.2213624707243467,0.0,96
log1p_y,2024-11-11,9,36.05923151553135,40.06581279503483,38.06252215528309,0.08283672653762093,0.0,58
log1p_y,2024-11-11,10,40.06581279503483,44.072394074538316,42.06910343478657,0.018965250549402686,0.0,38
log1p_y,2024-11-11,11,44.072394074538316,48.078975354041795,46.075684714290055,0.0,0.0,12
log1p_y,2024-11-12,0,0.0,4.006581279503483,2.0032906397517416,0.08104960832410979,0.0,40
log1p_y,2024-11-12,1,4.006581279503483,8.013162559006966,6.009871919255225,0.3012268094242201,0.0,185
log1p_y,2024-11-12,2,8.013162559006966,12.01974383851045,10.016453198758708,0.2679026534154728,0.0,161
log1p_y,2024-11-12,3,12.01974383851045,16.026325118013933,14.023034478262192,0.2375876736510794,0.0,154
log1p_y,2024-11-12,4,16.026325118013933,20.032906397517415,18.029615757765676,0.2817532721981378,0.0,162
log1p_y,2024-11-12,5,20.032906397517415,24.0394876770209,22.036197037269158,0.1916842233994512,0.0,99
log1p_y,2024-11-12,6,24.0394876770209,28.046068956524383,26.04277831677264,0.2311160428345215,0.0,96
log1p_y,2024-11-12,7,28.046068956524383,32.052650236027866,30.049359596276126,0.25302317488727555,0.0,75
log1p_y,2024-11-12,8,32.052650236027866,36.05923151553135,34.05594087577961,0.31273641524088797,0.0,96
log1p_y,2024-11-12,9,36.05923151553135,40.06581279503483,38.06252215528309,0.21483981907679223,0.0,58
log1p_y,2024-11-12,10,40.06581279503483,44.072394074538316,42.06910343478657,0.018965250549402686,0.0,38
log1p_y,2024-11-12,11,44.072394074538316,48.078975354041795,46.075684714290055,0.0,0.0,12
log1p_y,2024-11-13,0,0.0,4.006581279503483,2.0032906397517416,0.045260586030471825,0.0,40
log1p_y,2024-11-13,1,4.006581279503483,8.013162559006966,6.009871919255225,0.1011227507707839,0.0,185
log1p_y,2024-11-13,2,8.013162559006966,12.01974383851045,10.016453198758708,0.1087003722470959,0.0,161
log1p_y,2024-11-13,3,12.01974383851045,16.026325118013933,14.023034478262192,0.09012930551522529,0.0,154
log1p_y,2024-11-13,4,16.026325118013933,20.032906397517415,18.029615757765676,0.09685392895409609,0.0,162
log1p_y,2024-11-13,5,20.032906397517415,24.0394876770209,22.036197037269158,0.06705272004514345,0.0,99
log1p_y,2024-11-13,6,24.0394876770209,28.046068956524383,26.04277831677264,0.09429288756348297,0.0,96
log1p_y,2024-11-13,7,28.046068956524383,32.052650236027866,30.049359596276126,0.08850959045958935,0.0,75
log1p_y,2024-11-13,8,32.052650236027866,36.05923151553135,34.05594087577961,0.11943765758041176,0.0,96
log1p_y,2024-11-13,9,36.05923151553135,40.06581279503483,38.06252215528309,0.08323785936638498,0.0,58
log1p_y,2024-11-13,10,40.06581279503483,44.072394074538316,42.06910343478657,0.06352362951645169,0.0,38
log1p_y,2024-11-13,11,44.072394074538316,48.078975354041795,46.075684714290055,0.0,0.0,12
log1p_y,2024-11-14,0,0.0,4.006581279503483,2.0032906397517416,0.025202573531463934,0.0,40
log1p_y,2024-11-14,1,4.006581279503483,8.013162559006966,6.009871919255225,0.0793410654966413,0.0,185
log1p_y,2024-11-14,2,8.013162559006966,12.01974383851045,10.016453198758708,0.1175084054004269,0.0,161
log1p_y,2024-11-14,3,12.01974383851045,16.026325118013933,14.023034478262192,0.09001599851489259,0.0,154
log1p_y,2024-11-14,4,16.026325118013933,20.032906397517415,18.029615757765676,0.09077879480653611,0.0,162
log1p_y,2024-11-14,5,20.032906397517415,24.0394876770209,22.036197037269158,0.0657513271915559,0.0,99
log1p_y,2024-11-14,6,24.0394876770209,28.046068956524383,26.04277831677264,0.09038787896471895,0.0,96
log1p_y,2024-11-14,7,28.046068956524383,32.052650236027866,30.049359596276126,0.098041098391059,0.0,75
log1p_y,2024-11-14,8,32.052650236027866,36.05923151553135,34.05594087577961,0.1406168312275653,0.0,96
log1p_y,2024-11-14,9,36.05923151553135,40.06581279503483,38.06252215528309,0.13091911872911252,0.0,58
log1p_y,2024-11-14,10,40.06581279503483,44.072394074538316,42.06910343478657,0.07292972286987569,0.0,38
log1p_y,2024-11-14,11,44.072394074538316,48.078975354041795,46.075684714290055,0.0,0.0,12
log1p_y,2024-11-15,0,0.0,4.006581279503483,2.0032906397517416,0.019051500207059445,0.0,40
log1p_y,2024-11-15,1,4.006581279503483,8.013162559006966,6.009871919255225,0.10562704070851542,0.0,185
log1p_y,2024-11-15,2,8.013162559006966,12.01974383851045,10.016453198758708,0.10590161528358455,0.0,161
log1p_y,2024-11-15,3,12.01974383851045,16.026325118013933,14.023034478262192,0.10085984719462991,0.0,154
log1p_y,2024-11-15,4,16.026325118013933,20.032906397517415,18.029615757765676,0.11219079039829083,0.0,162
log1p_y,2024-11-15,5,20.032906397517415,24.0394876770209,22.036197037269158,0.0705456361602541,0.0,99
log1p_y,2024-11-15,6,24.0394876770209,28.046068956524383,26.04277831677264,0.09777378176516836,0.0,96
log1p_y,2024-11-15,7,28.046068956524383,32.052650236027866,30.049359596276126,0.10272930000989945,0.0,75
log1p_y,2024-11-15,8,32.052650236027866,36.05923151553135,34.05594087577961,0.14293742736202222,0.0,96
log1p_y,2024-11-15,9,36.05923151553135,40.06581279503483,38.06252215528309,0.09980520467390916,0.0,58
log1p_y,2024-11-15,10,40.06581279503483,44.072394074538316,42.06910343478657,0.07292972286987569,0.0,38
log1p_y,2024-11-15,11,44.072394074538316,48.078975354041795,46.075684714290055,0.0,0.0,12
log1p_y,2024-11-16,0,0.0,4.006581279503483,2.0032906397517416,0.0,0.0,40
log1p_y,2024-11-16,1,4.006581279503483,8.013162559006966,6.009871919255225,0.0,0.0,185
log1p_y,2024-11-16,2,8.013162559006966,12.01974383851045,10.016453198758708,0.0,0.0,161
log1p_y,2024-11-16,3,12.01974383851045,16.026325118013933,14.023034478262192,0.0,0.0,154
log1p_y,2024-11-16,4,16.026325118013933,20.032906397517415,18.029615757765676,0.0,0.0,162
log1p_y,2024-11-16,5,20.032906397517415,24.0394876770209,22.036197037269158,0.0,0.0,99
log1p_y,2024-11-16,6,24.0394876770209,28.046068956524383,26.04277831677264,0.0,0.0,96
log1p_y,2024-11-16,7,28.046068956524383,32.052650236027866,30.049359596276126,0.0,0.0,75
log1p_y,2024-11-16,8,32.052650236027866,36.05923151553135,34.05594087577961,0.0,0.0,96
log1p_y,2024-11-16,9,36.05923151553135,40.06581279503483,38.06252215528309,0.0,0.0,58
log1p_y,2024-11-16,10,40.06581279503483,44.072394074538316,42.06910343478657,0.0,0.0,38
log1p_y,2024-11-16,11,44.072394074538316,48.078975354041795,46.075684714290055,0.0,0.0,12
log1p_y,2024-11-17,0,0.0,4.006581279503483,2.0032906397517416,0.10152845356868052,0.0,40
log1p_y,2024-11-17,1,4.006581279503483,8.013162559006966,6.009871919255225,0.07761647558030207,0.0,185
log1p_y,2024-11-17,2,8.013162559006966,12.01974383851045,10.016453198758708,0.12288867047334892,0.0,161
log1p_y,2024-11-17,3,12.01974383851045,16.026325118013933,14.023034478262192,0.15484554603218437,0.0,154
log1p_y,2024-11-17,4,16.026325118013933,20.032906397517415,18.029615757765676,0.14737495673167264,0.0,162
log1p_y,2024-11-17,5,20.032906397517415,24.0394876770209,22.036197037269158,0.14247703519105523,0.0,99
log1p_y,2024-11-17,6,24.0394876770209,28.046068956524383,26.04277831677264,0.11806142723811658,0.0,96
log1p_y,2024-11-17,7,28.046068956524383,32.052650236027866,30.049359596276126,0.1383065464936372,0.0,75
log1p_y,2024-11-17,8,32.052650236027866,36.05923151553135,34.05594087577961,0.19009608687021928,0.0,96
log1p_y,2024-11-17,9,36.05923151553135,40.06581279503483,38.06252215528309,0.19067802035014558,0.0,58
log1p_y,2024-11-17,10,40.06581279503483,44.072394074538316,42.06910343478657,0.22533072488957673,0.0,38
log1p_y,2024-11-17,11,44.072394074538316,48.078975354041795,46.075684714290055,0.0,0.0,12
log1p_y,2024-11-18,0,0.0,4.006581279503483,2.0032906397517416,0.15075120934432423,0.0,40
log1p_y,2024-11-18,1,4.006581279503483,8.013162559006966,6.009871919255225,0.3754856458525869,0.0,185
log1p_y,2024-11-18,2,8.013162559006966,12.01974383851045,10.016453198758708,0.37403473401040577,0.2402265069591007,161
log1p_y,2024-11-18,3,12.01974383851045,16.026325118013933,14.023034478262192,0.3457196793763876,0.0,154
log1p_y,2024-11-18,4,16.026325118013933,20.032906397517415,18.029615757765676,0.37060679593576845,0.0,162
log1p_y,2024-11-18,5,20.032906397517415,24.0394876770209,22.036197037269158,0.3322449612603486,0.0,99
log1p_y,2024-11-18,6,24.0394876770209,28.046068956524383,26.04277831677264,0.32395663541115044,0.0,96
log1p_y,2024-11-18,7,28.046068956524383,32.052650236027866,30.049359596276126,0.26678270262976345,0.0,75
log1p_y,2024-11-18,8,32.052650236027866,36.05923151553135,34.05594087577961,0.41598004606032074,0.0,96
log1p_y,2024-11-18,9,36.05923151553135,40.06581279503483,38.06252215528309,0.3479837501649806,0.0,58
log1p_y,2024-11-18,10,40.06581279503483,44.072394074538316,42.06910343478657,0.161893416961419,0.0,38
log1p_y,2024-11-18,11,44.072394074538316,48.078975354041795,46.075684714290055,0.050289540033857584,0.0,12
log1p_y,2024-11-19,0,0.0,4.006581279503483,2.0032906397517416,0.13226998947793234,0.0,40
log1p_y,2024-11-19,1,4.006581279503483,8.013162559006966,6.009871919255225,0.18755720909797513,0.0,185
log1p_y,2024-11-19,2,8.013162559006966,12.01974383851045,10.016453198758708,0.2420839993343517,0.0,161
log1p_y,2024-11-19,3,12.01974383851045,16.026325118013933,14.023034478262192,0.15097020990931911,0.0,154
log1p_y,2024-11-19,4,16.026325118013933,20.032906397517415,18.029615757765676,0.17513033037635392,0.0,162
log1p_y,2024-11-19,5,20.032906397517415,24.0394876770209,22.036197037269158,0.24401318196396277,0.0,99
log1p_y,2024-11-19,6,24.0394876770209,28.046068956524383,26.04277831677264,0.3091928611926211,0.0,96
log1p_y,2024-11-19,7,28.046068956524383,32.052650236027866,30.049359596276126,0.31069294900043687,0.0,75
log1p_y,2024-11-19,8,32.052650236027866,36.05923151553135,34.05594087577961,0.2602453825390257,0.0,96
log1p_y,2024-11-19,9,36.05923151553135,40.06581279503483,38.06252215528309,0.0994040718451451,0.0,58
log1p_y,2024-11-19,10,40.06581279503483,44.072394074538316,42.06910343478657,0.006321750183134228,0.0,38
log1p_y,2024-11-19,11,44.072394074538316,48.078975354041795,46.075684714290055,0.0,0.0,12
log1p_y,2024-11-20,0,0.0,4.006581279503483,2.0032906397517416,0.0918728624011416,0.0,40
log1p_y,2024-11-20,1,4.006581279503483,8.013162559006966,6.009871919255225,0.1759751923540173,0.0,185
log1p_y,2024-11-20,2,8.013162559006966,12.01974383851045,10.016453198758708,0.16089233752025642,0.0,161
log1p_y,2024-11-20,3,12.01974383851045,16.026325118013933,14.023034478262192,0.12317368503839511,0.0,154
log1p_y,2024-11-20,4,16.026325118013933,20.032906397517415,18.029615757765676,0.12168283577201572,0.0,162
log1p_y,2024-11-20,5,20.032906397517415,24.0394876770209,22.036197037269158,0.15383359343138367,0.0,99
log1p_y,2024-11-20,6,24.0394876770209,28.046068956524383,26.04277831677264,0.24489436197770167,0.0,96
log1p_y,2024-11-20,7,28.046068956524383,32.052650236027866,30.049359596276126,0.28658712042655926,0.0,75
log1p_y,2024-11-20,8,32.052650236027866,36.05923151553135,34.05594087577961,0.2426941775749348,0.0,96
log1p_y,2024-11-20,9,36.05923151553135,40.06581279503483,38.06252215528309,0.1371019009830301,0.0,58
log1p_y,2024-11-20,10,40.06581279503483,44.072394074538316,42.06910343478657,0.06816553668369038,0.0,38
log1p_y,2024-11-20,11,44.072394074538316,48.078975354041795,46.075684714290055,0.0,0.0,12
log1p_y,2024-11-21,0,0.0,4.006581279503483,2.0032906397517416,0.07997834405094874,0.0,40
log1p_y,2024-11-21,1,4.006581279503483,8.013162559006966,6.009871919255225,0.21760568966210792,0.0,185
log1p_y,2024-11-21,2,8.013162559006966,12.01974383851045,10.016453198758708,0.1587175307374109,0.0,161
log1p_y,2024-11-21,3,12.01974383851045,16.026325118013933,14.023034478262192,0.15611261768214502,0.0,154
log1p_y,2024-11-21,4,16.026325118013933,20.032906397517415,18.029615757765676,0.15512108527170987,0.0,162
log1p_y,2024-11-21,5,20.032906397517415,24.0394876770209,22.036197037269158,0.1052719552084171,0.0,99
log1p_y,2024-11-21,6,24.0394876770209,28.046068956524383,26.04277831677264,0.16548600099908398,0.0,96
log1p_y,2024-11-21,7,28.046068956524383,32.052650236027866,30.049359596276126,0.16322261963522744,0.0,75
log1p_y,2024-11-21,8,32.052650236027866,36.05923151553135,34.05594087577961,0.22596698149975003,0.0,96
log1p_y,2024-11-21,9,36.05923151553135,40.06581279503483,38.06252215528309,0.1556698534832078,0.0,58
log1p_y,2024-11-21,10,40.06581279503483,44.072394074538316,42.06910343478657,0.09482625274701344,0.0,38
log1p_y,2024-11-21,11,44.072394074538316,48.078975354041795,46.075684714290055,0.0,0.0,12
log1p_y,2024-11-22,0,0.0,4.006581279503483,2.0032906397517416,0.0,0.0,40
log1p_y,2024-11-22,1,4.006581279503483,8.013162559006966,6.009871919255225,0.0,0.0,185
log1p_y,2024-11-22,2,8.013162559006966,12.01974383851045,10.016453198758708,0.0,0.0,161
log1p_y,2024-11-22,3,12.01974383851045,16.026325118013933,14.023034478262192,0.0,0.0,154
log1p_y,2024-11-22,4,16.026325118013933,20.032906397517415,18.029615757765676,0.0,0.0,162
log1p_y,2024-11-22,5,20.032906397517415,24.0394876770209,22.036197037269158,0.0,0.0,99
log1p_y,2024-11-22,6,24.0394876770209,28.046068956524383,26.04277831677264,0.0,0.0,96
log1p_y,2024-11-22,7,28.046068956524383,32.052650236027866,30.049359596276126,0.0,0.0,75
log1p_y,2024-11-22,8,32.052650236027866,36.05923151553135,34.05594087577961,0.0,0.0,96
log1p_y,2024-11-22,9,36.05923151553135,40.06581279503483,38.06252215528309,0.0,0.0,58
log1p_y,2024-11-22,10,40.06581279503483,44.072394074538316,42.06910343478657,0.0,0.0,38
log1p_y,2024-11-22,11,44.072394074538316,48.078975354041795,46.075684714290055,0.0,0.0,12
log1p_y,2024-11-23,0,0.0,4.006581279503483,2.0032906397517416,0.0,0.0,40
log1p_y,2024-11-23,1,4.006581279503483,8.013162559006966,6.009871919255225,0.0,0.0,185
log1p_y,2024-11-23,2,8.013162559006966,12.01974383851045,10.016453198758708,0.0,0.0,161
log1p_y,2024-11-23,3,12.01974383851045,16.026325118013933,14.023034478262192,0.0,0.0,154
log1p_y,2024-11-23,4,16.026325118013933,20.032906397517415,18.029615757765676,0.0,0.0,162
log1p_y,2024-11-23,5,20.032906397517415,24.0394876770209,22.036197037269158,0.0,0.0,99
log1p_y,2024-11-23,6,24.0394876770209,28.046068956524383,26.04277831677264,0.0,0.0,96
log1p_y,2024-11-23,7,28.046068956524383,32.052650236027866,30.049359596276126,0.0,0.0,75
log1p_y,2024-11-23,8,32.052650236027866,36.05923151553135,34.05594087577961,0.0,0.0,96
log1p_y,2024-11-23,9,36.05923151553135,40.06581279503483,38.06252215528309,0.0,0.0,58
log1p_y,2024-11-23,10,40.06581279503483,44.072394074538316,42.06910343478657,0.0,0.0,38
log1p_y,2024-11-23,11,44.072394074538316,48.078975354041795,46.075684714290055,0.0,0.0,12
log1p_y,2024-11-24,0,0.0,4.006581279503483,2.0032906397517416,0.01650052149045845,0.0,40
log1p_y,2024-11-24,1,4.006581279503483,8.013162559006966,6.009871919255225,0.060692188873312035,0.0,185
log1p_y,2024-11-24,2,8.013162559006966,12.01974383851045,10.016453198758708,0.05721882126518824,0.0,161
log1p_y,2024-11-24,3,12.01974383851045,16.026325118013933,14.023034478262192,0.06822971052393133,0.0,154
log1p_y,2024-11-24,4,16.026325118013933,20.032906397517415,18.029615757765676,0.0583484983373729,0.0,162
log1p_y,2024-11-24,5,20.032906397517415,24.0394876770209,22.036197037269158,0.04652641527118842,0.0,99
log1p_y,2024-11-24,6,24.0394876770209,28.046068956524383,26.04277831677264,0.04798036574841306,0.0,96
log1p_y,2024-11-24,7,28.046068956524383,32.052650236027866,30.049359596276126,0.06141486815796872,0.0,75
log1p_y,2024-11-24,8,32.052650236027866,36.05923151553135,34.05594087577961,0.07996727624735511,0.0,96
log1p_y,2024-11-24,9,36.05923151553135,40.06581279503483,38.06252215528309,0.10588770372063573,0.0,58
log1p_y,2024-11-24,10,40.06581279503483,44.072394074538316,42.06910343478657,0.10224830502553557,0.0,38
log1p_y,2024-11-24,11,44.072394074538316,48.078975354041795,46.075684714290055,0.0,0.0,12
log1p_y,2024-11-25,0,0.0,4.006581279503483,2.0032906397517416,0.12498703302420917,0.0,40
log1p_y,2024-11-25,1,4.006581279503483,8.013162559006966,6.009871919255225,0.1835567549286048,0.0,185
log1p_y,2024-11-25,2,8.013162559006966,12.01974383851045,10.016453198758708,0.260155705786663,0.0,161
log1p_y,2024-11-25,3,12.01974383851045,16.026325118013933,14.023034478262192,0.1982356764613383,0.0,154
log1p_y,2024-11-25,4,16.026325118013933,20.032906397517415,18.029615757765676,0.2968327219123362,0.0,162
log1p_y,2024-11-25,5,20.032906397517415,24.0394876770209,22.036197037269158,0.3400381518293966,0.08220097694658277,99
log1p_y,2024-11-25,6,24.0394876770209,28.046068956524383,26.04277831677264,0.3642827134403688,0.12011325347955035,96
log1p_y,2024-11-25,7,28.046068956524383,32.052650236027866,30.049359596276126,0.27871131690833756,0.0,75
log1p_y,2024-11-25,8,32.052650236027866,36.05923151553135,34.05594087577961,0.2373495031114606,0.0,96
log1p_y,2024-11-25,9,36.05923151553135,40.06581279503483,38.06252215528309,0.09507120752648245,0.0,58
log1p_y,2024-11-25,10,40.06581279503483,44.072394074538316,42.06910343478657,0.01588090737911292,0.0,38
log1p_y,2024-11-25,11,44.072394074538316,48.078975354041795,46.075684714290055,0.0,0.0,12
log1p_y,2024-11-26,0,0.0,4.006581279503483,2.0032906397517416,0.06622170001076888,0.0,40
log1p_y,2024-11-26,1,4.006581279503483,8.013162559006966,6.009871919255225,0.17209408540829949,0.0,185
log1p_y,2024-11-26,2,8.013162559006966,12.01974383851045,10.016453198758708,0.21848848253794392,0.0,161
log1p_y,2024-11-26,3,12.01974383851045,16.026325118013933,14.023034478262192,0.16009806362973894,0.0,154
log1p_y,2024-11-26,4,16.026325118013933,20.032906397517415,18.029615757765676,0.24564520159342404,0.0,162
log1p_y,2024-11-26,5,20.032906397517415,24.0394876770209,22.036197037269158,0.2801626859008026,0.0,99
log1p_y,2024-11-26,6,24.0394876770209,28.046068956524383,26.04277831677264,0.2414941158749032,0.0,96
log1p_y,2024-11-26,7,28.046068956524383,32.052650236027866,30.049359596276126,0.20779079748913468,0.0,75
log1p_y,2024-11-26,8,32.052650236027866,36.05923151553135,34.05594087577961,0.2057876857821865,0.0,96
log1p_y,2024-11-26,9,36.05923151553135,40.06581279503483,38.06252215528309,0.07475362029824086,0.0,58
log1p_y,2024-11-26,10,40.06581279503483,44.072394074538316,42.06910343478657,0.03377193451952859,0.0,38
log1p_y,2024-11-26,11,44.072394074538316,48.078975354041795,46.075684714290055,0.12011325347955033,0.12011325347955035,12
log1p_y,2024-11-27,0,0.0,4.006581279503483,2.0032906397517416,0.08136516556676943,0.0,40
log1p_y,2024-11-27,1,4.006581279503483,8.013162559006966,6.009871919255225,0.16497696273239779,0.0,185
log1p_y,2024-11-27,2,8.013162559006966,12.01974383851045,10.016453198758708,0.2190314666565159,0.0,161
log1p_y,2024-11-27,3,12.01974383851045,16.026325118013933,14.023034478262192,0.22325310739002388,0.0,154
log1p_y,2024-11-27,4,16.026325118013933,20.032906397517415,18.029615757765676,0.35367516953504385,0.0,162
log1p_y,2024-11-27,5,20.032906397517415,24.0394876770209,22.036197037269158,0.3716947830227079,0.0,99
log1p_y,2024-11-27,6,24.0394876770209,28.046068956524383,26.04277831677264,0.30925421277396486,0.0,96
log1p_y,2024-11-27,7,28.046068956524383,32.052650236027866,30.049359596276126,0.21991096661079212,0.0,75
log1p_y,2024-11-27,8,32.052650236027866,36.05923151553135,34.05594087577961,0.14427948874228438,0.0,96
log1p_y,2024-11-27,9,36.05923151553135,40.06581279503483,38.06252215528309,0.07061178397135982,0.0,58
log1p_y,2024-11-27,10,40.06581279503483,44.072394074538316,42.06910343478657,0.018965250549402686,0.0,38
log1p_y,2024-11-27,11,44.072394074538316,48.078975354041795,46.075684714290055,0.0,0.0,12
log1p_y,2024-11-28,0,0.0,4.006581279503483,2.0032906397517416,0.13935276793629078,0.0,40
log1p_y,2024-11-28,1,4.006581279503483,8.013162559006966,6.009871919255225,0.18571642299779947,0.0,185
log1p_y,2024-11-28,2,8.013162559006966,12.01974383851045,10.016453198758708,0.25819217647878207,0.0,161
log1p_y,2024-11-28,3,12.01974383851045,16.026325118013933,14.023034478262192,0.24404588252252166,0.0,154
log1p_y,2024-11-28,4,16.026325118013933,20.032906397517415,18.029615757765676,0.3545107810836845,0.020690243702537914,162
log1p_y,2024-11-28,5,20.032906397517415,24.0394876770209,22.036197037269158,0.3691969438099281,0.2402265069591007,99
log1p_y,2024-11-28,6,24.0394876770209,28.046068956524383,26.04277831677264,0.3159230499103336,0.0,96
log1p_y,2024-11-28,7,28.046068956524383,32.052650236027866,30.049359596276126,0.22914884047587122,0.0,75
log1p_y,2024-11-28,8,32.052650236027866,36.05923151553135,34.05594087577961,0.16860563189877706,0.0,96
log1p_y,2024-11-28,9,36.05923151553135,40.06581279503483,38.06252215528309,0.08395439937705651,0.0,58
log1p_y,2024-11-28,10,40.06581279503483,44.072394074538316,42.06910343478657,0.07601406604016545,0.0,38
log1p_y,2024-11-28,11,44.072394074538316,48.078975354041795,46.075684714290055,0.0,0.0,12
log1p_y,2024-11-29,0,0.0,4.006581279503483,2.0032906397517416,0.06194735608242696,0.0,40
log1p_y,2024-11-29,1,4.006581279503483,8.013162559006966,6.009871919255225,0.08119131543600656,0.0,185
log1p_y,2024-11-29,2,8.013162559006966,12.01974383851045,10.016453198758708,0.12968499928742372,0.0,161
log1p_y,2024-11-29,3,12.01974383851045,16.026325118013933,14.023034478262192,0.14051992885417244,0.0,154
log1p_y,2024-11-29,4,16.026325118013933,20.032906397517415,18.029615757765676,0.2249122141659872,0.0,162
log1p_y,2024-11-29,5,20.032906397517415,24.0394876770209,22.036197037269158,0.20805012160363204,0.0,99
log1p_y,2024-11-29,6,24.0394876770209,28.046068956524383,26.04277831677264,0.14721738443586607,0.0,96
log1p_y,2024-11-29,7,28.046068956524383,32.052650236027866,30.049359596276126,0.06109003880365532,0.0,75
log1p_y,2024-11-29,8,32.052650236027866,36.05923151553135,34.05594087577961,0.04400334752962539,0.0,96
log1p_y,2024-11-29,9,36.05923151553135,40.06581279503483,38.06252215528309,0.010404732420798122,0.0,58
log1p_y,2024-11-29,10,40.06581279503483,44.072394074538316,42.06910343478657,0.0,0.0,38
log1p_y,2024-11-29,11,44.072394074538316,48.078975354041795,46.075684714290055,0.0,0.0,12
log1p_y,2024-11-30,0,0.0,4.006581279503483,2.0032906397517416,0.03910951270606734,0.0,40
log1p_y,2024-11-30,1,4.006581279503483,8.013162559006966,6.009871919255225,0.07968861797476959,0.0,185
log1p_y,2024-11-30,2,8.013162559006966,12.01974383851045,10.016453198758708,0.090361768547008,0.0,161
log1p_y,2024-11-30,3,12.01974383851045,16.026325118013933,14.023034478262192,0.10462743665137002,0.0,154
log1p_y,2024-11-30,4,16.026325118013933,20.032906397517415,18.029615757765676,0.1069109518834788,0.0,162
log1p_y,2024-11-30,5,20.032906397517415,24.0394876770209,22.036197037269158,0.08871523807121082,0.0,99
log1p_y,2024-11-30,6,24.0394876770209,28.046068956524383,26.04277831677264,0.08520139675670398,0.0,96
log1p_y,2024-11-30,7,28.046068956524383,32.052650236027866,30.049359596276126,0.10101146144316386,0.0,75
log1p_y,2024-11-30,8,32.052650236027866,36.05923151553135,34.05594087577961,0.13781153292501847,0.0,96
log1p_y,2024-11-30,9,36.05923151553135,40.06581279503483,38.06252215528309,0.16375295972258785,0.0,58
log1p_y,2024-11-30,10,40.06581279503483,44.072394074538316,42.06910343478657,0.12350372433494951,0.0,38
log1p_y,2024-11-30,11,44.072394074538316,48.078975354041795,46.075684714290055,0.0,0.0,12
log1p_y,2024-12-01,0,0.0,4.006581279503483,2.0032906397517416,0.0,0.0,40
log1p_y,2024-12-01,1,4.006581279503483,8.013162559006966,6.009871919255225,0.0,0.0,185
log1p_y,2024-12-01,2,8.013162559006966,12.01974383851045,10.016453198758708,0.0,0.0,161
log1p_y,2024-12-01,3,12.01974383851045,16.026325118013933,14.023034478262192,0.0,0.0,154
log1p_y,2024-12-01,4,16.026325118013933,20.032906397517415,18.029615757765676,0.0,0.0,162
log1p_y,2024-12-01,5,20.032906397517415,24.0394876770209,22.036197037269158,0.0,0.0,99
log1p_y,2024-12-01,6,24.0394876770209,28.046068956524383,26.04277831677264,0.0,0.0,96
log1p_y,2024-12-01,7,28.046068956524383,32.052650236027866,30.049359596276126,0.0,0.0,75
log1p_y,2024-12-01,8,32.052650236027866,36.05923151553135,34.05594087577961,0.0,0.0,96
log1p_y,2024-12-01,9,36.05923151553135,40.06581279503483,38.06252215528309,0.0,0.0,58
log1p_y,2024-12-01,10,40.06581279503483,44.072394074538316,42.06910343478657,0.0,0.0,38
log1p_y,2024-12-01,11,44.072394074538316,48.078975354041795,46.075684714290055,0.0,0.0,12
log1p_y,2024-12-02,0,0.0,4.006581279503483,2.0032906397517416,0.21134523204759192,0.0,40
log1p_y,2024-12-02,1,4.006581279503483,8.013162559006966,6.009871919255225,0.21620077709784497,0.0,185
log1p_y,2024-12-02,2,8.013162559006966,12.01974383851045,10.016453198758708,0.2093310356840152,0.0,161
log1p_y,2024-12-02,3,12.01974383851045,16.026325118013933,14.023034478262192,0.18485146675928496,0.0,154
log1p_y,2024-12-02,4,16.026325118013933,20.032906397517415,18.029615757765676,0.20703908230556117,0.0,162
log1p_y,2024-12-02,5,20.032906397517415,24.0394876770209,22.036197037269158,0.2589897865024243,0.0,99
log1p_y,2024-12-02,6,24.0394876770209,28.046068956524383,26.04277831677264,0.2584328567172038,0.0,96
log1p_y,2024-12-02,7,28.046068956524383,32.052650236027866,30.049359596276126,0.2772642275764049,0.0,75
log1p_y,2024-12-02,8,32.052650236027866,36.05923151553135,34.05594087577961,0.22569204994962525,0.0,96
log1p_y,2024-12-02,9,36.05923151553135,40.06581279503483,38.06252215528309,0.15214862152887265,0.0,58
log1p_y,2024-12-02,10,40.06581279503483,44.072394074538316,42.06910343478657,0.050727065307628535,0.0,38
log1p_y,2024-12-02,11,44.072394074538316,48.078975354041795,46.075684714290055,0.0,0.0,12
log1p_y,2024-12-03,0,0.0,4.006581279503483,2.0032906397517416,0.1903645624206091,0.0,40
log1p_y,2024-12-03,1,4.006581279503483,8.013162559006966,6.009871919255225,0.3752574563932626,0.0,185
log1p_y,2024-12-03,2,8.013162559006966,12.01974383851045,10.016453198758708,0.33651732631913733,0.0,161
log1p_y,2024-12-03,3,12.01974383851045,16.026325118013933,14.023034478262192,0.3245037717084769,0.0,154
log1p_y,2024-12-03,4,16.026325118013933,20.032906397517415,18.029615757765676,0.34067009795775804,0.2402265069591007,162
log1p_y,2024-12-03,5,20.032906397517415,24.0394876770209,22.036197037269158,0.3068923160072544,0.04138048740507583,99
log1p_y,2024-12-03,6,24.0394876770209,28.046068956524383,26.04277831677264,0.38381600117621595,0.0,96
log1p_y,2024-12-03,7,28.046068956524383,32.052650236027866,30.049359596276126,0.3972442338964259,0.0,75
log1p_y,2024-12-03,8,32.052650236027866,36.05923151553135,34.05594087577961,0.43846191894191744,0.0,96
log1p_y,2024-12-03,9,36.05923151553135,40.06581279503483,38.06252215528309,0.36547659279534545,0.0,58
log1p_y,2024-12-03,10,40.06581279503483,44.072394074538316,42.06910343478657,0.13275675384581878,0.0,38
log1p_y,2024-12-03,11,44.072394074538316,48.078975354041795,46.075684714290055,0.0,0.0,12
log1p_y,2024-12-04,0,0.0,4.006581279503483,2.0032906397517416,0.14853677432364348,0.0,40
log1p_y,2024-12-04,1,4.006581279503483,8.013162559006966,6.009871919255225,0.29988123369932973,0.0,185
log1p_y,2024-12-04,2,8.013162559006966,12.01974383851045,10.016453198758708,0.2552079163577997,0.0,161
log1p_y,2024-12-04,3,12.01974383851045,16.026325118013933,14.023034478262192,0.24052070114733143,0.0,154
log1p_y,2024-12-04,4,16.026325118013933,20.032906397517415,18.029615757765676,0.24228039168359938,0.0,162
log1p_y,2024-12-04,5,20.032906397517415,24.0394876770209,22.036197037269158,0.1888559752105696,0.08220097694658277,99
log1p_y,2024-12-04,6,24.0394876770209,28.046068956524383,26.04277831677264,0.2725615517699967,0.0,96
log1p_y,2024-12-04,7,28.046068956524383,32.052650236027866,30.049359596276126,0.26748208051743894,0.0,75
log1p_y,2024-12-04,8,32.052650236027866,36.05923151553135,34.05594087577961,0.3310151670765829,0.0,96
log1p_y,2024-12-04,9,36.05923151553135,40.06581279503483,38.06252215528309,0.18545713738680641,0.0,58
log1p_y,2024-12-04,10,40.06581279503483,44.072394074538316,42.06910343478657,0.08448426304127371,0.0,38
log1p_y,2024-12-04,11,44.072394074538316,48.078975354041795,46.075684714290055,0.0,0.0,12
log1p_y,2024-12-05,0,0.0,4.006581279503483,2.0032906397517416,0.06445254494734805,0.0,40
log1p_y,2024-12-05,1,4.006581279503483,8.013162559006966,6.009871919255225,0.12660164570750332,0.0,185
log1p_y,2024-12-05,2,8.013162559006966,12.01974383851045,10.016453198758708,0.18346127994385292,0.0,161
log1p_y,2024-12-05,3,12.01974383851045,16.026325118013933,14.023034478262192,0.1244533367969885,0.0,154
log1p_y,2024-12-05,4,16.026325118013933,20.032906397517415,18.029615757765676,0.19531042964285225,0.0,162
log1p_y,2024-12-05,5,20.032906397517415,24.0394876770209,22.036197037269158,0.20312649268209274,0.0,99
log1p_y,2024-12-05,6,24.0394876770209,28.046068956524383,26.04277831677264,0.27941984837645584,0.0,96
log1p_y,2024-12-05,7,28.046068956524383,32.052650236027866,30.049359596276126,0.26922536780916856,0.0,75
log1p_y,2024-12-05,8,32.052650236027866,36.05923151553135,34.05594087577961,0.21601416101569773,0.0,96
log1p_y,2024-12-05,9,36.05923151553135,40.06581279503483,38.06252215528309,0.1261768473968771,0.0,58
log1p_y,2024-12-05,10,40.06581279503483,44.072394074538316,42.06910343478657,0.08248888006585438,0.0,38
log1p_y,2024-12-05,11,44.072394074538316,48.078975354041795,46.075684714290055,0.050289540033857584,0.0,12
log1p_y,2024-12-06,0,0.0,4.006581279503483,2.0032906397517416,0.12498703302420919,0.0,40
log1p_y,2024-12-06,1,4.006581279503483,8.013162559006966,6.009871919255225,0.1797017597075802,0.0,185
log1p_y,2024-12-06,2,8.013162559006966,12.01974383851045,10.016453198758708,0.2730479181028044,0.0,161
log1p_y,2024-12-06,3,12.01974383851045,16.026325118013933,14.023034478262192,0.20735619913560813,0.0,154
log1p_y,2024-12-06,4,16.026325118013933,20.032906397517415,18.029615757765676,0.3368786726906092,0.0,162
log1p_y,2024-12-06,5,20.032906397517415,24.0394876770209,22.036197037269158,0.3150012869756541,0.0,99
log1p_y,2024-12-06,6,24.0394876770209,28.046068956524383,26.04277831677264,0.4325734717747507,0.0,96
log1p_y,2024-12-06,7,28.046068956524383,32.052650236027866,30.049359596276126,0.28355462322096675,0.0,75
log1p_y,2024-12-06,8,32.052650236027866,36.05923151553135,34.05594087577961,0.2532210190085767,0.0,96
log1p_y,2024-12-06,9,36.05923151553135,40.06581279503483,38.06252215528309,0.11133770321243361,0.0,58
log1p_y,2024-12-06,10,40.06581279503483,44.072394074538316,42.06910343478657,0.05689575164820806,0.0,38
log1p_y,2024-12-06,11,44.072394074538316,48.078975354041795,46.075684714290055,0.0,0.0,12
log1p_y,2024-12-07,0,0.0,4.006581279503483,2.0032906397517416,0.0,0.0,40
log1p_y,2024-12-07,1,4.006581279503483,8.013162559006966,6.009871919255225,0.0,0.0,185
log1p_y,2024-12-07,2,8.013162559006966,12.01974383851045,10.016453198758708,0.0,0.0,161
log1p_y,2024-12-07,3,12.01974383851045,16.026325118013933,14.023034478262192,0.0,0.0,154
log1p_y,2024-12-07,4,16.026325118013933,20.032906397517415,18.029615757765676,0.0,0.0,162
log1p_y,2024-12-07,5,20.032906397517415,24.0394876770209,22.036197037269158,0.0,0.0,99
log1p_y,2024-12-07,6,24.0394876770209,28.046068956524383,26.04277831677264,0.0,0.0,96
log1p_y,2024-12-07,7,28.046068956524383,32.052650236027866,30.049359596276126,0.0,0.0,75
log1p_y,2024-12-07,8,32.052650236027866,36.05923151553135,34.05594087577961,0.0,0.0,96
log1p_y,2024-12-07,9,36.05923151553135,40.06581279503483,38.06252215528309,0.0,0.0,58
log1p_y,2024-12-07,10,40.06581279503483,44.072394074538316,42.06910343478657,0.0,0.0,38
log1p_y,2024-12-07,11,44.072394074538316,48.078975354041795,46.075684714290055,0.0,0.0,12
log1p_y,2024-12-08,0,0.0,4.006581279503483,2.0032906397517416,0.0,0.0,40
log1p_y,2024-12-08,1,4.006581279503483,8.013162559006966,6.009871919255225,0.0,0.0,185
log1p_y,2024-12-08,2,8.013162559006966,12.01974383851045,10.016453198758708,0.0,0.0,161
log1p_y,2024-12-08,3,12.01974383851045,16.026325118013933,14.023034478262192,0.0,0.0,154
log1p_y,2024-12-08,4,16.026325118013933,20.032906397517415,18.029615757765676,0.0,0.0,162
log1p_y,2024-12-08,5,20.032906397517415,24.0394876770209,22.036197037269158,0.0,0.0,99
log1p_y,2024-12-08,6,24.0394876770209,28.046068956524383,26.04277831677264,0.0,0.0,96
log1p_y,2024-12-08,7,28.046068956524383,32.052650236027866,30.049359596276126,0.0,0.0,75
log1p_y,2024-12-08,8,32.052650236027866,36.05923151553135,34.05594087577961,0.0,0.0,96
log1p_y,2024-12-08,9,36.05923151553135,40.06581279503483,38.06252215528309,0.0,0.0,58
log1p_y,2024-12-08,10,40.06581279503483,44.072394074538316,42.06910343478657,0.0,0.0,38
log1p_y,2024-12-08,11,44.072394074538316,48.078975354041795,46.075684714290055,0.0,0.0,12
log1p_y,2024-12-09,0,0.0,4.006581279503483,2.0032906397517416,0.0,0.0,40
log1p_y,2024-12-09,1,4.006581279503483,8.013162559006966,6.009871919255225,0.0,0.0,185
log1p_y,2024-12-09,2,8.013162559006966,12.01974383851045,10.016453198758708,0.0,0.0,161
log1p_y,2024-12-09,3,12.01974383851045,16.026325118013933,14.023034478262192,0.0,0.0,154
log1p_y,2024-12-09,4,16.026325118013933,20.032906397517415,18.029615757765676,0.0,0.0,162
log1p_y,2024-12-09,5,20.032906397517415,24.0394876770209,22.036197037269158,0.0,0.0,99
log1p_y,2024-12-09,6,24.0394876770209,28.046068956524383,26.04277831677264,0.0,0.0,96
log1p_y,2024-12-09,7,28.046068956524383,32.052650236027866,30.049359596276126,0.0,0.0,75
log1p_y,2024-12-09,8,32.052650236027866,36.05923151553135,34.05594087577961,0.0,0.0,96
log1p_y,2024-12-09,9,36.05923151553135,40.06581279503483,38.06252215528309,0.0,0.0,58
log1p_y,2024-12-09,10,40.06581279503483,44.072394074538316,42.06910343478657,0.0,0.0,38
log1p_y,2024-12-09,11,44.072394074538316,48.078975354041795,46.075684714290055,0.0,0.0,12
log1p_y,2024-12-10,0,0.0,4.006581279503483,2.0032906397517416,0.0,0.0,40
log1p_y,2024-12-10,1,4.006581279503483,8.013162559006966,6.009871919255225,0.0,0.0,185
log1p_y,2024-12-10,2,8.013162559006966,12.01974383851045,10.016453198758708,0.0,0.0,161
log1p_y,2024-12-10,3,12.01974383851045,16.026325118013933,14.023034478262192,0.0,0.0,154
log1p_y,2024-12-10,4,16.026325118013933,20.032906397517415,18.029615757765676,0.0,0.0,162
log1p_y,2024-12-10,5,20.032906397517415,24.0394876770209,22.036197037269158,0.0,0.0,99
log1p_y,2024-12-10,6,24.0394876770209,28.046068956524383,26.04277831677264,0.0,0.0,96
log1p_y,2024-12-10,7,28.046068956524383,32.052650236027866,30.049359596276126,0.0,0.0,75
log1p_y,2024-12-10,8,32.052650236027866,36.05923151553135,34.05594087577961,0.0,0.0,96
log1p_y,2024-12-10,9,36.05923151553135,40.06581279503483,38.06252215528309,0.0,0.0,58
log1p_y,2024-12-10,10,40.06581279503483,44.072394074538316,42.06910343478657,0.0,0.0,38
log1p_y,2024-12-10,11,44.072394074538316,48.078975354041795,46.075684714290055,0.0,0.0,12
log1p_y,2024-12-11,0,0.0,4.006581279503483,2.0032906397517416,0.19190906428258048,0.0,40
log1p_y,2024-12-11,1,4.006581279503483,8.013162559006966,6.009871919255225,0.19865588074153973,0.0,185
log1p_y,2024-12-11,2,8.013162559006966,12.01974383851045,10.016453198758708,0.2191718899523955,0.0,161
log1p_y,2024-12-11,3,12.01974383851045,16.026325118013933,14.023034478262192,0.11266303868521124,0.0,154
log1p_y,2024-12-11,4,16.026325118013933,20.032906397517415,18.029615757765676,0.14184664731588228,0.0,162
log1p_y,2024-12-11,5,20.032906397517415,24.0394876770209,22.036197037269158,0.18664051936908083,0.0,99
log1p_y,2024-12-11,6,24.0394876770209,28.046068956524383,26.04277831677264,0.21084969529738018,0.0,96
log1p_y,2024-12-11,7,28.046068956524383,32.052650236027866,30.049359596276126,0.20407415552252406,0.0,75
log1p_y,2024-12-11,8,32.052650236027866,36.05923151553135,34.05594087577961,0.2628501540435692,0.0,96
log1p_y,2024-12-11,9,36.05923151553135,40.06581279503483,38.06252215528309,0.14414744241999536,0.0,58
log1p_y,2024-12-11,10,40.06581279503483,44.072394074538316,42.06910343478657,0.09977428759936154,0.0,38
log1p_y,2024-12-11,11,44.072394074538316,48.078975354041795,46.075684714290055,0.020018875579925058,0.0,12
log1p_y,2024-12-12,0,0.0,4.006581279503483,2.0032906397517416,0.1714389846739044,0.0,40
log1p_y,2024-12-12,1,4.006581279503483,8.013162559006966,6.009871919255225,0.38929301479445905,0.08220097694658277,185
log1p_y,2024-12-12,2,8.013162559006966,12.01974383851045,10.016453198758708,0.3784138233879129,0.0,161
log1p_y,2024-12-12,3,12.01974383851045,16.026325118013933,14.023034478262192,0.2921884865352758,0.0,154
log1p_y,2024-12-12,4,16.026325118013933,20.032906397517415,18.029615757765676,0.2993263260010352,0.0,162
log1p_y,2024-12-12,5,20.032906397517415,24.0394876770209,22.036197037269158,0.2797938375227746,0.0,99
log1p_y,2024-12-12,6,24.0394876770209,28.046068956524383,26.04277831677264,0.4041930823150093,0.020690243702537914,96
log1p_y,2024-12-12,7,28.046068956524383,32.052650236027866,30.049359596276126,0.4275975278032118,0.0,75
log1p_y,2024-12-12,8,32.052650236027866,36.05923151553135,34.05594087577961,0.4842495336367653,0.1063361929472697,96
log1p_y,2024-12-12,9,36.05923151553135,40.06581279503483,38.06252215528309,0.376519420766365,0.0,58
log1p_y,2024-12-12,10,40.06581279503483,44.072394074538316,42.06910343478657,0.225263982635316,0.0,38
log1p_y,2024-12-12,11,44.072394074538316,48.078975354041795,46.075684714290055,0.020018875579925058,0.0,12
log1p_y,2024-12-13,0,0.0,4.006581279503483,2.0032906397517416,0.12481388658928103,0.0,40
log1p_y,2024-12-13,1,4.006581279503483,8.013162559006966,6.009871919255225,0.16317095078852295,0.0,185
log1p_y,2024-12-13,2,8.013162559006966,12.01974383851045,10.016453198758708,0.11503357350211968,0.0,161
log1p_y,2024-12-13,3,12.01974383851045,16.026325118013933,14.023034478262192,0.11285669779418657,0.0,154
log1p_y,2024-12-13,4,16.026325118013933,20.032906397517415,18.029615757765676,0.12359520393120275,0.0,162
log1p_y,2024-12-13,5,20.032906397517415,24.0394876770209,22.036197037269158,0.14939031380125753,0.0,99
log1p_y,2024-12-13,6,24.0394876770209,28.046068956524383,26.04277831677264,0.2035621877389233,0.0,96
log1p_y,2024-12-13,7,28.046068956524383,32.052650236027866,30.049359596276126,0.23493543956351776,0.0,75
log1p_y,2024-12-13,8,32.052650236027866,36.05923151553135,34.05594087577961,0.18463083679587058,0.0,96
log1p_y,2024-12-13,9,36.05923151553135,40.06581279503483,38.06252215528309,0.1408224351139556,0.0,58
log1p_y,2024-12-13,10,40.06581279503483,44.072394074538316,42.06910343478657,0.07586100219761076,0.0,38
log1p_y,2024-12-13,11,44.072394074538316,48.078975354041795,46.075684714290055,0.020018875579925058,0.0,12
log1p_y,2024-12-14,0,0.0,4.006581279503483,2.0032906397517416,0.0,0.0,40
log1p_y,2024-12-14,1,4.006581279503483,8.013162559006966,6.009871919255225,0.0,0.0,185
log1p_y,2024-12-14,2,8.013162559006966,12.01974383851045,10.016453198758708,0.0,0.0,161
log1p_y,2024-12-14,3,12.01974383851045,16.026325118013933,14.023034478262192,0.0,0.0,154
log1p_y,2024-12-14,4,16.026325118013933,20.032906397517415,18.029615757765676,0.0,0.0,162
log1p_y,2024-12-14,5,20.032906397517415,24.0394876770209,22.036197037269158,0.0,0.0,99
log1p_y,2024-12-14,6,24.0394876770209,28.046068956524383,26.04277831677264,0.0,0.0,96
log1p_y,2024-12-14,7,28.046068956524383,32.052650236027866,30.049359596276126,0.0,0.0,75
log1p_y,2024-12-14,8,32.052650236027866,36.05923151553135,34.05594087577961,0.0,0.0,96
log1p_y,2024-12-14,9,36.05923151553135,40.06581279503483,38.06252215528309,0.0,0.0,58
log1p_y,2024-12-14,10,40.06581279503483,44.072394074538316,42.06910343478657,0.0,0.0,38
log1p_y,2024-12-14,11,44.072394074538316,48.078975354041795,46.075684714290055,0.0,0.0,12
log1p_y,2024-12-15,0,0.0,4.006581279503483,2.0032906397517416,0.09023035076008971,0.0,40
log1p_y,2024-12-15,1,4.006581279503483,8.013162559006966,6.009871919255225,0.08690606043668407,0.0,185
log1p_y,2024-12-15,2,8.013162559006966,12.01974383851045,10.016453198758708,0.10007841766652785,0.0,161
log1p_y,2024-12-15,3,12.01974383851045,16.026325118013933,14.023034478262192,0.05969645101246245,0.0,154
log1p_y,2024-12-15,4,16.026325118013933,20.032906397517415,18.029615757765676,0.08796075897589191,0.0,162
log1p_y,2024-12-15,5,20.032906397517415,24.0394876770209,22.036197037269158,0.11552457573367816,0.0,99
log1p_y,2024-12-15,6,24.0394876770209,28.046068956524383,26.04277831677264,0.09637113261389496,0.0,96
log1p_y,2024-12-15,7,28.046068956524383,32.052650236027866,30.049359596276126,0.09929362287642829,0.0,75
log1p_y,2024-12-15,8,32.052650236027866,36.05923151553135,34.05594087577961,0.11260617513707845,0.0,96
log1p_y,2024-12-15,9,36.05923151553135,40.06581279503483,38.06252215528309,0.04556019959569151,0.0,58
log1p_y,2024-12-15,10,40.06581279503483,44.072394074538316,42.06910343478657,0.018965250549402686,0.0,38
log1p_y,2024-12-15,11,44.072394074538316,48.078975354041795,46.075684714290055,0.0,0.0,12
log1p_y,2024-12-16,0,0.0,4.006581279503483,2.0032906397517416,0.060202037390202134,0.0,40
log1p_y,2024-12-16,1,4.006581279503483,8.013162559006966,6.009871919255225,0.09986532060900359,0.0,185
log1p_y,2024-12-16,2,8.013162559006966,12.01974383851045,10.016453198758708,0.11328981207092212,0.0,161
log1p_y,2024-12-16,3,12.01974383851045,16.026325118013933,14.023034478262192,0.06540232796629246,0.0,154
log1p_y,2024-12-16,4,16.026325118013933,20.032906397517415,18.029615757765676,0.07870033424002205,0.0,162
log1p_y,2024-12-16,5,20.032906397517415,24.0394876770209,22.036197037269158,0.10209053101346935,0.0,99
log1p_y,2024-12-16,6,24.0394876770209,28.046068956524383,26.04277831677264,0.16045394349445666,0.0,96
log1p_y,2024-12-16,7,28.046068956524383,32.052650236027866,30.049359596276126,0.17171056052518321,0.0,75
log1p_y,2024-12-16,8,32.052650236027866,36.05923151553135,34.05594087577961,0.18559871351138546,0.0,96
log1p_y,2024-12-16,9,36.05923151553135,40.06581279503483,38.06252215528309,0.10182598123375419,0.0,58
log1p_y,2024-12-16,10,40.06581279503483,44.072394074538316,42.06910343478657,0.038083564941360074,0.0,38
log1p_y,2024-12-16,11,44.072394074538316,48.078975354041795,46.075684714290055,0.0,0.0,12
log1p_y,2024-12-17,0,0.0,4.006581279503483,2.0032906397517416,0.10269637883626173,0.0,40
log1p_y,2024-12-17,1,4.006581279503483,8.013162559006966,6.009871919255225,0.11242355167610342,0.0,185
log1p_y,2024-12-17,2,8.013162559006966,12.01974383851045,10.016453198758708,0.15347715193389916,0.0,161
log1p_y,2024-12-17,3,12.01974383851045,16.026325118013933,14.023034478262192,0.1074647413455078,0.0,154
log1p_y,2024-12-17,4,16.026325118013933,20.032906397517415,18.029615757765676,0.1531891160424916,0.0,162
log1p_y,2024-12-17,5,20.032906397517415,24.0394876770209,22.036197037269158,0.14081007049226205,0.0,99
log1p_y,2024-12-17,6,24.0394876770209,28.046068956524383,26.04277831677264,0.22712407291220993,0.0,96
log1p_y,2024-12-17,7,28.046068956524383,32.052650236027866,30.049359596276126,0.16179226853646725,0.0,75
log1p_y,2024-12-17,8,32.052650236027866,36.05923151553135,34.05594087577961,0.13292798957205967,0.0,96
log1p_y,2024-12-17,9,36.05923151553135,40.06581279503483,38.06252215528309,0.05818627499071667,0.0,58
log1p_y,2024-12-17,10,40.06581279503483,44.072394074538316,42.06910343478657,0.03176181475822584,0.0,38
log1p_y,2024-12-17,11,44.072394074538316,48.078975354041795,46.075684714290055,0.0,0.0,12
log1p_y,2024-12-18,0,0.0,4.006581279503483,2.0032906397517416,0.07206795208773022,0.0,40
log1p_y,2024-12-18,1,4.006581279503483,8.013162559006966,6.009871919255225,0.07531425623582616,0.0,185
log1p_y,2024-12-18,2,8.013162559006966,12.01974383851045,10.016453198758708,0.11190675790020219,0.0,161
log1p_y,2024-12-18,3,12.01974383851045,16.026325118013933,14.023034478262192,0.06551632007975475,0.0,154
log1p_y,2024-12-18,4,16.026325118013933,20.032906397517415,18.029615757765676,0.10676733642626698,0.0,162
log1p_y,2024-12-18,5,20.032906397517415,24.0394876770209,22.036197037269158,0.09706121493296999,0.0,99
log1p_y,2024-12-18,6,24.0394876770209,28.046068956524383,26.04277831677264,0.15014156684943794,0.0,96
log1p_y,2024-12-18,7,28.046068956524383,32.052650236027866,30.049359596276126,0.1024966429692163,0.0,75
log1p_y,2024-12-18,8,32.052650236027866,36.05923151553135,34.05594087577961,0.11010381568958783,0.0,96
log1p_y,2024-12-18,9,36.05923151553135,40.06581279503483,38.06252215528309,0.05384387224945361,0.0,58
log1p_y,2024-12-18,10,40.06581279503483,44.072394074538316,42.06910343478657,0.03160875091567114,0.0,38
log1p_y,2024-12-18,11,44.072394074538316,48.078975354041795,46.075684714290055,0.020018875579925058,0.0,12
log1p_y,2024-12-19,0,0.0,4.006581279503483,2.0032906397517416,0.04804530139182014,0.0,40
log1p_y,2024-12-19,1,4.006581279503483,8.013162559006966,6.009871919255225,0.058433474665727195,0.0,185
log1p_y,2024-12-19,2,8.013162559006966,12.01974383851045,10.016453198758708,0.07460450526680144,0.0,161
log1p_y,2024-12-19,3,12.01974383851045,16.026325118013933,14.023034478262192,0.02339868574276955,0.0,154
log1p_y,2024-12-19,4,16.026325118013933,20.032906397517415,18.029615757765676,0.03410623246950195,0.0,162
log1p_y,2024-12-19,5,20.032906397517415,24.0394876770209,22.036197037269158,0.04853060746648499,0.0,99
log1p_y,2024-12-19,6,24.0394876770209,28.046068956524383,26.04277831677264,0.07507078342471897,0.0,96
log1p_y,2024-12-19,7,28.046068956524383,32.052650236027866,30.049359596276126,0.08968456259806427,0.0,75
log1p_y,2024-12-19,8,32.052650236027866,36.05923151553135,34.05594087577961,0.11260617513707845,0.0,96
log1p_y,2024-12-19,9,36.05923151553135,40.06581279503483,38.06252215528309,0.04556019959569151,0.0,58
log1p_y,2024-12-19,10,40.06581279503483,44.072394074538316,42.06910343478657,0.018965250549402686,0.0,38
log1p_y,2024-12-19,11,44.072394074538316,48.078975354041795,46.075684714290055,0.0,0.0,12
log1p_y,2024-12-20,0,0.0,4.006581279503483,2.0032906397517416,0.040144024891194244,0.0,40
log1p_y,2024-12-20,1,4.006581279503483,8.013162559006966,6.009871919255225,0.09124595501951589,0.0,185
log1p_y,2024-12-20,2,8.013162559006966,12.01974383851045,10.016453198758708,0.10506525305673832,0.0,161
log1p_y,2024-12-20,3,12.01974383851045,16.026325118013933,14.023034478262192,0.05783006516583092,0.0,154
log1p_y,2024-12-20,4,16.026325118013933,20.032906397517415,18.029615757765676,0.08908049194813135,0.0,162
log1p_y,2024-12-20,5,20.032906397517415,24.0394876770209,22.036197037269158,0.10931137035549181,0.0,99
log1p_y,2024-12-20,6,24.0394876770209,28.046068956524383,26.04277831677264,0.11028557900262154,0.0,96
log1p_y,2024-12-20,7,28.046068956524383,32.052650236027866,30.049359596276126,0.1251504406594155,0.0,75
log1p_y,2024-12-20,8,32.052650236027866,36.05923151553135,34.05594087577961,0.10515968456561779,0.0,96
log1p_y,2024-12-20,9,36.05923151553135,40.06581279503483,38.06252215528309,0.028992854288167325,0.0,58
log1p_y,2024-12-20,10,40.06581279503483,44.072394074538316,42.06910343478657,0.006321750183134228,0.0,38
log1p_y,2024-12-20,11,44.072394074538316,48.078975354041795,46.075684714290055,0.0,0.0,12
log1p_y,2024-12-21,0,0.0,4.006581279503483,2.0032906397517416,0.14669765769755308,0.0,40
log1p_y,2024-12-21,1,4.006581279503483,8.013162559006966,6.009871919255225,0.1561622939916287,0.0,185
log1p_y,2024-12-21,2,8.013162559006966,12.01974383851045,10.016453198758708,0.23993376013567128,0.0,161
log1p_y,2024-12-21,3,12.01974383851045,16.026325118013933,14.023034478262192,0.09709590823679977,0.0,154
log1p_y,2024-12-21,4,16.026325118013933,20.032906397517415,18.029615757765676,0.14636945517634314,0.0,162
log1p_y,2024-12-21,5,20.032906397517415,24.0394876770209,22.036197037269158,0.18423074001089038,0.0,99
log1p_y,2024-12-21,6,24.0394876770209,28.046068956524383,26.04277831677264,0.27308944738585733,0.0,96
log1p_y,2024-12-21,7,28.046068956524383,32.052650236027866,30.049359596276126,0.3066617292850584,0.0,75
log1p_y,2024-12-21,8,32.052650236027866,36.05923151553135,34.05594087577961,0.35475598198886527,0.0,96
log1p_y,2024-12-21,9,36.05923151553135,40.06581279503483,38.06252215528309,0.1541146502724234,0.0,58
log1p_y,2024-12-21,10,40.06581279503483,44.072394074538316,42.06910343478657,0.059369769074382114,0.0,38
log1p_y,2024-12-21,11,44.072394074538316,48.078975354041795,46.075684714290055,0.020018875579925058,0.0,12
log1p_y,2024-12-22,0,0.0,4.006581279503483,2.0032906397517416,0.07211055568698424,0.0,40
log1p_y,2024-12-22,1,4.006581279503483,8.013162559006966,6.009871919255225,0.10889868464979617,0.0,185
log1p_y,2024-12-22,2,8.013162559006966,12.01974383851045,10.016453198758708,0.13124999845770458,0.0,161
log1p_y,2024-12-22,3,12.01974383851045,16.026325118013933,14.023034478262192,0.06905872396034732,0.0,154
log1p_y,2024-12-22,4,16.026325118013933,20.032906397517415,18.029615757765676,0.10040678187766404,0.0,162
log1p_y,2024-12-22,5,20.032906397517415,24.0394876770209,22.036197037269158,0.0954675445187606,0.0,99
log1p_y,2024-12-22,6,24.0394876770209,28.046068956524383,26.04277831677264,0.1677922079935722,0.0,96
log1p_y,2024-12-22,7,28.046068956524383,32.052650236027866,30.049359596276126,0.141181138767317,0.0,75
log1p_y,2024-12-22,8,32.052650236027866,36.05923151553135,34.05594087577961,0.19148592674756118,0.0,96
log1p_y,2024-12-22,9,36.05923151553135,40.06581279503483,38.06252215528309,0.08355761411735785,0.0,58
log1p_y,2024-12-22,10,40.06581279503483,44.072394074538316,42.06910343478657,0.03408276834184519,0.0,38
log1p_y,2024-12-22,11,44.072394074538316,48.078975354041795,46.075684714290055,0.0,0.0,12
log1p_y,2024-12-23,0,0.0,4.006581279503483,2.0032906397517416,0.0351588744557544,0.0,40
log1p_y,2024-12-23,1,4.006581279503483,8.013162559006966,6.009871919255225,0.07471461232224606,0.0,185
log1p_y,2024-12-23,2,8.013162559006966,12.01974383851045,10.016453198758708,0.07955455846173841,0.0,161
log1p_y,2024-12-23,3,12.01974383851045,16.026325118013933,14.023034478262192,0.06627670665799536,0.0,154
log1p_y,2024-12-23,4,16.026325118013933,20.032906397517415,18.029615757765676,0.08332849257929796,0.0,162
log1p_y,2024-12-23,5,20.032906397517415,24.0394876770209,22.036197037269158,0.08397968088046291,0.0,99
log1p_y,2024-12-23,6,24.0394876770209,28.046068956524383,26.04277831677264,0.12047678010561776,0.0,96
log1p_y,2024-12-23,7,28.046068956524383,32.052650236027866,30.049359596276126,0.1300712993189391,0.0,75
log1p_y,2024-12-23,8,32.052650236027866,36.05923151553135,34.05594087577961,0.08764316843318336,0.0,96
log1p_y,2024-12-23,9,36.05923151553135,40.06581279503483,38.06252215528309,0.0538438722494536,0.0,58
log1p_y,2024-12-23,10,40.06581279503483,44.072394074538316,42.06910343478657,0.025287000732536914,0.0,38
log1p_y,2024-12-23,11,44.072394074538316,48.078975354041795,46.075684714290055,0.0,0.0,12
log1p_y,2024-12-24,0,0.0,4.006581279503483,2.0032906397517416,0.0,0.0,40
log1p_y,2024-12-24,1,4.006581279503483,8.013162559006966,6.009871919255225,0.0,0.0,185
log1p_y,2024-12-24,2,8.013162559006966,12.01974383851045,10.016453198758708,0.0,0.0,161
log1p_y,2024-12-24,3,12.01974383851045,16.026325118013933,14.023034478262192,0.0,0.0,154
log1p_y,2024-12-24,4,16.026325118013933,20.032906397517415,18.029615757765676,0.0,0.0,162
log1p_y,2024-12-24,5,20.032906397517415,24.0394876770209,22.036197037269158,0.0,0.0,99
log1p_y,2024-12-24,6,24.0394876770209,28.046068956524383,26.04277831677264,0.0,0.0,96
log1p_y,2024-12-24,7,28.046068956524383,32.052650236027866,30.049359596276126,0.0,0.0,75
log1p_y,2024-12-24,8,32.052650236027866,36.05923151553135,34.05594087577961,0.0,0.0,96
log1p_y,2024-12-24,9,36.05923151553135,40.06581279503483,38.06252215528309,0.0,0.0,58
log1p_y,2024-12-24,10,40.06581279503483,44.072394074538316,42.06910343478657,0.0,0.0,38
log1p_y,2024-12-24,11,44.072394074538316,48.078975354041795,46.075684714290055,0.0,0.0,12
log1p_y,2024-12-25,0,0.0,4.006581279503483,2.0032906397517416,0.0,0.0,40
log1p_y,2024-12-25,1,4.006581279503483,8.013162559006966,6.009871919255225,0.0,0.0,185
log1p_y,2024-12-25,2,8.013162559006966,12.01974383851045,10.016453198758708,0.0,0.0,161
log1p_y,2024-12-25,3,12.01974383851045,16.026325118013933,14.023034478262192,0.0,0.0,154
log1p_y,2024-12-25,4,16.026325118013933,20.032906397517415,18.029615757765676,0.0,0.0,162
log1p_y,2024-12-25,5,20.032906397517415,24.0394876770209,22.036197037269158,0.0,0.0,99
log1p_y,2024-12-25,6,24.0394876770209,28.046068956524383,26.04277831677264,0.0,0.0,96
log1p_y,2024-12-25,7,28.046068956524383,32.052650236027866,30.049359596276126,0.0,0.0,75
log1p_y,2024-12-25,8,32.052650236027866,36.05923151553135,34.05594087577961,0.0,0.0,96
log1p_y,2024-12-25,9,36.05923151553135,40.06581279503483,38.06252215528309,0.0,0.0,58
log1p_y,2024-12-25,10,40.06581279503483,44.072394074538316,42.06910343478657,0.0,0.0,38
log1p_y,2024-12-25,11,44.072394074538316,48.078975354041795,46.075684714290055,0.0,0.0,12
log1p_y,2024-12-26,0,0.0,4.006581279503483,2.0032906397517416,0.0,0.0,40
log1p_y,2024-12-26,1,4.006581279503483,8.013162559006966,6.009871919255225,0.0,0.0,185
log1p_y,2024-12-26,2,8.013162559006966,12.01974383851045,10.016453198758708,0.0,0.0,161
log1p_y,2024-12-26,3,12.01974383851045,16.026325118013933,14.023034478262192,0.0,0.0,154
log1p_y,2024-12-26,4,16.026325118013933,20.032906397517415,18.029615757765676,0.0,0.0,162
log1p_y,2024-12-26,5,20.032906397517415,24.0394876770209,22.036197037269158,0.0,0.0,99
log1p_y,2024-12-26,6,24.0394876770209,28.046068956524383,26.04277831677264,0.0,0.0,96
log1p_y,2024-12-26,7,28.046068956524383,32.052650236027866,30.049359596276126,0.0,0.0,75
log1p_y,2024-12-26,8,32.052650236027866,36.05923151553135,34.05594087577961,0.0,0.0,96
log1p_y,2024-12-26,9,36.05923151553135,40.06581279503483,38.06252215528309,0.0,0.0,58
log1p_y,2024-12-26,10,40.06581279503483,44.072394074538316,42.06910343478657,0.0,0.0,38
log1p_y,2024-12-26,11,44.072394074538316,48.078975354041795,46.075684714290055,0.0,0.0,12
log1p_y,2024-12-27,0,0.0,4.006581279503483,2.0032906397517416,0.06825777254723402,0.0,40
log1p_y,2024-12-27,1,4.006581279503483,8.013162559006966,6.009871919255225,0.16518428173927324,0.0,185
log1p_y,2024-12-27,2,8.013162559006966,12.01974383851045,10.016453198758708,0.22035236997215923,0.0,161
log1p_y,2024-12-27,3,12.01974383851045,16.026325118013933,14.023034478262192,0.08929981593730335,0.0,154
log1p_y,2024-12-27,4,16.026325118013933,20.032906397517415,18.029615757765676,0.12550802471873485,0.0,162
log1p_y,2024-12-27,5,20.032906397517415,24.0394876770209,22.036197037269158,0.1500351020295811,0.0,99
log1p_y,2024-12-27,6,24.0394876770209,28.046068956524383,26.04277831677264,0.23779768475229865,0.0,96
log1p_y,2024-12-27,7,28.046068956524383,32.052650236027866,30.049359596276126,0.2646912932068913,0.0,75
log1p_y,2024-12-27,8,32.052650236027866,36.05923151553135,34.05594087577961,0.2916408924181977,0.0,96
log1p_y,2024-12-27,9,36.05923151553135,40.06581279503483,38.06252215528309,0.10426679575176308,0.0,58
log1p_y,2024-12-27,10,40.06581279503483,44.072394074538316,42.06910343478657,0.03408276834184519,0.0,38
log1p_y,2024-12-27,11,44.072394074538316,48.078975354041795,46.075684714290055,0.0,0.0,12
log1p_y,2024-12-28,0,0.0,4.006581279503483,2.0032906397517416,0.11456123795037718,0.0,40
log1p_y,2024-12-28,1,4.006581279503483,8.013162559006966,6.009871919255225,0.24437641237315189,0.0,185
log1p_y,2024-12-28,2,8.013162559006966,12.01974383851045,10.016453198758708,0.3670253247896159,0.0,161
log1p_y,2024-12-28,3,12.01974383851045,16.026325118013933,14.023034478262192,0.1839983502515269,0.0,154
log1p_y,2024-12-28,4,16.026325118013933,20.032906397517415,18.029615757765676,0.25816178326432165,0.0,162
log1p_y,2024-12-28,5,20.032906397517415,24.0394876770209,22.036197037269158,0.28786076505082636,0.0,99
log1p_y,2024-12-28,6,24.0394876770209,28.046068956524383,26.04277831677264,0.4653058636556387,0.0,96
log1p_y,2024-12-28,7,28.046068956524383,32.052650236027866,30.049359596276126,0.49747285474126424,0.0,75
log1p_y,2024-12-28,8,32.052650236027866,36.05923151553135,34.05594087577961,0.5309561670657292,0.0,96
log1p_y,2024-12-28,9,36.05923151553135,40.06581279503483,38.06252215528309,0.23193136007627782,0.0,58
log1p_y,2024-12-28,10,40.06581279503483,44.072394074538316,42.06910343478657,0.10145413061525707,0.0,38
log1p_y,2024-12-28,11,44.072394074538316,48.078975354041795,46.075684714290055,0.020018875579925058,0.0,12
log1p_y,2024-12-29,0,0.0,4.006581279503483,2.0032906397517416,0.10644154098185073,0.0,40
log1p_y,2024-12-29,1,4.006581279503483,8.013162559006966,6.009871919255225,0.2544038431485243,0.0,185
log1p_y,2024-12-29,2,8.013162559006966,12.01974383851045,10.016453198758708,0.3517825842765179,0.0,161
log1p_y,2024-12-29,3,12.01974383851045,16.026325118013933,14.023034478262192,0.13958940405500814,0.0,154
log1p_y,2024-12-29,4,16.026325118013933,20.032906397517415,18.029615757765676,0.21033020497372387,0.0,162
log1p_y,2024-12-29,5,20.032906397517415,24.0394876770209,22.036197037269158,0.23383835280594156,0.0,99
log1p_y,2024-12-29,6,24.0394876770209,28.046068956524383,26.04277831677264,0.37694150069911747,0.0,96
log1p_y,2024-12-29,7,28.046068956524383,32.052650236027866,30.049359596276126,0.42977762838871303,0.0,75
log1p_y,2024-12-29,8,32.052650236027866,36.05923151553135,34.05594087577961,0.5472178603355737,0.0,96
log1p_y,2024-12-29,9,36.05923151553135,40.06581279503483,38.06252215528309,0.28022699239269155,0.0,58
log1p_y,2024-12-29,10,40.06581279503483,44.072394074538316,42.06910343478657,0.16755157525228856,0.0,38
log1p_y,2024-12-29,11,44.072394074538316,48.078975354041795,46.075684714290055,0.020018875579925058,0.0,12
log1p_y,2024-12-30,0,0.0,4.006581279503483,2.0032906397517416,0.04799781869394278,0.0,40
log1p_y,2024-12-30,1,4.006581279503483,8.013162559006966,6.009871919255225,0.21403732772786227,0.0,185
log1p_y,2024-12-30,2,8.013162559006966,12.01974383851045,10.016453198758708,0.27030598141190143,0.0,161
log1p_y,2024-12-30,3,12.01974383851045,16.026325118013933,14.023034478262192,0.11339269901235612,0.0,154
log1p_y,2024-12-30,4,16.026325118013933,20.032906397517415,18.029615757765676,0.16215560899354203,0.0,162
log1p_y,2024-12-30,5,20.032906397517415,24.0394876770209,22.036197037269158,0.18448623648414522,0.0,99
log1p_y,2024-12-30,6,24.0394876770209,28.046068956524383,26.04277831677264,0.2959222369169607,0.0,96
log1p_y,2024-12-30,7,28.046068956524383,32.052650236027866,30.049359596276126,0.35197395399278636,0.0,75
log1p_y,2024-12-30,8,32.052650236027866,36.05923151553135,34.05594087577961,0.41637061085753313,0.0,96
log1p_y,2024-12-30,9,36.05923151553135,40.06581279503483,38.06252215528309,0.20197576321306238,0.0,58
log1p_y,2024-12-30,10,40.06581279503483,44.072394074538316,42.06910343478657,0.09746596303466076,0.0,38
log1p_y,2024-12-30,11,44.072394074538316,48.078975354041795,46.075684714290055,0.0,0.0,12
log1p_y,2024-12-31,0,0.0,4.006581279503483,2.0032906397517416,0.0,0.0,40
log1p_y,2024-12-31,1,4.006581279503483,8.013162559006966,6.009871919255225,0.0,0.0,185
log1p_y,2024-12-31,2,8.013162559006966,12.01974383851045,10.016453198758708,0.0,0.0,161
log1p_y,2024-12-31,3,12.01974383851045,16.026325118013933,14.023034478262192,0.0,0.0,154
log1p_y,2024-12-31,4,16.026325118013933,20.032906397517415,18.029615757765676,0.0,0.0,162
log1p_y,2024-12-31,5,20.032906397517415,24.0394876770209,22.036197037269158,0.0,0.0,99
log1p_y,2024-12-31,6,24.0394876770209,28.046068956524383,26.04277831677264,0.0,0.0,96
log1p_y,2024-12-31,7,28.046068956524383,32.052650236027866,30.049359596276126,0.0,0.0,75
log1p_y,2024-12-31,8,32.052650236027866,36.05923151553135,34.05594087577961,0.0,0.0,96
log1p_y,2024-12-31,9,36.05923151553135,40.06581279503483,38.06252215528309,0.0,0.0,58
log1p_y,2024-12-31,10,40.06581279503483,44.072394074538316,42.06910343478657,0.0,0.0,38
log1p_y,2024-12-31,11,44.072394074538316,48.078975354041795,46.075684714290055,0.0,0.0,12
