{
"type": "FeatureCollection",
"name": "marine_regions_italian_waters",
"crs": { "type": "name", "properties": { "name": "urn:ogc:def:crs:OGC:1.3:CRS84" } },
"features": [
{ "type": "Feature", "properties": { "mrgid": 5682, "geoname": "Italian Exclusive Economic Zone" }, "geometry": { "type": "Polygon", "coordinates": [ [ [ 13.02027798, 45.6303724 ], [ 13.02082145, 45.63055241 ], [ 13.02941, 45.63060904 ], [ 13.03022814, 45.63077974 ], [ 13.03114295, 45.63091981 ], [ 13.03194606, 45.63108385 ], [ 13.03278637, 45.63129151 ], [ 13.03384137, 45.63156295 ], [ 13.03503776, 45.63177741 ], [ 13.03595531, 45.63191307 ], [ 13.03662765, 45.63190627 ], [ 13.03715634, 45.6317718 ], [ 13.04225194, 45.63169634 ], [ 13.04265022, 45.63197541 ], [ 13.05379832, 45.63197541 ], [ 13.05419636, 45.63225436 ], [ 13.05937231, 45.63225436 ], [ 13.05977035, 45.63253343 ], [ 13.06389415, 45.63261306 ], [ 13.06417847, 45.63277257 ], [ 13.06451964, 45.63285232 ], [ 13.06480408, 45.63301182 ], [ 13.06851625, 45.63316691 ], [ 13.06892395, 45.63328016 ], [ 13.06935966, 45.63327253 ], [ 13.06984556, 45.63317656 ], [ 13.07031918, 45.63315713 ], [ 13.07061195, 45.63327587 ], [ 13.07081866, 45.63346446 ], [ 13.07121181, 45.63358712 ], [ 13.07186914, 45.6335746 ], [ 13.07252586, 45.63348126 ], [ 13.07313955, 45.63344514 ], [ 13.07378542, 45.63345683 ], [ 13.07473028, 45.63343406 ], [ 13.07598221, 45.6335057 ], [ 13.07685661, 45.63373518 ], [ 13.07721865, 45.63400233 ], [ 13.07737195, 45.6342355 ], [ 13.0808084, 45.63420224 ], [ 13.08141208, 45.63397646 ], [ 13.08209646, 45.63374543 ], [ 13.08274233, 45.63350117 ], [ 13.08318424, 45.63342035 ], [ 13.08343291, 45.63354993 ], [ 13.08365107, 45.6338129 ], [ 13.08399975, 45.63405502 ], [ 13.08441305, 45.63412714 ], [ 13.08485246, 45.63410294 ], [ 13.08535576, 45.63415611 ], [ 13.08594155, 45.63427103 ], [ 13.08652616, 45.63442195 ], [ 13.08710563, 45.63453674 ], [ 13.08765125, 45.63459253 ], [ 13.08828664, 45.63457751 ], [ 13.08908427, 45.63466454 ], [ 13.08983266, 45.63490307 ], [ 13.09050143, 45.63512313 ], [ 13.09134781, 45.63525677 ], [ 13.09242225, 45.63520181 ], [ 13.09318602, 45.63495874 ], [ 13.09352827, 45.63469517 ], [ 13.09373486, 45.63452494 ], [ 13.09397435, 45.63443828 ], [ 13.09462476, 45.63473606 ], [ 13.09565425, 45.63483906 ], [ 13.09636831, 45.63497627 ], [ 13.09692562, 45.6351068 ], [ 13.09759974, 45.63523507 ], [ 13.09837067, 45.63533556 ], [ 13.09877634, 45.63547575 ], [ 13.0988481, 45.63573182 ], [ 13.09895206, 45.63616335 ], [ 13.09919214, 45.63679194 ], [ 13.09956586, 45.63747513 ], [ 13.09988296, 45.6380918 ], [ 13.10014224, 45.63851833 ], [ 13.10029733, 45.63883185 ], [ 13.10028303, 45.63917446 ], [ 13.09999394, 45.63963866 ], [ 13.09961247, 45.64020026 ], [ 13.09919763, 45.64082205 ], [ 13.09889662, 45.64145875 ], [ 13.09866512, 45.64203835 ], [ 13.09848487, 45.64260662 ], [ 13.09830284, 45.64308441 ], [ 13.09814215, 45.64345801 ], [ 13.09793007, 45.64366627 ], [ 13.09764242, 45.64375734 ], [ 13.09712863, 45.64405167 ], [ 13.09653866, 45.64465666 ], [ 13.09583855, 45.64529502 ], [ 13.095384, 45.64571774 ], [ 13.09511185, 45.64589465 ], [ 13.09487247, 45.64596856 ], [ 13.09462702, 45.64613426 ], [ 13.09427345, 45.64651692 ], [ 13.09377503, 45.64707935 ], [ 13.09341466, 45.64756632 ], [ 13.09310496, 45.64785981 ], [ 13.09267294, 45.6481142 ], [ 13.09213984, 45.64848936 ], [ 13.09164834, 45.64886856 ], [ 13.09102213, 45.64916897 ], [ 13.09027636, 45.64935541 ], [ 13.08967114, 45.64950156 ], [ 13.0891906, 45.64962637 ], [ 13.08869803, 45.64976633 ], [ 13.08814621, 45.64989984 ], [ 13.08764887, 45.65004694 ], [ 13.08722043, 45.65018177 ], [ 13.08683455, 45.65031898 ], [ 13.08649576, 45.65042508 ], [ 13.08621144, 45.65052664 ], [ 13.08603728, 45.65098035 ], [ 13.08510816, 45.65150166 ], [ 13.08451402, 45.65177464 ], [ 13.0842303, 45.65193403 ], [ 13.08407867, 45.65222001 ], [ 13.083956, 45.65285981 ], [ 13.08397102, 45.6539309 ], [ 13.08412445, 45.65517211 ], [ 13.08427835, 45.65671873 ], [ 13.08242154, 45.65813184 ], [ 13.08194602, 45.65832663 ], [ 13.08159697, 45.65862298 ], [ 13.08161986, 45.65895724 ], [ 13.08193564, 45.65912676 ], [ 13.0819962, 45.65915906 ], [ 13.08207941, 45.65920377 ], [ 13.08279324, 45.65919948 ], [ 13.08353508, 45.65895617 ], [ 13.08420873, 45.65861845 ], [ 13.08485556, 45.65815794 ], [ 13.08542275, 45.65764022 ], [ 13.08594584, 45.65710103 ], [ 13.08613324, 45.65668547 ], [ 13.0860095, 45.65637732 ], [ 13.08579814, 45.65608954 ], [ 13.08556414, 45.65575314 ], [ 13.08534765, 45.65535712 ], [ 13.08509028, 45.65497386 ], [ 13.08496225, 45.65247273 ], [ 13.08555377, 45.65215325 ], [ 13.08635831, 45.65182555 ], [ 13.08761287, 45.65144253 ], [ 13.08905017, 45.65117526 ], [ 13.08999896, 45.65100574 ], [ 13.09044933, 45.65089417 ], [ 13.09061837, 45.65076101 ], [ 13.09070778, 45.65059531 ], [ 13.09089541, 45.65044737 ], [ 13.09123075, 45.65027762 ], [ 13.09164155, 45.64998615 ], [ 13.09208214, 45.64960063 ], [ 13.0926578, 45.64919794 ], [ 13.09323847, 45.64890635 ], [ 13.09645498, 45.6467998 ], [ 13.09673405, 45.64671874 ], [ 13.09692407, 45.64657986 ], [ 13.09704554, 45.64639962 ], [ 13.09722066, 45.64624882 ], [ 13.09752393, 45.64612615 ], [ 13.09800363, 45.64598048 ], [ 13.09879005, 45.64583313 ], [ 13.10002196, 45.64569068 ], [ 13.10155404, 45.64565182 ], [ 13.10240006, 45.64578605 ], [ 13.10244322, 45.64614296 ], [ 13.10210931, 45.6467458 ], [ 13.10194063, 45.64747465 ], [ 13.10202074, 45.64810991 ], [ 13.10221744, 45.65044916 ], [ 13.10246825, 45.65103686 ], [ 13.10266447, 45.65171075 ], [ 13.10285795, 45.65232408 ], [ 13.10304701, 45.65290058 ], [ 13.10332108, 45.65342212 ], [ 13.10371911, 45.65398395 ], [ 13.10419774, 45.65455723 ], [ 13.10438216, 45.65499127 ], [ 13.10432541, 45.65531194 ], [ 13.10438681, 45.65558922 ], [ 13.10469615, 45.65583003 ], [ 13.10505331, 45.65602624 ], [ 13.10530496, 45.65632772 ], [ 13.10547853, 45.65678382 ], [ 13.10566711, 45.65719116 ], [ 13.10585082, 45.65750384 ], [ 13.10605693, 45.65777886 ], [ 13.10624886, 45.65808845 ], [ 13.10645676, 45.65850544 ], [ 13.10664976, 45.65901685 ], [ 13.10686004, 45.65943885 ], [ 13.10705245, 45.65975726 ], [ 13.10724676, 45.66003168 ], [ 13.10739088, 45.66029763 ], [ 13.10757411, 45.66038287 ], [ 13.10785174, 45.66046166 ], [ 13.10810852, 45.66063631 ], [ 13.10846186, 45.66094625 ], [ 13.10900354, 45.66130996 ], [ 13.10946131, 45.66158223 ], [ 13.10966575, 45.66189802 ], [ 13.10962045, 45.66236281 ], [ 13.1094892, 45.66285086 ], [ 13.10956681, 45.66337264 ], [ 13.10991192, 45.6639322 ], [ 13.11030495, 45.66450596 ], [ 13.11069298, 45.66504657 ], [ 13.11095154, 45.66546905 ], [ 13.11121261, 45.66571105 ], [ 13.11163378, 45.66588807 ], [ 13.11222422, 45.66614163 ], [ 13.11285925, 45.66647017 ], [ 13.11347044, 45.66696775 ], [ 13.11392427, 45.66755271 ], [ 13.11430645, 45.66811705 ], [ 13.11458135, 45.6685549 ], [ 13.11490154, 45.66878462 ], [ 13.1153388, 45.66887724 ], [ 13.11575115, 45.66894555 ], [ 13.11563933, 45.66918671 ], [ 13.11600184, 45.66933775 ], [ 13.11647475, 45.66957295 ], [ 13.11698806, 45.66994071 ], [ 13.11732233, 45.67025995 ], [ 13.11761463, 45.67046773 ], [ 13.11804283, 45.67065167 ], [ 13.11857927, 45.6708858 ], [ 13.11900747, 45.67106914 ], [ 13.11924696, 45.67123628 ], [ 13.11938715, 45.67141151 ], [ 13.11957622, 45.67154407 ], [ 13.11982524, 45.67164183 ], [ 13.12002325, 45.67178071 ], [ 13.12014067, 45.67197776 ], [ 13.12282455, 45.67400396 ], [ 13.12294185, 45.67420077 ], [ 13.12314093, 45.67434025 ], [ 13.12339485, 45.67444146 ], [ 13.12359393, 45.67458093 ], [ 13.12373805, 45.67475891 ], [ 13.12393725, 45.67489827 ], [ 13.12421823, 45.67498052 ], [ 13.12791193, 45.67742205 ], [ 13.12817347, 45.67749226 ], [ 13.12834394, 45.67761683 ], [ 13.12847137, 45.67779255 ], [ 13.12876546, 45.67800248 ], [ 13.12940454, 45.67833436 ], [ 13.13028646, 45.67881012 ], [ 13.13091338, 45.67913306 ], [ 13.13118148, 45.6793251 ], [ 13.13129044, 45.67948997 ], [ 13.13153875, 45.67967558 ], [ 13.13213921, 45.67999172 ], [ 13.13304901, 45.68048191 ], [ 13.13391197, 45.68089545 ], [ 13.13627315, 45.68244445 ], [ 13.13653541, 45.68251467 ], [ 13.13670576, 45.68263865 ], [ 13.13683093, 45.68281364 ], [ 13.13711691, 45.68302321 ], [ 13.13774455, 45.68335724 ], [ 13.1386348, 45.68384326 ], [ 13.13934696, 45.68418658 ], [ 13.13983536, 45.68438566 ], [ 13.14023376, 45.68450928 ], [ 13.14063024, 45.68464983 ], [ 13.14103806, 45.68482888 ], [ 13.14139473, 45.68508315 ], [ 13.1416285, 45.68532491 ], [ 13.14189923, 45.68551433 ], [ 13.14234257, 45.68574786 ], [ 13.14288175, 45.68612576 ], [ 13.14329505, 45.68652987 ], [ 13.14497364, 45.68777895 ], [ 13.14537168, 45.68777895 ], [ 13.14736235, 45.68917406 ], [ 13.14776063, 45.68917406 ], [ 13.15030634, 45.69098926 ], [ 13.15045047, 45.69126666 ], [ 13.15064502, 45.69154096 ], [ 13.15083754, 45.69181061 ], [ 13.15104771, 45.69208574 ], [ 13.15124035, 45.69240236 ], [ 13.15144765, 45.69281936 ], [ 13.15163863, 45.6933223 ], [ 13.15184486, 45.69373953 ], [ 13.15203536, 45.69409478 ], [ 13.15224278, 45.69450974 ], [ 13.15243995, 45.69500971 ], [ 13.15266192, 45.69542992 ], [ 13.15286767, 45.69577265 ], [ 13.15304005, 45.69611025 ], [ 13.15304494, 45.69643331 ], [ 13.15286243, 45.69662941 ], [ 13.15265012, 45.69675863 ], [ 13.15265727, 45.69701326 ], [ 13.15290356, 45.69748831 ], [ 13.15302396, 45.69801211 ], [ 13.15289462, 45.69832325 ], [ 13.15263176, 45.69845915 ], [ 13.15241373, 45.69858575 ], [ 13.15228307, 45.69876373 ], [ 13.15208685, 45.69890451 ], [ 13.15181065, 45.69898272 ], [ 13.15161848, 45.69911706 ], [ 13.15147793, 45.69929385 ], [ 13.15125382, 45.69945574 ], [ 13.15090334, 45.69963276 ], [ 13.15053964, 45.69988763 ], [ 13.15029836, 45.70012605 ], [ 13.15009212, 45.70027041 ], [ 13.14985502, 45.70036626 ], [ 13.14958012, 45.70055795 ], [ 13.14913225, 45.70094073 ], [ 13.14844513, 45.70142555 ], [ 13.14790654, 45.70174766 ], [ 13.14761484, 45.70197904 ], [ 13.14735961, 45.70223272 ], [ 13.14687836, 45.70244205 ], [ 13.14618933, 45.70243275 ], [ 13.14548445, 45.70221364 ], [ 13.14491951, 45.70194626 ], [ 13.14450967, 45.70158374 ], [ 13.14426124, 45.70109761 ], [ 13.14405882, 45.70046616 ], [ 13.14386857, 45.69967938 ], [ 13.14362514, 45.6989814 ], [ 13.14356935, 45.69882464 ], [ 13.14327884, 45.69851255 ], [ 13.14297712, 45.69815481 ], [ 13.14259255, 45.6977458 ], [ 13.14222491, 45.69737875 ], [ 13.14182031, 45.69710326 ], [ 13.14145923, 45.69694364 ], [ 13.14121103, 45.69679177 ], [ 13.14103508, 45.69657624 ], [ 13.14089465, 45.69631016 ], [ 13.14091921, 45.69600821 ], [ 13.14111376, 45.69565392 ], [ 13.14130723, 45.69525194 ], [ 13.14135015, 45.69488454 ], [ 13.14104485, 45.69455636 ], [ 13.1404556, 45.69423234 ], [ 13.13970268, 45.69385302 ], [ 13.1389724, 45.69358444 ], [ 13.13810217, 45.69340527 ], [ 13.13703501, 45.69327986 ], [ 13.13624954, 45.69315505 ], [ 13.13581753, 45.69304383 ], [ 13.13562167, 45.69289756 ], [ 13.13553047, 45.69270635 ], [ 13.13543475, 45.69251478 ], [ 13.13500965, 45.69243908 ], [ 13.13409138, 45.69209385 ], [ 13.13323796, 45.69187164 ], [ 13.13262045, 45.69175327 ], [ 13.13217926, 45.69177747 ], [ 13.13181794, 45.69189167 ], [ 13.13152015, 45.69192195 ], [ 13.13128245, 45.69177473 ], [ 13.13098061, 45.69145262 ], [ 13.13048816, 45.69107103 ], [ 13.12992477, 45.69081163 ], [ 13.12914085, 45.6906023 ], [ 13.12789857, 45.69033456 ], [ 13.12632525, 45.68994617 ], [ 13.12469971, 45.68960536 ], [ 13.1235882, 45.68931484 ], [ 13.12305701, 45.68912888 ], [ 13.12288272, 45.68897057 ], [ 13.12282646, 45.68879807 ], [ 13.12266433, 45.68865526 ], [ 13.12224066, 45.68853772 ], [ 13.12144744, 45.68839991 ], [ 13.12037694, 45.68826723 ], [ 13.11954975, 45.68813062 ], [ 13.11896396, 45.68802845 ], [ 13.11850607, 45.68783045 ], [ 13.11731195, 45.68762445 ], [ 13.11642814, 45.68736684 ], [ 13.11584556, 45.68716371 ], [ 13.11534655, 45.68699706 ], [ 13.11481166, 45.68685853 ], [ 13.11432874, 45.68671274 ], [ 13.11390734, 45.68660116 ], [ 13.11351144, 45.68654644 ], [ 13.11311913, 45.68658316 ], [ 13.11272383, 45.68657565 ], [ 13.11232614, 45.68646955 ], [ 13.11192775, 45.68632507 ], [ 13.11152935, 45.68613672 ], [ 13.10717094, 45.68614161 ], [ 13.10631168, 45.68653715 ], [ 13.10542405, 45.68690145 ], [ 13.10457957, 45.68729043 ], [ 13.10396922, 45.68755448 ], [ 13.10353696, 45.68772566 ], [ 13.10315871, 45.68785083 ], [ 13.10275078, 45.68800545 ], [ 13.10225916, 45.68820512 ], [ 13.10169625, 45.68846178 ], [ 13.10119045, 45.68866086 ], [ 13.10074365, 45.68882883 ], [ 13.10031187, 45.68900585 ], [ 13.09991765, 45.68926871 ], [ 13.09964323, 45.68958366 ], [ 13.09946275, 45.68994284 ], [ 13.09946835, 45.69034112 ], [ 13.09966862, 45.69071114 ], [ 13.09997547, 45.69107926 ], [ 13.10036397, 45.69146776 ], [ 13.10066426, 45.69180155 ], [ 13.10090268, 45.6920861 ], [ 13.10109174, 45.69239044 ], [ 13.10127831, 45.69281197 ], [ 13.10141695, 45.69339383 ], [ 13.10171855, 45.6939162 ], [ 13.10186136, 45.69429696 ], [ 13.10204375, 45.69478321 ], [ 13.10239196, 45.69541037 ], [ 13.10248685, 45.69571996 ], [ 13.10223007, 45.69572937 ], [ 13.10174203, 45.69553232 ], [ 13.10130477, 45.69534016 ], [ 13.10098433, 45.69510961 ], [ 13.10061908, 45.69470751 ], [ 13.10011745, 45.69413817 ], [ 13.09975374, 45.69364905 ], [ 13.09948695, 45.69339061 ], [ 13.09923887, 45.69327557 ], [ 13.09905481, 45.69315326 ], [ 13.09892023, 45.69299614 ], [ 13.098737, 45.69287491 ], [ 13.09849155, 45.69278336 ], [ 13.09822905, 45.69260561 ], [ 13.09786356, 45.69224322 ], [ 13.09733522, 45.69172561 ], [ 13.09689605, 45.69122708 ], [ 13.09440911, 45.68945312 ], [ 13.09011364, 45.68948245 ], [ 13.08942735, 45.68966055 ], [ 13.08864081, 45.68980336 ], [ 13.08785796, 45.68994761 ], [ 13.08703935, 45.69007921 ], [ 13.08625305, 45.69022322 ], [ 13.08543253, 45.69035685 ], [ 13.08464277, 45.69050205 ], [ 13.08384287, 45.69063604 ], [ 13.08315134, 45.69078076 ], [ 13.08254814, 45.69091415 ], [ 13.08207095, 45.69106007 ], [ 13.08168101, 45.69119883 ], [ 13.08130121, 45.69135356 ], [ 13.08082652, 45.69149291 ], [ 13.08012187, 45.69160211 ], [ 13.07922018, 45.69159615 ], [ 13.07852626, 45.69150186 ], [ 13.07809567, 45.69146025 ], [ 13.07781124, 45.69149744 ], [ 13.07799554, 45.69492042 ], [ 13.07842648, 45.69554412 ], [ 13.07872415, 45.69608414 ], [ 13.07908213, 45.69640243 ], [ 13.0796566, 45.696612 ], [ 13.08032966, 45.6968677 ], [ 13.08099318, 45.69712841 ], [ 13.08169734, 45.69740307 ], [ 13.08237004, 45.69759893 ], [ 13.08289123, 45.69774544 ], [ 13.08324826, 45.69787371 ], [ 13.08342695, 45.6980834 ], [ 13.08343065, 45.6983937 ], [ 13.08332205, 45.69868934 ], [ 13.07984495, 45.69855642 ], [ 13.07868385, 45.69842613 ], [ 13.07738698, 45.69848955 ], [ 13.07644773, 45.69884527 ], [ 13.07584405, 45.69941854 ], [ 13.07533336, 45.70001757 ], [ 13.07514274, 45.70041502 ], [ 13.07532215, 45.70061922 ], [ 13.07577717, 45.70077527 ], [ 13.07634056, 45.70098722 ], [ 13.07677925, 45.70120275 ], [ 13.0770725, 45.70155215 ], [ 13.07740533, 45.70210564 ], [ 13.07791758, 45.70261693 ], [ 13.07839024, 45.70289171 ], [ 13.07875276, 45.70304072 ], [ 13.07868242, 45.703125 ], [ 13.07852435, 45.703125 ], [ 13.07858384, 45.70375407 ], [ 13.07828975, 45.70427012 ], [ 13.07782221, 45.70486641 ], [ 13.07688868, 45.70542324 ], [ 13.07562506, 45.70593143 ], [ 13.07455206, 45.70659125 ], [ 13.07399952, 45.70728815 ], [ 13.07374561, 45.70789051 ], [ 13.07359636, 45.70843613 ], [ 13.07342672, 45.70884395 ], [ 13.0732522, 45.70915222 ], [ 13.0730319, 45.70943427 ], [ 13.07276475, 45.70971537 ], [ 13.07239747, 45.70995808 ], [ 13.07204366, 45.71011722 ], [ 13.07174873, 45.71032035 ], [ 13.07138205, 45.71069336 ], [ 13.07087302, 45.71119106 ], [ 13.07049978, 45.71156371 ], [ 13.07021797, 45.71174645 ], [ 13.06995535, 45.71183491 ], [ 13.06979954, 45.71196485 ], [ 13.06982875, 45.71218455 ], [ 13.06999767, 45.71245754 ], [ 13.07016075, 45.71274567 ], [ 13.07034087, 45.71287811 ], [ 13.07072413, 45.71297598 ], [ 13.07109797, 45.71307075 ], [ 13.07147884, 45.71307755 ], [ 13.07195115, 45.71304595 ], [ 13.07267845, 45.71313012 ], [ 13.07370114, 45.71331966 ], [ 13.07466924, 45.71355593 ], [ 13.07544172, 45.71364951 ], [ 13.07606268, 45.71361685 ], [ 13.07666743, 45.71357906 ], [ 13.07725847, 45.71341634 ], [ 13.07782924, 45.71288204 ], [ 13.07831442, 45.71215093 ], [ 13.07893646, 45.71161997 ], [ 13.07969236, 45.71137846 ], [ 13.08031046, 45.71130872 ], [ 13.08075905, 45.71137786 ], [ 13.08108664, 45.71150768 ], [ 13.08130646, 45.71174312 ], [ 13.08147132, 45.71211445 ], [ 13.08161402, 45.71253133 ], [ 13.08160758, 45.71295142 ], [ 13.08145511, 45.71330595 ], [ 13.0812999, 45.71361256 ], [ 13.08101904, 45.71388412 ], [ 13.08075345, 45.71442795 ], [ 13.08034861, 45.71493745 ], [ 13.07981443, 45.71538866 ], [ 13.07901776, 45.71577656 ], [ 13.07819653, 45.71600378 ], [ 13.07774126, 45.71615994 ], [ 13.07771146, 45.71631646 ], [ 13.07805955, 45.71647072 ], [ 13.07870626, 45.71669686 ], [ 13.07940376, 45.71709347 ], [ 13.07998931, 45.71757722 ], [ 13.08064306, 45.71813905 ], [ 13.08454204, 45.71811974 ], [ 13.08499146, 45.71797526 ], [ 13.08599007, 45.71795535 ], [ 13.08633983, 45.71801996 ], [ 13.08643365, 45.72166038 ], [ 13.08676386, 45.72179461 ], [ 13.08723867, 45.72197521 ], [ 13.08789587, 45.72222996 ], [ 13.08859503, 45.72243536 ], [ 13.08921528, 45.72259355 ], [ 13.08976293, 45.72269797 ], [ 13.09019315, 45.72279334 ], [ 13.0899775, 45.72555196 ], [ 13.08991206, 45.72583532 ], [ 13.09004438, 45.72619641 ], [ 13.09032595, 45.72673464 ], [ 13.09065628, 45.72747886 ], [ 13.09075344, 45.72832406 ], [ 13.09065151, 45.72897232 ], [ 13.09062946, 45.72948146 ], [ 13.09078944, 45.72997272 ], [ 13.09106505, 45.73050117 ], [ 13.09145844, 45.73089278 ], [ 13.09181917, 45.73109341 ], [ 13.09204137, 45.73124087 ], [ 13.09217596, 45.7314043 ], [ 13.09236872, 45.73154426 ], [ 13.09267485, 45.73166513 ], [ 13.09305692, 45.7318114 ], [ 13.0935148, 45.73195195 ], [ 13.09412253, 45.73206913 ], [ 13.0948863, 45.73206997 ], [ 13.09559202, 45.73195481 ], [ 13.09621382, 45.7318145 ], [ 13.09670925, 45.73166013 ], [ 13.09712255, 45.7315129 ], [ 13.09751022, 45.73133373 ], [ 13.09830475, 45.73135436 ], [ 13.09845054, 45.73104644 ], [ 13.09860325, 45.73068094 ], [ 13.09879994, 45.73033607 ], [ 13.09898913, 45.73003113 ], [ 13.09918642, 45.72975755 ], [ 13.09935856, 45.72953451 ], [ 13.09957147, 45.72939205 ], [ 13.09982467, 45.72929466 ], [ 13.10002434, 45.72915995 ], [ 13.10017395, 45.72898698 ], [ 13.10037351, 45.72884798 ], [ 13.10062015, 45.72874415 ], [ 13.10080993, 45.72860432 ], [ 13.10094476, 45.72842395 ], [ 13.10115123, 45.72826767 ], [ 13.10150313, 45.72814214 ], [ 13.10198212, 45.72802806 ], [ 13.10251331, 45.72799826 ], [ 13.1029644, 45.72804976 ], [ 13.10291052, 45.73111987 ], [ 13.10260665, 45.73120105 ], [ 13.10229933, 45.73140967 ], [ 13.10210097, 45.73197865 ], [ 13.10214531, 45.73285913 ], [ 13.10253978, 45.73343587 ], [ 13.1032418, 45.73366976 ], [ 13.10394883, 45.73379231 ], [ 13.10459375, 45.73390222 ], [ 13.10515141, 45.73405862 ], [ 13.10874248, 45.73414338 ], [ 13.10913765, 45.73364484 ], [ 13.1094712, 45.73306215 ], [ 13.1098175, 45.73237383 ], [ 13.11014342, 45.73170745 ], [ 13.11069202, 45.73137283 ], [ 13.1115818, 45.73137045 ], [ 13.11246991, 45.73150218 ], [ 13.11321676, 45.73148942 ], [ 13.11362195, 45.73117352 ], [ 13.11379385, 45.73064125 ], [ 13.11396945, 45.73026955 ], [ 13.11422515, 45.73008347 ], [ 13.11747587, 45.72795761 ], [ 13.12106717, 45.72786832 ], [ 13.12149584, 45.72774494 ], [ 13.12192452, 45.72777808 ], [ 13.12230265, 45.72800255 ], [ 13.12255514, 45.72833002 ], [ 13.12278235, 45.72877955 ], [ 13.12305653, 45.72942197 ], [ 13.12347424, 45.73020124 ], [ 13.12397611, 45.73106265 ], [ 13.12459695, 45.73180807 ], [ 13.12511575, 45.73239231 ], [ 13.12548494, 45.73302746 ], [ 13.12547576, 45.73378313 ], [ 13.12508166, 45.73449886 ], [ 13.12453675, 45.73518956 ], [ 13.12396324, 45.73590887 ], [ 13.12375188, 45.73655975 ], [ 13.12398374, 45.73706901 ], [ 13.12455726, 45.73759842 ], [ 13.12529182, 45.73821604 ], [ 13.12550676, 45.73865271 ], [ 13.12491024, 45.73882926 ], [ 13.12373173, 45.73880064 ], [ 13.12277412, 45.73866475 ], [ 13.12210715, 45.73853815 ], [ 13.12190247, 45.73831081 ], [ 13.12145662, 45.73820972 ], [ 13.12095118, 45.73807347 ], [ 13.12038684, 45.73793864 ], [ 13.11988997, 45.73779118 ], [ 13.11947036, 45.73765647 ], [ 13.11907732, 45.73751163 ], [ 13.11865723, 45.73737764 ], [ 13.11815941, 45.7372303 ], [ 13.11759341, 45.73708975 ], [ 13.11708951, 45.73693645 ], [ 13.11665547, 45.73681295 ], [ 13.11625016, 45.73674405 ], [ 13.11586523, 45.73678923 ], [ 13.1155405, 45.73688221 ], [ 13.11532116, 45.73704135 ], [ 13.11515975, 45.73731804 ], [ 13.11497188, 45.73773873 ], [ 13.11478603, 45.73825574 ], [ 13.11457765, 45.73866522 ], [ 13.11438286, 45.73894274 ], [ 13.11417127, 45.7391777 ], [ 13.11397803, 45.73954415 ], [ 13.11378312, 45.74033415 ], [ 13.11363852, 45.74168241 ], [ 13.11403883, 45.74222863 ], [ 13.11435211, 45.74270594 ], [ 13.11465764, 45.74334693 ], [ 13.11465943, 45.74412 ], [ 13.11433876, 45.74477065 ], [ 13.11395895, 45.74521887 ], [ 13.1135509, 45.7454946 ], [ 13.11319828, 45.74552751 ], [ 13.11289382, 45.74527097 ], [ 13.11244571, 45.74474525 ], [ 13.11175334, 45.74417055 ], [ 13.11120355, 45.74382985 ], [ 13.11092806, 45.74363506 ], [ 13.11079502, 45.74346685 ], [ 13.11060321, 45.74332488 ], [ 13.11028373, 45.74319875 ], [ 13.10990536, 45.74307597 ], [ 13.10955965, 45.74306047 ], [ 13.10928702, 45.74320996 ], [ 13.10902226, 45.74350166 ], [ 13.10876334, 45.74381983 ], [ 13.10876703, 45.74401546 ], [ 13.10898364, 45.74420345 ], [ 13.10919905, 45.74470532 ], [ 13.10933864, 45.74565792 ], [ 13.10939145, 45.74612606 ], [ 13.11010027, 45.74576211 ], [ 13.11092615, 45.74544394 ], [ 13.11175251, 45.74559724 ], [ 13.11251116, 45.74639535 ], [ 13.11295188, 45.74744081 ], [ 13.11320484, 45.74816203 ], [ 13.11345565, 45.74856365 ], [ 13.11391008, 45.74880552 ], [ 13.11455727, 45.74895024 ], [ 13.11532915, 45.74911034 ], [ 13.11622703, 45.74935424 ], [ 13.11697626, 45.74973333 ], [ 13.11738622, 45.75010455 ], [ 13.11764622, 45.75044215 ], [ 13.11790848, 45.75080097 ], [ 13.1182512, 45.75118172 ], [ 13.11852574, 45.75146294 ], [ 13.11878741, 45.75161183 ], [ 13.1190598, 45.75173581 ], [ 13.1192044, 45.75202918 ], [ 13.1190865, 45.75255275 ], [ 13.11873162, 45.75309145 ], [ 13.11835206, 45.75352812 ], [ 13.11792147, 45.75392115 ], [ 13.11746812, 45.75390017 ], [ 13.11735284, 45.75408566 ], [ 13.11722803, 45.75426984 ], [ 13.11699736, 45.75441623 ], [ 13.11663067, 45.75456464 ], [ 13.11623394, 45.75480354 ], [ 13.11594915, 45.75512993 ], [ 13.11576831, 45.75562358 ], [ 13.11577213, 45.75637257 ], [ 13.11593294, 45.7572931 ], [ 13.11611664, 45.75833344 ], [ 13.11633754, 45.75904596 ], [ 13.11665237, 45.75944555 ], [ 13.11723352, 45.75969505 ], [ 13.11801291, 45.75985765 ], [ 13.11874294, 45.76002622 ], [ 13.12410486, 45.75997651 ], [ 13.12467837, 45.75997114 ], [ 13.12479544, 45.76047766 ], [ 13.12491333, 45.76103354 ], [ 13.12511277, 45.76138484 ], [ 13.12542117, 45.76155424 ], [ 13.12580335, 45.76168835 ], [ 13.12628901, 45.76180863 ], [ 13.12699842, 45.76190925 ], [ 13.12792885, 45.76190472 ], [ 13.12873662, 45.76182735 ], [ 13.12938571, 45.76182806 ], [ 13.12987745, 45.7619065 ], [ 13.13028336, 45.76191056 ], [ 13.13066995, 45.76180303 ], [ 13.13106275, 45.76166403 ], [ 13.13146555, 45.76150966 ], [ 13.13187063, 45.76137686 ], [ 13.13225603, 45.76124883 ], [ 13.13258123, 45.76113951 ], [ 13.13282931, 45.76097393 ], [ 13.13309383, 45.76069117 ], [ 13.13345182, 45.76031804 ], [ 13.13374126, 45.75991964 ], [ 13.13396501, 45.75939512 ], [ 13.13410985, 45.75865591 ], [ 13.13443661, 45.75822687 ], [ 13.13427496, 45.75776541 ], [ 13.13421011, 45.75728095 ], [ 13.13452661, 45.75666523 ], [ 13.1352061, 45.75598633 ], [ 13.13569963, 45.75548935 ], [ 13.1358819, 45.7551043 ], [ 13.13577187, 45.75462735 ], [ 13.13556206, 45.75400031 ], [ 13.13537395, 45.75344634 ], [ 13.13537097, 45.75297713 ], [ 13.13554776, 45.75256455 ], [ 13.13573825, 45.75216055 ], [ 13.13584888, 45.75179303 ], [ 13.13577735, 45.75143456 ], [ 13.13562274, 45.75109685 ], [ 13.13539743, 45.75089025 ], [ 13.13513207, 45.75078154 ], [ 13.1349169, 45.75064373 ], [ 13.13473511, 45.75042486 ], [ 13.13450086, 45.75016105 ], [ 13.13456595, 45.74764037 ], [ 13.13470912, 45.74736094 ], [ 13.13467813, 45.74705315 ], [ 13.13455164, 45.74667954 ], [ 13.13465941, 45.74625826 ], [ 13.13519251, 45.74595404 ], [ 13.13599074, 45.74588835 ], [ 13.136729, 45.74596453 ], [ 13.13735914, 45.74598396 ], [ 13.13784885, 45.74593282 ], [ 13.13826334, 45.74594665 ], [ 13.13869631, 45.74599612 ], [ 13.13920891, 45.74586952 ], [ 13.13974273, 45.74551594 ], [ 13.14011252, 45.74517632 ], [ 13.14046526, 45.74498606 ], [ 13.14089155, 45.74495995 ], [ 13.14122081, 45.74508715 ], [ 13.14142644, 45.74538755 ], [ 13.14150691, 45.74592972 ], [ 13.14127624, 45.74671876 ], [ 13.1407963, 45.74744761 ], [ 13.14055264, 45.74788082 ], [ 13.14065361, 45.74805725 ], [ 13.14094853, 45.74810803 ], [ 13.14200914, 45.7473526 ], [ 13.14214921, 45.74708545 ], [ 13.14232707, 45.7468065 ], [ 13.14248216, 45.74647903 ], [ 13.14266324, 45.74605203 ], [ 13.14296865, 45.74557424 ], [ 13.14368558, 45.74528766 ], [ 13.14478123, 45.74524725 ], [ 13.14554608, 45.74541044 ], [ 13.14596903, 45.74573255 ], [ 13.14627504, 45.74613321 ], [ 13.14633894, 45.74648476 ], [ 13.14617968, 45.74678314 ], [ 13.14595938, 45.74709666 ], [ 13.14571536, 45.74750555 ], [ 13.14552116, 45.74800503 ], [ 13.14541864, 45.74843335 ], [ 13.14552486, 45.74882984 ], [ 13.14579904, 45.74930775 ], [ 13.14624321, 45.74987507 ], [ 13.14675307, 45.75049925 ], [ 13.14732945, 45.75109935 ], [ 13.14772415, 45.75153422 ], [ 13.14796782, 45.75184333 ], [ 13.14810348, 45.75210917 ], [ 13.14834785, 45.75240517 ], [ 13.14849925, 45.75260615 ], [ 13.14880955, 45.75275457 ], [ 13.14929688, 45.75286901 ], [ 13.14977622, 45.75300336 ], [ 13.15021014, 45.75314045 ], [ 13.15069604, 45.75330102 ], [ 13.15136325, 45.75344801 ], [ 13.15229225, 45.75355041 ], [ 13.15348327, 45.75348556 ], [ 13.15446424, 45.75324762 ], [ 13.15512824, 45.75298512 ], [ 13.15567195, 45.75268388 ], [ 13.15551102, 45.75010824 ], [ 13.15503716, 45.74957514 ], [ 13.15472925, 45.74910653 ], [ 13.15450954, 45.74874794 ], [ 13.15433824, 45.74843502 ], [ 13.15413368, 45.74808085 ], [ 13.15387583, 45.74767327 ], [ 13.15348828, 45.74733603 ], [ 13.15304852, 45.74712527 ], [ 13.15050936, 45.74544024 ], [ 13.15022016, 45.74502897 ], [ 13.14985394, 45.74455905 ], [ 13.14954734, 45.74408925 ], [ 13.14924765, 45.74367797 ], [ 13.14923644, 45.74121094 ], [ 13.14983571, 45.74079227 ], [ 13.15430236, 45.74393547 ], [ 13.15409613, 45.74461734 ], [ 13.15412307, 45.74531794 ], [ 13.15449846, 45.74572504 ], [ 13.15510285, 45.74592078 ], [ 13.15553606, 45.74619055 ], [ 13.15577436, 45.74662888 ], [ 13.15597784, 45.74703407 ], [ 13.15615892, 45.74735403 ], [ 13.15630472, 45.74763703 ], [ 13.156286, 45.74793422 ], [ 13.15614045, 45.7482748 ], [ 13.15609777, 45.74861968 ], [ 13.15626252, 45.74884486 ], [ 13.1565963, 45.74897552 ], [ 13.15700185, 45.74909937 ], [ 13.15742004, 45.74921727 ], [ 13.15783751, 45.74936533 ], [ 13.15825355, 45.74955344 ], [ 13.15864468, 45.74983871 ], [ 13.15900552, 45.75016212 ], [ 13.15950036, 45.75044894 ], [ 13.16008735, 45.75063813 ], [ 13.16060615, 45.75077915 ], [ 13.16105795, 45.7508713 ], [ 13.16109502, 45.75124836 ], [ 13.16151094, 45.75243783 ], [ 13.16208375, 45.75315428 ], [ 13.16262901, 45.75327361 ], [ 13.16304553, 45.75302506 ], [ 13.16332316, 45.75277066 ], [ 13.16364563, 45.75273025 ], [ 13.16403937, 45.75285852 ], [ 13.16425395, 45.75284791 ], [ 13.16425502, 45.75262594 ], [ 13.1643399, 45.75230765 ], [ 13.16497016, 45.75208986 ], [ 13.16611493, 45.75221646 ], [ 13.16719854, 45.7526828 ], [ 13.16780043, 45.75317001 ], [ 13.16802466, 45.75361323 ], [ 13.16786075, 45.75403965 ], [ 13.16727138, 45.75432384 ], [ 13.16646564, 45.75435364 ], [ 13.16580975, 45.75424361 ], [ 13.16538596, 45.75428224 ], [ 13.16521156, 45.75468516 ], [ 13.16534746, 45.75539935 ], [ 13.16582823, 45.75596535 ], [ 13.16651154, 45.75628865 ], [ 13.1667335, 45.75620711 ], [ 13.16700935, 45.75666273 ], [ 13.16738296, 45.75722492 ], [ 13.16776836, 45.75782192 ], [ 13.16827095, 45.75824416 ], [ 13.16884744, 45.75846064 ], [ 13.16938055, 45.75862205 ], [ 13.169963, 45.75881004 ], [ 13.17073262, 45.75905967 ], [ 13.17159402, 45.75925064 ], [ 13.17230892, 45.75939155 ], [ 13.17285061, 45.75951433 ], [ 13.17318094, 45.75975394 ], [ 13.17344534, 45.76019776 ], [ 13.17379653, 45.76074886 ], [ 13.17414641, 45.76124692 ], [ 13.17455995, 45.76153541 ], [ 13.17499924, 45.76158822 ], [ 13.18000412, 45.76136923 ], [ 13.18146372, 45.76122105 ], [ 13.18302226, 45.76119423 ], [ 13.18388116, 45.76131713 ], [ 13.18401825, 45.76154876 ], [ 13.18380904, 45.76182425 ], [ 13.18356144, 45.76212466 ], [ 13.18329847, 45.76249051 ], [ 13.18297994, 45.76296592 ], [ 13.18250763, 45.76350296 ], [ 13.18239522, 45.76688063 ], [ 13.18199575, 45.76715946 ], [ 13.18203747, 45.77050841 ], [ 13.18229365, 45.7707839 ], [ 13.18249977, 45.77105916 ], [ 13.18270671, 45.77134025 ], [ 13.18288875, 45.77164447 ], [ 13.18307137, 45.77199006 ], [ 13.18322516, 45.77234042 ], [ 13.18344224, 45.77257562 ], [ 13.18379831, 45.77271581 ], [ 13.18429303, 45.7728163 ], [ 13.18487, 45.77280724 ], [ 13.18537843, 45.77268934 ], [ 13.18580127, 45.77255046 ], [ 13.18617642, 45.77240014 ], [ 13.18653643, 45.77225876 ], [ 13.18694723, 45.77207911 ], [ 13.18756497, 45.77185881 ], [ 13.18856156, 45.77162838 ], [ 13.18976331, 45.7716037 ], [ 13.19058025, 45.77182901 ], [ 13.19092965, 45.77216673 ], [ 13.19109285, 45.77254248 ], [ 13.19125748, 45.77290034 ], [ 13.1916604, 45.77311921 ], [ 13.19237876, 45.77322257 ], [ 13.19330871, 45.77267933 ], [ 13.19399655, 45.77237797 ], [ 13.19475806, 45.77199316 ], [ 13.19545376, 45.77166116 ], [ 13.19614291, 45.77131987 ], [ 13.19687021, 45.77092862 ], [ 13.19760513, 45.77041984 ], [ 13.19806266, 45.76999295 ], [ 13.19832516, 45.76967132 ], [ 13.19849956, 45.76935565 ], [ 13.19868994, 45.76894403 ], [ 13.198879, 45.76843858 ], [ 13.19908667, 45.76802444 ], [ 13.19925177, 45.76771593 ], [ 13.19936943, 45.76743674 ], [ 13.1994282, 45.76710451 ], [ 13.19971204, 45.76665747 ], [ 13.20058835, 45.76618278 ], [ 13.20175075, 45.76599002 ], [ 13.20283258, 45.76606274 ], [ 13.20393407, 45.76621675 ], [ 13.20502365, 45.76638865 ], [ 13.20614147, 45.76653421 ], [ 13.20694005, 45.76667178 ], [ 13.20749164, 45.76677156 ], [ 13.20767593, 45.76699698 ], [ 13.20822, 45.7670871 ], [ 13.20892048, 45.76720095 ], [ 13.20973897, 45.76730526 ], [ 13.21028137, 45.76747394 ], [ 13.21062255, 45.7677927 ], [ 13.21099591, 45.76827395 ], [ 13.21136582, 45.76881826 ], [ 13.21175873, 45.76930857 ], [ 13.21204674, 45.76967657 ], [ 13.21227026, 45.76996791 ], [ 13.212448, 45.77024174 ], [ 13.21265566, 45.77052665 ], [ 13.21291232, 45.77082193 ], [ 13.21329045, 45.77108514 ], [ 13.21371293, 45.77126157 ], [ 13.21415257, 45.7714256 ], [ 13.21466374, 45.77163565 ], [ 13.21528232, 45.77196002 ], [ 13.21934831, 45.77201283 ], [ 13.21974814, 45.77183378 ], [ 13.22014976, 45.77169037 ], [ 13.22055602, 45.77154851 ], [ 13.22096395, 45.77142572 ], [ 13.2213546, 45.77129865 ], [ 13.2216804, 45.77116954 ], [ 13.22189987, 45.77094758 ], [ 13.22207236, 45.77059805 ], [ 13.22229791, 45.77022541 ], [ 13.22238755, 45.76696825 ], [ 13.22264254, 45.76648366 ], [ 13.22284722, 45.76586282 ], [ 13.22305381, 45.76509345 ], [ 13.22324264, 45.76420271 ], [ 13.22344816, 45.76357615 ], [ 13.22363615, 45.76319444 ], [ 13.22383702, 45.76286876 ], [ 13.22402585, 45.76250935 ], [ 13.22426116, 45.76215506 ], [ 13.22455513, 45.76175034 ], [ 13.22493005, 45.76122022 ], [ 13.22522366, 45.76065445 ], [ 13.22545922, 45.76022184 ], [ 13.22564781, 45.75984967 ], [ 13.22584856, 45.7593708 ], [ 13.22603691, 45.75876307 ], [ 13.22624385, 45.7582798 ], [ 13.22643566, 45.75790513 ], [ 13.22664416, 45.75748944 ], [ 13.22683752, 45.75699103 ], [ 13.22704852, 45.75657594 ], [ 13.22724175, 45.75625944 ], [ 13.22743654, 45.75598454 ], [ 13.22758114, 45.75571811 ], [ 13.22784901, 45.75535536 ], [ 13.22799921, 45.75500095 ], [ 13.22830832, 45.75477827 ], [ 13.22879744, 45.7546494 ], [ 13.22928751, 45.75452173 ], [ 13.22974575, 45.75439668 ], [ 13.23024893, 45.75425375 ], [ 13.23083937, 45.75411916 ], [ 13.23143792, 45.75397337 ], [ 13.23201954, 45.75383925 ], [ 13.23249102, 45.75369406 ], [ 13.23289037, 45.7535603 ], [ 13.23336363, 45.75341547 ], [ 13.23411536, 45.75328207 ], [ 13.23532772, 45.75313711 ], [ 13.23692608, 45.75300026 ], [ 13.23804534, 45.75284553 ], [ 13.23864734, 45.75269806 ], [ 13.23902786, 45.75256312 ], [ 13.23931301, 45.75253165 ], [ 13.23945355, 45.75265062 ], [ 13.23940575, 45.75292087 ], [ 13.23926234, 45.75334024 ], [ 13.23925185, 45.75387371 ], [ 13.23941565, 45.75437117 ], [ 13.23956501, 45.75598955 ], [ 13.23981035, 45.75626075 ], [ 13.24001145, 45.75655615 ], [ 13.24024618, 45.75692403 ], [ 13.24053824, 45.75738835 ], [ 13.24091232, 45.75785923 ], [ 13.24120235, 45.75825405 ], [ 13.24142373, 45.75860953 ], [ 13.24158704, 45.75892842 ], [ 13.24178565, 45.75911963 ], [ 13.2420361, 45.75927484 ], [ 13.24227536, 45.75962687 ], [ 13.24254775, 45.76025522 ], [ 13.24290943, 45.76091242 ], [ 13.24319947, 45.76157177 ], [ 13.24343467, 45.76242352 ], [ 13.24362373, 45.76351476 ], [ 13.24382591, 45.76433432 ], [ 13.24402046, 45.76496065 ], [ 13.24424195, 45.76570022 ], [ 13.24444473, 45.76666224 ], [ 13.24460888, 45.76745224 ], [ 13.24460804, 45.76816952 ], [ 13.24445462, 45.76909661 ], [ 13.24429715, 45.77047217 ], [ 13.24386871, 45.77114201 ], [ 13.24399662, 45.77174735 ], [ 13.24419844, 45.77225232 ], [ 13.24448454, 45.77274001 ], [ 13.24494266, 45.77325165 ], [ 13.24553704, 45.77382004 ], [ 13.24626875, 45.77445912 ], [ 13.24678636, 45.77495146 ], [ 13.24716985, 45.77531755 ], [ 13.24710584, 45.77764201 ], [ 13.24681425, 45.77836716 ], [ 13.24650764, 45.77922428 ], [ 13.24610758, 45.77998114 ], [ 13.24571598, 45.78058398 ], [ 13.24531543, 45.78105736 ], [ 13.2450248, 45.78140533 ], [ 13.24479675, 45.78168714 ], [ 13.24461484, 45.78195262 ], [ 13.24442112, 45.78221977 ], [ 13.2442348, 45.78249633 ], [ 13.24399936, 45.7827996 ], [ 13.24370885, 45.78315723 ], [ 13.24334657, 45.78354812 ], [ 13.2430737, 45.78384626 ], [ 13.24283302, 45.78401017 ], [ 13.24258256, 45.78410614 ], [ 13.24239051, 45.78423536 ], [ 13.24224794, 45.78440344 ], [ 13.24205625, 45.78453755 ], [ 13.24181175, 45.78463995 ], [ 13.24159181, 45.78479874 ], [ 13.24135065, 45.78504515 ], [ 13.24097645, 45.78530633 ], [ 13.24054325, 45.78549373 ], [ 13.24048364, 45.78560233 ], [ 13.24022877, 45.78579903 ], [ 13.23968422, 45.78595865 ], [ 13.23883188, 45.78612888 ], [ 13.23816896, 45.78637671 ], [ 13.23784912, 45.78661084 ], [ 13.23762524, 45.78676915 ], [ 13.23730576, 45.78692734 ], [ 13.23686683, 45.78723705 ], [ 13.23629951, 45.7877444 ], [ 13.23555911, 45.78840745 ], [ 13.23498225, 45.78897774 ], [ 13.23452497, 45.78943217 ], [ 13.23413134, 45.78976917 ], [ 13.23360133, 45.79003131 ], [ 13.23297966, 45.79031336 ], [ 13.23253453, 45.79085934 ], [ 13.23244751, 45.79169416 ], [ 13.23257792, 45.79254782 ], [ 13.23261654, 45.79336703 ], [ 13.23246121, 45.79392982 ], [ 13.23217356, 45.79432535 ], [ 13.2317363, 45.79472995 ], [ 13.23123383, 45.79520786 ], [ 13.23063457, 45.79581034 ], [ 13.23014045, 45.7964406 ], [ 13.2297194, 45.79707527 ], [ 13.22943831, 45.79772174 ], [ 13.2292186, 45.79835451 ], [ 13.22902405, 45.79902613 ], [ 13.22878075, 45.79960752 ], [ 13.22869527, 45.80202067 ], [ 13.22844052, 45.80229461 ], [ 13.22823584, 45.80260766 ], [ 13.22802925, 45.80302298 ], [ 13.22784042, 45.80354464 ], [ 13.22763455, 45.80402815 ], [ 13.22744632, 45.80448878 ], [ 13.22724605, 45.80496538 ], [ 13.22706056, 45.80551696 ], [ 13.22683191, 45.80608642 ], [ 13.22654104, 45.80671871 ], [ 13.22613955, 45.80733764 ], [ 13.22574723, 45.80790067 ], [ 13.22534955, 45.80838573 ], [ 13.22505558, 45.80878663 ], [ 13.22538972, 45.80891371 ], [ 13.22567785, 45.80884051 ], [ 13.22589135, 45.80869603 ], [ 13.22605586, 45.80846477 ], [ 13.22624695, 45.80818784 ], [ 13.22643423, 45.80790043 ], [ 13.22664237, 45.80761576 ], [ 13.22683525, 45.80733776 ], [ 13.22704363, 45.80707073 ], [ 13.22723556, 45.80681574 ], [ 13.22744322, 45.8065474 ], [ 13.22763491, 45.80617273 ], [ 13.22784257, 45.80554175 ], [ 13.22803426, 45.80468857 ], [ 13.22824204, 45.80405974 ], [ 13.22843385, 45.80365181 ], [ 13.22864223, 45.80324805 ], [ 13.22883487, 45.80274868 ], [ 13.22904325, 45.80226755 ], [ 13.22923088, 45.80178964 ], [ 13.22942317, 45.80130374 ], [ 13.22958887, 45.80082917 ], [ 13.22979951, 45.80054665 ], [ 13.23007286, 45.80042934 ], [ 13.23034596, 45.800354 ], [ 13.23044205, 45.79948843 ], [ 13.23065507, 45.79941404 ], [ 13.23110795, 45.79939544 ], [ 13.23309481, 45.79804504 ], [ 13.23323262, 45.79741847 ], [ 13.23341155, 45.79692161 ], [ 13.23357892, 45.79654765 ], [ 13.2337929, 45.79634237 ], [ 13.23406792, 45.79625165 ], [ 13.23434174, 45.79617918 ], [ 13.23437154, 45.79144323 ], [ 13.23461735, 45.79117215 ], [ 13.23481846, 45.79087734 ], [ 13.23505175, 45.79051125 ], [ 13.23533905, 45.79004872 ], [ 13.23570693, 45.78957415 ], [ 13.23600185, 45.78915751 ], [ 13.23802602, 45.78768241 ], [ 13.23822582, 45.78743315 ], [ 13.23902476, 45.78699482 ], [ 13.24002337, 45.78688514 ], [ 13.24227202, 45.7855345 ], [ 13.24237812, 45.78534675 ], [ 13.24256253, 45.78522265 ], [ 13.24281275, 45.78513515 ], [ 13.24307692, 45.78495955 ], [ 13.24344635, 45.78459525 ], [ 13.2439959, 45.78407323 ], [ 13.24448693, 45.78357542 ], [ 13.24494493, 45.78311646 ], [ 13.24533534, 45.78269815 ], [ 13.24572456, 45.78229523 ], [ 13.24600852, 45.78195691 ], [ 13.24623573, 45.78166652 ], [ 13.24642146, 45.78137267 ], [ 13.24662232, 45.7810297 ], [ 13.24681067, 45.78064084 ], [ 13.24701655, 45.78029394 ], [ 13.24720538, 45.77997887 ], [ 13.24741185, 45.77963388 ], [ 13.24761665, 45.77923822 ], [ 13.24787152, 45.77885735 ], [ 13.24802017, 45.77648485 ], [ 13.24820364, 45.77589965 ], [ 13.24820995, 45.77514148 ], [ 13.24804366, 45.77423263 ], [ 13.24783886, 45.77318537 ], [ 13.24761581, 45.77242124 ], [ 13.24741757, 45.77193415 ], [ 13.24720907, 45.77161145 ], [ 13.24701798, 45.77131677 ], [ 13.24681091, 45.77092922 ], [ 13.24661934, 45.77041435 ], [ 13.24641144, 45.76986825 ], [ 13.24621975, 45.76921165 ], [ 13.24601185, 45.76837921 ], [ 13.24582052, 45.76735151 ], [ 13.24561346, 45.76652586 ], [ 13.24542272, 45.76584816 ], [ 13.24521351, 45.76517987 ], [ 13.2450124, 45.76439822 ], [ 13.24478316, 45.76365638 ], [ 13.24457622, 45.76285183 ], [ 13.24443543, 45.76193285 ], [ 13.24453342, 45.76085198 ], [ 13.24486124, 45.76002514 ], [ 13.24516964, 45.75947022 ], [ 13.24522316, 45.75951505 ], [ 13.24577963, 45.75943124 ], [ 13.24650216, 45.75930905 ], [ 13.24734426, 45.75915003 ], [ 13.24784601, 45.75885725 ], [ 13.24793386, 45.75844801 ], [ 13.24774158, 45.75816655 ], [ 13.24738932, 45.75801373 ], [ 13.24692774, 45.75784338 ], [ 13.24629474, 45.75757873 ], [ 13.24545968, 45.75720418 ], [ 13.24463463, 45.75693035 ], [ 13.24387491, 45.75675535 ], [ 13.24311435, 45.75664127 ], [ 13.24250793, 45.75650465 ], [ 13.24203634, 45.75628686 ], [ 13.24166036, 45.75587451 ], [ 13.24141192, 45.75534105 ], [ 13.24120188, 45.75490952 ], [ 13.24101531, 45.75459623 ], [ 13.24080241, 45.75432527 ], [ 13.24060321, 45.75402141 ], [ 13.24042666, 45.75361896 ], [ 13.24037993, 45.75313437 ], [ 13.24045324, 45.75272071 ], [ 13.24077415, 45.75270736 ], [ 13.24246132, 45.7523756 ], [ 13.24419785, 45.75216115 ], [ 13.24528706, 45.75201392 ], [ 13.24575472, 45.75191045 ], [ 13.24589324, 45.75178397 ], [ 13.24596167, 45.75161398 ], [ 13.24622202, 45.75140703 ], [ 13.24684727, 45.75106943 ], [ 13.24774373, 45.75057352 ], [ 13.24846196, 45.75022387 ], [ 13.24895287, 45.75005972 ], [ 13.24934435, 45.75007474 ], [ 13.24971652, 45.75017691 ], [ 13.25009131, 45.75018811 ], [ 13.25047934, 45.75007236 ], [ 13.25092626, 45.74992454 ], [ 13.25152075, 45.74979806 ], [ 13.25226915, 45.74979746 ], [ 13.25297081, 45.74992383 ], [ 13.25647235, 45.75002861 ], [ 13.25699794, 45.75019193 ], [ 13.25755286, 45.75032723 ], [ 13.25808835, 45.75050604 ], [ 13.25872636, 45.75078273 ], [ 13.2595793, 45.75118935 ], [ 13.26050258, 45.75154436 ], [ 13.26143491, 45.75181615 ], [ 13.26230192, 45.75188744 ], [ 13.26290894, 45.75179601 ], [ 13.26326895, 45.75167215 ], [ 13.26344943, 45.75150633 ], [ 13.26356244, 45.75126028 ], [ 13.26376593, 45.75093305 ], [ 13.26418388, 45.75054038 ], [ 13.26499212, 45.75020695 ], [ 13.26598787, 45.75021207 ], [ 13.26677442, 45.75054061 ], [ 13.26716375, 45.75087738 ], [ 13.26739836, 45.75107956 ], [ 13.26769125, 45.75119984 ], [ 13.26808465, 45.75134563 ], [ 13.26858318, 45.75153995 ], [ 13.26916385, 45.75179636 ], [ 13.26960492, 45.75203848 ], [ 13.26971972, 45.75200367 ], [ 13.2698307, 45.75213981 ], [ 13.26992905, 45.75235307 ], [ 13.27012444, 45.75247824 ], [ 13.27044415, 45.75246227 ], [ 13.27086461, 45.75231886 ], [ 13.27141035, 45.75210822 ], [ 13.27210617, 45.75183284 ], [ 13.27280796, 45.75157905 ], [ 13.27332425, 45.75129402 ], [ 13.27360856, 45.75098574 ], [ 13.27380705, 45.75063956 ], [ 13.27397394, 45.75023532 ], [ 13.27410281, 45.75014925 ], [ 13.27413166, 45.74998856 ], [ 13.27418923, 45.74979508 ], [ 13.27446425, 45.7492547 ], [ 13.27475143, 45.74919546 ], [ 13.27484131, 45.74861991 ], [ 13.27522755, 45.74802434 ], [ 13.27573836, 45.74774432 ], [ 13.27635145, 45.74785602 ], [ 13.2769587, 45.74811947 ], [ 13.2775743, 45.74844062 ], [ 13.27818024, 45.74874592 ], [ 13.27883387, 45.7491101 ], [ 13.27893341, 45.74911106 ], [ 13.28037846, 45.74912524 ], [ 13.28138804, 45.74913025 ], [ 13.2814064, 45.74913561 ], [ 13.28646386, 45.74918556 ], [ 13.28678322, 45.74964941 ], [ 13.28719974, 45.75004482 ], [ 13.28814197, 45.75024474 ], [ 13.28966022, 45.75023675 ], [ 13.29085612, 45.75010014 ], [ 13.29160833, 45.74994755 ], [ 13.29208493, 45.74978995 ], [ 13.29251432, 45.74965251 ], [ 13.29308832, 45.74950755 ], [ 13.29383862, 45.74937451 ], [ 13.29454315, 45.74922991 ], [ 13.29516435, 45.74909615 ], [ 13.2956506, 45.74895155 ], [ 13.29604351, 45.74881744 ], [ 13.2964226, 45.7486701 ], [ 13.29689312, 45.74852931 ], [ 13.29759085, 45.74837554 ], [ 13.29849541, 45.74825168 ], [ 13.29923952, 45.74818504 ], [ 13.29981935, 45.74823797 ], [ 13.30030727, 45.74834394 ], [ 13.30059826, 45.74850023 ], [ 13.30073583, 45.74869871 ], [ 13.30084646, 45.74889326 ], [ 13.30203271, 45.74885452 ], [ 13.30243075, 45.74867606 ], [ 13.30286133, 45.74853301 ], [ 13.30337083, 45.74838877 ], [ 13.30394781, 45.74825895 ], [ 13.30443943, 45.7481209 ], [ 13.30478025, 45.74799526 ], [ 13.30496311, 45.74784422 ], [ 13.30509198, 45.74769437 ], [ 13.30538177, 45.74765205 ], [ 13.30596125, 45.74770176 ], [ 13.30664957, 45.74761057 ], [ 13.30685794, 45.74723113 ], [ 13.30633855, 45.74668694 ], [ 13.30558395, 45.74620688 ], [ 13.30490375, 45.74569595 ], [ 13.30449915, 45.74516797 ], [ 13.30429053, 45.74464762 ], [ 13.30428696, 45.74414766 ], [ 13.30446935, 45.74386966 ], [ 13.30473554, 45.74388063 ], [ 13.30497003, 45.74418104 ], [ 13.30521524, 45.74468362 ], [ 13.30558908, 45.74510682 ], [ 13.30602098, 45.74536443 ], [ 13.30675983, 45.7457509 ], [ 13.30736136, 45.74594653 ], [ 13.30808365, 45.74622583 ], [ 13.30887043, 45.74654555 ], [ 13.3095535, 45.7469573 ], [ 13.31000125, 45.74736845 ], [ 13.31160414, 45.74858916 ], [ 13.31204486, 45.74870253 ], [ 13.31254256, 45.7488147 ], [ 13.31310344, 45.74881744 ], [ 13.31362724, 45.74868417 ], [ 13.31415117, 45.74847424 ], [ 13.3147217, 45.7482059 ], [ 13.31526256, 45.74799275 ], [ 13.31700778, 45.74650216 ], [ 13.31716573, 45.74527347 ], [ 13.31731713, 45.74447763 ], [ 13.31730843, 45.74399412 ], [ 13.31712616, 45.74366844 ], [ 13.31691885, 45.74340045 ], [ 13.31677973, 45.74317825 ], [ 13.31686401, 45.74305975 ], [ 13.31714857, 45.74308622 ], [ 13.31753862, 45.74322641 ], [ 13.31806111, 45.7433809 ], [ 13.31887603, 45.74350703 ], [ 13.31997597, 45.74350953 ], [ 13.32089174, 45.74339235 ], [ 13.32157695, 45.74325323 ], [ 13.32205856, 45.74311125 ], [ 13.32238686, 45.74299502 ], [ 13.32259023, 45.74284363 ], [ 13.3227396, 45.74262047 ], [ 13.32291842, 45.74234962 ], [ 13.32309556, 45.74204135 ], [ 13.32331121, 45.74167347 ], [ 13.32357454, 45.74125743 ], [ 13.32396293, 45.74091744 ], [ 13.32440233, 45.74070692 ], [ 13.32454145, 45.74094141 ], [ 13.32476056, 45.74152541 ], [ 13.32508552, 45.74207854 ], [ 13.32554316, 45.74251246 ], [ 13.32651365, 45.7427181 ], [ 13.32802022, 45.74270856 ], [ 13.32911241, 45.74257827 ], [ 13.32963157, 45.74244213 ], [ 13.3298105, 45.74228632 ], [ 13.32988906, 45.7421056 ], [ 13.33007705, 45.74193835 ], [ 13.33045924, 45.74174905 ], [ 13.33099115, 45.74149716 ], [ 13.33161545, 45.74129474 ], [ 13.33254886, 45.74112988 ], [ 13.33389223, 45.74099755 ], [ 13.33519626, 45.74085641 ], [ 13.33638716, 45.74072385 ], [ 13.33717883, 45.74057913 ], [ 13.33771813, 45.74044895 ], [ 13.33828354, 45.74031746 ], [ 13.33891237, 45.74020445 ], [ 13.33932376, 45.74005055 ], [ 13.33955145, 45.73982275 ], [ 13.3397758, 45.73955536 ], [ 13.33997095, 45.73839116 ], [ 13.34024835, 45.73792851 ], [ 13.34029925, 45.73750281 ], [ 13.34033024, 45.73709035 ], [ 13.34040272, 45.7369256 ], [ 13.34048676, 45.73673224 ], [ 13.34074235, 45.73641443 ], [ 13.34112716, 45.73613775 ], [ 13.34154046, 45.73594975 ], [ 13.34194553, 45.73582983 ], [ 13.34242165, 45.7358402 ], [ 13.34312725, 45.73597336 ], [ 13.34409225, 45.73613346 ], [ 13.34499657, 45.73627472 ], [ 13.34574378, 45.73628092 ], [ 13.34582877, 45.73624194 ], [ 13.34614897, 45.73609531 ], [ 13.34630382, 45.73577285 ], [ 13.34640098, 45.73546183 ], [ 13.34989536, 45.73545265 ], [ 13.35073805, 45.73527372 ], [ 13.3516463, 45.73515046 ], [ 13.35232854, 45.73507786 ], [ 13.35284531, 45.73506272 ], [ 13.35342252, 45.73498976 ], [ 13.35414195, 45.73487556 ], [ 13.3548243, 45.73472953 ], [ 13.35551512, 45.73459291 ], [ 13.35630286, 45.73444641 ], [ 13.35723996, 45.73430288 ], [ 13.35808086, 45.73412526 ], [ 13.359375, 45.73409593 ], [ 13.35944235, 45.73406637 ], [ 13.36029005, 45.73388815 ], [ 13.36129725, 45.73374522 ], [ 13.36229372, 45.73360121 ], [ 13.36326337, 45.73347127 ], [ 13.36395526, 45.73333204 ], [ 13.36442363, 45.73320305 ], [ 13.36482465, 45.73304784 ], [ 13.36522806, 45.73285663 ], [ 13.36558938, 45.73258877 ], [ 13.36582434, 45.7323364 ], [ 13.36604655, 45.73217762 ], [ 13.3663249, 45.73209763 ], [ 13.3687427, 45.73029566 ], [ 13.36905837, 45.73009443 ], [ 13.36978304, 45.72994542 ], [ 13.37099171, 45.72983027 ], [ 13.37208951, 45.72969651 ], [ 13.37298882, 45.72956526 ], [ 13.37367463, 45.72942054 ], [ 13.37427437, 45.72929013 ], [ 13.37484276, 45.72915387 ], [ 13.37547565, 45.72902668 ], [ 13.37620652, 45.72885203 ], [ 13.37706125, 45.72858965 ], [ 13.37778664, 45.72820747 ], [ 13.37828922, 45.72789037 ], [ 13.37894654, 45.72772038 ], [ 13.37987661, 45.72763205 ], [ 13.38051462, 45.72749507 ], [ 13.38073885, 45.72724223 ], [ 13.38056695, 45.72688508 ], [ 13.37990177, 45.72650695 ], [ 13.37910604, 45.72624934 ], [ 13.37861502, 45.72599888 ], [ 13.37838435, 45.72566247 ], [ 13.37822211, 45.72532523 ], [ 13.37811315, 45.72501254 ], [ 13.37841666, 45.72485566 ], [ 13.37904871, 45.72497904 ], [ 13.37958395, 45.72513735 ], [ 13.38004994, 45.72525466 ], [ 13.38042963, 45.72523606 ], [ 13.38053262, 45.72495043 ], [ 13.38016617, 45.72454333 ], [ 13.37959278, 45.72426295 ], [ 13.37890947, 45.72412205 ], [ 13.37816417, 45.72412765 ], [ 13.37764096, 45.72419035 ], [ 13.37739134, 45.72414124 ], [ 13.37726462, 45.72398877 ], [ 13.37705815, 45.72382963 ], [ 13.37670612, 45.72365403 ], [ 13.37631297, 45.72339034 ], [ 13.37602532, 45.72309256 ], [ 13.37583613, 45.72280037 ], [ 13.37583005, 45.72251534 ], [ 13.37600112, 45.72222698 ], [ 13.376266, 45.72192955 ], [ 13.37668312, 45.72164082 ], [ 13.37723601, 45.7213881 ], [ 13.3779366, 45.72112477 ], [ 13.37871456, 45.72092605 ], [ 13.37937856, 45.72130096 ], [ 13.37983525, 45.72138071 ], [ 13.38006353, 45.72169948 ], [ 13.38012063, 45.72261643 ], [ 13.3819952, 45.72431088 ], [ 13.38267004, 45.72445786 ], [ 13.38327384, 45.72460115 ], [ 13.38379335, 45.72456956 ], [ 13.38412035, 45.72417331 ], [ 13.38431227, 45.72337675 ], [ 13.38445306, 45.72245264 ], [ 13.38443995, 45.72148383 ], [ 13.38427043, 45.72078931 ], [ 13.38406718, 45.72033691 ], [ 13.38384545, 45.72002804 ], [ 13.38364685, 45.71970403 ], [ 13.38343644, 45.71916664 ], [ 13.38324654, 45.71833396 ], [ 13.38305235, 45.71741223 ], [ 13.38289475, 45.71644604 ], [ 13.38272238, 45.7157526 ], [ 13.38245726, 45.71532881 ], [ 13.38183248, 45.71512437 ], [ 13.38081312, 45.71502245 ], [ 13.37992334, 45.71491468 ], [ 13.37924898, 45.71480215 ], [ 13.37872255, 45.71463823 ], [ 13.37816334, 45.71438324 ], [ 13.37745714, 45.71397436 ], [ 13.37735248, 45.71358812 ], [ 13.37715292, 45.71344864 ], [ 13.37275255, 45.71351862 ], [ 13.37260294, 45.71310794 ], [ 13.37244964, 45.71262431 ], [ 13.37226653, 45.7122122 ], [ 13.37212193, 45.71187377 ], [ 13.36988163, 45.71040785 ], [ 13.36896741, 45.71030641 ], [ 13.36814547, 45.71017206 ], [ 13.36730921, 45.71004641 ], [ 13.36652625, 45.70991635 ], [ 13.36582577, 45.70978641 ], [ 13.36542165, 45.70956337 ], [ 13.36524475, 45.7092092 ], [ 13.36853564, 45.70702195 ], [ 13.36866224, 45.70654225 ], [ 13.36881185, 45.70582545 ], [ 13.36892641, 45.70489764 ], [ 13.36912835, 45.70431328 ], [ 13.36965156, 45.7040832 ], [ 13.37075758, 45.70400155 ], [ 13.37233615, 45.70403588 ], [ 13.3734591, 45.70412946 ], [ 13.37406147, 45.70415008 ], [ 13.37444866, 45.70412087 ], [ 13.37478781, 45.70416975 ], [ 13.37507784, 45.70426667 ], [ 13.37527025, 45.7044152 ], [ 13.37543666, 45.70459604 ], [ 13.37576115, 45.70475733 ], [ 13.37627792, 45.70493364 ], [ 13.37674355, 45.70519173 ], [ 13.37701786, 45.70544136 ], [ 13.37724304, 45.7056005 ], [ 13.37766886, 45.70602715 ], [ 13.37796354, 45.70668685 ], [ 13.37974584, 45.70767403 ], [ 13.38189673, 45.70866096 ], [ 13.38171232, 45.70715904 ], [ 13.38254607, 45.70326436 ], [ 13.38254607, 45.703125 ], [ 13.38246727, 45.703125 ], [ 13.38282216, 45.69647312 ], [ 13.38411236, 45.68613052 ], [ 13.38580036, 45.68313992 ], [ 13.38591397, 45.68289125 ], [ 13.385728, 45.68277371 ], [ 13.38529551, 45.68280792 ], [ 13.38480043, 45.68297636 ], [ 13.38409972, 45.68320823 ], [ 13.38283265, 45.68343556 ], [ 13.38101363, 45.68343425 ], [ 13.37930393, 45.68318582 ], [ 13.37822056, 45.68301368 ], [ 13.37817895, 45.68322063 ], [ 13.37823963, 45.68345594 ], [ 13.37833273, 45.68368793 ], [ 13.37820685, 45.68388116 ], [ 13.37779105, 45.68405807 ], [ 13.37720406, 45.68418264 ], [ 13.37668526, 45.68405151 ], [ 13.37629402, 45.68371713 ], [ 13.37586546, 45.68326795 ], [ 13.37538505, 45.68277013 ], [ 13.37478745, 45.68221331 ], [ 13.37427628, 45.68167353 ], [ 13.37385821, 45.6810981 ], [ 13.37369943, 45.68056703 ], [ 13.37384582, 45.68030035 ], [ 13.37432504, 45.68029845 ], [ 13.37524354, 45.6804105 ], [ 13.37652194, 45.68043387 ], [ 13.37754464, 45.68033171 ], [ 13.37825882, 45.6801964 ], [ 13.37873936, 45.68005204 ], [ 13.37906206, 45.67993176 ], [ 13.37924695, 45.67978168 ], [ 13.37933612, 45.67958093 ], [ 13.37953317, 45.67944467 ], [ 13.37981462, 45.67936182 ], [ 13.38001347, 45.67922175 ], [ 13.38015616, 45.67904544 ], [ 13.38035083, 45.67891347 ], [ 13.38059914, 45.678828 ], [ 13.38080466, 45.67869496 ], [ 13.38097286, 45.67843544 ], [ 13.38119495, 45.67799687 ], [ 13.38148057, 45.67738032 ], [ 13.38184166, 45.67677093 ], [ 13.38211465, 45.67631602 ], [ 13.38235486, 45.67608488 ], [ 13.38260496, 45.67597985 ], [ 13.38279664, 45.67585754 ], [ 13.38293815, 45.67569542 ], [ 13.38312626, 45.67556345 ], [ 13.38336253, 45.67546105 ], [ 13.38357615, 45.67530191 ], [ 13.38383806, 45.67505348 ], [ 13.38430798, 45.67478907 ], [ 13.38492322, 45.67460072 ], [ 13.38554013, 45.67444623 ], [ 13.38614702, 45.6743083 ], [ 13.38669455, 45.67413676 ], [ 13.38926041, 45.67430282 ], [ 13.39030147, 45.67494452 ], [ 13.39100504, 45.67528772 ], [ 13.39147747, 45.67538404 ], [ 13.39194775, 45.67533147 ], [ 13.39254212, 45.67532742 ], [ 13.39322925, 45.67542934 ], [ 13.39397121, 45.67554414 ], [ 13.39455473, 45.67562783 ], [ 13.39503694, 45.67565477 ], [ 13.39562094, 45.67573965 ], [ 13.39642024, 45.67585838 ], [ 13.39731371, 45.6759659 ], [ 13.39824653, 45.67595923 ], [ 13.39892125, 45.67586923 ], [ 13.39941955, 45.67586374 ], [ 13.40002036, 45.67599905 ], [ 13.40090644, 45.67621291 ], [ 13.40196383, 45.67644584 ], [ 13.40303755, 45.67651296 ], [ 13.40386045, 45.67644358 ], [ 13.40451527, 45.67642987 ], [ 13.40508986, 45.67652977 ], [ 13.40566361, 45.67667484 ], [ 13.40619445, 45.67686522 ], [ 13.41050863, 45.67692864 ], [ 13.41104746, 45.67711985 ], [ 13.41160476, 45.67726731 ], [ 13.41209102, 45.67737186 ], [ 13.41255963, 45.67736065 ], [ 13.41314685, 45.67727196 ], [ 13.41388524, 45.67726731 ], [ 13.41457927, 45.67738092 ], [ 13.41920841, 45.67741692 ], [ 13.42003834, 45.67723775 ], [ 13.42092872, 45.67711484 ], [ 13.42159951, 45.67704308 ], [ 13.42216206, 45.67703044 ], [ 13.42293406, 45.67695868 ], [ 13.42400515, 45.67683577 ], [ 13.42499065, 45.67665672 ], [ 13.43120491, 45.67660928 ], [ 13.43166184, 45.67639971 ], [ 13.43218172, 45.67618775 ], [ 13.43274772, 45.67594111 ], [ 13.43317008, 45.67575633 ], [ 13.43334472, 45.67557514 ], [ 13.43330491, 45.67534161 ], [ 13.43325985, 45.67510402 ], [ 13.43353856, 45.67495406 ], [ 13.43410492, 45.67496014 ], [ 13.43454325, 45.67516565 ], [ 13.43479013, 45.67556202 ], [ 13.43494225, 45.67605257 ], [ 13.43492877, 45.67657614 ], [ 13.43476284, 45.67698193 ], [ 13.43456233, 45.67733622 ], [ 13.43431306, 45.67783225 ], [ 13.43400848, 45.67857516 ], [ 13.43361986, 45.67939174 ], [ 13.43331695, 45.68016994 ], [ 13.43312573, 45.68075025 ], [ 13.43312931, 45.68119085 ], [ 13.43329072, 45.68151617 ], [ 13.43345845, 45.68175924 ], [ 13.43362486, 45.68194938 ], [ 13.43398655, 45.68194973 ], [ 13.43451273, 45.68212056 ], [ 13.43509126, 45.68225753 ], [ 13.43570161, 45.68241036 ], [ 13.43644095, 45.68259966 ], [ 13.43733275, 45.68287468 ], [ 13.43830025, 45.68319797 ], [ 13.43913305, 45.6836524 ], [ 13.43981314, 45.68418396 ], [ 13.44057894, 45.68473578 ], [ 13.44128346, 45.68513298 ], [ 13.44190204, 45.68543267 ], [ 13.44239175, 45.68562186 ], [ 13.44279623, 45.68576646 ], [ 13.44318092, 45.68588996 ], [ 13.44359815, 45.6860491 ], [ 13.44409752, 45.68625331 ], [ 13.44466913, 45.68651533 ], [ 13.44517934, 45.68671823 ], [ 13.44559825, 45.68687356 ], [ 13.44591784, 45.68699145 ], [ 13.44611394, 45.6871376 ], [ 13.44624436, 45.68731618 ], [ 13.44643557, 45.68745494 ], [ 13.44671357, 45.68753624 ], [ 13.44729567, 45.68774354 ], [ 13.44778657, 45.68782115 ], [ 13.44807684, 45.68795514 ], [ 13.44822764, 45.68813431 ], [ 13.44845045, 45.68830454 ], [ 13.44886577, 45.68849576 ], [ 13.44941723, 45.68874848 ], [ 13.44992065, 45.68895102 ], [ 13.45035136, 45.68911552 ], [ 13.45077372, 45.68924797 ], [ 13.45125365, 45.68938935 ], [ 13.45178986, 45.68952215 ], [ 13.45228267, 45.68966663 ], [ 13.45282245, 45.68979394 ], [ 13.45360196, 45.68991935 ], [ 13.45456922, 45.69002724 ], [ 13.45521307, 45.69019914 ], [ 13.45565295, 45.69050896 ], [ 13.45623863, 45.69093513 ], [ 13.45695424, 45.69139707 ], [ 13.45771062, 45.69195485 ], [ 13.45827174, 45.69242156 ], [ 13.45881164, 45.69270635 ], [ 13.45939577, 45.69274831 ], [ 13.45994365, 45.69261754 ], [ 13.46010494, 45.69271505 ], [ 13.45999026, 45.69314313 ], [ 13.45991576, 45.69349051 ], [ 13.4600054, 45.69378126 ], [ 13.46017826, 45.69407547 ], [ 13.46039367, 45.69442546 ], [ 13.4605844, 45.69482732 ], [ 13.46077836, 45.69517314 ], [ 13.46097505, 45.69541526 ], [ 13.46128738, 45.69553864 ], [ 13.46171045, 45.69559574 ], [ 13.46202791, 45.69572043 ], [ 13.46223462, 45.69606125 ], [ 13.46243274, 45.6967628 ], [ 13.46258402, 45.69774652 ], [ 13.46265686, 45.69845092 ], [ 13.46260035, 45.69884014 ], [ 13.46261275, 45.69912493 ], [ 13.46279085, 45.69946957 ], [ 13.46307313, 45.69992816 ], [ 13.46343374, 45.70038617 ], [ 13.46372604, 45.70070565 ], [ 13.46407187, 45.70087755 ], [ 13.46456695, 45.70099115 ], [ 13.46508884, 45.70113862 ], [ 13.46582544, 45.70118022 ], [ 13.46623087, 45.70136726 ], [ 13.46675897, 45.7015655 ], [ 13.46756554, 45.70185888 ], [ 13.46867836, 45.70225704 ], [ 13.46996856, 45.70284784 ], [ 13.47005951, 45.703125 ], [ 13.47043681, 45.703125 ], [ 13.47044981, 45.70326304 ], [ 13.47074127, 45.70334291 ], [ 13.47097194, 45.70344615 ], [ 13.47096205, 45.70366383 ], [ 13.47067428, 45.70401073 ], [ 13.47037804, 45.7043575 ], [ 13.47013664, 45.70466375 ], [ 13.46997881, 45.70494854 ], [ 13.46811807, 45.70620906 ], [ 13.46787572, 45.70623887 ], [ 13.46770453, 45.70635855 ], [ 13.46766162, 45.70652795 ], [ 13.46589673, 45.70797205 ], [ 13.46523845, 45.70849562 ], [ 13.46420705, 45.70902061 ], [ 13.46298063, 45.7093513 ], [ 13.46181083, 45.70951664 ], [ 13.46066165, 45.70951796 ], [ 13.45982957, 45.70936942 ], [ 13.45921421, 45.70909047 ], [ 13.45868278, 45.70862591 ], [ 13.45834815, 45.70809448 ], [ 13.45812702, 45.70756424 ], [ 13.457973, 45.70702171 ], [ 13.45780015, 45.70660067 ], [ 13.45755494, 45.70632124 ], [ 13.45704496, 45.70617902 ], [ 13.45629573, 45.70619631 ], [ 13.45576251, 45.70641863 ], [ 13.45541263, 45.70686555 ], [ 13.45500457, 45.70745134 ], [ 13.45453525, 45.70809662 ], [ 13.45399094, 45.70869887 ], [ 13.45362472, 45.70908546 ], [ 13.45336402, 45.70926142 ], [ 13.45309985, 45.70933175 ], [ 13.45284653, 45.70939505 ], [ 13.45285857, 45.70968175 ], [ 13.44970524, 45.71182621 ], [ 13.4499588, 45.71252692 ], [ 13.45016134, 45.71329212 ], [ 13.45036674, 45.71383977 ], [ 13.45056248, 45.71418095 ], [ 13.45079637, 45.71444952 ], [ 13.45103443, 45.71473444 ], [ 13.45123744, 45.71507061 ], [ 13.45116437, 45.715415 ], [ 13.45058, 45.71564066 ], [ 13.44954431, 45.71577334 ], [ 13.44863081, 45.71590281 ], [ 13.44794333, 45.71602845 ], [ 13.44744301, 45.71617162 ], [ 13.44700456, 45.71630347 ], [ 13.44652724, 45.71644056 ], [ 13.44604564, 45.71656072 ], [ 13.44574034, 45.71670902 ], [ 13.44557643, 45.71688211 ], [ 13.44539321, 45.71701145 ], [ 13.44515145, 45.71710551 ], [ 13.44491541, 45.71726584 ], [ 13.44464624, 45.71756005 ], [ 13.44428992, 45.71795583 ], [ 13.44399965, 45.71834874 ], [ 13.4434756, 45.71876872 ], [ 13.44306636, 45.71885586 ], [ 13.44264781, 45.7188704 ], [ 13.44222498, 45.71865106 ], [ 13.44178462, 45.71819985 ], [ 13.44121265, 45.71756065 ], [ 13.44061506, 45.71691728 ], [ 13.43982732, 45.7164154 ], [ 13.43893194, 45.71614432 ], [ 13.43807566, 45.71599627 ], [ 13.43714774, 45.71591854 ], [ 13.4348222, 45.71762967 ], [ 13.43467188, 45.71770513 ], [ 13.43462014, 45.71765327 ], [ 13.43424666, 45.7175492 ], [ 13.43385172, 45.71727908 ], [ 13.43350756, 45.71687257 ], [ 13.43307936, 45.71627164 ], [ 13.43254328, 45.71551704 ], [ 13.43178594, 45.71482205 ], [ 13.43098176, 45.71438146 ], [ 13.43005311, 45.71411562 ], [ 13.42903733, 45.71406734 ], [ 13.42820275, 45.71417487 ], [ 13.42745912, 45.71429706 ], [ 13.42461622, 45.71616113 ], [ 13.42362905, 45.71636534 ], [ 13.42275226, 45.71668291 ], [ 13.42189884, 45.71709633 ], [ 13.42099476, 45.71759844 ], [ 13.42037857, 45.71792531 ], [ 13.42010105, 45.71812856 ], [ 13.42000735, 45.71832323 ], [ 13.41703892, 45.7203418 ], [ 13.41643274, 45.72000933 ], [ 13.41591227, 45.71979368 ], [ 13.41538918, 45.71964514 ], [ 13.41476035, 45.71954322 ], [ 13.41405702, 45.71942806 ], [ 13.41335905, 45.71923947 ], [ 13.41297817, 45.71879387 ], [ 13.41295111, 45.71808422 ], [ 13.41312277, 45.71752155 ], [ 13.4133203, 45.71721911 ], [ 13.41359866, 45.71714842 ], [ 13.41402745, 45.71724284 ], [ 13.4145112, 45.71737528 ], [ 13.41482806, 45.71753716 ], [ 13.41500282, 45.7177155 ], [ 13.41519547, 45.71785235 ], [ 13.41543353, 45.71797335 ], [ 13.41561556, 45.71818387 ], [ 13.41573632, 45.71848524 ], [ 13.41592181, 45.71872473 ], [ 13.41628087, 45.71888113 ], [ 13.41689706, 45.71896541 ], [ 13.41781366, 45.71884263 ], [ 13.41885376, 45.71848154 ], [ 13.41894615, 45.71805525 ], [ 13.41916466, 45.71769941 ], [ 13.41933751, 45.71736217 ], [ 13.41958785, 45.71711266 ], [ 13.42000592, 45.71683633 ], [ 13.42051601, 45.71639955 ], [ 13.42099965, 45.71596944 ], [ 13.42177904, 45.71571541 ], [ 13.42294204, 45.71558821 ], [ 13.42381895, 45.71547425 ], [ 13.42427647, 45.71534741 ], [ 13.42447221, 45.71513402 ], [ 13.42461932, 45.71485138 ], [ 13.42492425, 45.71465731 ], [ 13.42535675, 45.71452427 ], [ 13.42558265, 45.71426666 ], [ 13.42540896, 45.71377385 ], [ 13.42492855, 45.71319175 ], [ 13.42450404, 45.71279001 ], [ 13.42400956, 45.71264005 ], [ 13.42325532, 45.71269834 ], [ 13.42237437, 45.71284151 ], [ 13.42148936, 45.7128371 ], [ 13.42096806, 45.71250713 ], [ 13.42074013, 45.71184278 ], [ 13.42121756, 45.71155405 ], [ 13.42173457, 45.7114526 ], [ 13.42206693, 45.71124852 ], [ 13.42225611, 45.71093178 ], [ 13.42238522, 45.71060598 ], [ 13.42237175, 45.71020246 ], [ 13.42227066, 45.70950472 ], [ 13.42228115, 45.70846808 ], [ 13.42235196, 45.70751655 ], [ 13.42217541, 45.70668197 ], [ 13.42168295, 45.70610321 ], [ 13.42121983, 45.70583367 ], [ 13.42095125, 45.70568132 ], [ 13.42080057, 45.70553017 ], [ 13.42061317, 45.7054069 ], [ 13.42037547, 45.70530736 ], [ 13.42019475, 45.70516753 ], [ 13.42007315, 45.70498884 ], [ 13.41986835, 45.70483935 ], [ 13.41945195, 45.70472395 ], [ 13.41876256, 45.70460165 ], [ 13.41792584, 45.70449126 ], [ 13.41739285, 45.70433724 ], [ 13.41713333, 45.70410883 ], [ 13.41691232, 45.70384097 ], [ 13.41690326, 45.70354354 ], [ 13.41650391, 45.70326436 ], [ 13.41650391, 45.703125 ], [ 13.41630983, 45.703125 ], [ 13.41632998, 45.70303631 ], [ 13.41604126, 45.70261872 ], [ 13.41566896, 45.70212865 ], [ 13.41503704, 45.70161724 ], [ 13.41420925, 45.70113564 ], [ 13.41327298, 45.70062423 ], [ 13.41257071, 45.70029187 ], [ 13.41206968, 45.70008135 ], [ 13.41158414, 45.69988668 ], [ 13.41104138, 45.69963944 ], [ 13.41054952, 45.69944012 ], [ 13.41011882, 45.69927633 ], [ 13.40971363, 45.69914615 ], [ 13.40932965, 45.69901407 ], [ 13.4090085, 45.69889736 ], [ 13.40879655, 45.69875217 ], [ 13.40864146, 45.69858205 ], [ 13.40843451, 45.69844794 ], [ 13.40822566, 45.69832432 ], [ 13.40822208, 45.69809544 ], [ 13.40847254, 45.69774926 ], [ 13.40872586, 45.69746614 ], [ 13.40901041, 45.69736815 ], [ 13.40944755, 45.6974405 ], [ 13.41004205, 45.69754565 ], [ 13.41047251, 45.69774985 ], [ 13.41116226, 45.6980617 ], [ 13.41190434, 45.69844162 ], [ 13.41252327, 45.6987133 ], [ 13.41306877, 45.69889581 ], [ 13.41362345, 45.69902563 ], [ 13.41411233, 45.69915175 ], [ 13.41454661, 45.69924593 ], [ 13.41733372, 45.70111728 ], [ 13.41758704, 45.70119548 ], [ 13.41782176, 45.70137477 ], [ 13.41820192, 45.70170307 ], [ 13.41893673, 45.70209861 ], [ 13.41985071, 45.70237064 ], [ 13.42069674, 45.70251584 ], [ 13.42146802, 45.70250082 ], [ 13.42203486, 45.70235515 ], [ 13.42250454, 45.70219064 ], [ 13.42311168, 45.70208454 ], [ 13.42399955, 45.70219564 ], [ 13.42501664, 45.70255244 ], [ 13.42506886, 45.703125 ], [ 13.42489338, 45.703125 ], [ 13.42479134, 45.70315135 ], [ 13.42457998, 45.70405364 ], [ 13.42454421, 45.70501196 ], [ 13.42472792, 45.70556462 ], [ 13.42506754, 45.70574868 ], [ 13.42544675, 45.70582128 ], [ 13.42578602, 45.70594406 ], [ 13.42611158, 45.706357 ], [ 13.42660046, 45.70719111 ], [ 13.42726874, 45.70815825 ], [ 13.42758882, 45.70888567 ], [ 13.42745805, 45.70924377 ], [ 13.42706072, 45.70946968 ], [ 13.42666686, 45.70983756 ], [ 13.42653954, 45.71030045 ], [ 13.42670131, 45.71060777 ], [ 13.42704904, 45.71076572 ], [ 13.42746425, 45.71088398 ], [ 13.42788923, 45.71096516 ], [ 13.42848527, 45.71113932 ], [ 13.42887783, 45.71098483 ], [ 13.42964816, 45.7109251 ], [ 13.4299407, 45.71084034 ], [ 13.43015623, 45.70688355 ], [ 13.42985475, 45.70678413 ], [ 13.42942548, 45.70669031 ], [ 13.42880475, 45.70658576 ], [ 13.42811644, 45.70648897 ], [ 13.42780817, 45.70628345 ], [ 13.42807984, 45.70580995 ], [ 13.42876756, 45.70505345 ], [ 13.42932236, 45.7043035 ], [ 13.42974675, 45.70371044 ], [ 13.4296875, 45.703125 ], [ 13.42984664, 45.703125 ], [ 13.4298259, 45.70028651 ], [ 13.42955196, 45.69965041 ], [ 13.42928553, 45.69892061 ], [ 13.42894983, 45.69831753 ], [ 13.42855251, 45.69796467 ], [ 13.42779148, 45.69784474 ], [ 13.42662013, 45.69790566 ], [ 13.42572057, 45.69804001 ], [ 13.42523766, 45.69804394 ], [ 13.42506814, 45.69779003 ], [ 13.42513061, 45.69730771 ], [ 13.42533517, 45.69681621 ], [ 13.42555416, 45.69636047 ], [ 13.42578554, 45.69594312 ], [ 13.42598236, 45.69550276 ], [ 13.42613566, 45.69502735 ], [ 13.42614985, 45.69450772 ], [ 13.42609775, 45.69405413 ], [ 13.42616916, 45.69359791 ], [ 13.4263128, 45.69307625 ], [ 13.42650926, 45.69262254 ], [ 13.4267559, 45.69226205 ], [ 13.42720461, 45.6920675 ], [ 13.42795086, 45.69225144 ], [ 13.42903256, 45.69283354 ], [ 13.42963076, 45.69310701 ], [ 13.43003786, 45.69330323 ], [ 13.43048155, 45.69346476 ], [ 13.43099594, 45.69359744 ], [ 13.43151724, 45.69359756 ], [ 13.43180347, 45.69339526 ], [ 13.43173456, 45.69302356 ], [ 13.43131006, 45.69263911 ], [ 13.43065464, 45.69228375 ], [ 13.42989671, 45.69189584 ], [ 13.42930806, 45.69162262 ], [ 13.42887151, 45.69143081 ], [ 13.42840207, 45.6912924 ], [ 13.42768586, 45.6912055 ], [ 13.42669284, 45.69128585 ], [ 13.42582631, 45.69152975 ], [ 13.4252516, 45.69174755 ], [ 13.42484927, 45.69188321 ], [ 13.42447615, 45.69187641 ], [ 13.42401922, 45.6917839 ], [ 13.42338562, 45.69177353 ], [ 13.42251706, 45.69188106 ], [ 13.42134976, 45.69202018 ], [ 13.42011321, 45.69216657 ], [ 13.41866696, 45.69227505 ], [ 13.41787446, 45.69205487 ], [ 13.41676974, 45.69185114 ], [ 13.41603172, 45.69150364 ], [ 13.41563904, 45.69103384 ], [ 13.41541505, 45.69054151 ], [ 13.41540527, 45.6900413 ], [ 13.41538334, 45.68942046 ], [ 13.41521001, 45.68863881 ], [ 13.41492474, 45.68768191 ], [ 13.41454721, 45.6869204 ], [ 13.41424394, 45.68638885 ], [ 13.41239035, 45.68515062 ], [ 13.41212916, 45.68474531 ], [ 13.41181016, 45.68432987 ], [ 13.41154766, 45.68402064 ], [ 13.41114712, 45.68391335 ], [ 13.41036105, 45.68406677 ], [ 13.40924394, 45.68441772 ], [ 13.4081794, 45.68472755 ], [ 13.40759671, 45.68507695 ], [ 13.40737021, 45.68554425 ], [ 13.40722954, 45.68594575 ], [ 13.40710366, 45.68621862 ], [ 13.40689516, 45.6863811 ], [ 13.40656567, 45.68649328 ], [ 13.40616655, 45.68659186 ], [ 13.40575147, 45.68659174 ], [ 13.40536022, 45.68648934 ], [ 13.40503943, 45.68636501 ], [ 13.40481305, 45.68618786 ], [ 13.40458691, 45.68593681 ], [ 13.40423381, 45.68568087 ], [ 13.40382314, 45.68550205 ], [ 13.40337491, 45.68532741 ], [ 13.40281165, 45.68507898 ], [ 13.40208495, 45.68467796 ], [ 13.40199566, 45.68343318 ], [ 13.40222764, 45.68316936 ], [ 13.40247071, 45.68294942 ], [ 13.4028995, 45.68280637 ], [ 13.40350163, 45.68268883 ], [ 13.40388715, 45.6824826 ], [ 13.40393984, 45.68219304 ], [ 13.40374792, 45.68198264 ], [ 13.40346956, 45.68185902 ], [ 13.40326703, 45.68172157 ], [ 13.40314305, 45.68154955 ], [ 13.40294957, 45.68140328 ], [ 13.40255058, 45.68128455 ], [ 13.40185666, 45.68114865 ], [ 13.40092313, 45.68101704 ], [ 13.40012443, 45.68087137 ], [ 13.39950824, 45.68073583 ], [ 13.39904976, 45.68058813 ], [ 13.39856541, 45.68045306 ], [ 13.39776075, 45.68031704 ], [ 13.39650238, 45.68021596 ], [ 13.39466035, 45.68148315 ], [ 13.39396584, 45.68200994 ], [ 13.3929224, 45.68249595 ], [ 13.39180827, 45.68268096 ], [ 13.39105046, 45.68260157 ], [ 13.39058971, 45.68243992 ], [ 13.39022183, 45.68225086 ], [ 13.38979101, 45.68208134 ], [ 13.38918126, 45.68195963 ], [ 13.3884207, 45.68203986 ], [ 13.38782966, 45.68242145 ], [ 13.38751078, 45.68300283 ], [ 13.38730216, 45.68358874 ], [ 13.38713753, 45.68414092 ], [ 13.38695383, 45.68454945 ], [ 13.38677752, 45.68486667 ], [ 13.38655162, 45.68521786 ], [ 13.38527966, 45.68716037 ], [ 13.38377821, 45.70197713 ], [ 13.38366175, 45.703125 ], [ 13.38374472, 45.703125 ], [ 13.38312566, 45.70758808 ], [ 13.38650215, 45.72475433 ], [ 13.38730121, 45.72488296 ], [ 13.38816178, 45.72484005 ], [ 13.3889575, 45.72428525 ], [ 13.39016545, 45.72384596 ], [ 13.39131844, 45.72361505 ], [ 13.39230716, 45.7236588 ], [ 13.39324391, 45.72379994 ], [ 13.39391172, 45.72396386 ], [ 13.39436173, 45.72410512 ], [ 13.39475751, 45.72426772 ], [ 13.39522064, 45.72447407 ], [ 13.39543653, 45.72468293 ], [ 13.39579678, 45.72476447 ], [ 13.39644778, 45.72504938 ], [ 13.39709783, 45.72501183 ], [ 13.39724171, 45.72530246 ], [ 13.39809453, 45.72537208 ], [ 13.39880884, 45.72526932 ], [ 13.39943063, 45.7251178 ], [ 13.40000415, 45.72494721 ], [ 13.40064585, 45.72479916 ], [ 13.40142274, 45.72468364 ], [ 13.40237915, 45.72468495 ], [ 13.40330017, 45.72479296 ], [ 13.40426648, 45.72490311 ], [ 13.40514505, 45.72512853 ], [ 13.40653098, 45.72521985 ], [ 13.40703475, 45.72532487 ], [ 13.40725875, 45.72537172 ], [ 13.40746844, 45.72555184 ], [ 13.40751874, 45.72563684 ], [ 13.40758204, 45.72555554 ], [ 13.40781915, 45.72537673 ], [ 13.40853155, 45.72521627 ], [ 13.4097203, 45.7250905 ], [ 13.41072595, 45.72495282 ], [ 13.41146755, 45.72482145 ], [ 13.41205502, 45.72467661 ], [ 13.41260123, 45.72454381 ], [ 13.41307533, 45.7244029 ], [ 13.41355205, 45.72427511 ], [ 13.41417074, 45.72412455 ], [ 13.41493475, 45.72394097 ], [ 13.41553795, 45.72367096 ], [ 13.41587043, 45.72337151 ], [ 13.4160459, 45.72307861 ], [ 13.41603255, 45.72279131 ], [ 13.41584563, 45.72249865 ], [ 13.41556835, 45.72220063 ], [ 13.41516602, 45.72193491 ], [ 13.41471863, 45.72175634 ], [ 13.41458416, 45.72170556 ], [ 13.41426301, 45.72131741 ], [ 13.41386712, 45.72090507 ], [ 13.41359305, 45.72053504 ], [ 13.41354334, 45.72022724 ], [ 13.41384161, 45.72003853 ], [ 13.41435635, 45.72005332 ], [ 13.41494906, 45.72017634 ], [ 13.41548872, 45.72036684 ], [ 13.41604126, 45.72059202 ], [ 13.41670191, 45.72082901 ], [ 13.41738915, 45.72090125 ], [ 13.41801608, 45.72080767 ], [ 13.41860986, 45.72067106 ], [ 13.41911352, 45.72051156 ], [ 13.41954935, 45.72032905 ], [ 13.41993701, 45.72004795 ], [ 13.42027998, 45.71967685 ], [ 13.42072225, 45.71921527 ], [ 13.42127895, 45.71869957 ], [ 13.42201364, 45.71818364 ], [ 13.42263544, 45.71786773 ], [ 13.42312396, 45.71767044 ], [ 13.42362511, 45.71746755 ], [ 13.42422366, 45.71715724 ], [ 13.42482674, 45.71700144 ], [ 13.42509305, 45.71685255 ], [ 13.42535961, 45.71681535 ], [ 13.42734027, 45.71544516 ], [ 13.42807651, 45.71521616 ], [ 13.42904985, 45.71496224 ], [ 13.43012857, 45.71486604 ], [ 13.43082297, 45.71500647 ], [ 13.43128705, 45.71538603 ], [ 13.43181121, 45.71592665 ], [ 13.43226242, 45.71643591 ], [ 13.43267965, 45.71689034 ], [ 13.43302381, 45.71726275 ], [ 13.43342066, 45.71755254 ], [ 13.43389821, 45.71773767 ], [ 13.43451452, 45.71785438 ], [ 13.43524957, 45.71784711 ], [ 13.43584514, 45.71772528 ], [ 13.43628395, 45.71757543 ], [ 13.43667042, 45.71740317 ], [ 13.43711734, 45.71724582 ], [ 13.43773401, 45.71713173 ], [ 13.43849528, 45.71720004 ], [ 13.43908155, 45.71751082 ], [ 13.43939376, 45.71793377 ], [ 13.43961215, 45.71831524 ], [ 13.43984592, 45.71865964 ], [ 13.44019043, 45.71901512 ], [ 13.44072807, 45.71920693 ], [ 13.4420073, 45.71964824 ], [ 13.44313276, 45.71980631 ], [ 13.44388366, 45.7197082 ], [ 13.44443905, 45.71949267 ], [ 13.44501591, 45.71918881 ], [ 13.44561744, 45.71885681 ], [ 13.44621062, 45.71843314 ], [ 13.44666565, 45.71799707 ], [ 13.44707823, 45.71756744 ], [ 13.44742584, 45.71717894 ], [ 13.44781661, 45.71679866 ], [ 13.45184612, 45.71676433 ], [ 13.45225275, 45.71658945 ], [ 13.45248008, 45.71651995 ], [ 13.45268905, 45.71645606 ], [ 13.45318365, 45.71633017 ], [ 13.45368493, 45.71620584 ], [ 13.45402157, 45.71598637 ], [ 13.45422244, 45.71562695 ], [ 13.45436621, 45.71521533 ], [ 13.45435214, 45.71477783 ], [ 13.45418108, 45.71435046 ], [ 13.45398104, 45.71391201 ], [ 13.45377493, 45.71350086 ], [ 13.45360672, 45.71315014 ], [ 13.45340645, 45.71295345 ], [ 13.45315051, 45.71285307 ], [ 13.45286906, 45.71267915 ], [ 13.45248365, 45.71231484 ], [ 13.45199585, 45.71180475 ], [ 13.45179164, 45.71136916 ], [ 13.45189011, 45.71105134 ], [ 13.45207942, 45.71082783 ], [ 13.45232367, 45.71069515 ], [ 13.45259595, 45.71060658 ], [ 13.45279741, 45.71047318 ], [ 13.45291221, 45.71027815 ], [ 13.4538722, 45.70979202 ], [ 13.4556123, 45.70989275 ], [ 13.45673776, 45.71002865 ], [ 13.45746195, 45.71016324 ], [ 13.45809817, 45.71031106 ], [ 13.45883703, 45.71045005 ], [ 13.45960987, 45.71060431 ], [ 13.46049833, 45.71074402 ], [ 13.46149242, 45.71085978 ], [ 13.46258223, 45.71087265 ], [ 13.46337104, 45.71079946 ], [ 13.46395671, 45.71072233 ], [ 13.46465445, 45.71053565 ], [ 13.46551812, 45.71013558 ], [ 13.46612597, 45.70982862 ], [ 13.46639121, 45.70963287 ], [ 13.46650612, 45.70946896 ], [ 13.46674764, 45.70929825 ], [ 13.46728873, 45.70899832 ], [ 13.46805656, 45.70846677 ], [ 13.46874034, 45.70788336 ], [ 13.46935666, 45.70731747 ], [ 13.46974218, 45.70689487 ], [ 13.46997261, 45.70658636 ], [ 13.47009957, 45.70631802 ], [ 13.47116804, 45.70553625 ], [ 13.47145414, 45.70511222 ], [ 13.47180307, 45.70464396 ], [ 13.47206378, 45.70423305 ], [ 13.47231162, 45.70399284 ], [ 13.47263455, 45.70385671 ], [ 13.47300816, 45.70370722 ], [ 13.47728765, 45.70371032 ], [ 13.47812903, 45.70389235 ], [ 13.47915065, 45.70404315 ], [ 13.48022246, 45.70419705 ], [ 13.48134851, 45.70431805 ], [ 13.48225164, 45.70437658 ], [ 13.48314536, 45.70430267 ], [ 13.48418665, 45.70417106 ], [ 13.48496902, 45.70404518 ], [ 13.48550344, 45.70403385 ], [ 13.48598337, 45.70413375 ], [ 13.48645008, 45.70425391 ], [ 13.48675025, 45.70441794 ], [ 13.4869194, 45.70465577 ], [ 13.48710275, 45.70494413 ], [ 13.48736775, 45.70525026 ], [ 13.48784816, 45.70552492 ], [ 13.48850155, 45.70571005 ], [ 13.48922813, 45.70586062 ], [ 13.48999572, 45.70598793 ], [ 13.49059606, 45.70612705 ], [ 13.49104285, 45.70625734 ], [ 13.49143231, 45.70640135 ], [ 13.49181652, 45.70654452 ], [ 13.49220586, 45.70672274 ], [ 13.49300694, 45.70678294 ], [ 13.49341786, 45.70696151 ], [ 13.49382901, 45.70710194 ], [ 13.49421966, 45.70723581 ], [ 13.49453425, 45.70734751 ], [ 13.494717, 45.70748496 ], [ 13.49483442, 45.70765996 ], [ 13.49508727, 45.70784748 ], [ 13.4956423, 45.70810914 ], [ 13.49646902, 45.70847666 ], [ 13.49723995, 45.70874405 ], [ 13.49778366, 45.70891654 ], [ 13.49819732, 45.7090466 ], [ 13.49865913, 45.70924306 ], [ 13.49934125, 45.70956182 ], [ 13.50022757, 45.70996487 ], [ 13.50095296, 45.71016204 ], [ 13.50155008, 45.71029544 ], [ 13.50218534, 45.71049798 ], [ 13.50284147, 45.71067631 ], [ 13.50351834, 45.71087921 ], [ 13.50438487, 45.71120524 ], [ 13.50543451, 45.71173501 ], [ 13.50648546, 45.71231794 ], [ 13.50767314, 45.71305072 ], [ 13.50831926, 45.71324551 ], [ 13.50891745, 45.71377313 ], [ 13.50934684, 45.71418035 ], [ 13.50974762, 45.71446085 ], [ 13.51015234, 45.71462882 ], [ 13.51060593, 45.71480417 ], [ 13.51120734, 45.71506906 ], [ 13.51196778, 45.71546197 ], [ 13.51267016, 45.71580672 ], [ 13.51328361, 45.71610165 ], [ 13.51376915, 45.71629596 ], [ 13.51419628, 45.7164607 ], [ 13.51468205, 45.71665478 ], [ 13.51529551, 45.71694934 ], [ 13.51599515, 45.7172929 ], [ 13.51674914, 45.71768546 ], [ 13.51734376, 45.71795583 ], [ 13.51781213, 45.71814883 ], [ 13.51829791, 45.7183429 ], [ 13.51887047, 45.71860921 ], [ 13.51946294, 45.71887887 ], [ 13.52007973, 45.71917784 ], [ 13.52067614, 45.71945035 ], [ 13.52127147, 45.71972334 ], [ 13.52181554, 45.7199254 ], [ 13.52252781, 45.72036564 ], [ 13.52304256, 45.72056794 ], [ 13.52362192, 45.72083914 ], [ 13.52428472, 45.72110403 ], [ 13.52518582, 45.72138917 ], [ 13.52630436, 45.72165704 ], [ 13.52737987, 45.72199094 ], [ 13.52842414, 45.72240496 ], [ 13.52943206, 45.72291493 ], [ 13.53015792, 45.72326255 ], [ 13.53071201, 45.72347045 ], [ 13.53127134, 45.72360432 ], [ 13.53184414, 45.72370708 ], [ 13.53248036, 45.72370291 ], [ 13.53317475, 45.72358894 ], [ 13.53392756, 45.72344446 ], [ 13.53455377, 45.72326124 ], [ 13.53510416, 45.72304738 ], [ 13.53566074, 45.72282112 ], [ 13.53614128, 45.72275186 ], [ 13.53654516, 45.72281337 ], [ 13.53692424, 45.72283745 ], [ 13.53735733, 45.72281897 ], [ 13.53796494, 45.72286928 ], [ 13.53880155, 45.72293735 ], [ 13.53942406, 45.72324646 ], [ 13.54003406, 45.72313857 ], [ 13.54053605, 45.72299135 ], [ 13.54098225, 45.72284746 ], [ 13.54146886, 45.72272944 ], [ 13.54201341, 45.72273302 ], [ 13.54250526, 45.72286022 ], [ 13.5429877, 45.72301137 ], [ 13.54358935, 45.72313595 ], [ 13.5443176, 45.72313297 ], [ 13.54491651, 45.72300732 ], [ 13.5453608, 45.72287381 ], [ 13.54573214, 45.72279894 ], [ 13.54610205, 45.72285962 ], [ 13.54656374, 45.72298753 ], [ 13.54726183, 45.72315061 ], [ 13.54821777, 45.72329354 ], [ 13.5491271, 45.72340202 ], [ 13.5499438, 45.72340727 ], [ 13.55054355, 45.72336495 ], [ 13.55099547, 45.72342515 ], [ 13.55140555, 45.72358811 ], [ 13.55177486, 45.72386277 ], [ 13.55204666, 45.72417116 ], [ 13.55231702, 45.72447515 ], [ 13.55229437, 45.72536242 ], [ 13.55179536, 45.72561705 ], [ 13.55135715, 45.72579706 ], [ 13.55095363, 45.72594786 ], [ 13.55050433, 45.72607446 ], [ 13.54991055, 45.72621036 ], [ 13.54918754, 45.72633863 ], [ 13.54858065, 45.72649765 ], [ 13.5480659, 45.72669852 ], [ 13.54750645, 45.72697485 ], [ 13.54679573, 45.72724927 ], [ 13.54567933, 45.72754967 ], [ 13.5441972, 45.72782397 ], [ 13.54290438, 45.72810042 ], [ 13.54192293, 45.72830105 ], [ 13.54122162, 45.72846031 ], [ 13.54059255, 45.72859001 ], [ 13.53992474, 45.72872961 ], [ 13.53916585, 45.72885895 ], [ 13.53847945, 45.72899926 ], [ 13.53784156, 45.72913122 ], [ 13.53722405, 45.72929513 ], [ 13.53654754, 45.72949791 ], [ 13.53587842, 45.72975576 ], [ 13.53529334, 45.72996223 ], [ 13.53494144, 45.73011875 ], [ 13.5340414, 45.73042393 ], [ 13.53321028, 45.73079252 ], [ 13.53258824, 45.73105443 ], [ 13.53200817, 45.73126411 ], [ 13.53123283, 45.7315315 ], [ 13.53025925, 45.73193765 ], [ 13.52927387, 45.73234522 ], [ 13.52840686, 45.73274755 ], [ 13.52779424, 45.73301482 ], [ 13.52727008, 45.73324657 ], [ 13.52658153, 45.73357856 ], [ 13.52572107, 45.73404396 ], [ 13.52511001, 45.73436403 ], [ 13.52477956, 45.73459876 ], [ 13.52445197, 45.73490512 ], [ 13.52389503, 45.73529375 ], [ 13.5232532, 45.73566484 ], [ 13.52265036, 45.73608577 ], [ 13.52223313, 45.73649204 ], [ 13.51762545, 45.73985541 ], [ 13.51752341, 45.74004185 ], [ 13.51734483, 45.74016702 ], [ 13.51709747, 45.74026203 ], [ 13.5168128, 45.74045634 ], [ 13.51636326, 45.74083781 ], [ 13.51567626, 45.74131298 ], [ 13.51512301, 45.74162054 ], [ 13.51477206, 45.74186122 ], [ 13.51440883, 45.74222302 ], [ 13.51390696, 45.74271548 ], [ 13.51353323, 45.74314106 ], [ 13.51326334, 45.74347651 ], [ 13.51300526, 45.74377501 ], [ 13.51263535, 45.74403524 ], [ 13.51222527, 45.74420953 ], [ 13.51182413, 45.74434912 ], [ 13.511397, 45.74447274 ], [ 13.51084006, 45.74465227 ], [ 13.51007044, 45.74492741 ], [ 13.50923502, 45.74530494 ], [ 13.50860333, 45.74557984 ], [ 13.50815082, 45.74576306 ], [ 13.50776506, 45.74590135 ], [ 13.5073899, 45.74606597 ], [ 13.50702381, 45.74612296 ], [ 13.50647235, 45.74630201 ], [ 13.50589538, 45.74644578 ], [ 13.50539303, 45.7465893 ], [ 13.50496781, 45.74671388 ], [ 13.50459707, 45.74683964 ], [ 13.50429261, 45.74695444 ], [ 13.50403762, 45.74713898 ], [ 13.50367045, 45.74745011 ], [ 13.50304806, 45.74781084 ], [ 13.50242817, 45.74806631 ], [ 13.50203073, 45.74833584 ], [ 13.50173867, 45.74874163 ], [ 13.50140035, 45.74920094 ], [ 13.50113046, 45.74961901 ], [ 13.49890685, 45.75120974 ], [ 13.49846005, 45.75168633 ], [ 13.49791634, 45.75220406 ], [ 13.49752927, 45.75265765 ], [ 13.49727321, 45.75311232 ], [ 13.49709213, 45.75361836 ], [ 13.49689937, 45.75403035 ], [ 13.49670172, 45.75434434 ], [ 13.49644887, 45.75461984 ], [ 13.49635863, 45.75707436 ], [ 13.49608827, 45.75756097 ], [ 13.49588192, 45.75807345 ], [ 13.49573314, 45.75846672 ], [ 13.49572945, 45.75876486 ], [ 13.49578774, 45.75911045 ], [ 13.49568951, 45.75967777 ], [ 13.49543643, 45.76048291 ], [ 13.49504673, 45.76117241 ], [ 13.49465585, 45.7616713 ], [ 13.49418604, 45.76213062 ], [ 13.49362004, 45.76262355 ], [ 13.49288166, 45.76313233 ], [ 13.49226105, 45.76345205 ], [ 13.49179721, 45.76363647 ], [ 13.49137366, 45.76375854 ], [ 13.49088681, 45.76388943 ], [ 13.49032783, 45.76401734 ], [ 13.48982787, 45.76416183 ], [ 13.48940051, 45.76429605 ], [ 13.48900354, 45.76444066 ], [ 13.48861063, 45.76457262 ], [ 13.48821461, 45.76471663 ], [ 13.48781574, 45.76485944 ], [ 13.48741603, 45.76503742 ], [ 13.48700166, 45.76505947 ], [ 13.48689556, 45.76525044 ], [ 13.48679185, 45.76544118 ], [ 13.48659492, 45.76558816 ], [ 13.48622322, 45.76570368 ], [ 13.48563015, 45.76583767 ], [ 13.48483086, 45.76596916 ], [ 13.48401725, 45.76611757 ], [ 13.48322952, 45.76625955 ], [ 13.48263657, 45.76641095 ], [ 13.48219275, 45.76652467 ], [ 13.48177195, 45.76657522 ], [ 13.48129952, 45.76652551 ], [ 13.48081851, 45.76651788 ], [ 13.48048961, 45.76664686 ], [ 13.48023307, 45.76689613 ], [ 13.47988164, 45.76716471 ], [ 13.47948194, 45.76736093 ], [ 13.47905052, 45.76754642 ], [ 13.47850132, 45.76775551 ], [ 13.47773921, 45.76798534 ], [ 13.4768573, 45.76805735 ], [ 13.47603202, 45.76796162 ], [ 13.47523093, 45.76780736 ], [ 13.47454214, 45.76760864 ], [ 13.47347927, 45.76840603 ], [ 13.47380531, 45.76902747 ], [ 13.47438061, 45.76941681 ], [ 13.4751749, 45.76949322 ], [ 13.47598755, 45.7693696 ], [ 13.47685707, 45.76920891 ], [ 13.47775388, 45.76904428 ], [ 13.47871578, 45.76890433 ], [ 13.47950685, 45.76875925 ], [ 13.48016906, 45.76862645 ], [ 13.48075724, 45.76848197 ], [ 13.48132944, 45.76834822 ], [ 13.48181546, 45.76820302 ], [ 13.48222804, 45.76806867 ], [ 13.48261905, 45.76792395 ], [ 13.48303485, 45.76779211 ], [ 13.48351991, 45.76765168 ], [ 13.48406672, 45.76752174 ], [ 13.48458242, 45.76736248 ], [ 13.48515725, 45.76716435 ], [ 13.48593521, 45.76689637 ], [ 13.48684835, 45.76663446 ], [ 13.48768234, 45.76632726 ], [ 13.488451, 45.7659657 ], [ 13.48932242, 45.76545608 ], [ 13.49020195, 45.76531494 ], [ 13.49059713, 45.76513863 ], [ 13.49101734, 45.76500046 ], [ 13.49150515, 45.76486576 ], [ 13.49206793, 45.76473784 ], [ 13.49263167, 45.76455498 ], [ 13.49327302, 45.76428115 ], [ 13.49399686, 45.76391065 ], [ 13.49451923, 45.76364744 ], [ 13.49477625, 45.76346028 ], [ 13.49490166, 45.76329565 ], [ 13.49506664, 45.76318967 ], [ 13.49530494, 45.76312065 ], [ 13.49557185, 45.76294875 ], [ 13.49594784, 45.76250875 ], [ 13.49647772, 45.76172912 ], [ 13.49687004, 45.76083875 ], [ 13.49713182, 45.76017571 ], [ 13.49731505, 45.75962341 ], [ 13.49750805, 45.7589519 ], [ 13.49770546, 45.75806975 ], [ 13.49795794, 45.75728106 ], [ 13.49797964, 45.75437236 ], [ 13.49830782, 45.75403488 ], [ 13.49871266, 45.75360584 ], [ 13.49929321, 45.75306165 ], [ 13.49986744, 45.75255227 ], [ 13.50047076, 45.75213873 ], [ 13.50092804, 45.75190651 ], [ 13.5011698, 45.75174224 ], [ 13.50127256, 45.75155711 ], [ 13.50384188, 45.749614 ], [ 13.50440097, 45.74909592 ], [ 13.50513101, 45.74858177 ], [ 13.50574827, 45.7482655 ], [ 13.50619936, 45.74808836 ], [ 13.50657427, 45.74797344 ], [ 13.50697458, 45.74783266 ], [ 13.50752807, 45.74764013 ], [ 13.50834465, 45.74735034 ], [ 13.50930452, 45.74701953 ], [ 13.51006401, 45.7466228 ], [ 13.51044714, 45.74630475 ], [ 13.51071692, 45.74610305 ], [ 13.51111972, 45.74591911 ], [ 13.51166463, 45.74567652 ], [ 13.51217926, 45.74548161 ], [ 13.5126096, 45.74532914 ], [ 13.51294112, 45.74521518 ], [ 13.51314127, 45.74507046 ], [ 13.51324105, 45.74487245 ], [ 13.51541626, 45.74335492 ], [ 13.51570427, 45.74327981 ], [ 13.51594675, 45.74310994 ], [ 13.51621032, 45.74280035 ], [ 13.51655495, 45.74241483 ], [ 13.51681984, 45.742118 ], [ 13.51705182, 45.74196255 ], [ 13.51729441, 45.74186075 ], [ 13.51750791, 45.74164486 ], [ 13.51776373, 45.74123347 ], [ 13.51819324, 45.74072003 ], [ 13.51876473, 45.74018574 ], [ 13.51950085, 45.73967814 ], [ 13.5200603, 45.73937905 ], [ 13.5203762, 45.73916554 ], [ 13.52062595, 45.73887455 ], [ 13.52093947, 45.73850834 ], [ 13.52118862, 45.73820841 ], [ 13.52146864, 45.73801243 ], [ 13.52190113, 45.73783612 ], [ 13.52243304, 45.73761511 ], [ 13.52285457, 45.73744583 ], [ 13.52313805, 45.73725176 ], [ 13.52346766, 45.73691475 ], [ 13.5240128, 45.73642373 ], [ 13.52475655, 45.73618543 ], [ 13.52587914, 45.73550463 ], [ 13.52672362, 45.73501146 ], [ 13.52734375, 45.73457074 ], [ 13.52775443, 45.73419845 ], [ 13.52815163, 45.73391426 ], [ 13.52855778, 45.73373568 ], [ 13.52895296, 45.73359084 ], [ 13.52933335, 45.73346508 ], [ 13.52972293, 45.73332536 ], [ 13.53020155, 45.73319495 ], [ 13.53090012, 45.73305464 ], [ 13.53179777, 45.73292255 ], [ 13.53253114, 45.73275805 ], [ 13.53311574, 45.73255265 ], [ 13.53367305, 45.73229086 ], [ 13.53415382, 45.73208582 ], [ 13.53457057, 45.73192143 ], [ 13.53496504, 45.73178983 ], [ 13.53535843, 45.73164916 ], [ 13.53575516, 45.73151672 ], [ 13.53615427, 45.73136985 ], [ 13.53655422, 45.73123467 ], [ 13.53695393, 45.73109841 ], [ 13.53735363, 45.73099721 ], [ 13.53776336, 45.73077714 ], [ 13.53847516, 45.73067617 ], [ 13.53919208, 45.73054004 ], [ 13.53994131, 45.73040497 ], [ 13.54052401, 45.73025775 ], [ 13.54094815, 45.73012281 ], [ 13.54132581, 45.72997737 ], [ 13.54178584, 45.72984362 ], [ 13.54247522, 45.72969866 ], [ 13.54338896, 45.72956467 ], [ 13.54419124, 45.72941971 ], [ 13.54489708, 45.72928572 ], [ 13.54559422, 45.72914064 ], [ 13.54633355, 45.72900665 ], [ 13.54691732, 45.72886145 ], [ 13.54734993, 45.72872758 ], [ 13.54773521, 45.7285825 ], [ 13.54817474, 45.72844851 ], [ 13.54876244, 45.72830343 ], [ 13.54947424, 45.72816956 ], [ 13.5500648, 45.72802556 ], [ 13.55059063, 45.72789395 ], [ 13.55127561, 45.72774994 ], [ 13.55218363, 45.72760701 ], [ 13.5530256, 45.72742903 ], [ 13.55452895, 45.72739434 ], [ 13.55464387, 45.72759974 ], [ 13.55479443, 45.72779536 ], [ 13.555112, 45.72789836 ], [ 13.55561435, 45.72785521 ], [ 13.55609655, 45.72773254 ], [ 13.55645955, 45.72773576 ], [ 13.55671155, 45.72801316 ], [ 13.55697036, 45.72855377 ], [ 13.55732155, 45.72910202 ], [ 13.55760336, 45.72950804 ], [ 13.55782521, 45.72979975 ], [ 13.55799937, 45.73001027 ], [ 13.55822682, 45.73014355 ], [ 13.55851364, 45.73026145 ], [ 13.55871487, 45.73047745 ], [ 13.55867434, 45.73077488 ], [ 13.55827308, 45.73095286 ], [ 13.55755186, 45.73093498 ], [ 13.55683291, 45.73081255 ], [ 13.55625713, 45.73080111 ], [ 13.55597734, 45.73104274 ], [ 13.55599308, 45.73153508 ], [ 13.55617845, 45.73211432 ], [ 13.55635786, 45.73277903 ], [ 13.55608284, 45.73302054 ], [ 13.55579221, 45.73295558 ], [ 13.55557525, 45.73281753 ], [ 13.55540895, 45.73257244 ], [ 13.55523145, 45.73222184 ], [ 13.55509424, 45.73178005 ], [ 13.55331182, 45.73058307 ], [ 13.55290663, 45.73053968 ], [ 13.55255425, 45.73033655 ], [ 13.55227125, 45.73008907 ], [ 13.55181122, 45.72995901 ], [ 13.55104792, 45.73003721 ], [ 13.55027127, 45.7302953 ], [ 13.54968595, 45.73057747 ], [ 13.54929841, 45.73088157 ], [ 13.54908705, 45.73111916 ], [ 13.54885197, 45.73118877 ], [ 13.54843855, 45.73109305 ], [ 13.54785836, 45.73098326 ], [ 13.54724777, 45.7309767 ], [ 13.54665113, 45.73114955 ], [ 13.54616046, 45.73133934 ], [ 13.54574835, 45.73150456 ], [ 13.54532492, 45.73163795 ], [ 13.54479337, 45.73180974 ], [ 13.54413056, 45.73206365 ], [ 13.54352474, 45.73243213 ], [ 13.54310715, 45.73274088 ], [ 13.54252231, 45.73295581 ], [ 13.54148197, 45.73322547 ], [ 13.54023242, 45.73368227 ], [ 13.53978205, 45.73382485 ], [ 13.5393424, 45.73403394 ], [ 13.53884256, 45.73424804 ], [ 13.53827012, 45.73450386 ], [ 13.53772151, 45.73470592 ], [ 13.53455687, 45.73685682 ], [ 13.53415668, 45.73695755 ], [ 13.53375673, 45.73709333 ], [ 13.53335845, 45.73722768 ], [ 13.53296566, 45.73737574 ], [ 13.53258002, 45.73751497 ], [ 13.53218675, 45.73767054 ], [ 13.53173292, 45.73781288 ], [ 13.53113234, 45.73792923 ], [ 13.53040314, 45.73792827 ], [ 13.529796, 45.73781157 ], [ 13.52930677, 45.73767388 ], [ 13.52882564, 45.73753285 ], [ 13.52835298, 45.73741233 ], [ 13.52803028, 45.73724544 ], [ 13.52777243, 45.73699796 ], [ 13.52740848, 45.73673487 ], [ 13.52698946, 45.73653436 ], [ 13.52656555, 45.73633814 ], [ 13.52483583, 45.73756826 ], [ 13.52455616, 45.73795438 ], [ 13.52421415, 45.73834038 ], [ 13.52394998, 45.73863101 ], [ 13.52365625, 45.73882973 ], [ 13.52320874, 45.73906243 ], [ 13.52269602, 45.73941565 ], [ 13.52235305, 45.73972285 ], [ 13.5220437, 45.73993444 ], [ 13.52159095, 45.74017274 ], [ 13.52105761, 45.74054635 ], [ 13.52069604, 45.74091578 ], [ 13.52046812, 45.74121761 ], [ 13.52031422, 45.74144185 ], [ 13.52009583, 45.74159181 ], [ 13.51975036, 45.74174511 ], [ 13.51934981, 45.74200714 ], [ 13.51896691, 45.74235523 ], [ 13.51852155, 45.74277306 ], [ 13.51810622, 45.74325788 ], [ 13.51778066, 45.74391556 ], [ 13.51785052, 45.74469936 ], [ 13.51835024, 45.74531937 ], [ 13.51895976, 45.74567854 ], [ 13.51957536, 45.74596596 ], [ 13.51951015, 45.74628913 ], [ 13.51896834, 45.74650931 ], [ 13.51856017, 45.74666524 ], [ 13.51843536, 45.74687815 ], [ 13.51874888, 45.74727023 ], [ 13.51945984, 45.74777603 ], [ 13.52011681, 45.74812496 ], [ 13.52058494, 45.74831486 ], [ 13.52090848, 45.74833357 ], [ 13.52115846, 45.74815512 ], [ 13.52149427, 45.74775624 ], [ 13.52201116, 45.74720395 ], [ 13.52250135, 45.74673271 ], [ 13.52308857, 45.74646795 ], [ 13.52380574, 45.74653745 ], [ 13.52447367, 45.74690616 ], [ 13.52492607, 45.74734282 ], [ 13.52678454, 45.74871945 ], [ 13.52645564, 45.74905133 ], [ 13.52606177, 45.74942362 ], [ 13.52552128, 45.74979913 ], [ 13.52507925, 45.75003672 ], [ 13.52484155, 45.75021052 ], [ 13.52469206, 45.75038874 ], [ 13.52440715, 45.75054252 ], [ 13.5238955, 45.75066447 ], [ 13.52326584, 45.75074208 ], [ 13.52254927, 45.75065756 ], [ 13.52188325, 45.75044417 ], [ 13.52143312, 45.75035048 ], [ 13.52120483, 45.75044107 ], [ 13.52107728, 45.75062215 ], [ 13.52090025, 45.75077081 ], [ 13.52066565, 45.75087905 ], [ 13.52046525, 45.75103855 ], [ 13.52026355, 45.75128615 ], [ 13.51991105, 45.75155115 ], [ 13.5193305, 45.75174272 ], [ 13.51831532, 45.75190032 ], [ 13.51689494, 45.75203073 ], [ 13.51575673, 45.75216222 ], [ 13.51486301, 45.75226045 ], [ 13.51458085, 45.75248158 ], [ 13.51419234, 45.75258255 ], [ 13.51380241, 45.75271881 ], [ 13.51338911, 45.75285375 ], [ 13.51289916, 45.75300097 ], [ 13.51229382, 45.75313616 ], [ 13.51160824, 45.75328135 ], [ 13.51081967, 45.75341535 ], [ 13.51002765, 45.75356054 ], [ 13.50913274, 45.75369513 ], [ 13.50812328, 45.75384033 ], [ 13.50700438, 45.75397146 ], [ 13.50621665, 45.75410747 ], [ 13.50579727, 45.75422728 ], [ 13.50561213, 45.75437844 ], [ 13.50550628, 45.75455964 ], [ 13.50532711, 45.75469875 ], [ 13.50505245, 45.75477982 ], [ 13.50324905, 45.75599205 ], [ 13.50311041, 45.75626612 ], [ 13.50289404, 45.75655735 ], [ 13.50260437, 45.75689912 ], [ 13.50220764, 45.75730574 ], [ 13.50182343, 45.75773764 ], [ 13.50141394, 45.75822878 ], [ 13.50103092, 45.75875831 ], [ 13.50055313, 45.75929594 ], [ 13.49995971, 45.75987053 ], [ 13.49922705, 45.76050794 ], [ 13.49872518, 45.76100373 ], [ 13.49842906, 45.76138926 ], [ 13.49826396, 45.76176834 ], [ 13.49819064, 45.76216125 ], [ 13.49828184, 45.76266992 ], [ 13.49844563, 45.76331031 ], [ 13.49867284, 45.76382566 ], [ 13.49897957, 45.76416624 ], [ 13.49947906, 45.76431203 ], [ 13.50006342, 45.76420283 ], [ 13.50050676, 45.76393151 ], [ 13.50076985, 45.76332724 ], [ 13.50099123, 45.76232302 ], [ 13.50131488, 45.76134765 ], [ 13.50180256, 45.76146483 ], [ 13.50194788, 45.76126206 ], [ 13.50209975, 45.76102173 ], [ 13.50229657, 45.76075685 ], [ 13.50249016, 45.76048768 ], [ 13.50270116, 45.76020706 ], [ 13.50289094, 45.75986183 ], [ 13.50308466, 45.75937438 ], [ 13.50325143, 45.75880194 ], [ 13.50345743, 45.75845325 ], [ 13.50371242, 45.75830507 ], [ 13.50395262, 45.75814807 ], [ 13.50421834, 45.75785995 ], [ 13.50455976, 45.75748122 ], [ 13.50482106, 45.75717413 ], [ 13.50507605, 45.75699544 ], [ 13.50541234, 45.75688744 ], [ 13.50579226, 45.75677502 ], [ 13.50612581, 45.75666785 ], [ 13.50633895, 45.75650966 ], [ 13.506464, 45.75627208 ], [ 13.50660264, 45.75600028 ], [ 13.50684094, 45.75576282 ], [ 13.50747645, 45.75561357 ], [ 13.50864255, 45.75553787 ], [ 13.50942695, 45.75533044 ], [ 13.51006401, 45.75522935 ], [ 13.51066446, 45.75509357 ], [ 13.51133084, 45.75496113 ], [ 13.51212037, 45.75481856 ], [ 13.51302695, 45.75468576 ], [ 13.51373434, 45.75452077 ], [ 13.51430583, 45.75431561 ], [ 13.51494682, 45.75405455 ], [ 13.51572585, 45.75385237 ], [ 13.51673496, 45.7536931 ], [ 13.5179646, 45.75356102 ], [ 13.51888704, 45.75339234 ], [ 13.51963651, 45.75317526 ], [ 13.52058256, 45.75291872 ], [ 13.52164125, 45.75280416 ], [ 13.52227557, 45.75289536 ], [ 13.52255273, 45.75320494 ], [ 13.52278495, 45.75378823 ], [ 13.5230726, 45.75461662 ], [ 13.52333641, 45.75535083 ], [ 13.52317047, 45.75593615 ], [ 13.5225141, 45.75645435 ], [ 13.52180338, 45.75680983 ], [ 13.52114332, 45.75711906 ], [ 13.52121985, 45.76411295 ], [ 13.52145493, 45.7643733 ], [ 13.52163672, 45.76458704 ], [ 13.52184832, 45.76472342 ], [ 13.52210236, 45.76485264 ], [ 13.52231348, 45.76513064 ], [ 13.52248323, 45.7655797 ], [ 13.52267778, 45.76599205 ], [ 13.52286625, 45.76635551 ], [ 13.52307367, 45.76677716 ], [ 13.52326298, 45.76727927 ], [ 13.52346444, 45.76769137 ], [ 13.52365375, 45.76800585 ], [ 13.52388895, 45.76829982 ], [ 13.52418065, 45.76863837 ], [ 13.52454913, 45.76902401 ], [ 13.52483392, 45.76936805 ], [ 13.52507663, 45.76968086 ], [ 13.52533674, 45.77003038 ], [ 13.52571845, 45.77045166 ], [ 13.52621567, 45.77088737 ], [ 13.52701652, 45.77129471 ], [ 13.52804327, 45.77157795 ], [ 13.53108931, 45.77360725 ], [ 13.53138018, 45.77413487 ], [ 13.53174221, 45.77460194 ], [ 13.53202653, 45.77497804 ], [ 13.53228056, 45.77535284 ], [ 13.53256214, 45.77580404 ], [ 13.53294468, 45.77627325 ], [ 13.53332984, 45.77670693 ], [ 13.53377914, 45.77715695 ], [ 13.53425801, 45.77764261 ], [ 13.53481138, 45.77817154 ], [ 13.53525913, 45.77860522 ], [ 13.53574598, 45.77894795 ], [ 13.53639793, 45.77926874 ], [ 13.537238, 45.77964497 ], [ 13.5380069, 45.77991211 ], [ 13.53856695, 45.78008223 ], [ 13.53900826, 45.78017914 ], [ 13.5417546, 45.78206027 ], [ 13.54216635, 45.78215706 ], [ 13.54255855, 45.78228402 ], [ 13.54288304, 45.78240454 ], [ 13.54309034, 45.78255594 ], [ 13.54323077, 45.78273416 ], [ 13.54342234, 45.78287303 ], [ 13.54366291, 45.78297246 ], [ 13.54384828, 45.78310192 ], [ 13.54399145, 45.78327036 ], [ 13.54424655, 45.78344345 ], [ 13.54470396, 45.78368402 ], [ 13.54525101, 45.78406215 ], [ 13.54562545, 45.78443146 ], [ 13.54587436, 45.78474367 ], [ 13.54605591, 45.7850244 ], [ 13.54625416, 45.78529716 ], [ 13.54645467, 45.78557324 ], [ 13.54668581, 45.78585982 ], [ 13.54687285, 45.78616285 ], [ 13.54693615, 45.78647113 ], [ 13.54670691, 45.78671134 ], [ 13.54619181, 45.78676081 ], [ 13.54522967, 45.78665876 ], [ 13.54371035, 45.78654122 ], [ 13.54288685, 45.78636455 ], [ 13.54158294, 45.78595197 ], [ 13.54045367, 45.78546154 ], [ 13.53979206, 45.78514075 ], [ 13.53952765, 45.78494155 ], [ 13.53944016, 45.78475976 ], [ 13.53936386, 45.78458905 ], [ 13.53415751, 45.78459823 ], [ 13.53238475, 45.78580844 ], [ 13.53223288, 45.78614986 ], [ 13.53207338, 45.78657627 ], [ 13.53202975, 45.78709507 ], [ 13.53209341, 45.78753972 ], [ 13.53221452, 45.78788924 ], [ 13.53259027, 45.78813136 ], [ 13.53315735, 45.78817046 ], [ 13.53379345, 45.78802776 ], [ 13.53462172, 45.78780162 ], [ 13.53576386, 45.7875483 ], [ 13.53710794, 45.78743672 ], [ 13.53819084, 45.78745484 ], [ 13.53798795, 45.79031456 ], [ 13.53821242, 45.79068744 ], [ 13.53841257, 45.79103684 ], [ 13.53873098, 45.79125834 ], [ 13.53921592, 45.79138696 ], [ 13.53970194, 45.79151511 ], [ 13.54016066, 45.79164302 ], [ 13.54066932, 45.79179561 ], [ 13.54126787, 45.79194355 ], [ 13.54185975, 45.79208016 ], [ 13.54237843, 45.79211426 ], [ 13.54269147, 45.79199815 ], [ 13.54287267, 45.79172266 ], [ 13.54308343, 45.79127324 ], [ 13.54335594, 45.79067385 ], [ 13.54369521, 45.79013431 ], [ 13.54393005, 45.78978384 ], [ 13.54415834, 45.78959131 ], [ 13.54457712, 45.78947175 ], [ 13.54535997, 45.78942037 ], [ 13.5464946, 45.78961515 ], [ 13.54741812, 45.79008615 ], [ 13.54766691, 45.79055047 ], [ 13.54744732, 45.79095852 ], [ 13.54700267, 45.79137194 ], [ 13.54657245, 45.79177976 ], [ 13.54613531, 45.79220295 ], [ 13.54574466, 45.79261863 ], [ 13.54532015, 45.79304814 ], [ 13.54492223, 45.79346561 ], [ 13.54451621, 45.79387557 ], [ 13.54424667, 45.79422176 ], [ 13.54413664, 45.79451525 ], [ 13.54421854, 45.79478955 ], [ 13.54434395, 45.79506135 ], [ 13.54472864, 45.79525065 ], [ 13.54545367, 45.79517817 ], [ 13.54590702, 45.79501355 ], [ 13.54621434, 45.79471076 ], [ 13.54655504, 45.79431832 ], [ 13.54682076, 45.7939651 ], [ 13.54703581, 45.79367185 ], [ 13.5472157, 45.79339993 ], [ 13.54746616, 45.79309201 ], [ 13.54785335, 45.79267752 ], [ 13.54841423, 45.79215443 ], [ 13.54890227, 45.79167354 ], [ 13.54934645, 45.79123402 ], [ 13.54972994, 45.79080641 ], [ 13.55017388, 45.79029298 ], [ 13.55066204, 45.78967154 ], [ 13.55122387, 45.78900504 ], [ 13.55161464, 45.78845584 ], [ 13.55187011, 45.78807676 ], [ 13.55204737, 45.78777385 ], [ 13.55222666, 45.78744686 ], [ 13.55239654, 45.78706956 ], [ 13.55263162, 45.78670144 ], [ 13.55299497, 45.78629196 ], [ 13.55357933, 45.78578365 ], [ 13.5557307, 45.78571415 ], [ 13.55593026, 45.78557468 ], [ 13.55574346, 45.78271234 ], [ 13.55665743, 45.78269374 ], [ 13.55776966, 45.78280342 ], [ 13.5586946, 45.78305137 ], [ 13.55942547, 45.78327167 ], [ 13.56035173, 45.78342426 ], [ 13.5615983, 45.78344715 ], [ 13.56259775, 45.78334463 ], [ 13.56324744, 45.78313971 ], [ 13.56354403, 45.78269935 ], [ 13.56354833, 45.78205001 ], [ 13.56330657, 45.78159654 ], [ 13.56282592, 45.78133523 ], [ 13.56215513, 45.78110814 ], [ 13.56146491, 45.78094876 ], [ 13.56086767, 45.78077877 ], [ 13.56029582, 45.78047514 ], [ 13.5597856, 45.77987802 ], [ 13.55961084, 45.77912712 ], [ 13.55974758, 45.77850616 ], [ 13.56003094, 45.77803755 ], [ 13.56046891, 45.77778566 ], [ 13.56100714, 45.77779615 ], [ 13.56160295, 45.77793455 ], [ 13.56216145, 45.77814114 ], [ 13.56252193, 45.77811408 ], [ 13.56288922, 45.77807105 ], [ 13.56326795, 45.77810454 ], [ 13.56373072, 45.77809143 ], [ 13.56442821, 45.77798235 ], [ 13.56541312, 45.77784693 ], [ 13.56642616, 45.77769411 ], [ 13.5674088, 45.77755606 ], [ 13.56809545, 45.77741051 ], [ 13.56853425, 45.77727723 ], [ 13.56889427, 45.77713203 ], [ 13.56933248, 45.77699435 ], [ 13.57001936, 45.77683973 ], [ 13.57100463, 45.77669692 ], [ 13.57202518, 45.77657604 ], [ 13.57302058, 45.77656412 ], [ 13.57370877, 45.77666616 ], [ 13.57408655, 45.77682745 ], [ 13.57425332, 45.77711916 ], [ 13.57435441, 45.77753174 ], [ 13.57459891, 45.77786005 ], [ 13.57512093, 45.77815533 ], [ 13.57584524, 45.77851677 ], [ 13.57646751, 45.77879441 ], [ 13.57697022, 45.77902961 ], [ 13.57815587, 45.77893114 ], [ 13.57843888, 45.77885973 ], [ 13.57863677, 45.77892113 ], [ 13.57877028, 45.77907276 ], [ 13.57894576, 45.77920365 ], [ 13.57918525, 45.77933121 ], [ 13.57946801, 45.77961421 ], [ 13.57992434, 45.78013766 ], [ 13.58062625, 45.78069007 ], [ 13.58118296, 45.78090346 ], [ 13.58146572, 45.78075886 ], [ 13.58160186, 45.78044534 ], [ 13.58176684, 45.78021312 ], [ 13.58198714, 45.78008151 ], [ 13.58219945, 45.77992415 ], [ 13.58249748, 45.77968144 ], [ 13.58307683, 45.77941704 ], [ 13.58383834, 45.77922225 ], [ 13.58446217, 45.77906466 ], [ 13.58492196, 45.77895582 ], [ 13.58531106, 45.77889037 ], [ 13.58569133, 45.77888012 ], [ 13.58609331, 45.77880061 ], [ 13.58654404, 45.77864027 ], [ 13.58705354, 45.77838445 ], [ 13.58717573, 45.77801216 ], [ 13.58769751, 45.77754796 ], [ 13.58811545, 45.77711988 ], [ 13.58850837, 45.77670658 ], [ 13.58878052, 45.77635658 ], [ 13.58897185, 45.77606952 ], [ 13.58910131, 45.77584457 ], [ 13.58930945, 45.77569807 ], [ 13.58975315, 45.77559507 ], [ 13.5905354, 45.7754755 ], [ 13.59151697, 45.77534091 ], [ 13.59213054, 45.77512085 ], [ 13.59246802, 45.77482653 ], [ 13.59295595, 45.77461421 ], [ 13.59367216, 45.77448595 ], [ 13.59414184, 45.77434027 ], [ 13.59432685, 45.77417111 ], [ 13.59450006, 45.77408016 ], [ 13.59491575, 45.77411795 ], [ 13.59577894, 45.77416873 ], [ 13.59707701, 45.77396107 ], [ 13.59819055, 45.77342832 ], [ 13.59876585, 45.77291274 ], [ 13.59913576, 45.77263021 ], [ 13.59959042, 45.77251291 ], [ 13.60037005, 45.77210855 ], [ 13.60098124, 45.77188897 ], [ 13.60176635, 45.77158844 ], [ 13.60272658, 45.77129507 ], [ 13.60375178, 45.77107275 ], [ 13.60486722, 45.77115345 ], [ 13.60603964, 45.77156174 ], [ 13.61200023, 45.77173376 ], [ 13.61269677, 45.7715559 ], [ 13.61343515, 45.77141297 ], [ 13.61401558, 45.77126861 ], [ 13.61447132, 45.77113616 ], [ 13.61496174, 45.7709918 ], [ 13.61560786, 45.77086043 ], [ 13.61640143, 45.77072513 ], [ 13.61724865, 45.77060866 ], [ 13.61774576, 45.77046525 ], [ 13.61794937, 45.77028787 ], [ 13.61816192, 45.77012026 ], [ 13.61855698, 45.76993024 ], [ 13.61909711, 45.76967788 ], [ 13.61961961, 45.76947558 ], [ 13.62014401, 45.76931143 ], [ 13.62075221, 45.76917875 ], [ 13.62144423, 45.76903582 ], [ 13.62225413, 45.76889706 ], [ 13.62305236, 45.76874411 ], [ 13.62383437, 45.76862156 ], [ 13.62445676, 45.76855791 ], [ 13.62498486, 45.76861334 ], [ 13.62549245, 45.76870954 ], [ 13.62591243, 45.76882255 ], [ 13.62586141, 45.76910913 ], [ 13.62612843, 45.76940775 ], [ 13.62639737, 45.76970804 ], [ 13.62677181, 45.76997805 ], [ 13.62721002, 45.7701683 ], [ 13.62772322, 45.77033806 ], [ 13.62836111, 45.77048886 ], [ 13.62910104, 45.77059555 ], [ 13.62991095, 45.77049887 ], [ 13.63047945, 45.77011871 ], [ 13.63062954, 45.76962554 ], [ 13.63043976, 45.76930857 ], [ 13.63005161, 45.76916385 ], [ 13.62960148, 45.76906252 ], [ 13.62922013, 45.76894557 ], [ 13.62908888, 45.76867413 ], [ 13.62941074, 45.76816845 ], [ 13.63020468, 45.76760745 ], [ 13.63105655, 45.7672621 ], [ 13.63179803, 45.76704097 ], [ 13.63252497, 45.76679266 ], [ 13.63314795, 45.76642477 ], [ 13.63349855, 45.76610816 ], [ 13.63373816, 45.76593041 ], [ 13.63400304, 45.76585054 ], [ 13.63411522, 45.76584125 ], [ 13.63456142, 45.76531768 ], [ 13.63513362, 45.76469672 ], [ 13.63561952, 45.76408815 ], [ 13.63603127, 45.76359463 ], [ 13.63629651, 45.76328385 ], [ 13.63652325, 45.76313138 ], [ 13.63676667, 45.76304567 ], [ 13.63695765, 45.76292372 ], [ 13.63710284, 45.76276445 ], [ 13.63730156, 45.76263404 ], [ 13.63755524, 45.76249671 ], [ 13.63776815, 45.76220906 ], [ 13.63793933, 45.76174962 ], [ 13.63813436, 45.76133561 ], [ 13.63832355, 45.76101434 ], [ 13.63853192, 45.76073205 ], [ 13.63872075, 45.7604351 ], [ 13.63891566, 45.76009452 ], [ 13.63908696, 45.75975263 ], [ 13.63930225, 45.75953817 ], [ 13.63956046, 45.75942421 ], [ 13.63976204, 45.75929296 ], [ 13.63989115, 45.75911117 ], [ 13.64001656, 45.75892413 ], [ 13.64033926, 45.75900042 ], [ 13.64060175, 45.75871396 ], [ 13.64104402, 45.75830877 ], [ 13.6417371, 45.75783324 ], [ 13.64229631, 45.75752854 ], [ 13.64262104, 45.75730574 ], [ 13.64287508, 45.75701082 ], [ 13.64318264, 45.75664425 ], [ 13.64341044, 45.75634587 ], [ 13.64366341, 45.75615036 ], [ 13.64412665, 45.75596905 ], [ 13.64489806, 45.75573015 ], [ 13.64589334, 45.75553393 ], [ 13.6484673, 45.75396502 ], [ 13.64874947, 45.75385094 ], [ 13.6489495, 45.75363767 ], [ 13.64909315, 45.75334334 ], [ 13.64928961, 45.75313115 ], [ 13.64953876, 45.75300705 ], [ 13.64973915, 45.75286984 ], [ 13.64988887, 45.75270045 ], [ 13.65008545, 45.75256383 ], [ 13.65032625, 45.75246024 ], [ 13.65051568, 45.75232065 ], [ 13.65068281, 45.75214255 ], [ 13.65099013, 45.75199151 ], [ 13.65147996, 45.75187111 ], [ 13.65197778, 45.75174415 ], [ 13.65243566, 45.75164735 ], [ 13.65405238, 45.75042856 ], [ 13.65461421, 45.7499423 ], [ 13.65535176, 45.74950135 ], [ 13.65598416, 45.74930108 ], [ 13.65644252, 45.74919856 ], [ 13.65675807, 45.74911368 ], [ 13.65693641, 45.74898231 ], [ 13.65705466, 45.74880743 ], [ 13.65728045, 45.74864244 ], [ 13.65771186, 45.74845815 ], [ 13.65829241, 45.74820292 ], [ 13.65883267, 45.74795616 ], [ 13.65924501, 45.7476685 ], [ 13.65948963, 45.7473464 ], [ 13.65969658, 45.74697375 ], [ 13.65996575, 45.74655736 ], [ 13.66045105, 45.7462182 ], [ 13.66110611, 45.74600828 ], [ 13.66764104, 45.74167073 ], [ 13.66792631, 45.74159837 ], [ 13.66813338, 45.74145377 ], [ 13.66829038, 45.74121797 ], [ 13.66848886, 45.74092793 ], [ 13.66874075, 45.74062407 ], [ 13.66910911, 45.74036014 ], [ 13.66951716, 45.74018645 ], [ 13.66996837, 45.74001205 ], [ 13.67059636, 45.73974848 ], [ 13.67151511, 45.73931634 ], [ 13.67259085, 45.73882735 ], [ 13.67364705, 45.73829401 ], [ 13.67436945, 45.73795426 ], [ 13.67482865, 45.73776984 ], [ 13.6752094, 45.73765361 ], [ 13.67563057, 45.73749483 ], [ 13.67614305, 45.73724365 ], [ 13.67666841, 45.73687255 ], [ 13.67699957, 45.73656297 ], [ 13.67728424, 45.73636317 ], [ 13.67771161, 45.73614061 ], [ 13.67828107, 45.73574615 ], [ 13.67887914, 45.73523116 ], [ 13.67964315, 45.73459506 ], [ 13.67966795, 45.73401785 ], [ 13.68007231, 45.73384595 ], [ 13.68066084, 45.73354161 ], [ 13.68139446, 45.73302543 ], [ 13.68194795, 45.73251355 ], [ 13.68234766, 45.73208404 ], [ 13.68259013, 45.73178887 ], [ 13.68290746, 45.7315675 ], [ 13.68353951, 45.73125148 ], [ 13.68441725, 45.73078561 ], [ 13.68505442, 45.73045862 ], [ 13.68535125, 45.73025167 ], [ 13.68548477, 45.73007977 ], [ 13.68565655, 45.7299546 ], [ 13.68588984, 45.72985947 ], [ 13.68607986, 45.72972655 ], [ 13.68622684, 45.72955632 ], [ 13.68645561, 45.72940421 ], [ 13.68681252, 45.72923827 ], [ 13.68719292, 45.72897434 ], [ 13.68746126, 45.72864997 ], [ 13.68766701, 45.72828901 ], [ 13.68782496, 45.72793734 ], [ 13.68803155, 45.72771931 ], [ 13.68831575, 45.72761476 ], [ 13.68978524, 45.72654247 ], [ 13.68982804, 45.72622371 ], [ 13.68999922, 45.72606421 ], [ 13.69024181, 45.72602427 ], [ 13.69264603, 45.72425055 ], [ 13.69281721, 45.72381222 ], [ 13.69350195, 45.72317445 ], [ 13.69367325, 45.722736 ], [ 13.69617724, 45.72075784 ], [ 13.69622016, 45.72058845 ], [ 13.69639134, 45.72046888 ], [ 13.69663382, 45.72043896 ], [ 13.69886005, 45.71887791 ], [ 13.69911945, 45.71857035 ], [ 13.69950795, 45.71829927 ], [ 13.69994557, 45.71811914 ], [ 13.70035756, 45.71797836 ], [ 13.700688, 45.71786535 ], [ 13.70089471, 45.7177211 ], [ 13.70103443, 45.71754634 ], [ 13.70122993, 45.71740937 ], [ 13.70148325, 45.71730936 ], [ 13.70168293, 45.71716976 ], [ 13.70180082, 45.71697283 ], [ 13.70412445, 45.71534693 ], [ 13.70448124, 45.71523726 ], [ 13.705109, 45.71479893 ], [ 13.70526588, 45.71454966 ], [ 13.7075181, 45.71297967 ], [ 13.70810044, 45.71268785 ], [ 13.70867693, 45.71228516 ], [ 13.70911765, 45.71190011 ], [ 13.70953035, 45.71161044 ], [ 13.70987725, 45.71144354 ], [ 13.71009326, 45.71129584 ], [ 13.71021354, 45.71111465 ], [ 13.71032834, 45.71093202 ], [ 13.7109375, 45.7109375 ], [ 13.7109375, 45.71065843 ], [ 13.71113718, 45.71065843 ], [ 13.71304095, 45.70918786 ], [ 13.71259236, 45.70793116 ], [ 13.71204591, 45.70703685 ], [ 13.71165717, 45.70654893 ], [ 13.7114104, 45.70627165 ], [ 13.71126676, 45.70606685 ], [ 13.71114028, 45.70589614 ], [ 13.7109375, 45.70591521 ], [ 13.7109375, 45.703125 ], [ 13.71133566, 45.703125 ], [ 13.71129823, 45.70298004 ], [ 13.71159625, 45.70287907 ], [ 13.71194887, 45.70277834 ], [ 13.71232283, 45.70265555 ], [ 13.71264505, 45.70253861 ], [ 13.71287704, 45.70236933 ], [ 13.7131114, 45.70211697 ], [ 13.71347642, 45.70184874 ], [ 13.71388912, 45.70165265 ], [ 13.71428275, 45.70149493 ], [ 13.71466565, 45.70139074 ], [ 13.71512771, 45.70134211 ], [ 13.71584094, 45.70136023 ], [ 13.71687424, 45.70127904 ], [ 13.71793854, 45.70105457 ], [ 13.71893775, 45.70084774 ], [ 13.71986246, 45.70067585 ], [ 13.72078741, 45.70054221 ], [ 13.72145414, 45.70040572 ], [ 13.72189856, 45.70027673 ], [ 13.7222985, 45.70011473 ], [ 13.72282255, 45.69991255 ], [ 13.72357011, 45.69965255 ], [ 13.72441936, 45.69943595 ], [ 13.72516561, 45.69922566 ], [ 13.72540414, 45.69921255 ], [ 13.72598946, 45.69900846 ], [ 13.72666574, 45.69879365 ], [ 13.72736096, 45.69851422 ], [ 13.72799432, 45.69824314 ], [ 13.72857106, 45.69797277 ], [ 13.72897744, 45.69778514 ], [ 13.72919095, 45.69762242 ], [ 13.72933865, 45.69744945 ], [ 13.7296257, 45.69731116 ], [ 13.73010421, 45.69719851 ], [ 13.73061216, 45.69704914 ], [ 13.73113251, 45.69685435 ], [ 13.73171043, 45.69658804 ], [ 13.73232758, 45.69632614 ], [ 13.73307943, 45.69601071 ], [ 13.73396945, 45.69561982 ], [ 13.73486662, 45.69506288 ], [ 13.73555803, 45.69448066 ], [ 13.73615074, 45.69391596 ], [ 13.73651576, 45.69348943 ], [ 13.73673737, 45.69318426 ], [ 13.73688626, 45.69296265 ], [ 13.73708367, 45.69282961 ], [ 13.73736227, 45.69276321 ], [ 13.73780406, 45.69260073 ], [ 13.73838174, 45.69231057 ], [ 13.73891854, 45.69193435 ], [ 13.73924172, 45.69163108 ], [ 13.73949134, 45.69145644 ], [ 13.73982775, 45.69129801 ], [ 13.74027467, 45.69098461 ], [ 13.74083614, 45.69047344 ], [ 13.74152994, 45.68984032 ], [ 13.74198878, 45.68939316 ], [ 13.74231815, 45.68916202 ], [ 13.74274075, 45.68899167 ], [ 13.74326265, 45.6887778 ], [ 13.74368763, 45.68860865 ], [ 13.74396622, 45.68842053 ], [ 13.74422514, 45.68812442 ], [ 13.7445662, 45.68773293 ], [ 13.74484611, 45.68734372 ], [ 13.74665988, 45.68600917 ], [ 13.74695063, 45.68563235 ], [ 13.74740255, 45.68518555 ], [ 13.74799192, 45.68465197 ], [ 13.74871194, 45.68402207 ], [ 13.74919307, 45.68343365 ], [ 13.74950993, 45.68271208 ], [ 13.74985635, 45.68176806 ], [ 13.75037944, 45.68104756 ], [ 13.75090206, 45.68071318 ], [ 13.75139427, 45.68054378 ], [ 13.75193465, 45.68035054 ], [ 13.75249493, 45.68000674 ], [ 13.75286531, 45.67955124 ], [ 13.75306284, 45.67883956 ], [ 13.75305033, 45.67780721 ], [ 13.75288355, 45.67679572 ], [ 13.75271845, 45.67571604 ], [ 13.7563318, 45.67310596 ], [ 13.75619483, 45.67284727 ], [ 13.75609004, 45.67263925 ], [ 13.75617063, 45.67251527 ], [ 13.75640285, 45.67239416 ], [ 13.75668132, 45.67207515 ], [ 13.75706375, 45.67145467 ], [ 13.75759256, 45.67073333 ], [ 13.75798094, 45.67014885 ], [ 13.75824225, 45.66975856 ], [ 13.75843978, 45.66947293 ], [ 13.75867546, 45.66921532 ], [ 13.75860834, 45.66671383 ], [ 13.7584269, 45.66643524 ], [ 13.75842214, 45.66615486 ], [ 13.75858855, 45.66586995 ], [ 13.75878596, 45.66557932 ], [ 13.75898373, 45.6652956 ], [ 13.75914145, 45.66506505 ], [ 13.75935853, 45.66496158 ], [ 13.75972354, 45.66501033 ], [ 13.76024985, 45.66510832 ], [ 13.76087058, 45.66500735 ], [ 13.76133692, 45.66457307 ], [ 13.76145315, 45.66398561 ], [ 13.76127172, 45.66361642 ], [ 13.76097512, 45.66340721 ], [ 13.76078022, 45.66306877 ], [ 13.76079583, 45.66250312 ], [ 13.76097775, 45.66195405 ], [ 13.76117885, 45.66143095 ], [ 13.76136434, 45.66087294 ], [ 13.76148832, 45.66028512 ], [ 13.76166701, 45.65992367 ], [ 13.76209235, 45.65975797 ], [ 13.76300824, 45.65964556 ], [ 13.76450872, 45.65957105 ], [ 13.76552582, 45.65917885 ], [ 13.76538444, 45.65890122 ], [ 13.76519096, 45.65862453 ], [ 13.76499081, 45.65834844 ], [ 13.76475215, 45.65806651 ], [ 13.76451266, 45.65776253 ], [ 13.76431262, 45.65742183 ], [ 13.76439464, 45.65708625 ], [ 13.76499343, 45.65687001 ], [ 13.76602638, 45.65671015 ], [ 13.76685274, 45.65644717 ], [ 13.76734054, 45.65601254 ], [ 13.76771843, 45.65532517 ], [ 13.76798785, 45.65449202 ], [ 13.76822901, 45.65384316 ], [ 13.76843226, 45.65335095 ], [ 13.76855135, 45.6529119 ], [ 13.7683773, 45.65243626 ], [ 13.76789963, 45.65201294 ], [ 13.76746082, 45.65176046 ], [ 13.76713586, 45.65151775 ], [ 13.76665723, 45.65112507 ], [ 13.76575506, 45.65068316 ], [ 13.76467335, 45.65056038 ], [ 13.7636379, 45.65075946 ], [ 13.76196182, 45.651021 ], [ 13.76198566, 45.65075254 ], [ 13.76225555, 45.65035844 ], [ 13.76278543, 45.64984536 ], [ 13.76318884, 45.64941776 ], [ 13.76334214, 45.64913178 ], [ 13.76314902, 45.64899003 ], [ 13.76273024, 45.64899898 ], [ 13.76237261, 45.64917314 ], [ 13.76207483, 45.64951026 ], [ 13.76173413, 45.64992535 ], [ 13.76144302, 45.6502068 ], [ 13.76107848, 45.65018821 ], [ 13.76059413, 45.649845 ], [ 13.76016605, 45.64938676 ], [ 13.75971055, 45.64889765 ], [ 13.75917006, 45.64843225 ], [ 13.75838304, 45.64804804 ], [ 13.75761986, 45.64792526 ], [ 13.75734234, 45.64805174 ], [ 13.75758553, 45.64828718 ], [ 13.75803626, 45.64848244 ], [ 13.75990927, 45.64969313 ], [ 13.75971031, 45.64983261 ], [ 13.75613201, 45.64990342 ], [ 13.75561035, 45.6500591 ], [ 13.75511837, 45.65009081 ], [ 13.7547816, 45.64995122 ], [ 13.75450122, 45.64964545 ], [ 13.75412953, 45.64922905 ], [ 13.75374877, 45.64879704 ], [ 13.75332475, 45.64835441 ], [ 13.75294912, 45.64793491 ], [ 13.75259447, 45.64754474 ], [ 13.75234544, 45.64725494 ], [ 13.75201654, 45.64702916 ], [ 13.75138104, 45.64670944 ], [ 13.75050592, 45.64624202 ], [ 13.74987257, 45.64591587 ], [ 13.74957776, 45.64571416 ], [ 13.74943995, 45.64555216 ], [ 13.74925113, 45.64543057 ], [ 13.74898827, 45.64529514 ], [ 13.74880266, 45.64501715 ], [ 13.74882925, 45.64461505 ], [ 13.74911642, 45.64434028 ], [ 13.74955523, 45.64418674 ], [ 13.74987364, 45.64397788 ], [ 13.75004363, 45.64364123 ], [ 13.74975598, 45.64316905 ], [ 13.74936521, 45.64255726 ], [ 13.74864161, 45.64211905 ], [ 13.74761498, 45.64183652 ], [ 13.74672234, 45.64158106 ], [ 13.74612665, 45.64139605 ], [ 13.74572253, 45.64125001 ], [ 13.74543405, 45.64113665 ], [ 13.74525225, 45.64099801 ], [ 13.74508464, 45.64083075 ], [ 13.74475145, 45.64068592 ], [ 13.74424827, 45.64052081 ], [ 13.74388325, 45.64022422 ], [ 13.74385321, 45.63979793 ], [ 13.74397862, 45.63929737 ], [ 13.74415696, 45.63887656 ], [ 13.74892366, 45.6389271 ], [ 13.74962544, 45.63877046 ], [ 13.75031137, 45.63862836 ], [ 13.75069046, 45.63839865 ], [ 13.75072491, 45.63804758 ], [ 13.75054812, 45.63771105 ], [ 13.75028551, 45.63746548 ], [ 13.74983561, 45.63732564 ], [ 13.74922955, 45.63721907 ], [ 13.74885726, 45.63701081 ], [ 13.74882376, 45.63666832 ], [ 13.74899554, 45.63631773 ], [ 13.74917757, 45.63600194 ], [ 13.74936748, 45.63571811 ], [ 13.74965644, 45.63549006 ], [ 13.75034904, 45.63537216 ], [ 13.75148535, 45.63537395 ], [ 13.75250137, 45.63541436 ], [ 13.75353098, 45.63539207 ], [ 13.75478792, 45.63541675 ], [ 13.75589442, 45.63553846 ], [ 13.76079285, 45.63548243 ], [ 13.76152956, 45.6348145 ], [ 13.76181734, 45.63432455 ], [ 13.76172805, 45.63394618 ], [ 13.76149285, 45.63362193 ], [ 13.76107144, 45.63342595 ], [ 13.76043832, 45.63330603 ], [ 13.75976861, 45.63311946 ], [ 13.75885546, 45.63278246 ], [ 13.75745726, 45.63229752 ], [ 13.75600827, 45.63196313 ], [ 13.75521922, 45.63175535 ], [ 13.75495493, 45.63158643 ], [ 13.75479674, 45.63146997 ], [ 13.75457811, 45.63138986 ], [ 13.75435674, 45.63125885 ], [ 13.75417113, 45.6310153 ], [ 13.75407052, 45.63062584 ], [ 13.75427186, 45.63007355 ], [ 13.75475764, 45.62948978 ], [ 13.75514376, 45.62910032 ], [ 13.75542903, 45.62892151 ], [ 13.75568783, 45.62883687 ], [ 13.75587285, 45.62871516 ], [ 13.75597727, 45.62852848 ], [ 13.75611711, 45.62837756 ], [ 13.75651574, 45.62855494 ], [ 13.75693774, 45.62869716 ], [ 13.75741315, 45.62884271 ], [ 13.75792623, 45.62898147 ], [ 13.75839734, 45.62914002 ], [ 13.75901175, 45.62928045 ], [ 13.76014316, 45.62936842 ], [ 13.76179791, 45.62928963 ], [ 13.76307404, 45.62908435 ], [ 13.76379871, 45.62899816 ], [ 13.76428962, 45.62906682 ], [ 13.76472831, 45.62918317 ], [ 13.76504695, 45.62936854 ], [ 13.7653352, 45.62967098 ], [ 13.76570213, 45.63005865 ], [ 13.76599658, 45.63042963 ], [ 13.7661854, 45.63080025 ], [ 13.76617277, 45.63120985 ], [ 13.76598644, 45.63161695 ], [ 13.76579225, 45.63202286 ], [ 13.76568234, 45.63240325 ], [ 13.76576555, 45.63283277 ], [ 13.76595473, 45.63335073 ], [ 13.76622617, 45.63383317 ], [ 13.76606715, 45.63407171 ], [ 13.76695156, 45.63417256 ], [ 13.76810324, 45.63427806 ], [ 13.76928163, 45.63441491 ], [ 13.77043772, 45.63455224 ], [ 13.77123368, 45.63470924 ], [ 13.77176225, 45.63486016 ], [ 13.77225018, 45.63500094 ], [ 13.77272356, 45.63503456 ], [ 13.77295017, 45.63489461 ], [ 13.77283311, 45.63454521 ], [ 13.77251875, 45.63399494 ], [ 13.77238464, 45.63338816 ], [ 13.77247906, 45.63294184 ], [ 13.77264226, 45.63269055 ], [ 13.77290022, 45.63262355 ], [ 13.77332914, 45.63268113 ], [ 13.77391255, 45.63271987 ], [ 13.77455163, 45.63277328 ], [ 13.77525806, 45.63296175 ], [ 13.7759341, 45.63315976 ], [ 13.77645135, 45.63331223 ], [ 13.77680242, 45.63333547 ], [ 13.77699721, 45.63321316 ], [ 13.77708733, 45.63300025 ], [ 13.77740705, 45.63262105 ], [ 13.7775619, 45.63218951 ], [ 13.77771306, 45.63183665 ], [ 13.77771664, 45.63154197 ], [ 13.77756965, 45.63126337 ], [ 13.77740633, 45.63098371 ], [ 13.77721441, 45.63071442 ], [ 13.77690184, 45.63049364 ], [ 13.77618015, 45.63035524 ], [ 13.77508604, 45.63024521 ], [ 13.77435112, 45.63003886 ], [ 13.7740283, 45.62971032 ], [ 13.77388275, 45.62937927 ], [ 13.77391684, 45.62904716 ], [ 13.77412868, 45.62860644 ], [ 13.77444553, 45.62798238 ], [ 13.77485442, 45.62729681 ], [ 13.77517128, 45.62667894 ], [ 13.77534652, 45.62629235 ], [ 13.77524495, 45.62612081 ], [ 13.77480614, 45.62604892 ], [ 13.77400124, 45.62596536 ], [ 13.77299094, 45.62580371 ], [ 13.77235425, 45.62535977 ], [ 13.77206242, 45.6245445 ], [ 13.77259183, 45.62398982 ], [ 13.77269614, 45.62378824 ], [ 13.77290153, 45.62363935 ], [ 13.77323031, 45.62352622 ], [ 13.77362478, 45.62339711 ], [ 13.77404022, 45.62327051 ], [ 13.77446485, 45.62311423 ], [ 13.77489138, 45.62292385 ], [ 13.77526522, 45.62266505 ], [ 13.77551186, 45.62243187 ], [ 13.77574515, 45.62228394 ], [ 13.77599847, 45.62213266 ], [ 13.77614796, 45.62178934 ], [ 13.77610874, 45.62123716 ], [ 13.77596354, 45.62076521 ], [ 13.77594662, 45.62034857 ], [ 13.77612543, 45.61976481 ], [ 13.77641201, 45.61894095 ], [ 13.77676594, 45.61821795 ], [ 13.77703178, 45.61774385 ], [ 13.77734637, 45.61747551 ], [ 13.77789164, 45.6171658 ], [ 13.77860355, 45.61660933 ], [ 13.77916503, 45.61595893 ], [ 13.78077352, 45.6148715 ], [ 13.78148675, 45.61433375 ], [ 13.78218496, 45.61352003 ], [ 13.78262365, 45.61267054 ], [ 13.78301752, 45.61225808 ], [ 13.78362274, 45.6122961 ], [ 13.78439486, 45.61250818 ], [ 13.78518558, 45.61248434 ], [ 13.78584194, 45.61213684 ], [ 13.7863332, 45.61173105 ], [ 13.78704262, 45.61146915 ], [ 13.78818703, 45.61148894 ], [ 13.78965366, 45.61169243 ], [ 13.79133618, 45.61178458 ], [ 13.79275894, 45.61170888 ], [ 13.79398382, 45.61157465 ], [ 13.79486835, 45.61140001 ], [ 13.79558325, 45.61118865 ], [ 13.79624498, 45.61090565 ], [ 13.79690886, 45.61063242 ], [ 13.79768515, 45.61036265 ], [ 13.79843795, 45.61017776 ], [ 13.79886973, 45.61001611 ], [ 13.79903901, 45.60983002 ], [ 13.79914153, 45.60964656 ], [ 13.79984713, 45.60967958 ], [ 13.80020964, 45.60984611 ], [ 13.80076134, 45.60999024 ], [ 13.80182517, 45.61018658 ], [ 13.80346966, 45.61047125 ], [ 13.80495036, 45.61080813 ], [ 13.80591643, 45.61090445 ], [ 13.80635226, 45.61075044 ], [ 13.80631042, 45.61056983 ], [ 13.80601776, 45.61044824 ], [ 13.80431306, 45.60938191 ], [ 13.80393612, 45.60914588 ], [ 13.80338872, 45.60894215 ], [ 13.80281734, 45.60868943 ], [ 13.80231881, 45.60849381 ], [ 13.80188405, 45.608325 ], [ 13.80146921, 45.60813916 ], [ 13.80108225, 45.60785925 ], [ 13.8007493, 45.60753894 ], [ 13.8003484, 45.60725474 ], [ 13.79991984, 45.60706925 ], [ 13.79952562, 45.60692835 ], [ 13.79922116, 45.60681665 ], [ 13.79903161, 45.60667336 ], [ 13.79882014, 45.60649586 ], [ 13.79831612, 45.60634768 ], [ 13.79749477, 45.60622823 ], [ 13.79679835, 45.60608947 ], [ 13.79630685, 45.60595286 ], [ 13.79591107, 45.60580552 ], [ 13.79553652, 45.60569406 ], [ 13.79516125, 45.6056298 ], [ 13.79477775, 45.60562325 ], [ 13.79434943, 45.60552955 ], [ 13.79379272, 45.60529602 ], [ 13.79306662, 45.60488737 ], [ 13.79308391, 45.60423577 ], [ 13.79326284, 45.60393345 ], [ 13.79321504, 45.60358596 ], [ 13.79288113, 45.60317194 ], [ 13.79230881, 45.60273826 ], [ 13.79124296, 45.60228074 ], [ 13.78975844, 45.60182297 ], [ 13.78837585, 45.60130155 ], [ 13.78734064, 45.60089672 ], [ 13.78583133, 45.59974861 ], [ 13.78576756, 45.59945178 ], [ 13.78562605, 45.59916162 ], [ 13.78527892, 45.59891784 ], [ 13.7843281, 45.59880376 ], [ 13.78273451, 45.59889317 ], [ 13.78140473, 45.59917641 ], [ 13.78049815, 45.59952271 ], [ 13.77977598, 45.59990227 ], [ 13.7793014, 45.60016882 ], [ 13.77900243, 45.60046387 ], [ 13.77865171, 45.60096395 ], [ 13.77814138, 45.60160208 ], [ 13.77775586, 45.60216045 ], [ 13.77750504, 45.60255444 ], [ 13.77736127, 45.60285974 ], [ 13.77529621, 45.60432327 ], [ 13.77453351, 45.60442507 ], [ 13.7736237, 45.60456121 ], [ 13.77243745, 45.60469282 ], [ 13.77124643, 45.60483026 ], [ 13.77008486, 45.60495353 ], [ 13.76926315, 45.60511386 ], [ 13.76866734, 45.60535884 ], [ 13.76811314, 45.6057651 ], [ 13.76760423, 45.60625064 ], [ 13.76697946, 45.606812 ], [ 13.76250887, 45.60693705 ], [ 13.76213193, 45.60704446 ], [ 13.76172066, 45.60703826 ], [ 13.76119113, 45.60697115 ], [ 13.76045847, 45.60703135 ], [ 13.75959754, 45.60724366 ], [ 13.75882101, 45.60743213 ], [ 13.75840688, 45.60759962 ], [ 13.75823402, 45.60778177 ], [ 13.75798595, 45.60797966 ], [ 13.75747156, 45.60825896 ], [ 13.75678515, 45.60861266 ], [ 13.75630832, 45.60872912 ], [ 13.75609887, 45.60850525 ], [ 13.75582886, 45.60808086 ], [ 13.75491488, 45.60777414 ], [ 13.75311995, 45.60761476 ], [ 13.75084651, 45.60901618 ], [ 13.75055921, 45.60928714 ], [ 13.75014734, 45.60942078 ], [ 13.7497462, 45.60928977 ], [ 13.74950206, 45.60904121 ], [ 13.74933124, 45.60879946 ], [ 13.74216115, 45.60884917 ], [ 13.74178481, 45.60901344 ], [ 13.74147272, 45.60914028 ], [ 13.74127543, 45.60928822 ], [ 13.74111748, 45.60946572 ], [ 13.74081898, 45.60961306 ], [ 13.74033821, 45.60973144 ], [ 13.73985195, 45.60986686 ], [ 13.73939717, 45.60999775 ], [ 13.73890317, 45.61014342 ], [ 13.73832715, 45.61028182 ], [ 13.73772812, 45.61043751 ], [ 13.73707163, 45.61058295 ], [ 13.73637831, 45.61070788 ], [ 13.73570275, 45.61071825 ], [ 13.73530734, 45.61058915 ], [ 13.73513365, 45.61039901 ], [ 13.7349509, 45.61028338 ], [ 13.73464477, 45.61030436 ], [ 13.73422611, 45.61038196 ], [ 13.73370647, 45.61032581 ], [ 13.73313761, 45.61011446 ], [ 13.73270297, 45.6099236 ], [ 13.7324686, 45.60974443 ], [ 13.7323662, 45.60953677 ], [ 13.73201072, 45.60915065 ], [ 13.73195386, 45.60898125 ], [ 13.73172641, 45.6088618 ], [ 13.73127127, 45.60883176 ], [ 13.72933185, 45.60758734 ], [ 13.72904813, 45.60720718 ], [ 13.7286731, 45.60680044 ], [ 13.72831476, 45.60641432 ], [ 13.72790694, 45.6060307 ], [ 13.72428191, 45.60611057 ], [ 13.72393155, 45.60615516 ], [ 13.7235502, 45.60608196 ], [ 13.72301054, 45.60595596 ], [ 13.72209597, 45.60584116 ], [ 13.72085595, 45.60584748 ], [ 13.71995735, 45.60594988 ], [ 13.71949327, 45.60598505 ], [ 13.7192893, 45.60587215 ], [ 13.71915805, 45.60561752 ], [ 13.71897376, 45.60525727 ], [ 13.71893768, 45.60518215 ], [ 13.71877575, 45.60484493 ], [ 13.71859431, 45.60450125 ], [ 13.71856976, 45.60427034 ], [ 13.71873987, 45.60413957 ], [ 13.71900773, 45.60399592 ], [ 13.71923316, 45.60364473 ], [ 13.71940768, 45.60306954 ], [ 13.71960342, 45.60258174 ], [ 13.71979976, 45.60223985 ], [ 13.72003031, 45.60196805 ], [ 13.72024334, 45.60170782 ], [ 13.72038972, 45.60142195 ], [ 13.72027814, 45.60107112 ], [ 13.71987724, 45.60063875 ], [ 13.71980286, 45.59853983 ], [ 13.72001505, 45.59835374 ], [ 13.72006834, 45.59816766 ], [ 13.72203934, 45.59657335 ], [ 13.72219098, 45.59579504 ], [ 13.72239995, 45.59515202 ], [ 13.72261012, 45.59451532 ], [ 13.71926731, 45.59417686 ], [ 13.71914824, 45.59417819 ], [ 13.71586663, 45.59622919 ], [ 13.7125, 45.59833333 ], [ 13.69698124, 45.60429003 ], [ 13.6958283, 45.60473257 ], [ 13.69405291, 45.60541403 ], [ 13.68498857, 45.60889328 ], [ 13.68290746, 45.60969209 ], [ 13.67241062, 45.61372118 ], [ 13.6682558, 45.61531596 ], [ 13.63, 45.63 ], [ 13.56046022, 45.61138305 ], [ 13.51304284, 45.59868863 ], [ 13.5046661, 45.59644604 ], [ 13.48515421, 45.59122239 ], [ 13.47053584, 45.58730881 ], [ 13.38700668, 45.56494667 ], [ 13.3125, 45.545 ], [ 13.31221802, 45.54474365 ], [ 13.21166667, 45.45333333 ], [ 13.21111111, 45.45361111 ], [ 13.18527778, 45.42861111 ], [ 13.112281743871176, 45.35 ], [ 13.02, 45.35 ], [ 13.02, 45.63030989311715 ], [ 13.02027798, 45.6303724 ] ], [ [ 13.77717233, 45.61250806 ], [ 13.77779865, 45.61251795 ], [ 13.77839243, 45.61241281 ], [ 13.77890551, 45.61226284 ], [ 13.77924573, 45.61212313 ], [ 13.77920997, 45.61194265 ], [ 13.778602, 45.61172175 ], [ 13.77756703, 45.61154723 ], [ 13.77649975, 45.61139977 ], [ 13.77552736, 45.61127865 ], [ 13.77500904, 45.61112344 ], [ 13.77503741, 45.61093712 ], [ 13.77564991, 45.61081743 ], [ 13.77675796, 45.61083102 ], [ 13.7778815, 45.61095202 ], [ 13.77894592, 45.61108994 ], [ 13.77978504, 45.61125004 ], [ 13.78045666, 45.61144137 ], [ 13.78087234, 45.61172605 ], [ 13.78087664, 45.61204755 ], [ 13.78052974, 45.61233163 ], [ 13.78007865, 45.61251915 ], [ 13.77964044, 45.61266935 ], [ 13.77920103, 45.61279595 ], [ 13.77870131, 45.61293626 ], [ 13.77813911, 45.61306965 ], [ 13.77764034, 45.61321712 ], [ 13.77721477, 45.61335242 ], [ 13.77681994, 45.61348867 ], [ 13.7764312, 45.61358976 ], [ 13.77653003, 45.61339486 ], [ 13.7761054, 45.61319494 ], [ 13.77513003, 45.613029 ], [ 13.77352536, 45.6128509 ], [ 13.77223575, 45.61261117 ], [ 13.77154362, 45.6123985 ], [ 13.77129996, 45.61214316 ], [ 13.77149415, 45.61183524 ], [ 13.77234745, 45.61166537 ], [ 13.77385056, 45.61174011 ], [ 13.77525425, 45.61201417 ], [ 13.77636087, 45.61229634 ], [ 13.77717233, 45.61250806 ] ], [ [ 13.40854084, 45.72118902 ], [ 13.40869963, 45.72052264 ], [ 13.4089961, 45.72029185 ], [ 13.40923083, 45.72017825 ], [ 13.40939236, 45.72004306 ], [ 13.40959096, 45.71992016 ], [ 13.40983212, 45.7198106 ], [ 13.41001606, 45.71964955 ], [ 13.41015637, 45.71945357 ], [ 13.41040528, 45.71935832 ], [ 13.41085672, 45.71949935 ], [ 13.41141546, 45.71988034 ], [ 13.41185963, 45.72027361 ], [ 13.41226077, 45.72055876 ], [ 13.41260564, 45.72072005 ], [ 13.41292906, 45.72093165 ], [ 13.41341245, 45.72136354 ], [ 13.41407645, 45.72198141 ], [ 13.41440546, 45.72248292 ], [ 13.41432345, 45.72283876 ], [ 13.41395891, 45.72313583 ], [ 13.41323554, 45.72339416 ], [ 13.41229212, 45.72357178 ], [ 13.41155243, 45.72371173 ], [ 13.41100657, 45.72380555 ], [ 13.41056013, 45.72373044 ], [ 13.40951323, 45.72321224 ], [ 13.40876806, 45.7223134 ], [ 13.40854084, 45.72118902 ] ], [ [ 13.39275944, 45.70130324 ], [ 13.39261425, 45.70095062 ], [ 13.39233315, 45.70081806 ], [ 13.39205504, 45.70067656 ], [ 13.39176142, 45.70040238 ], [ 13.39144134, 45.70002306 ], [ 13.39135063, 45.69965196 ], [ 13.39150405, 45.69927871 ], [ 13.39172053, 45.69886434 ], [ 13.39190614, 45.69844985 ], [ 13.3919183, 45.69804084 ], [ 13.39177334, 45.69769096 ], [ 13.3916167, 45.69737184 ], [ 13.39143276, 45.69703066 ], [ 13.39109886, 45.69668913 ], [ 13.3902626, 45.69646597 ], [ 13.38892758, 45.69633865 ], [ 13.38793135, 45.69622326 ], [ 13.38742006, 45.69611955 ], [ 13.38720095, 45.69596815 ], [ 13.38709784, 45.69573891 ], [ 13.38705027, 45.69546437 ], [ 13.38714182, 45.69517732 ], [ 13.3872565, 45.69352305 ], [ 13.387537, 45.69321883 ], [ 13.38783026, 45.69286644 ], [ 13.38822877, 45.69244385 ], [ 13.38868058, 45.69200873 ], [ 13.38927257, 45.69159305 ], [ 13.38989437, 45.69127333 ], [ 13.39055145, 45.69095278 ], [ 13.39124668, 45.69061542 ], [ 13.39199471, 45.69022656 ], [ 13.39261842, 45.68995595 ], [ 13.39317191, 45.6897819 ], [ 13.39373577, 45.68966794 ], [ 13.39421344, 45.68955088 ], [ 13.39456093, 45.68940437 ], [ 13.39477682, 45.68910873 ], [ 13.39493716, 45.68864501 ], [ 13.39513612, 45.68822753 ], [ 13.39533341, 45.68790424 ], [ 13.39550042, 45.68763185 ], [ 13.39550042, 45.68737876 ], [ 13.39533174, 45.68712175 ], [ 13.39512718, 45.68680215 ], [ 13.39491773, 45.68630183 ], [ 13.39476395, 45.68556333 ], [ 13.39498425, 45.68521476 ], [ 13.39554667, 45.68538356 ], [ 13.39611244, 45.68561971 ], [ 13.39652824, 45.68590426 ], [ 13.39674056, 45.68642926 ], [ 13.39684415, 45.68719542 ], [ 13.39702344, 45.68770647 ], [ 13.39741731, 45.68792868 ], [ 13.39811182, 45.68802226 ], [ 13.39905417, 45.68798387 ], [ 13.39987564, 45.68783247 ], [ 13.4005177, 45.68768001 ], [ 13.40093708, 45.68762422 ], [ 13.40116274, 45.68783605 ], [ 13.40130961, 45.68828833 ], [ 13.40148711, 45.68871236 ], [ 13.40166914, 45.68903935 ], [ 13.40187764, 45.68931937 ], [ 13.40207684, 45.68960905 ], [ 13.40229917, 45.68994963 ], [ 13.40250134, 45.69033205 ], [ 13.40266466, 45.69067132 ], [ 13.40266383, 45.69099796 ], [ 13.40251064, 45.69142234 ], [ 13.40235376, 45.69200075 ], [ 13.40210056, 45.69249535 ], [ 13.40181816, 45.69311452 ], [ 13.40134025, 45.69354367 ], [ 13.40069544, 45.69376516 ], [ 13.39997947, 45.69388032 ], [ 13.39922011, 45.69386435 ], [ 13.39860451, 45.69371831 ], [ 13.39807832, 45.69349885 ], [ 13.39753306, 45.69322062 ], [ 13.39696598, 45.69301045 ], [ 13.39624321, 45.69287837 ], [ 13.39535034, 45.69285536 ], [ 13.39464831, 45.69287443 ], [ 13.39414954, 45.69283962 ], [ 13.39372444, 45.69289875 ], [ 13.39334452, 45.69318533 ], [ 13.39307976, 45.69370055 ], [ 13.3929075, 45.69448566 ], [ 13.39291537, 45.69555366 ], [ 13.3930881, 45.69652343 ], [ 13.39329493, 45.69740093 ], [ 13.39351976, 45.69812608 ], [ 13.39371812, 45.69888461 ], [ 13.39391303, 45.69980276 ], [ 13.39405632, 45.7010653 ], [ 13.3944118, 45.70159042 ], [ 13.3944118, 45.703125 ], [ 13.39413166, 45.703125 ], [ 13.39402032, 45.70339406 ], [ 13.39328611, 45.70370734 ], [ 13.39272344, 45.70384586 ], [ 13.39230347, 45.70392132 ], [ 13.39196992, 45.70392525 ], [ 13.391698, 45.70386207 ], [ 13.39173472, 45.703125 ], [ 13.39202285, 45.703125 ], [ 13.39219797, 45.70269942 ], [ 13.3926208, 45.70196354 ], [ 13.39275944, 45.70130324 ] ], [ [ 13.35972333, 45.68104255 ], [ 13.35972333, 45.68140137 ], [ 13.35962367, 45.68156075 ], [ 13.359375, 45.68164063 ], [ 13.35460985, 45.68139815 ], [ 13.35327005, 45.68078077 ], [ 13.35228074, 45.68056261 ], [ 13.35181355, 45.68078816 ], [ 13.35165524, 45.68132484 ], [ 13.35001171, 45.68290496 ], [ 13.34966564, 45.68321824 ], [ 13.34898627, 45.68349958 ], [ 13.34792435, 45.68369114 ], [ 13.34669805, 45.68381286 ], [ 13.34538865, 45.68380713 ], [ 13.34450865, 45.68368483 ], [ 13.34399855, 45.68353414 ], [ 13.34354734, 45.68336356 ], [ 13.34291995, 45.68321502 ], [ 13.34200835, 45.68311715 ], [ 13.34079623, 45.68318892 ], [ 13.3397274, 45.6834228 ], [ 13.33892918, 45.68363667 ], [ 13.33831847, 45.68381155 ], [ 13.33776391, 45.68394792 ], [ 13.33729064, 45.68408835 ], [ 13.33685374, 45.68421745 ], [ 13.33637035, 45.68435681 ], [ 13.33582532, 45.68448603 ], [ 13.33531392, 45.68464315 ], [ 13.33477283, 45.68483961 ], [ 13.33409548, 45.68511331 ], [ 13.33332026, 45.68540347 ], [ 13.33251238, 45.68576682 ], [ 13.33209181, 45.68590701 ], [ 13.33149445, 45.68623126 ], [ 13.33085453, 45.68644404 ], [ 13.32989538, 45.68661737 ], [ 13.32855356, 45.68680894 ], [ 13.32745695, 45.68706822 ], [ 13.32681644, 45.68731546 ], [ 13.32655835, 45.68759525 ], [ 13.32663453, 45.68789125 ], [ 13.32675791, 45.68822336 ], [ 13.32667804, 45.68865383 ], [ 13.32628334, 45.68915987 ], [ 13.32593071, 45.68952584 ], [ 13.32565618, 45.68970334 ], [ 13.32540381, 45.68979335 ], [ 13.32519412, 45.68993795 ], [ 13.32495928, 45.69018435 ], [ 13.3245877, 45.69045913 ], [ 13.32416356, 45.69065905 ], [ 13.32375455, 45.69078624 ], [ 13.32337475, 45.69078076 ], [ 13.32300091, 45.69065726 ], [ 13.32254422, 45.69051206 ], [ 13.32183135, 45.69036508 ], [ 13.32077861, 45.69025791 ], [ 13.32040846, 45.69046605 ], [ 13.32029176, 45.69066322 ], [ 13.32009268, 45.69080281 ], [ 13.31983805, 45.69090307 ], [ 13.31963527, 45.69104016 ], [ 13.31948495, 45.69121385 ], [ 13.31928575, 45.69135332 ], [ 13.31903815, 45.6914587 ], [ 13.31884265, 45.69160068 ], [ 13.31869924, 45.69177926 ], [ 13.31850004, 45.69191873 ], [ 13.31821883, 45.69200063 ], [ 13.31617606, 45.69335926 ], [ 13.31577802, 45.69335926 ], [ 13.31404555, 45.69206512 ], [ 13.31391215, 45.69187522 ], [ 13.31368482, 45.69174576 ], [ 13.31340277, 45.69164991 ], [ 13.31326282, 45.69147468 ], [ 13.31345236, 45.69115806 ], [ 13.31397104, 45.69078064 ], [ 13.31451476, 45.69052064 ], [ 13.31500161, 45.69032705 ], [ 13.3155061, 45.69013095 ], [ 13.31605685, 45.68988347 ], [ 13.31654823, 45.68968475 ], [ 13.31699932, 45.68950164 ], [ 13.31749535, 45.68929815 ], [ 13.3180536, 45.68904054 ], [ 13.31855261, 45.68883693 ], [ 13.31898522, 45.68867242 ], [ 13.31939101, 45.68854272 ], [ 13.31977475, 45.68841195 ], [ 13.32008958, 45.68829811 ], [ 13.32028031, 45.68815696 ], [ 13.32040274, 45.68798494 ], [ 13.3206228, 45.68782306 ], [ 13.32104707, 45.68762243 ], [ 13.32164693, 45.68730533 ], [ 13.32213461, 45.68719232 ], [ 13.32252204, 45.68702066 ], [ 13.32294536, 45.68688011 ], [ 13.32347238, 45.68671691 ], [ 13.32413554, 45.68651605 ], [ 13.32479513, 45.68626022 ], [ 13.32531953, 45.68605745 ], [ 13.32576966, 45.68587363 ], [ 13.32626021, 45.68567038 ], [ 13.32681513, 45.68541336 ], [ 13.32730961, 45.68521071 ], [ 13.32772803, 45.68504667 ], [ 13.32810974, 45.68491483 ], [ 13.32849514, 45.68477428 ], [ 13.32894504, 45.68464267 ], [ 13.32954597, 45.68449807 ], [ 13.33027792, 45.68436396 ], [ 13.33088005, 45.68421876 ], [ 13.33133304, 45.68408501 ], [ 13.33172166, 45.68393958 ], [ 13.33209765, 45.68380463 ], [ 13.33248091, 45.68365741 ], [ 13.33289754, 45.68352234 ], [ 13.33340132, 45.68338621 ], [ 13.33401847, 45.68328524 ], [ 13.33447826, 45.68307388 ], [ 13.33487487, 45.6829741 ], [ 13.33530116, 45.68281806 ], [ 13.33580124, 45.68261182 ], [ 13.33636594, 45.68234766 ], [ 13.33686566, 45.68214154 ], [ 13.33729136, 45.68197703 ], [ 13.33768642, 45.68184531 ], [ 13.33807731, 45.68170524 ], [ 13.33847106, 45.68157363 ], [ 13.33886814, 45.68142855 ], [ 13.33926976, 45.68129373 ], [ 13.33968067, 45.68114841 ], [ 13.34009957, 45.68101835 ], [ 13.34049511, 45.68088567 ], [ 13.3407737, 45.68076885 ], [ 13.34081686, 45.68060887 ], [ 13.34069347, 45.68038511 ], [ 13.34081542, 45.68016136 ], [ 13.34158206, 45.68000126 ], [ 13.34293854, 45.67988312 ], [ 13.34405327, 45.67974818 ], [ 13.34479916, 45.67961752 ], [ 13.34529066, 45.67948115 ], [ 13.34568107, 45.67937922 ], [ 13.3460803, 45.67915881 ], [ 13.34672093, 45.67905796 ], [ 13.34731281, 45.67892218 ], [ 13.34792995, 45.67878783 ], [ 13.34860826, 45.67863977 ], [ 13.34942651, 45.67850053 ], [ 13.35031724, 45.67834485 ], [ 13.35131121, 45.67820251 ], [ 13.35220563, 45.6780858 ], [ 13.35303283, 45.6780858 ], [ 13.35372043, 45.67820263 ], [ 13.35431862, 45.67834532 ], [ 13.35480356, 45.67850125 ], [ 13.35521531, 45.6786406 ], [ 13.35560346, 45.67878544 ], [ 13.35598421, 45.67891181 ], [ 13.35635436, 45.67903781 ], [ 13.35672796, 45.67915225 ], [ 13.35718632, 45.67933798 ], [ 13.35790014, 45.67970204 ], [ 13.35895336, 45.68033898 ], [ 13.359375, 45.68052447 ], [ 13.359375, 45.68080354 ], [ 13.35962367, 45.68088317 ], [ 13.35972333, 45.68104255 ] ], [ [ 13.33487225, 45.69409323 ], [ 13.33452046, 45.69433165 ], [ 13.33411264, 45.69445455 ], [ 13.33370018, 45.69455647 ], [ 13.33329594, 45.69468725 ], [ 13.33289838, 45.69481742 ], [ 13.33250511, 45.69495976 ], [ 13.33211148, 45.69508994 ], [ 13.33170354, 45.69524145 ], [ 13.33125293, 45.69542098 ], [ 13.33074546, 45.69567561 ], [ 13.33056045, 45.69621408 ], [ 13.32962155, 45.69671035 ], [ 13.32887626, 45.69689035 ], [ 13.32812297, 45.69683826 ], [ 13.32724357, 45.69681573 ], [ 13.32655501, 45.69690514 ], [ 13.32607365, 45.69702864 ], [ 13.32569313, 45.69716656 ], [ 13.32538497, 45.69730401 ], [ 13.32517445, 45.69753051 ], [ 13.32501757, 45.69787598 ], [ 13.32483828, 45.69821942 ], [ 13.32466924, 45.69852138 ], [ 13.32446825, 45.69880235 ], [ 13.32420492, 45.69908881 ], [ 13.32374275, 45.69940066 ], [ 13.32307851, 45.6997776 ], [ 13.32233906, 45.70029116 ], [ 13.32187355, 45.70073426 ], [ 13.32162404, 45.70105624 ], [ 13.32148015, 45.701285 ], [ 13.32128215, 45.70143116 ], [ 13.32096446, 45.70153928 ], [ 13.32057524, 45.70165992 ], [ 13.32016492, 45.70175445 ], [ 13.31995845, 45.70186925 ], [ 13.31995845, 45.703125 ], [ 13.31982422, 45.703125 ], [ 13.31978154, 45.70517361 ], [ 13.31950653, 45.70544755 ], [ 13.31928921, 45.70582581 ], [ 13.31912351, 45.70646155 ], [ 13.31912374, 45.70732176 ], [ 13.31928575, 45.70795035 ], [ 13.31948733, 45.70831656 ], [ 13.31973791, 45.70859265 ], [ 13.32003856, 45.70892024 ], [ 13.32041347, 45.70937145 ], [ 13.32069886, 45.70991814 ], [ 13.32091415, 45.71056378 ], [ 13.32108355, 45.71127093 ], [ 13.32133007, 45.71170557 ], [ 13.32169652, 45.71193504 ], [ 13.32203615, 45.71218514 ], [ 13.32212937, 45.71249461 ], [ 13.32200861, 45.71285045 ], [ 13.32182777, 45.71317995 ], [ 13.32152104, 45.71331334 ], [ 13.32098496, 45.7132647 ], [ 13.32032776, 45.71323967 ], [ 13.31990588, 45.71333957 ], [ 13.31972384, 45.71352994 ], [ 13.31960785, 45.71373165 ], [ 13.31915724, 45.71379495 ], [ 13.3190217, 45.71392941 ], [ 13.31887901, 45.71418846 ], [ 13.31844366, 45.71453226 ], [ 13.32127452, 45.71671557 ], [ 13.32155681, 45.71686196 ], [ 13.32175672, 45.7171489 ], [ 13.32190061, 45.71755922 ], [ 13.32209682, 45.71784186 ], [ 13.32234561, 45.71798503 ], [ 13.32254505, 45.71811795 ], [ 13.32269394, 45.71827614 ], [ 13.32289302, 45.71840167 ], [ 13.32314575, 45.71851206 ], [ 13.32335925, 45.71872115 ], [ 13.32353616, 45.71907437 ], [ 13.32374465, 45.71948671 ], [ 13.32394373, 45.71994865 ], [ 13.32411051, 45.72044885 ], [ 13.32411766, 45.72098362 ], [ 13.32397413, 45.72139525 ], [ 13.32380784, 45.72165728 ], [ 13.32357776, 45.72180331 ], [ 13.32322025, 45.72190344 ], [ 13.32273066, 45.72202897 ], [ 13.32214844, 45.72216702 ], [ 13.32158923, 45.72234535 ], [ 13.31494725, 45.72228086 ], [ 13.31421328, 45.72218561 ], [ 13.31331825, 45.72225344 ], [ 13.31236231, 45.72248006 ], [ 13.31142676, 45.72268283 ], [ 13.31059575, 45.7228533 ], [ 13.30980074, 45.72303367 ], [ 13.30917454, 45.72333407 ], [ 13.30866444, 45.7237668 ], [ 13.3081063, 45.72429275 ], [ 13.30769765, 45.72475994 ], [ 13.30745244, 45.72520375 ], [ 13.30747867, 45.72564566 ], [ 13.30790198, 45.72594142 ], [ 13.30870402, 45.72620153 ], [ 13.30954742, 45.72662795 ], [ 13.31028223, 45.72720551 ], [ 13.31104016, 45.72787738 ], [ 13.31158733, 45.72838533 ], [ 13.31201518, 45.72868562 ], [ 13.31234992, 45.72883213 ], [ 13.31261921, 45.72900832 ], [ 13.31297267, 45.72935963 ], [ 13.31349385, 45.72987068 ], [ 13.31393027, 45.73036671 ], [ 13.31414223, 45.73067176 ], [ 13.31424761, 45.73100603 ], [ 13.31452525, 45.73126614 ], [ 13.31509423, 45.73160565 ], [ 13.31585395, 45.73218358 ], [ 13.31644595, 45.73280585 ], [ 13.31685054, 45.73332095 ], [ 13.31694305, 45.73368275 ], [ 13.31678987, 45.73395777 ], [ 13.31657624, 45.73423123 ], [ 13.31631684, 45.73458552 ], [ 13.31601214, 45.73508477 ], [ 13.31563497, 45.73569596 ], [ 13.31534922, 45.73632371 ], [ 13.31514323, 45.73682976 ], [ 13.31500721, 45.73721814 ], [ 13.31481493, 45.73745871 ], [ 13.3144381, 45.73760402 ], [ 13.3137747, 45.73766267 ], [ 13.31280363, 45.73744631 ], [ 13.31185365, 45.73688483 ], [ 13.31123877, 45.73625255 ], [ 13.31078875, 45.73571002 ], [ 13.31040406, 45.73526025 ], [ 13.30992317, 45.73480928 ], [ 13.30983663, 45.73451436 ], [ 13.30963695, 45.734375 ], [ 13.30596805, 45.73436916 ], [ 13.30563045, 45.73403585 ], [ 13.30537665, 45.73368752 ], [ 13.30506146, 45.73320007 ], [ 13.30455697, 45.73247623 ], [ 13.30389464, 45.73170733 ], [ 13.30359614, 45.73117697 ], [ 13.3036952, 45.73084497 ], [ 13.30392265, 45.73058295 ], [ 13.30413175, 45.73032331 ], [ 13.30415678, 45.73004854 ], [ 13.30398536, 45.72975802 ], [ 13.30370927, 45.72945917 ], [ 13.30330706, 45.72918951 ], [ 13.30286872, 45.72899497 ], [ 13.30243802, 45.72880542 ], [ 13.29882205, 45.72882676 ], [ 13.29843915, 45.72899127 ], [ 13.29811656, 45.72911894 ], [ 13.29790914, 45.729267 ], [ 13.29776835, 45.72944212 ], [ 13.29757535, 45.7295804 ], [ 13.29732752, 45.72968423 ], [ 13.29712725, 45.72982335 ], [ 13.29697716, 45.72999775 ], [ 13.29678071, 45.73013711 ], [ 13.2965399, 45.73024118 ], [ 13.29634964, 45.73038077 ], [ 13.29618156, 45.73055816 ], [ 13.29587364, 45.73070586 ], [ 13.2953881, 45.73082006 ], [ 13.29490721, 45.73094606 ], [ 13.29447782, 45.73107266 ], [ 13.29402602, 45.73125732 ], [ 13.29344082, 45.73153865 ], [ 13.29271674, 45.73192775 ], [ 13.29206002, 45.73221183 ], [ 13.29140365, 45.73236525 ], [ 13.2906785, 45.73236036 ], [ 13.29008234, 45.73224294 ], [ 13.28960085, 45.73212588 ], [ 13.28937745, 45.73187733 ], [ 13.28846145, 45.73172104 ], [ 13.28731573, 45.73158526 ], [ 13.28596163, 45.73168075 ], [ 13.28518724, 45.73223281 ], [ 13.28506446, 45.73316956 ], [ 13.28527427, 45.73387861 ], [ 13.28552663, 45.73428047 ], [ 13.28576875, 45.73455453 ], [ 13.28596544, 45.73483145 ], [ 13.2861588, 45.73516226 ], [ 13.286327, 45.73550296 ], [ 13.28653824, 45.73572016 ], [ 13.28679061, 45.73583782 ], [ 13.28699005, 45.73596585 ], [ 13.28714311, 45.73612213 ], [ 13.28735435, 45.73624933 ], [ 13.28762007, 45.73638594 ], [ 13.28780532, 45.73667896 ], [ 13.28782296, 45.73715353 ], [ 13.28769374, 45.73758435 ], [ 13.28743458, 45.73787761 ], [ 13.28678155, 45.73798287 ], [ 13.2855947, 45.73783696 ], [ 13.28427851, 45.73745167 ], [ 13.28421426, 45.73681438 ], [ 13.28400993, 45.73611224 ], [ 13.28386652, 45.73539245 ], [ 13.28365815, 45.73500562 ], [ 13.28321874, 45.7349689 ], [ 13.28241456, 45.73508477 ], [ 13.28133535, 45.73512602 ], [ 13.28054154, 45.73505151 ], [ 13.28010535, 45.73493755 ], [ 13.27984321, 45.73473024 ], [ 13.27951646, 45.73435056 ], [ 13.27903581, 45.73385751 ], [ 13.27867913, 45.73348916 ], [ 13.27836096, 45.73326802 ], [ 13.27791011, 45.73303294 ], [ 13.27736104, 45.73265505 ], [ 13.27691376, 45.73227346 ], [ 13.27650034, 45.73197961 ], [ 13.27616847, 45.73180735 ], [ 13.27596092, 45.73165751 ], [ 13.27576578, 45.73149037 ], [ 13.27536964, 45.73135924 ], [ 13.27478564, 45.73126066 ], [ 13.27437496, 45.7311213 ], [ 13.27416503, 45.73092365 ], [ 13.27383912, 45.73072016 ], [ 13.27398384, 45.73029506 ], [ 13.27417886, 45.72965717 ], [ 13.27437258, 45.72877014 ], [ 13.27458394, 45.72800148 ], [ 13.27477551, 45.72735655 ], [ 13.27497661, 45.72680402 ], [ 13.27515626, 45.72627497 ], [ 13.27536392, 45.72586095 ], [ 13.27562034, 45.72553825 ], [ 13.27602792, 45.72526181 ], [ 13.27655613, 45.7250185 ], [ 13.27716935, 45.72473586 ], [ 13.27778125, 45.72446561 ], [ 13.27838743, 45.72418892 ], [ 13.27890956, 45.72399032 ], [ 13.27934086, 45.72383904 ], [ 13.27963591, 45.72371757 ], [ 13.27966166, 45.72355843 ], [ 13.27938521, 45.72336864 ], [ 13.27903211, 45.72322154 ], [ 13.27869916, 45.7230072 ], [ 13.27822971, 45.72257626 ], [ 13.27753067, 45.72194052 ], [ 13.27694523, 45.7213397 ], [ 13.27691603, 45.72127295 ], [ 13.27651775, 45.72116995 ], [ 13.27602971, 45.72107315 ], [ 13.27532482, 45.72108102 ], [ 13.27431321, 45.72116697 ], [ 13.27304995, 45.72117436 ], [ 13.27214265, 45.72106767 ], [ 13.27161133, 45.7209295 ], [ 13.27123284, 45.72077465 ], [ 13.27087915, 45.72063625 ], [ 13.27051675, 45.72049093 ], [ 13.27012777, 45.72035897 ], [ 13.26964045, 45.72021544 ], [ 13.26893222, 45.72007585 ], [ 13.26791322, 45.71990705 ], [ 13.26664126, 45.71973121 ], [ 13.26574254, 45.71958327 ], [ 13.26528323, 45.71966624 ], [ 13.26508176, 45.72020614 ], [ 13.26495492, 45.7211647 ], [ 13.26478136, 45.72200906 ], [ 13.26459765, 45.72271681 ], [ 13.26439965, 45.72339535 ], [ 13.26424515, 45.72413492 ], [ 13.26409793, 45.7247349 ], [ 13.26321495, 45.72458327 ], [ 13.26285076, 45.72422791 ], [ 13.26259375, 45.723912 ], [ 13.26237714, 45.72362602 ], [ 13.26219106, 45.72334981 ], [ 13.26198578, 45.72307372 ], [ 13.26179457, 45.72279584 ], [ 13.26159966, 45.72251701 ], [ 13.2614547, 45.72223783 ], [ 13.25954866, 45.72107446 ], [ 13.25902915, 45.72091925 ], [ 13.25876725, 45.72060001 ], [ 13.25882554, 45.72011745 ], [ 13.25909257, 45.71977985 ], [ 13.25933611, 45.71976221 ], [ 13.25961184, 45.71993363 ], [ 13.26022518, 45.72007537 ], [ 13.26120961, 45.72007632 ], [ 13.26202154, 45.7199645 ], [ 13.26261651, 45.71985066 ], [ 13.26424122, 45.71857405 ], [ 13.2643584, 45.71837687 ], [ 13.26455831, 45.7182374 ], [ 13.26481485, 45.71813691 ], [ 13.26501954, 45.71799982 ], [ 13.26516986, 45.71782625 ], [ 13.26536083, 45.71768725 ], [ 13.26558435, 45.71758354 ], [ 13.26575124, 45.7174437 ], [ 13.2659384, 45.71726251 ], [ 13.26642966, 45.7171036 ], [ 13.26737988, 45.71697557 ], [ 13.26857972, 45.71686804 ], [ 13.26995492, 45.71687055 ], [ 13.27105677, 45.71698701 ], [ 13.27192354, 45.71712887 ], [ 13.27259421, 45.71728396 ], [ 13.27322674, 45.71742225 ], [ 13.27390325, 45.71756804 ], [ 13.27466893, 45.71770132 ], [ 13.27536166, 45.71784484 ], [ 13.27600026, 45.71797645 ], [ 13.27659082, 45.71812046 ], [ 13.27717841, 45.71826351 ], [ 13.27771735, 45.71844137 ], [ 13.27804625, 45.71850038 ], [ 13.27859151, 45.71867788 ], [ 13.27915811, 45.71882045 ], [ 13.27965164, 45.71896565 ], [ 13.28010225, 45.71910155 ], [ 13.28059947, 45.71925354 ], [ 13.28115976, 45.71938884 ], [ 13.28165877, 45.71949673 ], [ 13.28208411, 45.71950614 ], [ 13.28247344, 45.71946645 ], [ 13.28285086, 45.71951246 ], [ 13.28323865, 45.71961975 ], [ 13.28369391, 45.71979892 ], [ 13.2843132, 45.72006404 ], [ 13.28508878, 45.72044194 ], [ 13.28573883, 45.72080445 ], [ 13.28611302, 45.72127271 ], [ 13.28607595, 45.72186863 ], [ 13.28573525, 45.72240877 ], [ 13.28541362, 45.72281635 ], [ 13.2851572, 45.72318041 ], [ 13.28496385, 45.72356367 ], [ 13.28476417, 45.72390425 ], [ 13.28456461, 45.72419965 ], [ 13.28431213, 45.72447717 ], [ 13.28432643, 45.72530794 ], [ 13.28455234, 45.72573864 ], [ 13.28470087, 45.72611618 ], [ 13.28483784, 45.72619355 ], [ 13.28503335, 45.72573924 ], [ 13.28539741, 45.72478592 ], [ 13.28598535, 45.72383046 ], [ 13.28651762, 45.72301781 ], [ 13.28689516, 45.72214174 ], [ 13.28683352, 45.72113228 ], [ 13.28626764, 45.72034085 ], [ 13.28543115, 45.71979237 ], [ 13.28444421, 45.71927154 ], [ 13.28354907, 45.71888673 ], [ 13.28260577, 45.71858776 ], [ 13.28159738, 45.71839476 ], [ 13.28079104, 45.71824431 ], [ 13.28013527, 45.71811807 ], [ 13.27955914, 45.71797848 ], [ 13.27897453, 45.71784663 ], [ 13.27839315, 45.71770263 ], [ 13.27776051, 45.71757054 ], [ 13.27707005, 45.7174263 ], [ 13.27630055, 45.71728325 ], [ 13.2756052, 45.71710527 ], [ 13.27492225, 45.71704626 ], [ 13.27437818, 45.7168684 ], [ 13.27378392, 45.71672535 ], [ 13.27319133, 45.71658123 ], [ 13.27258062, 45.71644974 ], [ 13.27198613, 45.71630693 ], [ 13.27137542, 45.71617544 ], [ 13.27078283, 45.71603131 ], [ 13.27018845, 45.71588826 ], [ 13.26964426, 45.71571016 ], [ 13.26529098, 45.71571088 ], [ 13.26490343, 45.71588075 ], [ 13.26451421, 45.71601641 ], [ 13.26410031, 45.71617043 ], [ 13.2636044, 45.71636891 ], [ 13.2629832, 45.71666682 ], [ 13.26228118, 45.71701181 ], [ 13.26152706, 45.71741021 ], [ 13.26092875, 45.71769941 ], [ 13.26044822, 45.71792185 ], [ 13.25994611, 45.71810424 ], [ 13.25938976, 45.71817601 ], [ 13.25893652, 45.71790576 ], [ 13.25859463, 45.71744156 ], [ 13.25806332, 45.71714854 ], [ 13.25724888, 45.71711624 ], [ 13.25656128, 45.71724713 ], [ 13.25607395, 45.71740186 ], [ 13.25567734, 45.71755612 ], [ 13.25529027, 45.71768367 ], [ 13.25488257, 45.71783066 ], [ 13.25445855, 45.71802914 ], [ 13.2540729, 45.71836615 ], [ 13.2545222, 45.71847558 ], [ 13.25459504, 45.71883202 ], [ 13.25379407, 45.71878922 ], [ 13.25352216, 45.71919417 ], [ 13.25406301, 45.71929765 ], [ 13.25364351, 45.72004831 ], [ 13.25325763, 45.72000206 ], [ 13.25276721, 45.72012675 ], [ 13.25179732, 45.72012591 ], [ 13.25119758, 45.71999645 ], [ 13.25093198, 45.71972454 ], [ 13.25074351, 45.71931446 ], [ 13.25057137, 45.71882164 ], [ 13.25041652, 45.71840835 ], [ 13.25041747, 45.71797407 ], [ 13.25058353, 45.71727204 ], [ 13.25078726, 45.71630084 ], [ 13.25100994, 45.71559381 ], [ 13.25120413, 45.71519291 ], [ 13.25139916, 45.71493316 ], [ 13.25156856, 45.71474147 ], [ 13.25178027, 45.71462226 ], [ 13.25203705, 45.71452713 ], [ 13.25224996, 45.71433115 ], [ 13.25242114, 45.71397233 ], [ 13.25261593, 45.71349025 ], [ 13.25279951, 45.71284926 ], [ 13.25299084, 45.71207583 ], [ 13.25315642, 45.71123016 ], [ 13.25337017, 45.71072435 ], [ 13.25365865, 45.71050453 ], [ 13.2541815, 45.71040893 ], [ 13.25440288, 45.71033073 ], [ 13.25478852, 45.71030796 ], [ 13.25528336, 45.71017182 ], [ 13.25571656, 45.71003675 ], [ 13.25620103, 45.70988953 ], [ 13.25680733, 45.70975435 ], [ 13.25750351, 45.70960915 ], [ 13.25828493, 45.70947516 ], [ 13.25898147, 45.70933032 ], [ 13.25961685, 45.70919645 ], [ 13.26020455, 45.70905125 ], [ 13.26080573, 45.70891726 ], [ 13.26139712, 45.7087723 ], [ 13.26200986, 45.70863843 ], [ 13.26260102, 45.70849335 ], [ 13.26317358, 45.70835924 ], [ 13.26365948, 45.70821416 ], [ 13.26412773, 45.70808017 ], [ 13.26472187, 45.70793498 ], [ 13.26547611, 45.70780134 ], [ 13.26617873, 45.70765734 ], [ 13.26680052, 45.70752573 ], [ 13.26729655, 45.70738161 ], [ 13.26771033, 45.70723867 ], [ 13.26809788, 45.70706058 ], [ 13.26884854, 45.70700181 ], [ 13.26938236, 45.70682371 ], [ 13.26996267, 45.70668077 ], [ 13.27055001, 45.70653665 ], [ 13.27121556, 45.70640504 ], [ 13.27200937, 45.70626116 ], [ 13.27294397, 45.70612741 ], [ 13.27373314, 45.70598221 ], [ 13.27441621, 45.70584834 ], [ 13.27509761, 45.70570362 ], [ 13.27587855, 45.7055701 ], [ 13.27665806, 45.70542395 ], [ 13.27746964, 45.70528531 ], [ 13.27824223, 45.70513046 ], [ 13.27906597, 45.70499217 ], [ 13.27994812, 45.70488572 ], [ 13.28102696, 45.70489442 ], [ 13.28222704, 45.70498288 ], [ 13.28352356, 45.70499158 ], [ 13.28441477, 45.70488477 ], [ 13.284958, 45.70474553 ], [ 13.28543317, 45.70458853 ], [ 13.28596234, 45.70444882 ], [ 13.28645074, 45.70431173 ], [ 13.28689146, 45.70421088 ], [ 13.28723144, 45.70399201 ], [ 13.28767967, 45.70388937 ], [ 13.28818905, 45.70375145 ], [ 13.28875816, 45.7036159 ], [ 13.28924835, 45.70347655 ], [ 13.28962266, 45.70336938 ], [ 13.28991103, 45.70326757 ], [ 13.28986144, 45.703125 ], [ 13.29089391, 45.703125 ], [ 13.29082441, 45.70298207 ], [ 13.29126394, 45.70288014 ], [ 13.29178572, 45.70277345 ], [ 13.29227817, 45.70263577 ], [ 13.29271483, 45.70250356 ], [ 13.29310524, 45.70236671 ], [ 13.29341674, 45.70224941 ], [ 13.29359984, 45.70210564 ], [ 13.2937119, 45.70192862 ], [ 13.29392993, 45.70176101 ], [ 13.29440022, 45.70157111 ], [ 13.29515147, 45.70131862 ], [ 13.29600775, 45.70111585 ], [ 13.29673636, 45.70095146 ], [ 13.29740345, 45.70081902 ], [ 13.29809022, 45.70067835 ], [ 13.29885852, 45.70054603 ], [ 13.29955065, 45.70040011 ], [ 13.30016434, 45.700266 ], [ 13.30066228, 45.70012724 ], [ 13.30108476, 45.70001411 ], [ 13.30147004, 45.69989777 ], [ 13.30179203, 45.69974101 ], [ 13.30199516, 45.69937086 ], [ 13.30209935, 45.69871056 ], [ 13.30167234, 45.69799304 ], [ 13.3017292, 45.69749475 ], [ 13.30195665, 45.69717586 ], [ 13.30201364, 45.69695675 ], [ 13.3060199, 45.69413912 ], [ 13.30641103, 45.69402444 ], [ 13.30717885, 45.6935662 ], [ 13.30747032, 45.69352114 ], [ 13.30740237, 45.69673014 ], [ 13.30647445, 45.69727755 ], [ 13.30588984, 45.69759023 ], [ 13.30563414, 45.69777322 ], [ 13.30551803, 45.69793093 ], [ 13.30535507, 45.69804406 ], [ 13.30512285, 45.69812644 ], [ 13.30489743, 45.69827223 ], [ 13.30462897, 45.69855392 ], [ 13.30421245, 45.69898474 ], [ 13.30372536, 45.69955623 ], [ 13.30317605, 45.70030785 ], [ 13.30280936, 45.70100987 ], [ 13.30253184, 45.70131695 ], [ 13.30221164, 45.70129216 ], [ 13.30187964, 45.70123768 ], [ 13.30163026, 45.70131874 ], [ 13.30152226, 45.70156884 ], [ 13.30166125, 45.70199823 ], [ 13.30218065, 45.70259905 ], [ 13.30244005, 45.703125 ], [ 13.30264544, 45.703125 ], [ 13.30274558, 45.70352292 ], [ 13.30224752, 45.70367217 ], [ 13.30161512, 45.70386636 ], [ 13.30098927, 45.70410371 ], [ 13.30057251, 45.70418656 ], [ 13.30034673, 45.70405841 ], [ 13.30004907, 45.70379472 ], [ 13.29931104, 45.70355654 ], [ 13.29810941, 45.70350528 ], [ 13.29678595, 45.70357454 ], [ 13.29534125, 45.70354783 ], [ 13.29408205, 45.70336497 ], [ 13.29425597, 45.703125 ], [ 13.29345703, 45.703125 ], [ 13.29319906, 45.70331907 ], [ 13.29259837, 45.70401323 ], [ 13.2924, 45.70462728 ], [ 13.29250574, 45.70521045 ], [ 13.29256666, 45.70579314 ], [ 13.29241943, 45.70614088 ], [ 13.29208624, 45.70629561 ], [ 13.29166317, 45.70642245 ], [ 13.29122031, 45.70658743 ], [ 13.29082644, 45.70685077 ], [ 13.29054666, 45.70715213 ], [ 13.29027545, 45.70745301 ], [ 13.29036236, 45.70764351 ], [ 13.29097581, 45.70743036 ], [ 13.29174757, 45.7071619 ], [ 13.29265273, 45.70695054 ], [ 13.29357803, 45.70681477 ], [ 13.29454732, 45.70681596 ], [ 13.29532754, 45.70693791 ], [ 13.29596567, 45.70708895 ], [ 13.296543, 45.70726192 ], [ 13.29720414, 45.70741951 ], [ 13.29801953, 45.70753336 ], [ 13.29897153, 45.70746446 ], [ 13.29966092, 45.7071532 ], [ 13.29999948, 45.7067306 ], [ 13.30019295, 45.70635355 ], [ 13.30032694, 45.70602095 ], [ 13.30048525, 45.70567715 ], [ 13.30072045, 45.7053374 ], [ 13.30125105, 45.70511985 ], [ 13.30211985, 45.70500135 ], [ 13.30291593, 45.70488942 ], [ 13.30350506, 45.70474947 ], [ 13.30381465, 45.70446897 ], [ 13.30394304, 45.70403421 ], [ 13.3040421, 45.70363164 ], [ 13.30644083, 45.70368302 ], [ 13.30703998, 45.70326436 ], [ 13.30703998, 45.703125 ], [ 13.30761611, 45.703125 ], [ 13.30783415, 45.70282102 ], [ 13.30875885, 45.7022773 ], [ 13.30933106, 45.70197296 ], [ 13.30955792, 45.70180202 ], [ 13.30964875, 45.70163834 ], [ 13.30988932, 45.70144248 ], [ 13.31049824, 45.70113623 ], [ 13.31147063, 45.70074058 ], [ 13.31249022, 45.70056415 ], [ 13.31347883, 45.70049536 ], [ 13.31417573, 45.70039356 ], [ 13.31463623, 45.70027244 ], [ 13.31501377, 45.70012724 ], [ 13.31538486, 45.69999278 ], [ 13.31576324, 45.69985116 ], [ 13.31615031, 45.69971895 ], [ 13.31657422, 45.69955444 ], [ 13.31710291, 45.69934893 ], [ 13.31776917, 45.69908726 ], [ 13.31843245, 45.69888461 ], [ 13.31895137, 45.69872725 ], [ 13.31936598, 45.69860327 ], [ 13.31977415, 45.69845021 ], [ 13.32026684, 45.69823611 ], [ 13.32087696, 45.69790602 ], [ 13.32135212, 45.69779408 ], [ 13.32175016, 45.69761622 ], [ 13.32214832, 45.69747317 ], [ 13.32254636, 45.69732916 ], [ 13.32294464, 45.69719744 ], [ 13.32334316, 45.69705331 ], [ 13.32374203, 45.69691944 ], [ 13.32413995, 45.69677472 ], [ 13.32453465, 45.69664288 ], [ 13.32492244, 45.69650245 ], [ 13.32530761, 45.69637072 ], [ 13.32572103, 45.69620705 ], [ 13.32623565, 45.69600427 ], [ 13.32691264, 45.69574642 ], [ 13.32767975, 45.69553995 ], [ 13.32968914, 45.6942445 ], [ 13.33025098, 45.69404185 ], [ 13.33081448, 45.69379461 ], [ 13.33122563, 45.69361186 ], [ 13.33143425, 45.69345534 ], [ 13.33155203, 45.69328403 ], [ 13.33179545, 45.69310248 ], [ 13.33231151, 45.69283712 ], [ 13.33303857, 45.69244397 ], [ 13.33369195, 45.69212973 ], [ 13.33426094, 45.69195151 ], [ 13.33476877, 45.6920557 ], [ 13.33505535, 45.69261265 ], [ 13.33507574, 45.693506 ], [ 13.33487225, 45.69409323 ] ], [ [ 13.17463303, 45.70456231 ], [ 13.17507005, 45.70473266 ], [ 13.17537391, 45.70484245 ], [ 13.17557132, 45.70499194 ], [ 13.17571795, 45.70522714 ], [ 13.17588532, 45.70550537 ], [ 13.17604125, 45.70575106 ], [ 13.17626095, 45.70588136 ], [ 13.17658806, 45.70585418 ], [ 13.17698073, 45.70570123 ], [ 13.1774044, 45.70552444 ], [ 13.17785645, 45.70539665 ], [ 13.17831898, 45.70550525 ], [ 13.17866015, 45.70597208 ], [ 13.178617, 45.70664334 ], [ 13.17813432, 45.70713651 ], [ 13.17746925, 45.70739186 ], [ 13.17700541, 45.70763791 ], [ 13.17698956, 45.70808137 ], [ 13.17731285, 45.70899963 ], [ 13.17764485, 45.71045625 ], [ 13.17805314, 45.71105397 ], [ 13.17774475, 45.71143353 ], [ 13.17741692, 45.71183264 ], [ 13.17731941, 45.71219575 ], [ 13.17746103, 45.71254778 ], [ 13.17766857, 45.71291256 ], [ 13.17789447, 45.71325052 ], [ 13.1780827, 45.71367347 ], [ 13.17826867, 45.71438265 ], [ 13.17845845, 45.71531272 ], [ 13.17878544, 45.71585095 ], [ 13.17928815, 45.71592724 ], [ 13.17977464, 45.71579504 ], [ 13.18014753, 45.71575034 ], [ 13.18039382, 45.7159245 ], [ 13.18057752, 45.71628296 ], [ 13.18072486, 45.71666145 ], [ 13.18064761, 45.71698606 ], [ 13.18024373, 45.71719265 ], [ 13.17961991, 45.71720326 ], [ 13.17893076, 45.71709645 ], [ 13.17844403, 45.71682918 ], [ 13.17803073, 45.71632326 ], [ 13.17751646, 45.71565485 ], [ 13.1771003, 45.71497154 ], [ 13.17766035, 45.71461427 ], [ 13.17755723, 45.71426535 ], [ 13.17735052, 45.71405625 ], [ 13.17701232, 45.71395195 ], [ 13.17659402, 45.7138288 ], [ 13.17615283, 45.71358645 ], [ 13.17577064, 45.71305454 ], [ 13.17554343, 45.71230245 ], [ 13.17538142, 45.71165657 ], [ 13.17062116, 45.71180427 ], [ 13.17023063, 45.71198547 ], [ 13.16981077, 45.71212971 ], [ 13.16930544, 45.71226466 ], [ 13.16868675, 45.71236253 ], [ 13.16608572, 45.71069765 ], [ 13.16559947, 45.71060967 ], [ 13.16531146, 45.71045947 ], [ 13.16514385, 45.71026957 ], [ 13.16485572, 45.71014774 ], [ 13.16432464, 45.71016598 ], [ 13.16363263, 45.71030235 ], [ 13.16283393, 45.71045625 ], [ 13.16212368, 45.71058285 ], [ 13.16150606, 45.71058548 ], [ 13.16101384, 45.7104671 ], [ 13.16060126, 45.71032321 ], [ 13.16021216, 45.71017587 ], [ 13.15982437, 45.71006823 ], [ 13.15606213, 45.70765424 ], [ 13.15518534, 45.70748794 ], [ 13.15458787, 45.70722556 ], [ 13.15428793, 45.70688784 ], [ 13.15408826, 45.70645702 ], [ 13.15390944, 45.70595455 ], [ 13.15368283, 45.70555115 ], [ 13.15346432, 45.70521295 ], [ 13.153337, 45.70477498 ], [ 13.15355361, 45.70411527 ], [ 13.15417433, 45.7033267 ], [ 13.15443003, 45.703125 ], [ 13.1564275, 45.703125 ], [ 13.1564275, 45.70326436 ], [ 13.1567471, 45.70339465 ], [ 13.15698683, 45.70337605 ], [ 13.15714657, 45.70330155 ], [ 13.15722644, 45.703125 ], [ 13.16030216, 45.703125 ], [ 13.16053331, 45.70294297 ], [ 13.16099536, 45.70285845 ], [ 13.16244566, 45.70279861 ], [ 13.16300738, 45.70264423 ], [ 13.16826165, 45.70264423 ], [ 13.16865265, 45.70279861 ], [ 13.16942036, 45.70285845 ], [ 13.16971195, 45.70294297 ], [ 13.16985774, 45.703125 ], [ 13.17120922, 45.703125 ], [ 13.17101216, 45.70350206 ], [ 13.17184746, 45.70366871 ], [ 13.17293024, 45.70392311 ], [ 13.173949, 45.7042917 ], [ 13.17463303, 45.70456231 ] ], [ [ 13.21901524, 45.71606684 ], [ 13.21853554, 45.71586335 ], [ 13.21793616, 45.71571755 ], [ 13.21728682, 45.71570146 ], [ 13.21683645, 45.71586442 ], [ 13.21643186, 45.71619988 ], [ 13.21580255, 45.7166028 ], [ 13.21506214, 45.71688342 ], [ 13.21432924, 45.71704841 ], [ 13.21363842, 45.71706295 ], [ 13.21319592, 45.71690404 ], [ 13.21289492, 45.71658623 ], [ 13.21256983, 45.71619487 ], [ 13.2123208, 45.71588922 ], [ 13.21206522, 45.71570134 ], [ 13.21173036, 45.71553302 ], [ 13.21138942, 45.71528447 ], [ 13.21110714, 45.71503878 ], [ 13.2106688, 45.71488035 ], [ 13.20994985, 45.71479905 ], [ 13.20962501, 45.71527433 ], [ 13.20951748, 45.71625745 ], [ 13.20929766, 45.71679163 ], [ 13.20893264, 45.71696281 ], [ 13.20849907, 45.71694207 ], [ 13.20815623, 45.71672547 ], [ 13.20809305, 45.71640933 ], [ 13.20821965, 45.71603262 ], [ 13.20825636, 45.71559298 ], [ 13.20810711, 45.71514952 ], [ 13.20781732, 45.71475172 ], [ 13.20732522, 45.71456635 ], [ 13.20672846, 45.71464145 ], [ 13.20617163, 45.71470106 ], [ 13.20559132, 45.71469426 ], [ 13.20492065, 45.71478355 ], [ 13.20433891, 45.71493351 ], [ 13.20408905, 45.71483684 ], [ 13.20416164, 45.71441412 ], [ 13.20426404, 45.71384835 ], [ 13.20397472, 45.71339202 ], [ 13.20340884, 45.71325243 ], [ 13.20256197, 45.7133193 ], [ 13.20144427, 45.71334064 ], [ 13.20043814, 45.71324575 ], [ 13.19692338, 45.71325827 ], [ 13.19584227, 45.71380615 ], [ 13.19484723, 45.71424341 ], [ 13.19398284, 45.71464753 ], [ 13.19338214, 45.71491265 ], [ 13.19295311, 45.71509266 ], [ 13.19254434, 45.71522486 ], [ 13.19205606, 45.71533012 ], [ 13.19149184, 45.71532583 ], [ 13.19100058, 45.71521687 ], [ 13.19062471, 45.71510243 ], [ 13.19033527, 45.71498704 ], [ 13.19043457, 45.71470165 ], [ 13.19016063, 45.7146064 ], [ 13.18979585, 45.71450245 ], [ 13.18927991, 45.71434641 ], [ 13.18858254, 45.71414304 ], [ 13.18781412, 45.71388471 ], [ 13.18711877, 45.71368146 ], [ 13.18656564, 45.71349645 ], [ 13.18605006, 45.71328676 ], [ 13.18550408, 45.71301425 ], [ 13.18501735, 45.71279967 ], [ 13.18456733, 45.71268344 ], [ 13.18406856, 45.71276104 ], [ 13.18350255, 45.71301377 ], [ 13.18298852, 45.71325076 ], [ 13.18254435, 45.71341181 ], [ 13.18217671, 45.71339285 ], [ 13.18196774, 45.71313071 ], [ 13.18205071, 45.71270835 ], [ 13.18258464, 45.71238685 ], [ 13.18353426, 45.71215296 ], [ 13.18441415, 45.71190226 ], [ 13.18501317, 45.7117089 ], [ 13.18543792, 45.71155787 ], [ 13.18580973, 45.71145904 ], [ 13.18590045, 45.71132922 ], [ 13.18614626, 45.71101296 ], [ 13.18652117, 45.71077168 ], [ 13.18696916, 45.71072781 ], [ 13.1874814, 45.71085036 ], [ 13.18806756, 45.71100843 ], [ 13.18866146, 45.71113896 ], [ 13.18930244, 45.71114016 ], [ 13.18999827, 45.71101475 ], [ 13.19077468, 45.71086776 ], [ 13.19147146, 45.71074951 ], [ 13.19210792, 45.710747 ], [ 13.19268215, 45.71081972 ], [ 13.19323063, 45.71081805 ], [ 13.19373143, 45.71075964 ], [ 13.19434786, 45.71082675 ], [ 13.19530392, 45.71105051 ], [ 13.19650841, 45.71125972 ], [ 13.19753873, 45.71143341 ], [ 13.19843483, 45.71156955 ], [ 13.19922352, 45.71170974 ], [ 13.19998181, 45.71183872 ], [ 13.20056546, 45.71198177 ], [ 13.20100462, 45.71212482 ], [ 13.20139205, 45.71230304 ], [ 13.20583415, 45.71245885 ], [ 13.20643091, 45.71272492 ], [ 13.206936, 45.71279371 ], [ 13.20744634, 45.71272123 ], [ 13.2081145, 45.71271145 ], [ 13.20900917, 45.71282136 ], [ 13.21008813, 45.71296155 ], [ 13.21088648, 45.71307743 ], [ 13.21144485, 45.71307385 ], [ 13.21202981, 45.71298683 ], [ 13.21272695, 45.71297884 ], [ 13.21330941, 45.71308696 ], [ 13.21378231, 45.71322584 ], [ 13.21428168, 45.71337211 ], [ 13.21488285, 45.71348035 ], [ 13.21513045, 45.71376443 ], [ 13.21595752, 45.71354938 ], [ 13.2171638, 45.71332026 ], [ 13.21865356, 45.71325004 ], [ 13.21968043, 45.71334314 ], [ 13.22024345, 45.71348238 ], [ 13.2206341, 45.71365237 ], [ 13.22100985, 45.71385312 ], [ 13.22136056, 45.71413147 ], [ 13.22162652, 45.71439755 ], [ 13.22194731, 45.71454787 ], [ 13.22235143, 45.71452641 ], [ 13.22263706, 45.71432126 ], [ 13.22282958, 45.71401203 ], [ 13.22313535, 45.71378136 ], [ 13.22362006, 45.71363556 ], [ 13.22410798, 45.71349192 ], [ 13.22453702, 45.71335745 ], [ 13.22493434, 45.71324325 ], [ 13.2253499, 45.71324277 ], [ 13.22584343, 45.71335804 ], [ 13.22643244, 45.71349812 ], [ 13.22703111, 45.71365225 ], [ 13.22763336, 45.71379948 ], [ 13.22818255, 45.71397865 ], [ 13.22852433, 45.7139796 ], [ 13.22863555, 45.71428716 ], [ 13.22880781, 45.71460235 ], [ 13.22921395, 45.71477771 ], [ 13.22987556, 45.71477723 ], [ 13.23050797, 45.71470892 ], [ 13.2310909, 45.71474361 ], [ 13.23167431, 45.71482217 ], [ 13.23212945, 45.71469951 ], [ 13.23242283, 45.71447253 ], [ 13.23278201, 45.71432912 ], [ 13.23329961, 45.71438098 ], [ 13.23371696, 45.71463466 ], [ 13.23380732, 45.71497774 ], [ 13.23368025, 45.71536016 ], [ 13.23363304, 45.71573055 ], [ 13.23377156, 45.71593773 ], [ 13.23400354, 45.71592534 ], [ 13.23419094, 45.7157073 ], [ 13.23439932, 45.71538925 ], [ 13.23489964, 45.71519613 ], [ 13.23579502, 45.71519685 ], [ 13.2367841, 45.71529591 ], [ 13.23780143, 45.7153089 ], [ 13.23865914, 45.71519935 ], [ 13.23931682, 45.71509194 ], [ 13.23941243, 45.71536696 ], [ 13.23956025, 45.71566915 ], [ 13.23994994, 45.71593535 ], [ 13.24068427, 45.71627808 ], [ 13.24149895, 45.71678662 ], [ 13.24197936, 45.71718311 ], [ 13.24220097, 45.71729445 ], [ 13.24227524, 45.71706045 ], [ 13.24220192, 45.71656406 ], [ 13.24205446, 45.71605241 ], [ 13.24203587, 45.71559286 ], [ 13.242172, 45.71523643 ], [ 13.24234092, 45.71498871 ], [ 13.24257362, 45.71487141 ], [ 13.24290633, 45.71489835 ], [ 13.24330163, 45.7150259 ], [ 13.24372876, 45.71516132 ], [ 13.24418175, 45.71530962 ], [ 13.2446264, 45.71548724 ], [ 13.24490392, 45.71579206 ], [ 13.24476135, 45.71624887 ], [ 13.24431253, 45.71684074 ], [ 13.24408555, 45.71739304 ], [ 13.24414635, 45.71784186 ], [ 13.24429035, 45.72062075 ], [ 13.24379313, 45.72088838 ], [ 13.24332666, 45.72107267 ], [ 13.24282098, 45.72118497 ], [ 13.24220407, 45.72117221 ], [ 13.24150527, 45.72108185 ], [ 13.24074805, 45.72107267 ], [ 13.24014115, 45.72116935 ], [ 13.23965871, 45.72127295 ], [ 13.23928583, 45.72107816 ], [ 13.23900366, 45.7209506 ], [ 13.23877263, 45.72064126 ], [ 13.23852205, 45.72007775 ], [ 13.23815978, 45.71944225 ], [ 13.23777056, 45.71888971 ], [ 13.23724675, 45.71855843 ], [ 13.23663735, 45.71855831 ], [ 13.23611271, 45.71885407 ], [ 13.23566294, 45.71927655 ], [ 13.23508441, 45.71963835 ], [ 13.23441493, 45.71969593 ], [ 13.23361361, 45.71952975 ], [ 13.23278058, 45.71944976 ], [ 13.23212957, 45.71947896 ], [ 13.23158395, 45.71941388 ], [ 13.23103952, 45.71920502 ], [ 13.23055744, 45.71901083 ], [ 13.23010242, 45.71881914 ], [ 13.22958612, 45.71856046 ], [ 13.22900701, 45.71814227 ], [ 13.22848535, 45.71767116 ], [ 13.22791636, 45.71723127 ], [ 13.22738195, 45.71696103 ], [ 13.22679734, 45.71686363 ], [ 13.22600865, 45.71702194 ], [ 13.2250818, 45.7173928 ], [ 13.22425985, 45.71769047 ], [ 13.22360492, 45.71785748 ], [ 13.22302341, 45.71785974 ], [ 13.22254145, 45.71773505 ], [ 13.22212863, 45.71757746 ], [ 13.22173786, 45.71738291 ], [ 13.22084415, 45.71727133 ], [ 13.22025144, 45.71696126 ], [ 13.21983087, 45.71676385 ], [ 13.21958876, 45.71658266 ], [ 13.21937454, 45.71633613 ], [ 13.21901524, 45.71606684 ] ], [ [ 13.17021406, 45.72905493 ], [ 13.16910005, 45.72856843 ], [ 13.16810501, 45.7282114 ], [ 13.16760278, 45.72792375 ], [ 13.16755354, 45.7276262 ], [ 13.16785395, 45.72745001 ], [ 13.16847146, 45.72745144 ], [ 13.16938555, 45.72757316 ], [ 13.17062664, 45.72770631 ], [ 13.17190003, 45.72785628 ], [ 13.17313397, 45.72806072 ], [ 13.17382026, 45.72844768 ], [ 13.17371142, 45.72901857 ], [ 13.17299664, 45.72961605 ], [ 13.17218935, 45.73004425 ], [ 13.1718508, 45.72968638 ], [ 13.17147315, 45.72958887 ], [ 13.17098916, 45.72939587 ], [ 13.17021406, 45.72905493 ] ], [ [ 13.34095192, 45.73079824 ], [ 13.34073901, 45.73114073 ], [ 13.34049368, 45.73143518 ], [ 13.34030116, 45.73171151 ], [ 13.34030426, 45.73202455 ], [ 13.34050977, 45.73244345 ], [ 13.3407793, 45.73295975 ], [ 13.34099615, 45.73339546 ], [ 13.34083331, 45.73373365 ], [ 13.33996022, 45.73399532 ], [ 13.33841205, 45.73416066 ], [ 13.33754671, 45.73385346 ], [ 13.33726847, 45.73377228 ], [ 13.33707905, 45.73363316 ], [ 13.33695364, 45.7334522 ], [ 13.3367604, 45.7333008 ], [ 13.33642185, 45.73318005 ], [ 13.33592784, 45.73304331 ], [ 13.33528292, 45.73291397 ], [ 13.33456135, 45.73277962 ], [ 13.33384085, 45.73266745 ], [ 13.33341992, 45.73253298 ], [ 13.33336306, 45.73236001 ], [ 13.33365512, 45.73215425 ], [ 13.33431828, 45.73182428 ], [ 13.33522296, 45.73134375 ], [ 13.33593404, 45.73100054 ], [ 13.33644426, 45.73077595 ], [ 13.33695424, 45.73056996 ], [ 13.33758187, 45.73031342 ], [ 13.338238, 45.73012304 ], [ 13.33886313, 45.73003233 ], [ 13.33960164, 45.73008204 ], [ 13.34043515, 45.73020852 ], [ 13.34091008, 45.7304455 ], [ 13.34095192, 45.73079824 ] ], [ [ 13.35708117, 45.72284555 ], [ 13.35720384, 45.72241235 ], [ 13.35739374, 45.7220664 ], [ 13.35762012, 45.72187614 ], [ 13.35787344, 45.72178221 ], [ 13.35811627, 45.72162592 ], [ 13.35845494, 45.72129655 ], [ 13.35901713, 45.72080266 ], [ 13.359375, 45.72070313 ], [ 13.359375, 45.72042406 ], [ 13.35979855, 45.72024155 ], [ 13.36083972, 45.71960998 ], [ 13.36154366, 45.71924245 ], [ 13.36202764, 45.71902215 ], [ 13.36253881, 45.71882153 ], [ 13.36320257, 45.71861231 ], [ 13.36389256, 45.71859825 ], [ 13.36440825, 45.71882164 ], [ 13.36469436, 45.71913016 ], [ 13.3648926, 45.71943235 ], [ 13.36505556, 45.71971464 ], [ 13.36526585, 45.7200011 ], [ 13.36554766, 45.72033834 ], [ 13.36597145, 45.72076476 ], [ 13.36646664, 45.72127426 ], [ 13.36706245, 45.72189641 ], [ 13.36755323, 45.72250307 ], [ 13.36797404, 45.72300363 ], [ 13.36827385, 45.72336876 ], [ 13.36855471, 45.72366488 ], [ 13.36676586, 45.72488844 ], [ 13.36636615, 45.72488844 ], [ 13.36356974, 45.72684145 ], [ 13.36277068, 45.72684145 ], [ 13.36101007, 45.72547805 ], [ 13.36086547, 45.72488976 ], [ 13.36068237, 45.7244699 ], [ 13.36052907, 45.72419953 ], [ 13.36037934, 45.72400963 ], [ 13.359375, 45.72405136 ], [ 13.35775995, 45.72400534 ], [ 13.35724902, 45.72338462 ], [ 13.35708117, 45.72284555 ] ], [ [ 13.37065196, 45.71765947 ], [ 13.3700844, 45.71740592 ], [ 13.36932814, 45.71704495 ], [ 13.36883605, 45.71674931 ], [ 13.36890817, 45.71645296 ], [ 13.369578, 45.7161386 ], [ 13.37038946, 45.7160176 ], [ 13.370875, 45.71611166 ], [ 13.37108445, 45.71630216 ], [ 13.37126553, 45.71645975 ], [ 13.37149274, 45.71657145 ], [ 13.37168241, 45.71670926 ], [ 13.37183034, 45.71687627 ], [ 13.37203431, 45.71700811 ], [ 13.37229836, 45.71712506 ], [ 13.37252355, 45.71734214 ], [ 13.3726778, 45.71768844 ], [ 13.37275565, 45.71803665 ], [ 13.37267256, 45.71833515 ], [ 13.37253535, 45.71858001 ], [ 13.37237453, 45.71877825 ], [ 13.37150216, 45.71822607 ], [ 13.37123597, 45.71815193 ], [ 13.37105966, 45.71802235 ], [ 13.37092865, 45.71784568 ], [ 13.37065196, 45.71765947 ] ], [ [ 13.32799053, 45.71977842 ], [ 13.32841015, 45.71963465 ], [ 13.32881534, 45.71951318 ], [ 13.32921135, 45.71937394 ], [ 13.32960284, 45.71923697 ], [ 13.32999706, 45.71908307 ], [ 13.33042002, 45.71894753 ], [ 13.33091557, 45.71884346 ], [ 13.33148646, 45.71884441 ], [ 13.33203256, 45.71889424 ], [ 13.3325752, 45.7188251 ], [ 13.33308935, 45.71868491 ], [ 13.33335972, 45.71876705 ], [ 13.33328867, 45.71909571 ], [ 13.33292127, 45.71943891 ], [ 13.33243835, 45.71965933 ], [ 13.33189905, 45.71981716 ], [ 13.33132148, 45.71994245 ], [ 13.33082354, 45.72008014 ], [ 13.33040595, 45.72021115 ], [ 13.33001733, 45.72035634 ], [ 13.32960641, 45.72049177 ], [ 13.32911777, 45.72063935 ], [ 13.32853317, 45.72077453 ], [ 13.32792234, 45.72091055 ], [ 13.32725728, 45.72101164 ], [ 13.32692504, 45.72077906 ], [ 13.32718086, 45.72031927 ], [ 13.32756221, 45.71997488 ], [ 13.32799053, 45.71977842 ] ], [ [ 13.36553586, 45.71151173 ], [ 13.36602175, 45.71139157 ], [ 13.36672962, 45.71128738 ], [ 13.36764431, 45.71128011 ], [ 13.36835456, 45.71136916 ], [ 13.3687582, 45.71148825 ], [ 13.36887264, 45.7117207 ], [ 13.36875617, 45.71217215 ], [ 13.36852431, 45.71275127 ], [ 13.36807883, 45.71308625 ], [ 13.36740434, 45.71311903 ], [ 13.36679947, 45.71301162 ], [ 13.36632717, 45.7129817 ], [ 13.36593854, 45.71307194 ], [ 13.36563528, 45.71319544 ], [ 13.36544657, 45.71335721 ], [ 13.36529434, 45.71354365 ], [ 13.36499584, 45.71368396 ], [ 13.36449742, 45.71376467 ], [ 13.36365128, 45.71321607 ], [ 13.36405444, 45.71249855 ], [ 13.36459911, 45.71195805 ], [ 13.36510265, 45.71167564 ], [ 13.36553586, 45.71151173 ] ], [ [ 13.3451302, 45.69933784 ], [ 13.34564447, 45.69945586 ], [ 13.34647286, 45.69943702 ], [ 13.34717095, 45.69930911 ], [ 13.34766114, 45.69916475 ], [ 13.34805608, 45.69901454 ], [ 13.34843755, 45.69888568 ], [ 13.34883511, 45.69874108 ], [ 13.34924936, 45.69856417 ], [ 13.34965384, 45.69828105 ], [ 13.35003674, 45.69790602 ], [ 13.35052633, 45.69745326 ], [ 13.35057306, 45.69466054 ], [ 13.35031462, 45.69429624 ], [ 13.3501091, 45.69385386 ], [ 13.34991646, 45.69328296 ], [ 13.34977674, 45.69251645 ], [ 13.34790134, 45.69106615 ], [ 13.34740567, 45.69119716 ], [ 13.34710526, 45.69142735 ], [ 13.34693825, 45.69170833 ], [ 13.34671903, 45.69179356 ], [ 13.34640193, 45.69159543 ], [ 13.34606981, 45.69127524 ], [ 13.34567785, 45.69098282 ], [ 13.34533524, 45.69079494 ], [ 13.34512341, 45.69062448 ], [ 13.34495676, 45.69043767 ], [ 13.34463847, 45.69032776 ], [ 13.34412515, 45.69039345 ], [ 13.34364796, 45.69064486 ], [ 13.34333408, 45.69096434 ], [ 13.34153032, 45.69233656 ], [ 13.34123528, 45.69275463 ], [ 13.34087098, 45.69323432 ], [ 13.34059584, 45.69370878 ], [ 13.34038556, 45.69408393 ], [ 13.34019494, 45.69434357 ], [ 13.33986056, 45.69445634 ], [ 13.33933973, 45.69437742 ], [ 13.33886051, 45.69411767 ], [ 13.33856165, 45.69380498 ], [ 13.33834314, 45.69350946 ], [ 13.33816385, 45.69324076 ], [ 13.3379637, 45.69297934 ], [ 13.33777428, 45.69265985 ], [ 13.33757997, 45.69216061 ], [ 13.33743513, 45.69142294 ], [ 13.33926856, 45.69001114 ], [ 13.33966684, 45.69001114 ], [ 13.34253561, 45.68803024 ], [ 13.34344292, 45.68812835 ], [ 13.34425521, 45.68825865 ], [ 13.34508145, 45.68838537 ], [ 13.34587443, 45.68853795 ], [ 13.3466506, 45.68873274 ], [ 13.34722674, 45.68903613 ], [ 13.34765255, 45.68938315 ], [ 13.34823704, 45.68964612 ], [ 13.34899116, 45.68963134 ], [ 13.34965026, 45.68927085 ], [ 13.35024488, 45.68867385 ], [ 13.35096586, 45.68806696 ], [ 13.35157478, 45.68770421 ], [ 13.35203445, 45.68750763 ], [ 13.35242867, 45.68740058 ], [ 13.35281384, 45.68735433 ], [ 13.35320556, 45.68742526 ], [ 13.35360146, 45.68754995 ], [ 13.35399354, 45.68770385 ], [ 13.35437536, 45.68784535 ], [ 13.35475755, 45.68799496 ], [ 13.35519552, 45.68813002 ], [ 13.35580385, 45.6882658 ], [ 13.35663855, 45.68836653 ], [ 13.35725915, 45.68808794 ], [ 13.35787594, 45.68798995 ], [ 13.3583796, 45.68785512 ], [ 13.35879803, 45.68771112 ], [ 13.35918713, 45.68752992 ], [ 13.359375, 45.6875 ], [ 13.35954273, 45.68747055 ], [ 13.36009085, 45.68729258 ], [ 13.36066234, 45.68714964 ], [ 13.36115718, 45.68700481 ], [ 13.36158085, 45.68687105 ], [ 13.36198103, 45.68672586 ], [ 13.36238086, 45.68659854 ], [ 13.36276841, 45.68647897 ], [ 13.36309481, 45.68639123 ], [ 13.36331427, 45.68625081 ], [ 13.36347485, 45.68593013 ], [ 13.36366236, 45.68530214 ], [ 13.36384904, 45.68441272 ], [ 13.36405921, 45.68369842 ], [ 13.36425245, 45.68320131 ], [ 13.36444867, 45.68286812 ], [ 13.36460006, 45.68263173 ], [ 13.36474502, 45.68244863 ], [ 13.36840236, 45.68243444 ], [ 13.36847603, 45.68263471 ], [ 13.36842966, 45.68291557 ], [ 13.36825335, 45.68332803 ], [ 13.36805177, 45.68383992 ], [ 13.36783338, 45.68426657 ], [ 13.36764336, 45.68461084 ], [ 13.36745572, 45.68495166 ], [ 13.36729574, 45.68528795 ], [ 13.36707628, 45.68550825 ], [ 13.36674905, 45.68563914 ], [ 13.36635876, 45.68576801 ], [ 13.36595583, 45.68589115 ], [ 13.36556125, 45.68602955 ], [ 13.36517072, 45.68616188 ], [ 13.36474884, 45.6863265 ], [ 13.36422515, 45.68652964 ], [ 13.36356592, 45.68678665 ], [ 13.36290264, 45.68698966 ], [ 13.36234772, 45.68717337 ], [ 13.36182332, 45.68737614 ], [ 13.36126852, 45.6876322 ], [ 13.36077881, 45.68783295 ], [ 13.36035681, 45.68799615 ], [ 13.35996234, 45.68813682 ], [ 13.35957313, 45.68830836 ], [ 13.359375, 45.68833697 ], [ 13.35917723, 45.68836558 ], [ 13.35878837, 45.688537 ], [ 13.35839367, 45.68867755 ], [ 13.35796773, 45.6888411 ], [ 13.35746753, 45.68904436 ], [ 13.35690224, 45.68930531 ], [ 13.35640228, 45.68951035 ], [ 13.35597754, 45.68967426 ], [ 13.35558641, 45.68980396 ], [ 13.35520196, 45.68993986 ], [ 13.35480833, 45.69007027 ], [ 13.35437655, 45.69023466 ], [ 13.35386765, 45.69043565 ], [ 13.35331011, 45.69068146 ], [ 13.35288155, 45.69086051 ], [ 13.35263622, 45.69103014 ], [ 13.35248184, 45.69127345 ], [ 13.35230315, 45.69160986 ], [ 13.35210884, 45.69201457 ], [ 13.35185587, 45.69240487 ], [ 13.35176575, 45.69822145 ], [ 13.35151064, 45.69860101 ], [ 13.35131121, 45.69899535 ], [ 13.35112548, 45.69934082 ], [ 13.35097587, 45.69966447 ], [ 13.35078216, 45.70003557 ], [ 13.35042155, 45.70045304 ], [ 13.34962785, 45.70075417 ], [ 13.34846723, 45.70081162 ], [ 13.34744596, 45.70071661 ], [ 13.34667563, 45.70068073 ], [ 13.34628594, 45.70078373 ], [ 13.34613097, 45.70097125 ], [ 13.34595335, 45.70114696 ], [ 13.34564686, 45.70129335 ], [ 13.34524965, 45.70140624 ], [ 13.34481406, 45.70134223 ], [ 13.34438705, 45.70101285 ], [ 13.34400344, 45.70049655 ], [ 13.34359968, 45.69992602 ], [ 13.34333754, 45.69940674 ], [ 13.34329534, 45.6990087 ], [ 13.34356904, 45.69875622 ], [ 13.34399223, 45.69871998 ], [ 13.34444082, 45.69884777 ], [ 13.34481525, 45.69893265 ], [ 13.34492636, 45.69913781 ], [ 13.3451302, 45.69933784 ] ], [ [ 13.14314055, 45.74208283 ], [ 13.14292717, 45.74256742 ], [ 13.14274585, 45.74318695 ], [ 13.14260221, 45.74367225 ], [ 13.14255321, 45.74403095 ], [ 13.14244294, 45.74441373 ], [ 13.14205265, 45.74490225 ], [ 13.14133084, 45.74454355 ], [ 13.14106452, 45.74425793 ], [ 13.14069021, 45.74401104 ], [ 13.14032781, 45.74382126 ], [ 13.14007425, 45.74352884 ], [ 13.13989615, 45.74304211 ], [ 13.13974965, 45.74248755 ], [ 13.13974977, 45.74188685 ], [ 13.13989377, 45.74132741 ], [ 13.14006126, 45.74083304 ], [ 13.14029872, 45.74054551 ], [ 13.14066935, 45.74040926 ], [ 13.14115655, 45.74030125 ], [ 13.14166045, 45.74020362 ], [ 13.14198947, 45.74005437 ], [ 13.14218044, 45.73982406 ], [ 13.14236105, 45.73954427 ], [ 13.14252615, 45.73924673 ], [ 13.14270997, 45.73895347 ], [ 13.14291143, 45.73870838 ], [ 13.14325833, 45.73858893 ], [ 13.14376342, 45.7386595 ], [ 13.14415765, 45.73891091 ], [ 13.14430237, 45.73921442 ], [ 13.14437854, 45.73951316 ], [ 13.14433706, 45.73983884 ], [ 13.14416325, 45.74026072 ], [ 13.14396298, 45.74077034 ], [ 13.14374435, 45.74118412 ], [ 13.14354765, 45.74148715 ], [ 13.14333725, 45.74175584 ], [ 13.14314055, 45.74208283 ] ], [ [ 13.18171406, 45.75214803 ], [ 13.18146706, 45.75243843 ], [ 13.18106604, 45.75268435 ], [ 13.18061233, 45.75284863 ], [ 13.18044865, 45.75261295 ], [ 13.18033183, 45.75242412 ], [ 13.18013477, 45.75229311 ], [ 13.17988646, 45.75218737 ], [ 13.17969227, 45.75199103 ], [ 13.17953014, 45.75166023 ], [ 13.17924643, 45.75126064 ], [ 13.17873204, 45.75072193 ], [ 13.17799354, 45.75001025 ], [ 13.17751372, 45.74937975 ], [ 13.17743695, 45.74894416 ], [ 13.17781508, 45.74869037 ], [ 13.17841113, 45.74865663 ], [ 13.17895293, 45.74877596 ], [ 13.17943132, 45.74892044 ], [ 13.17995143, 45.74907613 ], [ 13.18053973, 45.74924552 ], [ 13.18102705, 45.74950731 ], [ 13.18132675, 45.74988365 ], [ 13.18155491, 45.75046027 ], [ 13.18172348, 45.75120997 ], [ 13.18181455, 45.75177836 ], [ 13.18171406, 45.75214803 ] ], [ [ 13.17653823, 45.75602245 ], [ 13.17651165, 45.75566244 ], [ 13.17664015, 45.75531006 ], [ 13.17684054, 45.75495923 ], [ 13.17719591, 45.75477242 ], [ 13.17772758, 45.75484395 ], [ 13.17821062, 45.75517046 ], [ 13.17851508, 45.75560141 ], [ 13.17875123, 45.75598025 ], [ 13.17895412, 45.75631177 ], [ 13.17913425, 45.75665414 ], [ 13.17913425, 45.75699365 ], [ 13.17885292, 45.75721562 ], [ 13.17834568, 45.7573477 ], [ 13.17783725, 45.75747907 ], [ 13.17739487, 45.75760543 ], [ 13.17699134, 45.75773954 ], [ 13.17659855, 45.75784087 ], [ 13.17650914, 45.75773835 ], [ 13.17667305, 45.75714755 ], [ 13.17666698, 45.75650775 ], [ 13.17653823, 45.75602245 ] ], [ [ 13.1869843, 45.75967038 ], [ 13.18755865, 45.75950026 ], [ 13.18806195, 45.75951254 ], [ 13.18833137, 45.75972796 ], [ 13.18833411, 45.76009464 ], [ 13.18817174, 45.76044536 ], [ 13.18797612, 45.76070488 ], [ 13.18765485, 45.76086354 ], [ 13.18711615, 45.76097322 ], [ 13.1864078, 45.76109195 ], [ 13.18551445, 45.76118505 ], [ 13.18503463, 45.76105762 ], [ 13.18558562, 45.76053357 ], [ 13.18631947, 45.76000643 ], [ 13.1869843, 45.75967038 ] ] ] } }
]
}
